Rcd_DT,CIF_NO,APPL_NO,AGREE_NO,APPL_DT,APPL_STS,JUDGE_DT,SCORING_POINT,SCORING_TYPE,SCORING_RANK,LOAN_CODE,LOAN_TYP_ID,LOAN_GRP,AGENT_CODE1,AGENT_CODE2,APPL_CHANNEL,REJECT_CODE,FIN_AMT,FIN_PRFT_AMT,FIN_TOTAL_AMT,INST_AMT,DEPOSIT,INTEREST,TOTAL_INST,JointIncome_FG,SCORE_DECISION,NetIncome,Income,Age,HomeYear,YearOfBusiness,AnnualIncome,TOTAL_AEON_INST,TOTAL_AEON_OSB,CUR_REPAY_RATIO,NEW_REPAY_RATIO,NDI,CUR_DSR,NEW_DSR,B_OtherIncome,B_NonBankCommitment,DEPENDANT,YEAR_MADE,NOB,HomeOwner_flag,CIFState,Race,Gender,Marital,National,Occupation,Academic,B_AdvInstallPymt,AdvInstallPymtBand,JudgeWeek_FG,Biometric_FG,E-KYC,OTP,APPLY_FIN_AMT,PreAssessment_Flag
2026-09-02,46881809,00000000000,800000000000,20260826,Approve,20260902,955,4,A,125,26,,4743,59,PARTNER,,124483.24,31556.5,156039.74,2600.66,5,5.07,60,N,A,24964.76,24964.76,45,0,10,397845.24,36,70522.94,17.76,20.61,6980.14,16.33,20.15,1990.3,1002.8,5,,Construction,Y,Kelantan,Malay,F,DIVORCED,MALAYSIAN,Technician,Diploma,694.09,,1,N,fail,pass,146160.73,Y
2026-09-02,96352145,00000000001,800000000001,20260826,Approve,20260924,866,3,G,112,17,,9652,71,TELEMARKETING,,47768.86,23215.67,70984.53,657.26,10,5.4,108, ,A,21296.31,21296.31,21,2,1,308739.96,12,131527.01,22.76,30.59,5906.69,21.82,28.45,138.32,1401.31,0,,Hospitality,Y,Kedah,Malay,M,MARRIED,MALAYSIAN,Police Officer,SPM,2649.94,,1,Y,fail,pass,66098.05,N
2026-09-02,46890134,00000000002,800000000002,20260831,Approve,20260901,924,3,E,153,23,,2122,46,MOBILE_APP,,78779.69,16622.51,95402.2,1590.04,20,4.22,60, ,A,22001.43,22001.43,64,28,26,339158.04,36,34768.87,19.47,28.18,3094.84,21.41,24.99,50.27,654.45,2,2026,Hospitality,Y,Johor,Chinese,F,MARRIED,MALAYSIAN,Administrator,SPM,2597.96,,,N,pass,pass,89270.17,N
2026-09-02,54773484,00000000003,800000000003,20260830,Approve,20260901,303,1,B,110,16,2,9870,86,PARTNER,,62318.7,24834.0,87152.7,1452.54,0,7.97,60,-,A,5453.19,5453.19,57,16,26,84774.96,108,37528.76,38.34,44.63,6356.33,46.27,53.78,2526.83,1560.93,1,2016,Professional Services,N,Perak,Indian,M,MARRIED,MALAYSIAN,Contractor,STPM,555.48,,,Y,pass,fail,64828.22,N
2026-09-02,19393589,00000000004,800000000004,20260831,Approve,20260923,862,1,G,127,16,,4336,51,PARTNER,,20964.31,5482.17,26446.48,440.77,5,5.23,60,-,A,16748.98,16748.98,58,29,9,265553.4,84,89084.83,27.52,34.55,7899.85,31.19,33.05,502.23,1863.14,1,,Hospitality,Y,Selangor,Indian,M,MARRIED,MALAYSIAN,Civil Servant,PhD,666.67,B,1,N,fail,pass,26367.27,Y
2026-09-02,21246542,00000000005,800000000005,20260827,Approve,20260831,799,2,E,158,17,1,8503,56,COUNTER,,40231.56,6155.43,46386.99,1288.53,10,5.1,36,-,A,23035.93,23035.93,24,2,0,319523.52,108,68535.27,18.48,27.5,3050.4,16.66,28.56,133.28,1689.04,0,,Construction,Y,Sarawak,Malay,M,MARRIED,MALAYSIAN,Retail Assistant,STPM,4436.67,B,1,N,fail,pass,48981.08,Y
2026-09-02,62034833,00000000006,800000000006,20260902,Approve,20261002,485,2,G,152,31,2,9753,17,MOBILE_APP,,97377.7,49964.5,147342.2,1754.07,5,7.33,84,Y,A,14424.47,14424.47,54,4,36,208632.84,60,134647.04,33.38,38.54,4900.05,34.02,43.75,288.03,664.07,2,,Financial Services,Y,Kuala Lumpur,Malay,M,DIVORCED,MALAYSIAN,Security Guard,SPM,1943.13,,,N,fail,pass,116048.71,Y
2026-09-02,18036096,00000000007,800000000007,20260902,Approve,20260919,838,2,A,162,35,,1572,51,PARTNER,,23993.88,5602.57,29596.45,493.27,30,4.67,60,Y,A,19693.43,19693.43,58,6,36,282516.12,36,81819.79,6.73,9.92,4091.15,5,10.78,1739.93,1919.26,4,,Plantation,Y,Selangor,Indian,F,MARRIED,MALAYSIAN,Army Personnel,STPM,67.4,C,,N,fail,pass,37446.46,N
2026-09-02,26752539,00000000008,800000000008,20260828,Approve,20260912,743,3,G,134,25,3,1247,30,TELEMARKETING,,50808.72,26979.43,77788.15,720.26,0,5.9,108,-,A,21540.33,21540.33,34,7,7,324412.68,36,133106.19,20.91,27.02,4504.51,25.45,32.94,447.17,320.39,0,2017,Agriculture,N,Johor,Indian,M,SINGLE,MALAYSIAN,Engineer,Diploma,3693.21,A,1,Y,pass,pass,77165.49,N
2026-09-02,73038607,00000000009,800000000009,20260901,Approve,20260920,906,3,A,101,24,2,7627,90,MOBILE_APP,,28295.01,12987.41,41282.42,382.24,20,5.1,108,-,A,16611.24,16611.24,28,1,9,243262.56,84,24210.68,17.82,19.07,3181.08,24.26,28.85,336.79,113.3,3,,Financial Services,N,Terengganu,Chinese,F,MARRIED,MALAYSIAN,Police Officer,Bachelor Degree,4352.79,,1,Y,pass,fail,43765.21,N
2026-09-02,40216008,00000000010,800000000010,20260901,Approve,20260922,826,3,C,181,16,1,7672,73,COUNTER,,6609.01,1556.42,8165.43,136.09,10,4.71,60, ,A,20645.65,20645.65,41,12,2,302917.56,12,69953.92,16.39,23.64,5376.29,7.25,18.21,156.35,1670.06,1,,Oil & Gas,N,Perak,Malay,M,SINGLE,MALAYSIAN,Factory Worker,Certificate,4282.17,,1,N,fail,fail,8314.85,N
2026-09-02,88852864,00000000011,800000000011,20260831,Approve,20260926,639,4,C,143,23,2,9201,37,COUNTER,,29250.42,11916.62,41167.04,490.08,20,5.82,84, ,A,17192.04,17192.04,35,2,7,257621.16,108,117264.64,25.58,27.09,6324.95,28.76,35.34,1168.43,160.41,0,,Agriculture,Y,Kedah,Indian,F,DIVORCED,MALAYSIAN,Supervisor,SPM,3348.27,B,,Y,fail,pass,44574.79,N
2026-09-02,90822188,00000000012,800000000012,20260830,Approve,20260904,855,1,F,172,30,,8242,33,PARTNER,,113472.38,31999.21,145471.59,2424.53,20,5.64,60, ,A,20205.5,20205.5,40,3,5,320002.92,12,98612.35,22.1,31.09,7742.45,23.84,34.45,2416.49,1824.81,5,,Wholesale,N,Sabah,Chinese,M,MARRIED,MALAYSIAN,Police Officer,Master Degree,1165.6,B,,N,fail,pass,131269.98,Y
2026-09-02,70615926,00000000013,800000000013,20260830,Approve,20260924,467,1,G,117,33,,5378,56,MOBILE_APP,,99081.04,60905.12,159986.16,1481.35,10,6.83,108,N,A,6352.64,6352.64,65,20,23,96392.04,84,36707.12,31.53,37.51,1275.91,36.03,37.83,2139.04,1840.56,4,,Real Estate,Y,Sarawak,Malay,F,MARRIED,MALAYSIAN,Teacher,Bachelor Degree,1421.9,,,N,fail,pass,140826.53,N
2026-09-02,19101846,00000000014,800000000014,20260830,Approve,20260909,809,3,F,120,16,3,8662,48,TELEMARKETING,,69276.07,24489.09,93765.16,1116.25,30,5.05,84, ,A,24376.36,24376.36,63,18,36,362774.76,12,76850.16,23.27,28.19,2699.35,17.68,28.5,2663.88,528.33,4,,Wholesale,N,Kuala Lumpur,Chinese,F,MARRIED,MALAYSIAN,Doctor,Diploma,1016.36,A,,N,fail,fail,93488.84,N
2026-09-02,45803474,00000000015,800000000015,20260902,Approve,20260913,879,1,D,157,19,3,7173,56,WEBSITE,,114337.95,40178.36,154516.31,1839.48,30,5.02,84,Y,A,20443.37,20443.37,52,27,6,290948.16,60,106519.76,15.8,20.64,1306.62,15.51,22.01,163.11,1902.61,1,,Food & Beverage,Y,Negeri Sembilan,Malay,M,SINGLE,MALAYSIAN,Businessman,Bachelor Degree,2573.2,A,1,Y,pass,fail,133838.8,N
2026-09-02,25615418,00000000016,800000000016,20260902,Approve,20260928,610,4,G,151,29,3,3587,18,TELEMARKETING,,30784.29,6113.76,36898.05,1024.95,5,6.62,36,-,A,14945.41,14945.41,28,10,0,214389.84,36,148207.17,21.37,31.25,7402.65,22.75,29.9,472.3,1882.47,0,,Telecommunications,Y,Selangor,Malay,M,SINGLE,MALAYSIAN,Engineer,SPM,1273.04,B,1,N,fail,fail,47247.06,N
2026-09-02,12002856,00000000017,800000000017,20260901,Approve,20260904,736,3,E,193,18,1,4192,15,PARTNER,,22851.84,10571.26,33423.1,309.47,30,5.14,108,N,A,23223.25,23223.25,56,33,6,354105.12,84,204182.08,22.99,30.5,3917.57,31.04,37.67,357.25,1279.44,4,,Financial Services,N,Pahang,Indian,M,MARRIED,MALAYSIAN,Nurse,STPM,832.02,C,,Y,fail,pass,29530.85,Y
2026-09-02,61799392,00000000018,800000000018,20260831,Approve,20260925,768,2,A,183,11,,9188,70,COUNTER,,97684.18,49496.57,147180.75,1362.78,30,5.63,108,N,A,15285.82,15285.82,39,3,3,215215.2,36,70080.32,17.86,22.83,1957.51,13.8,24.13,2801.7,1886.66,0,,Hospitality,N,Sabah,Malay,M,SINGLE,MALAYSIAN,Manager,Diploma,1586.31,C,,N,fail,fail,122605.24,Y
2026-09-02,47184732,00000000019,800000000019,20260902,Approve,20260922,745,1,G,115,17,3,5876,17,WEBSITE,,74168.99,19172.68,93341.67,1555.69,20,5.17,60,N,A,19168.21,19168.21,44,8,25,285921.24,60,117319.89,25.85,34.97,6213.73,27.29,36.75,227.76,1500.45,1,,Education,N,Sabah,Chinese,F,MARRIED,MALAYSIAN,Driver,Bachelor Degree,4943.21,,1,N,pass,fail,111533.19,Y
2026-09-02,39432371,00000000020,800000000020,20260831,Approve,20260916,152,1,C,198,21,3,9211,95,MOBILE_APP,,62603.8,15907.63,78511.43,2180.87,10,8.47,36,Y,A,3290.38,3290.38,63,34,2,45764.64,108,31031.64,50.08,51.9,4240.92,57.89,67.36,2506.67,1176.74,3,,Financial Services,Y,Kuala Lumpur,Chinese,F,MARRIED,MALAYSIAN,Technician,SPM,3519.19,,,N,fail,pass,101674.71,Y
2026-09-02,80244042,00000000021,800000000021,20260826,Approve,20260919,808,2,E,109,30,,5429,51,TELEMARKETING,,51305.6,13057.28,64362.88,1072.71,20,5.09,60, ,A,6933.08,6933.08,48,20,24,112004.16,36,47715.87,17.97,22.27,5588.58,16.01,27.59,1927.74,1898.28,0,,Retail Trade,Y,Johor,Indian,F,SINGLE,MALAYSIAN,Technician,Diploma,2263.83,A,1,N,pass,pass,83504.07,N
2026-09-02,68504671,00000000022,800000000022,20260830,Approve,20260925,743,4,B,155,16,3,7147,66,MOBILE_APP,,3304.52,1267.61,4572.13,54.43,5,5.48,84,Y,A,21167.43,21167.43,57,35,17,319910.16,36,65648.02,21.63,25.24,5122.94,18.23,26.16,2280.35,321.12,5,,Telecommunications,N,Sabah,Chinese,F,MARRIED,MALAYSIAN,Teacher,Master Degree,1552.41,,1,N,fail,pass,3732.26,N
2026-09-02,94997682,00000000023,800000000023,20260830,Approve,20260902,763,4,G,147,14,1,3866,76,WEBSITE,,41773.34,15351.7,57125.04,680.06,5,5.25,84, ,A,20352.22,20352.22,22,3,1,315551.88,36,136515.92,22.46,31.21,4887.53,26.97,28.75,2529.24,1046.23,0,,Agriculture,N,Kelantan,Indian,F,MARRIED,MALAYSIAN,Manager,Bachelor Degree,2250.24,,,Y,pass,pass,44904.21,N
2026-09-02,58696806,00000000024,800000000024,20260902,Approve,20261001,565,3,D,138,33,2,8906,77,COUNTER,,23539.04,11821.31,35360.35,327.41,20,5.58,108,-,A,8876.48,8876.48,56,1,31,140121.36,36,62272.89,35.83,37.21,2562.49,35.15,42.05,1923.51,960.53,4,2021,Wholesale,N,Sarawak,Malay,F,DIVORCED,MALAYSIAN,Chef,SPM,4233.18,A,1,N,fail,pass,38571.7,Y
2026-09-02,35945352,00000000025,800000000025,20260902,Approve,20260912,771,1,F,198,33,1,9307,36,COUNTER,,75809.87,24304.64,100114.51,1191.84,20,4.58,84,-,A,18773.49,18773.49,53,28,24,276006.36,12,85671.09,17.46,27.02,6675.19,16.95,19.91,1020.65,1695.1,2,2014,Food & Beverage,N,Kuala Lumpur,Chinese,M,WIDOWED,MALAYSIAN,Technician,SPM,807.36,A,,N,pass,pass,84456.07,Y
2026-09-02,45899588,00000000026,800000000026,20260830,Approve,20260921,532,3,D,168,32,2,9611,47,COUNTER,,7434.64,1514.44,8949.08,248.59,20,6.79,36, ,A,21506.72,21506.72,55,2,2,316027.2,84,259501.49,50.29,59.76,2556.57,56.71,60.04,2576.03,762.11,4,,Manufacturing,N,Kedah,Malay,F,DIVORCED,MALAYSIAN,Contractor,SPM,2158.72,,1,N,pass,pass,11548.5,Y
2026-09-02,10598056,00000000027,800000000027,20260901,Approve,20260923,687,4,D,102,26,,5185,83,WEBSITE,,54665.49,27699.0,82364.49,762.63,0,5.63,108, ,A,17772.81,17772.81,24,3,1,260757.12,108,93860.66,23.6,31.66,2724.65,18.51,29.0,2740.38,973.23,0,,Professional Services,N,Sarawak,Malay,F,WIDOWED,MALAYSIAN,Factory Worker,STPM,2426.09,C,1,Y,pass,pass,57070.61,Y
2026-09-02,13657826,00000000028,800000000028,20260902,Approve,20260922,654,4,F,188,23,2,2062,40,MOBILE_APP,,77987.55,40218.18,118205.73,1094.5,5,5.73,108, ,A,22998.04,22998.04,21,3,0,334606.32,84,195979.79,31.33,34.17,6289.98,37.59,40.5,2090.22,591.87,1,2016,Plantation,N,Kuala Lumpur,Malay,F,SINGLE,MALAYSIAN,Doctor,SPM,1456.88,C,,N,fail,fail,82676.01,N
2026-09-02,70539079,00000000029,800000000029,20260830,Approve,20260917,810,3,G,115,14,,8396,25,WEBSITE,,42307.76,5863.86,48171.62,1338.1,0,4.62,36,N,A,7750.21,7750.21,55,0,24,124616.76,84,46435.06,22.92,26.85,6778.12,17.06,26.66,2657.86,263.01,0,,Transportation,Y,Kuala Lumpur,Indian,F,SINGLE,MALAYSIAN,Sales Executive,Diploma,678.21,,1,Y,fail,pass,44537.48,N
2026-09-02,85963912,00000000030,800000000030,20260828,Approve,20260913,407,2,C,103,19,,1040,40,COUNTER,,27820.47,10154.47,37974.94,632.92,5,7.3,60, ,A,5597.12,5597.12,30,0,3,84358.2,36,71963.01,32.24,41.82,3327.6,29.9,40.63,2218.87,859.94,0,2014,Oil & Gas,N,Kedah,Malay,M,SINGLE,MALAYSIAN,Nurse,Diploma,4473.75,B,,N,pass,fail,34588.73,N
2026-09-02,50967625,00000000031,800000000031,20260827,Approve,20260902,602,3,C,193,34,2,4236,64,TELEMARKETING,,98773.17,18460.71,117233.88,3256.5,5,6.23,36,N,A,16796.21,16796.21,43,21,12,271701.36,108,195731.34,24.9,33.29,1434.25,21.25,29.56,1404.61,449.28,0,,Agriculture,Y,Sarawak,Chinese,M,SINGLE,MALAYSIAN,Driver,Bachelor Degree,4748.74,A,,Y,pass,pass,104043.55,N
2026-09-02,85259456,00000000032,800000000032,20260831,Approve,20260902,572,1,B,169,27,3,1575,60,TELEMARKETING,,114800.89,22420.61,137221.5,3811.71,20,6.51,36,-,A,22538.51,22538.51,25,5,7,314183.76,36,212812.15,26.95,29.43,7591.36,27.39,32.15,1993.86,1184.95,4,2025,Food & Beverage,N,Johor,Malay,F,MARRIED,MALAYSIAN,Sales Executive,SPM,1128.82,C,,Y,fail,fail,139479.54,N
2026-09-02,58016754,00000000033,800000000033,20260901,Approve,20260901,659,1,E,104,19,3,8999,66,PARTNER,,95274.5,17235.16,112509.66,3125.27,20,6.03,36,N,A,6207.59,6207.59,56,15,24,97644.24,36,34051.37,27.1,35.31,6211.38,31.79,36.54,952.65,499.67,1,,Oil & Gas,N,Perak,Malay,M,SINGLE,MALAYSIAN,Self-Employed,Diploma,3790.75,C,1,N,pass,fail,147555.35,Y
2026-09-02,93724040,00000000034,800000000034,20260831,Approve,20260919,996,3,D,112,23,2,5887,12,COUNTER,,131292.08,41724.62,173016.7,2059.72,5,4.54,84,Y,A,24228.21,24228.21,43,25,5,381465.72,108,61885.02,20.81,27.49,5384.36,26.74,28.41,448.8,339.13,1,2011,Real Estate,Y,Kedah,Malay,F,MARRIED,MALAYSIAN,Administrator,SPM,1391.2,,1,N,fail,fail,141309.7,Y
2026-09-02,65194100,00000000035,800000000035,20260830,Approve,20260905,565,4,E,178,24,3,6431,90,TELEMARKETING,,12332.74,6570.88,18903.62,175.03,0,5.92,108,Y,A,11870.28,11870.28,24,1,1,165393.48,12,66105.18,36.46,38.33,7994.39,41.36,44.75,2008.27,681.7,0,2024,Healthcare,N,Kuala Lumpur,Malay,M,MARRIED,MALAYSIAN,Civil Servant,Diploma,1835.14,,,N,fail,pass,12940.6,Y
2026-09-02,68444116,00000000036,800000000036,20260830,Approve,20260916,776,2,D,117,30,3,2959,11,COUNTER,,60674.24,20811.26,81485.5,970.07,30,4.9,84,N,A,15331.26,15331.26,22,1,4,244947.12,60,70328.38,23.05,27.76,2413.41,29.8,32.17,2974.83,1245.04,0,,Government,N,Kelantan,Malay,M,MARRIED,MALAYSIAN,Nurse,SPM,4626.21,A,1,N,fail,fail,79379.27,Y
2026-09-02,87070268,00000000037,800000000037,20260826,Approve,20260904,656,1,E,125,26,,9757,22,WEBSITE,,72553.41,11579.52,84132.93,2337.03,0,5.32,36, ,A,18796.56,18796.56,40,2,15,300469.08,60,172087.1,15.32,18.86,5477.56,19.24,24.38,1106.1,1336.56,4,,Plantation,N,Pulau Pinang,Malay,M,MARRIED,MALAYSIAN,Chef,Bachelor Degree,803.53,,1,N,pass,pass,104180.53,N
2026-09-02,33868034,00000000038,800000000038,20260826,Approve,20260911,934,4,G,176,20,,2894,34,MOBILE_APP,,48281.84,6373.2,54655.04,1518.2,30,4.4,36,Y,A,21737.83,21737.83,45,26,14,315266.52,84,39947.8,20.11,25.23,6245.16,15.97,23.26,2492.07,142.79,1,,Professional Services,Y,Johor,Chinese,M,SINGLE,MALAYSIAN,Teacher,Master Degree,1421.04,,,N,fail,fail,74208.42,N
2026-09-02,81395438,00000000039,800000000039,20260826,Approve,20260903,576,4,F,199,35,,9684,30,WEBSITE,,57552.76,29938.95,87491.71,810.11,30,5.78,108,N,A,12629.3,12629.3,43,25,21,202204.32,12,61375.63,27.93,36.44,5799.91,30.94,40.91,342.35,1145.32,3,,Real Estate,N,Sabah,Chinese,M,MARRIED,MALAYSIAN,Civil Servant,Diploma,1956.32,B,1,N,pass,pass,76845.1,Y
2026-09-02,76486379,00000000040,800000000040,20260826,Approve,20260828,775,1,F,114,13,,2667,94,MOBILE_APP,,82265.08,31787.23,114052.31,1357.77,5,5.52,84, ,A,21943.56,21943.56,48,12,16,319736.28,108,67523.1,20.65,24.94,1528.69,21.62,32.74,2041.7,18.37,1,,Healthcare,Y,Negeri Sembilan,Indian,M,MARRIED,MALAYSIAN,Retail Assistant,Bachelor Degree,195.09,B,1,N,pass,fail,119886.4,N
2026-09-02,57475913,00000000041,800000000041,20260830,Approve,20260831,381,3,B,171,33,,7366,73,COUNTER,,28176.14,13135.72,41311.86,491.81,20,6.66,84, ,A,4881.62,4881.62,52,13,14,78091.8,84,34819.04,45.93,53.85,1806.99,47.86,59.07,1063.29,1269.51,3,2020,Wholesale,N,Perak,Malay,F,MARRIED,MALAYSIAN,Factory Worker,Bachelor Degree,519.91,,1,Y,fail,pass,34439.07,Y
2026-09-02,20716593,00000000042,800000000042,20260829,Approve,20260903,819,2,F,143,34,3,7316,88,COUNTER,,136791.93,63772.4,200564.33,1857.08,0,5.18,108,N,A,19150.6,19150.6,54,28,16,301667.76,84,73038.9,18.68,27.89,5998.59,18.18,22.26,1547.62,1793.17,4,2019,Hospitality,N,Kedah,Indian,M,MARRIED,MALAYSIAN,Driver,Diploma,1881.18,C,,Y,fail,pass,138355.33,N
2026-09-02,78074977,00000000043,800000000043,20260901,Approve,20260907,686,2,B,111,12,1,1306,81,TELEMARKETING,,99441.83,19092.83,118534.66,3292.63,10,6.4,36,-,A,2844.13,2844.13,39,17,8,41841.84,60,33215.74,20.95,29.53,1114.67,24.82,33.38,43.34,623.79,1,2019,Transportation,Y,Selangor,Chinese,M,WIDOWED,MALAYSIAN,Nurse,Bachelor Degree,436.51,C,,Y,fail,fail,132853.93,Y
2026-09-02,46728250,00000000044,800000000044,20260902,Approve,20260923,649,4,D,103,33,1,4490,97,MOBILE_APP,,56199.59,20653.35,76852.94,914.92,20,5.25,84, ,A,13015.22,13015.22,51,31,31,206224.08,108,73761.27,32.37,40.66,6415.43,37.31,38.75,1260.87,1663.64,0,,Oil & Gas,N,Melaka,Chinese,F,MARRIED,MALAYSIAN,Administrator,SPM,3486.68,A,1,Y,fail,fail,77139.84,Y
2026-09-02,99806586,00000000045,800000000045,20260827,Approve,20260910,644,2,B,164,27,2,2830,13,PARTNER,,33220.02,5899.88,39119.9,1086.66,5,5.92,36,Y,A,11784.66,11784.66,30,8,5,173421.12,84,80415.88,35.2,43.81,7566.99,38.02,39.9,1156.87,650.93,0,2018,Food & Beverage,Y,Selangor,Malay,F,SINGLE,MALAYSIAN,Manager,Diploma,1789.47,A,,N,pass,fail,38153.67,Y
2026-09-02,33988814,00000000046,800000000046,20260826,Approve,20260916,978,4,C,135,28,1,1219,80,MOBILE_APP,,50335.7,11501.71,61837.41,1030.62,0,4.57,60, ,A,22293.84,22293.84,60,14,34,320009.28,12,53342.6,18.74,28.11,3444.14,19.39,26.15,1882.87,1267.08,1,,Hospitality,Y,Johor,Others,M,SINGLE,MALAYSIAN,Teacher,SPM,3943.29,C,1,Y,pass,fail,77811.57,Y
2026-09-02,28102047,00000000047,800000000047,20260901,Approve,20260925,542,1,A,146,29,1,6457,11,COUNTER,,63920.01,18472.88,82392.89,1373.21,10,5.78,60,-,A,13537.2,13537.2,65,15,9,206128.2,108,67284.79,32.91,34.83,7085.03,42.6,52.2,2409.43,386.02,1,,Wholesale,Y,Kuala Lumpur,Malay,F,MARRIED,MALAYSIAN,Sales Executive,SPM,2779.86,A,,Y,fail,fail,85872.58,N
2026-09-02,18110163,00000000048,800000000048,20260830,Approve,20260903,448,4,G,184,31,2,8381,49,MOBILE_APP,,46746.44,15613.31,62359.75,1039.33,0,6.68,60,N,A,13012.84,13012.84,55,21,6,192704.88,108,176853.02,27.96,37.15,3220.19,39.32,42.69,2111.36,1552.0,3,,Food & Beverage,Y,Perlis,Others,F,MARRIED,MALAYSIAN,Lecturer,SPM,2983.79,B,1,Y,pass,pass,59112.4,Y
2026-09-02,47852279,00000000049,800000000049,20260828,Approve,20260831,800,1,G,138,31,,9924,17,COUNTER,,109161.58,30292.34,139453.92,2324.23,5,5.55,60,Y,A,19796.34,19796.34,41,7,11,306589.92,36,87780.67,7.93,11.56,3354.35,5.88,10.95,2040.51,1649.87,3,,Healthcare,Y,Kuala Lumpur,Chinese,M,MARRIED,MALAYSIAN,Army Personnel,SPM,744.17,,1,N,pass,pass,132772.32,N
2026-09-02,79793180,00000000050,800000000050,20260826,Approve,20260911,608,2,G,154,30,3,4802,97,COUNTER,,75925.87,42366.64,118292.51,1095.3,10,6.2,108,Y,A,9023.73,9023.73,22,0,2,133020.84,60,53575.38,24.84,30.32,6297.84,23.4,30.62,2987.29,1517.01,0,,Retail Trade,Y,Negeri Sembilan,Malay,F,SINGLE,MALAYSIAN,Army Personnel,Bachelor Degree,4367.49,A,,Y,pass,fail,114292.06,N
2026-09-02,58142064,00000000051,800000000051,20260827,Approve,20260909,233,4,E,120,17,,3363,93,WEBSITE,,79981.48,42438.17,122419.65,1457.38,0,7.58,84, ,A,8460.95,8460.95,56,6,1,123112.92,84,138203.29,49.92,54.28,3815.66,62.73,66.37,2721.6,532.75,3,,Education,N,Selangor,Indian,F,WIDOWED,MALAYSIAN,Retail Assistant,Diploma,4281.08,A,,N,pass,pass,82583.27,N
2026-09-02,92911100,00000000052,800000000052,20260901,Approve,20260908,808,1,E,105,25,,5479,35,PARTNER,,62635.46,20957.82,83593.28,995.16,5,4.78,84,N,A,23431.89,23431.89,57,20,4,355554.36,84,112299.23,16.27,17.39,5155.26,21.32,23.0,2028.88,291.05,0,,Hospitality,Y,Perak,Malay,F,SINGLE,MALAYSIAN,Retail Assistant,Master Degree,3937.31,C,1,Y,fail,fail,97184.68,Y
2026-09-02,76544513,00000000053,800000000053,20260902,Approve,20260915,951,4,E,146,27,,8659,54,COUNTER,,126217.13,19841.33,146058.46,4057.18,5,5.24,36,Y,A,19082.98,19082.98,48,9,25,295826.52,36,111133.7,13.96,23.93,3483.56,11.63,19.01,941.15,559.61,2,,Construction,Y,Sabah,Malay,F,MARRIED,MALAYSIAN,Teacher,Diploma,2501.39,B,,Y,fail,pass,148992.6,N
2026-09-02,67208939,00000000054,800000000054,20260827,Approve,20260915,444,1,D,168,23,,3235,90,COUNTER,,48509.82,25627.74,74137.56,686.46,10,5.87,108,-,A,4901.46,4901.46,46,0,5,76511.28,60,45940.79,13.79,18.94,7279.39,20.58,22.27,25.77,1842.36,3,2023,Professional Services,N,Pulau Pinang,Malay,F,WIDOWED,MALAYSIAN,Accountant,SPM,4248.56,C,1,N,fail,fail,69135.99,Y
2026-09-02,58071563,00000000055,800000000055,20260827,Approve,20260828,238,3,E,132,28,1,7199,49,COUNTER,,64803.15,35972.23,100775.38,1199.71,10,7.93,84,-,A,13565.73,13565.73,64,14,9,191703.72,12,216433.81,56.62,62.82,671.33,60.49,66.1,2112.24,146.62,2,,Construction,N,Selangor,Malay,M,MARRIED,MALAYSIAN,Driver,SPM,815.61,A,1,Y,fail,fail,73216.71,N
2026-09-02,30561818,00000000056,800000000056,20260831,Approve,20260926,657,4,A,175,27,,6195,76,PARTNER,,100738.75,26141.71,126880.46,2114.67,30,5.19,60,Y,A,14652.15,14652.15,23,2,4,228593.16,12,113766.31,20.08,28.73,2997.54,28.63,30.55,1174.56,6.33,0,,Retail Trade,Y,Selangor,Others,F,SINGLE,MALAYSIAN,Technician,SPM,3344.6,C,1,Y,fail,pass,102324.87,Y
2026-09-02,82468344,00000000057,800000000057,20260830,Approve,20260926,735,4,B,144,19,2,4738,39,TELEMARKETING,,123714.73,48755.98,172470.71,2053.22,0,5.63,84, ,A,12379.94,12379.94,52,15,4,183513.96,36,72424.51,17.13,24.53,6460.44,15.86,21.38,47.71,808.42,0,,Food & Beverage,Y,Selangor,Chinese,F,SINGLE,MALAYSIAN,Retail Assistant,SPM,1668.71,B,1,Y,fail,fail,124007.12,Y
2026-09-02,19440698,00000000058,800000000058,20260826,Approve,20260906,763,2,C,179,17,3,2658,10,TELEMARKETING,,6223.91,965.33,7189.24,199.7,10,5.17,36, ,A,15529.32,15529.32,28,7,2,228660.96,60,74258.35,27.48,32.35,4692.81,30.91,35.52,2399.25,826.33,0,,Construction,Y,Selangor,Malay,M,SINGLE,MALAYSIAN,Nurse,Certificate,2986.32,B,,Y,fail,fail,7060.32,Y
2026-09-02,52439116,00000000059,800000000059,20260828,Approve,20260828,722,2,B,175,13,2,3205,95,TELEMARKETING,,50555.37,25252.41,75807.78,701.92,10,5.55,108,N,A,20573.22,20573.22,36,18,12,287712.6,12,149152.31,37.63,39.11,3206.04,32.58,42.5,2782.28,203.46,4,,Food & Beverage,N,Johor,Malay,M,MARRIED,MALAYSIAN,IT Executive,SPM,3602.62,A,,N,fail,pass,83121.46,Y
2026-09-02,55541542,00000000060,800000000060,20260827,Approve,20260909,798,2,B,166,33,2,3154,62,COUNTER,,64795.44,24855.53,89650.97,1067.27,20,5.48,84,Y,A,24369.53,24369.53,41,12,4,337468.92,84,134499.1,16.06,20.01,4282.96,16.66,19.63,2876.35,854.43,1,2016,Education,N,Sabah,Chinese,F,SINGLE,MALAYSIAN,Factory Worker,SPM,106.02,B,1,Y,pass,fail,73531.41,N
2026-09-02,60628582,00000000061,800000000061,20260830,Approve,20260913,770,2,G,127,33,2,5366,47,WEBSITE,,50789.88,13814.85,64604.73,1076.75,0,5.44,60,N,A,15735.31,15735.31,24,4,6,239901.24,60,89312.71,30.2,35.74,2734.93,26.66,34.99,2507.1,1384.91,0,,Food & Beverage,N,Pahang,Malay,F,MARRIED,MALAYSIAN,Army Personnel,SPM,2722.92,,,Y,pass,fail,72091.2,N
2026-09-02,38033411,00000000062,800000000062,20260826,Approve,20260912,757,2,B,117,33,3,7778,70,WEBSITE,,40826.08,10308.59,51134.67,852.24,5,5.05,60,-,A,24694.3,24694.3,61,30,9,354867.6,60,48323.15,6.25,8.61,2045.19,5,8,292.73,1898.46,4,,Agriculture,N,Perak,Malay,M,MARRIED,MALAYSIAN,Chef,STPM,2059.71,,,Y,fail,fail,59284.87,Y
2026-09-02,65958065,00000000063,800000000063,20260902,Approve,20260906,773,4,E,119,11,3,9911,94,WEBSITE,,111156.29,50120.37,161276.66,1493.3,20,5.01,108,Y,A,19031.1,19031.1,34,4,9,303914.28,60,119946.22,12.31,20.04,2757.53,5.14,14.46,2555.1,978.27,1,,Wholesale,Y,Selangor,Chinese,F,MARRIED,MALAYSIAN,Factory Worker,Master Degree,401.59,,,N,fail,pass,135670.5,N
2026-09-02,43986317,00000000064,800000000064,20260830,Approve,20260915,834,2,D,198,24,,9681,10,TELEMARKETING,,11035.33,2670.55,13705.88,228.43,5,4.84,60,N,A,17004.75,17004.75,56,2,26,258308.52,84,34785.2,24.47,32.87,5979.81,23.89,28.4,510.68,1402.65,0,2019,Plantation,Y,Johor,Chinese,F,SINGLE,MALAYSIAN,Accountant,Bachelor Degree,4584.29,,1,N,pass,fail,12392.27,Y
2026-09-02,88056581,00000000065,800000000065,20260902,Approve,20260922,949,2,E,171,13,2,9704,62,TELEMARKETING,,105636.9,25775.4,131412.3,2190.2,0,4.88,60,Y,A,23184.83,23184.83,46,9,2,364617.6,36,46364.17,17.13,27.09,6453.83,9.56,20.0,1263.75,1090.02,0,2025,Transportation,N,Terengganu,Malay,F,SINGLE,MALAYSIAN,Doctor,STPM,24.35,B,,Y,fail,pass,148742.76,N
2026-09-02,24032975,00000000066,800000000066,20260829,Approve,20260913,569,4,B,141,29,1,4138,88,TELEMARKETING,,55380.65,30453.82,85834.47,794.76,30,6.11,108,-,A,11811.0,11811.0,59,20,34,164831.16,12,116210.34,27.3,33.23,702.76,36.59,39.63,2521.75,39.14,0,,Retail Trade,N,Kelantan,Chinese,F,SINGLE,MALAYSIAN,Clerk,Diploma,4758.78,,1,N,pass,fail,64670.63,Y
2026-09-02,65751880,00000000067,800000000067,20260827,Approve,20260910,814,1,E,155,10,1,4904,88,COUNTER,,57729.49,19679.98,77409.47,921.54,5,4.87,84,Y,A,9182.15,9182.15,44,26,5,139429.92,12,33060.63,28.81,32.08,3636.88,23.51,32.17,1638.74,636.46,0,2021,Retail Trade,Y,Kedah,Malay,M,SINGLE,MALAYSIAN,Administrator,Bachelor Degree,3037.26,B,1,N,pass,pass,62433.9,Y
2026-09-02,14713027,00000000068,800000000068,20260828,Approve,20260904,546,4,C,136,31,3,2690,50,PARTNER,,94346.78,32455.29,126802.07,2113.37,10,6.88,60,N,A,15850.72,15850.72,31,7,13,241684.8,84,70039.0,37.2,46.15,6853.33,42.88,53.45,2975.09,1536.66,0,,Real Estate,N,Pulau Pinang,Malay,M,SINGLE,MALAYSIAN,Doctor,Bachelor Degree,2407.89,,1,N,fail,pass,101362.02,N
2026-09-02,16576388,00000000069,800000000069,20260830,Approve,20260917,690,3,C,105,34,2,9870,12,WEBSITE,,10949.56,6031.02,16980.58,157.23,30,6.12,108, ,A,19397.73,19397.73,65,3,25,273996.6,60,60190.48,14.57,20.22,1117.61,13.25,20.41,1839.36,1380.36,0,2012,Telecommunications,N,Selangor,Malay,M,SINGLE,MALAYSIAN,Doctor,SPM,990.73,B,,Y,pass,fail,15493.5,Y
2026-09-02,46740707,00000000070,800000000070,20260826,Approve,20260917,789,2,D,118,29,1,7239,60,COUNTER,,41000.58,18302.66,59303.24,549.1,30,4.96,108,-,A,21490.8,21490.8,55,33,20,327780.12,108,124230.25,13.25,21.84,7076.2,13.15,18.39,2338.1,11.94,0,2017,Financial Services,N,Sabah,Indian,M,MARRIED,MALAYSIAN,Accountant,SPM,4002.63,,1,Y,fail,pass,68072.2,N
2026-09-02,20501450,00000000071,800000000071,20260901,Approve,20260903,535,1,B,105,20,3,6050,24,TELEMARKETING,,130306.52,56553.03,186859.55,2224.52,0,6.2,84,N,A,7898.11,7898.11,59,26,9,110694.6,36,27755.42,27.02,30.3,7838.35,39.4,43.36,1578.11,1125.32,3,,Construction,Y,Perak,Chinese,M,MARRIED,MALAYSIAN,IT Executive,Bachelor Degree,2120.54,A,1,N,fail,pass,137290.91,N
2026-09-02,20235011,00000000072,800000000072,20260901,Approve,20260929,929,3,F,131,18,2,2374,92,TELEMARKETING,,72179.76,10870.27,83050.03,2306.95,10,5.02,36,-,A,4233.54,4233.54,48,13,19,68072.52,12,12354.76,21.2,28.08,5711.2,29.97,31.05,922.79,1147.85,1,,Education,Y,Perak,Malay,F,SINGLE,MALAYSIAN,Retail Assistant,Master Degree,965.83,B,1,Y,pass,pass,115585.55,N
2026-09-02,73584629,00000000073,800000000073,20260827,Approve,20260916,981,2,A,167,13,3,4281,63,MOBILE_APP,,68949.91,31896.23,100846.14,933.76,5,5.14,108,-,A,11756.96,11756.96,48,25,26,178175.88,36,38416.06,12.78,15.47,2530.66,8.3,17.37,2527.43,300.95,2,2025,Financial Services,Y,Kelantan,Malay,F,MARRIED,MALAYSIAN,Army Personnel,Diploma,3316.6,C,1,N,fail,pass,83283.7,N
2026-09-02,90426416,00000000074,800000000074,20260827,Approve,20260906,453,3,F,191,13,2,9952,12,WEBSITE,,85673.18,49193.54,134866.72,1248.77,30,6.38,108,Y,A,9657.23,9657.23,60,33,40,148517.64,108,82316.82,23.77,27.6,3242.59,24.65,35.95,263.37,1979.55,3,,Hospitality,N,Johor,Malay,M,MARRIED,MALAYSIAN,Engineer,SPM,1328.61,B,1,Y,fail,fail,117672.11,Y
2026-09-02,81406369,00000000075,800000000075,20260831,Approve,20260928,873,3,D,119,16,1,6277,22,WEBSITE,,61128.87,19983.03,81111.9,965.62,0,4.67,84, ,A,10455.55,10455.55,50,30,12,164953.44,12,30106.71,27.27,31.47,3800.1,23.94,31.79,1053.51,1298.68,0,2018,Financial Services,N,Selangor,Malay,M,SINGLE,MALAYSIAN,Civil Servant,Bachelor Degree,398.09,,,N,pass,fail,62910.56,Y
2026-09-02,20439138,00000000076,800000000076,20260826,Approve,20260905,670,2,C,137,28,1,2338,10,WEBSITE,,67997.03,35800.44,103797.47,961.09,20,5.85,108,N,A,20320.5,20320.5,32,6,10,326780.28,36,129903.45,27.88,33.19,6658.84,25.06,31.38,175.08,616.84,4,,Manufacturing,Y,Selangor,Malay,F,WIDOWED,MALAYSIAN,Security Guard,Diploma,2634.31,,1,N,fail,fail,112165.8,N
2026-09-02,26255108,00000000077,800000000077,20260828,Approve,20260927,418,2,A,124,25,2,8418,98,COUNTER,,99451.26,20317.89,119769.15,3326.92,10,6.81,36, ,A,7628.06,7628.06,54,28,23,121008.12,12,65743.63,27.37,36.93,1451.4,35.69,45.55,455.82,1664.9,5,2022,Telecommunications,N,Perak,Malay,F,MARRIED,MALAYSIAN,Technician,Bachelor Degree,1545.91,A,1,Y,fail,pass,113151.41,Y
2026-09-02,67164749,00000000078,800000000078,20260830,Approve,20260913,430,2,A,194,34,2,7163,67,WEBSITE,,73475.97,41396.36,114872.33,1063.63,20,6.26,108,N,A,13925.4,13925.4,35,3,0,216687.96,60,89634.85,31.1,38.95,2415.29,24.27,34.78,92.2,207.43,0,,Transportation,N,Johor,Chinese,F,SINGLE,MALAYSIAN,IT Executive,SPM,3558.74,A,,N,fail,pass,99673.96,N
2026-09-02,39014988,00000000079,800000000079,20260902,Approve,20260923,872,4,F,105,30,1,6397,13,MOBILE_APP,,71397.1,32771.27,104168.37,964.52,10,5.1,108,N,A,24530.04,24530.04,59,28,32,374406.48,12,43629.27,8.44,13.42,1885.27,5.57,12.52,2135.11,617.04,0,,Construction,Y,Perak,Malay,F,SINGLE,MALAYSIAN,Supervisor,SPM,1255.22,B,,Y,fail,fail,94529.93,Y
2026-09-02,57064983,00000000080,800000000080,20260828,Approve,20260926,936,4,A,196,28,3,6101,12,COUNTER,,36152.31,5130.01,41282.32,1146.73,5,4.73,36,Y,A,12866.36,12866.36,36,16,17,195391.32,12,35536.93,14.0,19.02,5651.63,11.2,16.76,166.48,413.15,0,,Construction,Y,Selangor,Malay,F,SINGLE,MALAYSIAN,Technician,Bachelor Degree,3155.12,C,,N,fail,pass,50881.46,N
2026-09-02,19987024,00000000081,800000000081,20260829,Approve,20260920,494,3,A,109,19,2,6068,26,COUNTER,,71612.3,34789.26,106401.56,1266.69,5,6.94,84,N,A,23073.04,23073.04,38,9,10,364307.88,12,147874.1,41.46,49.99,5442.15,41.46,50.54,625.54,996.64,4,,Construction,N,Pulau Pinang,Malay,F,MARRIED,MALAYSIAN,Security Guard,SPM,339.35,A,1,N,pass,pass,86712.17,N
2026-09-02,96213226,00000000082,800000000082,20260829,Approve,20260909,501,4,D,145,32,2,6375,93,TELEMARKETING,,72766.18,40276.08,113042.26,1046.69,5,6.15,108,-,A,19754.36,19754.36,27,5,5,306257.04,108,109218.51,29.38,32.08,7341.96,33.66,37.03,1511.29,1481.05,0,,Education,N,Sarawak,Chinese,F,SINGLE,MALAYSIAN,Lecturer,Master Degree,3769.88,C,1,N,pass,fail,76980.83,Y
2026-09-02,61752356,00000000083,800000000083,20260829,Approve,20260928,878,4,E,154,11,1,3966,82,PARTNER,,11229.23,2672.56,13901.79,231.7,0,4.76,60, ,A,24084.81,24084.81,39,12,4,368847.36,36,55120.28,20.35,29.07,7775.21,12.96,22.96,564.19,859.51,2,,Oil & Gas,Y,Sabah,Indian,F,MARRIED,MALAYSIAN,Chef,Diploma,2108.74,,1,N,pass,pass,13785.96,N
2026-09-02,62061086,00000000084,800000000084,20260902,Approve,20260912,634,2,E,111,27,1,5926,51,TELEMARKETING,,28160.34,12044.18,40204.52,478.63,10,6.11,84,Y,A,16212.25,16212.25,57,12,20,243460.56,108,63717.79,21.7,28.61,6386.26,22.61,24.99,2208.15,1388.21,2,2024,Manufacturing,N,Pahang,Malay,F,WIDOWED,MALAYSIAN,Army Personnel,SPM,3083.88,A,1,N,fail,pass,39123.81,Y
2026-09-02,50999704,00000000085,800000000085,20260902,Approve,20260907,916,1,F,183,32,2,8923,40,PARTNER,,7450.32,2784.93,10235.25,121.85,10,5.34,84,-,A,16095.58,16095.58,62,23,25,238022.52,36,59595.52,25.2,27.39,6725.02,26.47,33.37,2332.89,1654.73,0,2022,Transportation,N,Sarawak,Others,M,SINGLE,MALAYSIAN,Administrator,Bachelor Degree,3440.88,,1,Y,pass,pass,9069.79,Y
2026-09-02,54644060,00000000086,800000000086,20260901,Approve,20260909,847,1,G,193,31,1,7738,13,TELEMARKETING,,126751.51,42233.6,168985.11,2011.73,10,4.76,84, ,A,22328.8,22328.8,62,25,21,323709.24,36,49317.21,16.7,20.22,5657.28,9.83,19.43,2166.38,43.82,1,,Professional Services,Y,Selangor,Indian,F,WIDOWED,MALAYSIAN,Accountant,Bachelor Degree,1489.3,C,,N,fail,fail,136669.07,Y
2026-09-02,86107746,00000000087,800000000087,20260830,Approve,20260928,951,1,B,136,32,,3369,33,TELEMARKETING,,27324.59,11681.26,39005.85,361.17,0,4.75,108, ,A,20966.67,20966.67,23,5,5,303859.2,12,35395.75,18.44,25.86,6560.12,14.77,23.85,1757.89,921.42,0,,Oil & Gas,Y,Selangor,Malay,M,MARRIED,MALAYSIAN,Doctor,Diploma,1667.61,C,,N,fail,pass,45016.7,Y
2026-09-02,74343201,00000000088,800000000088,20260828,Approve,20260923,808,2,A,121,26,3,3136,73,MOBILE_APP,,104794.53,37851.78,142646.31,1698.17,30,5.16,84,Y,A,15668.78,15668.78,31,12,9,248223.72,12,121713.19,29.42,35.68,6133.51,30.46,37.99,2602.0,1599.03,3,,Construction,N,Selangor,Malay,M,MARRIED,MALAYSIAN,Nurse,Bachelor Degree,4483.98,,,Y,pass,fail,118048.17,Y
2026-09-02,10482349,00000000089,800000000089,20260828,Approve,20260906,282,3,B,178,31,1,3254,50,COUNTER,,89382.79,21827.28,111210.07,3089.17,10,8.14,36,N,A,10002.9,10002.9,54,7,1,152788.44,108,69187.34,59.07,68.22,4168.06,58.28,68.2,2699.11,400.71,2,,Education,Y,Kedah,Malay,M,MARRIED,MALAYSIAN,Army Personnel,Diploma,4437.66,B,1,N,pass,pass,128999.79,N
2026-09-02,45411706,00000000090,800000000090,20260902,Approve,20260914,264,3,A,139,32,3,4559,56,WEBSITE,,77790.82,41330.26,119121.08,1418.11,5,7.59,84, ,A,2412.19,2412.19,61,17,36,34172.16,60,19152.71,50.75,53.21,7779.07,59.56,68.26,371.41,1771.47,3,,Healthcare,Y,Johor,Chinese,M,MARRIED,MALAYSIAN,Civil Servant,Diploma,4731.55,A,1,Y,pass,pass,127125.99,Y
2026-09-02,71353432,00000000091,800000000091,20260829,Approve,20260901,368,3,E,163,11,,3830,50,COUNTER,,45991.83,9796.26,55788.09,1549.67,5,7.1,36,-,A,6988.79,6988.79,39,0,15,104272.56,84,78974.95,33.6,40.23,2435.98,31.81,42.24,725.63,1426.06,2,2013,Hospitality,N,Perak,Malay,F,MARRIED,MALAYSIAN,Police Officer,SPM,814.71,A,1,N,fail,pass,73180.07,N
2026-09-02,11648990,00000000092,800000000092,20260830,Approve,20260909,749,2,C,148,27,2,7957,29,PARTNER,,2571.4,415.8,2987.2,82.98,10,5.39,36,Y,A,19099.23,19099.23,39,19,2,300735.96,108,59995.37,12.98,16.12,4254.67,11.09,17.18,354.8,945.88,2,,Food & Beverage,N,Negeri Sembilan,Indian,F,DIVORCED,MALAYSIAN,Self-Employed,Bachelor Degree,2.75,C,1,Y,fail,fail,2965.71,Y
2026-09-02,26405048,00000000093,800000000093,20260826,Approve,20260904,686,1,D,170,34,,1653,21,WEBSITE,,54131.95,27038.91,81170.86,751.58,30,5.55,108,-,A,19126.97,19126.97,31,8,6,281828.28,60,170723.11,23.58,26.03,6820.18,23.99,30.67,2187.7,256.36,3,,Financial Services,N,Pahang,Indian,M,MARRIED,MALAYSIAN,Chef,Master Degree,2479.87,,1,N,pass,fail,58449.1,Y
2026-09-02,74127867,00000000094,800000000094,20260829,Approve,20260904,874,2,G,162,29,2,1829,88,PARTNER,,98117.84,34959.39,133077.23,1584.25,30,5.09,84, ,A,22765.07,22765.07,47,5,11,363922.92,12,137597.75,27.28,36.66,4232.04,23.07,31.73,2623.35,328.57,4,2018,Financial Services,Y,Negeri Sembilan,Indian,F,MARRIED,MALAYSIAN,Self-Employed,STPM,1459.85,C,,N,pass,pass,140158.31,N
2026-09-02,83005085,00000000095,800000000095,20260901,Approve,20260906,261,2,B,112,34,3,6836,79,WEBSITE,,105090.82,22951.84,128042.66,3556.74,20,7.28,36,-,A,2162.94,2162.94,26,0,2,31021.8,60,28792.93,48.01,56.15,2964.78,52.77,55.19,673.96,646.3,0,,Food & Beverage,Y,Johor,Chinese,M,SINGLE,MALAYSIAN,Retail Assistant,Diploma,3300.04,A,1,Y,pass,fail,123448.95,N
2026-09-02,99163437,00000000096,800000000096,20260830,Approve,20260921,671,1,F,155,25,3,2513,78,PARTNER,,128889.33,68092.23,196981.56,1823.9,0,5.87,108,Y,A,21027.72,21027.72,51,7,16,325555.68,60,184275.3,17.22,23.52,1777.27,24.04,26.04,2901.01,898.84,1,2018,Financial Services,N,Negeri Sembilan,Chinese,M,MARRIED,MALAYSIAN,Accountant,SPM,1222.66,,1,N,pass,pass,138652.79,N
2026-09-02,90375636,00000000097,800000000097,20260831,Approve,20260928,796,2,B,104,33,2,7932,18,PARTNER,,38078.04,14873.28,52951.32,630.37,20,5.58,84,Y,A,21121.97,21121.97,32,14,5,309922.32,84,52950.65,17.96,23.81,6808.2,20.89,26.35,811.01,816.87,0,2015,Plantation,N,Pulau Pinang,Indian,F,MARRIED,MALAYSIAN,Lecturer,Bachelor Degree,1927.37,B,,N,pass,pass,42588.51,N
2026-09-02,78127460,00000000098,800000000098,20260828,Approve,20260911,294,2,D,169,12,,6931,51,TELEMARKETING,,114336.96,45391.77,159728.73,2662.15,30,7.94,60,N,A,4570.92,4570.92,23,2,1,63609.12,60,43564.68,54.46,57.47,2906.93,56.19,62.4,384.71,606.71,0,2013,Manufacturing,Y,Perak,Chinese,M,MARRIED,MALAYSIAN,Teacher,STPM,2509.24,C,,N,pass,fail,131902.14,N
2026-09-02,71214909,00000000099,800000000099,20260827,Approve,20260917,896,3,G,197,26,2,5365,15,MOBILE_APP,,84300.76,11633.5,95934.26,2664.84,0,4.6,36, ,A,23508.31,23508.31,39,15,3,361940.64,12,50747.09,10.25,15.66,1726.17,11.82,14.7,2099.02,1114.56,0,2012,Hospitality,Y,Terengganu,Malay,F,SINGLE,MALAYSIAN,Accountant,Diploma,3022.57,B,1,N,fail,pass,86450.93,Y
2026-09-02,11655141,00000000100,800000000100,20260829,Approve,20260909,779,3,D,101,17,,1248,59,PARTNER,,46623.28,17297.24,63920.52,760.96,20,5.3,84,-,A,12361.61,12361.61,40,17,15,198887.64,12,43154.96,14.55,16.24,1934.32,15.43,17.51,1464.31,1476.27,0,,Construction,N,Selangor,Chinese,M,SINGLE,MALAYSIAN,Civil Servant,Bachelor Degree,4182.15,A,,Y,fail,fail,63420.18,N
2026-09-02,94642324,00000000101,800000000101,20260827,Approve,20260920,821,2,E,199,27,1,7341,78,WEBSITE,,40997.94,6481.77,47479.71,1318.88,0,5.27,36, ,A,16062.83,16062.83,46,15,12,253388.76,60,94511.22,20.22,27.09,7621.58,24.97,28.22,2072.53,1969.59,3,,Education,N,Kuala Lumpur,Malay,M,DIVORCED,MALAYSIAN,Teacher,Bachelor Degree,4830.32,B,,Y,pass,fail,56276.04,N
2026-09-02,83951337,00000000102,800000000102,20260827,Approve,20260831,920,2,C,171,29,,7877,66,TELEMARKETING,,59768.48,8230.12,67998.6,1888.85,20,4.59,36,Y,A,18587.84,18587.84,39,0,2,269507.04,36,45248.88,9.31,14.34,3797.02,6.2,13.99,1686.64,224.92,3,,Financial Services,Y,Melaka,Malay,F,DIVORCED,MALAYSIAN,Technician,Diploma,4606.76,C,,N,fail,pass,67510.72,N
2026-09-02,97874607,00000000103,800000000103,20260828,Approve,20260922,938,2,C,118,20,3,7199,98,MOBILE_APP,,48285.61,21163.58,69449.19,643.05,30,4.87,108,N,A,22209.88,22209.88,38,3,12,355553.88,36,90235.98,11.15,15.67,6555.49,5,15.02,246.78,664.85,3,,Financial Services,Y,Pahang,Malay,F,MARRIED,MALAYSIAN,Chef,Bachelor Degree,1324.54,B,,Y,pass,pass,72484.95,Y
2026-09-02,22086184,00000000104,800000000104,20260828,Approve,20260917,239,1,F,176,30,1,6807,44,TELEMARKETING,,13061.2,5433.46,18494.66,308.24,20,8.32,60,-,A,7678.86,7678.86,42,8,0,106396.92,108,113861.62,41.75,46.63,7324.37,48.27,52.39,2786.13,639.69,2,,Construction,N,Sarawak,Indian,F,WIDOWED,MALAYSIAN,Accountant,SPM,3404.68,C,,N,pass,fail,14695.7,N
2026-09-02,69080631,00000000105,800000000105,20260901,Approve,20261001,543,2,C,121,10,3,1369,97,WEBSITE,,8924.83,5421.83,14346.66,132.84,5,6.75,108,-,A,3704.79,3704.79,49,9,18,58096.08,36,38240.24,38.63,41.66,5796.25,35.13,46.93,2031.3,427.41,5,,Plantation,Y,Kuala Lumpur,Chinese,F,MARRIED,MALAYSIAN,IT Executive,Diploma,4360.33,A,1,Y,pass,pass,10471.8,Y
2026-09-02,45851995,00000000106,800000000106,20260902,Approve,20260925,447,1,B,193,10,,2725,11,PARTNER,,63901.19,12307.37,76208.56,2116.9,0,6.42,36, ,A,14214.43,14214.43,43,10,9,207349.2,84,94753.92,32.99,40.75,5885.39,32.32,40.46,1366.98,652.12,0,,Oil & Gas,N,Labuan,Malay,M,SINGLE,MALAYSIAN,Technician,Diploma,502.66,C,1,N,pass,pass,82607.01,Y
2026-09-02,27608875,00000000107,800000000107,20260826,Approve,20260909,980,3,F,142,35,1,6426,68,PARTNER,,25649.36,4147.5,29796.86,827.69,10,5.39,36, ,A,24990.88,24990.88,58,11,27,393679.68,60,114935.36,18.67,22.37,622.24,16.84,25.9,2238.61,313.12,5,,Education,Y,Selangor,Indian,F,MARRIED,MALAYSIAN,Nurse,Diploma,182.8,B,,Y,pass,fail,31068.16,Y
2026-09-02,94567684,00000000108,800000000108,20260828,Approve,20260909,656,4,E,103,32,,1562,91,TELEMARKETING,,14488.99,7537.17,22026.16,203.95,5,5.78,108,N,A,15153.54,15153.54,59,29,12,210336.36,60,40242.14,27.31,33.91,6777.03,34.65,38.76,2142.1,1213.93,1,2015,Transportation,N,Perak,Chinese,F,MARRIED,MALAYSIAN,Driver,Master Degree,4316.83,,1,Y,pass,pass,14947.2,N
2026-09-02,20077458,00000000109,800000000109,20260827,Approve,20260907,580,4,A,127,21,,9372,33,MOBILE_APP,,30775.69,5234.94,36010.63,1000.3,5,5.67,36,N,A,8036.38,8036.38,21,1,1,113138.88,84,64862.99,29.56,34.86,4624.51,29.8,36.24,475.99,104.81,0,,Real Estate,Y,Johor,Chinese,F,MARRIED,MALAYSIAN,Nurse,Diploma,1854.45,A,1,N,fail,pass,34267.09,N
2026-09-02,20282015,00000000110,800000000110,20260829,Approve,20260920,771,2,D,172,35,,8561,95,MOBILE_APP,,94269.39,47596.62,141866.01,1313.57,5,5.61,108,-,A,16352.85,16352.85,45,27,25,255185.52,36,99616.42,21.74,25.2,7047.4,26.9,33.59,691.22,423.42,2,2010,Food & Beverage,N,Selangor,Chinese,F,MARRIED,MALAYSIAN,Manager,Diploma,4042.76,B,,Y,pass,pass,140087.91,N
2026-09-02,60809929,00000000111,800000000111,20260901,Approve,20260911,542,3,G,125,10,,3035,74,TELEMARKETING,,23854.61,10887.24,34741.85,413.59,0,6.52,84,-,A,16145.89,16145.89,23,3,3,259493.64,60,171911.47,34.66,42.52,3383.25,36.76,47.56,1931.36,256.11,0,,Food & Beverage,Y,Kelantan,Malay,F,SINGLE,MALAYSIAN,Doctor,SPM,2207.51,A,1,Y,pass,fail,25985.35,N
2026-09-02,33424272,00000000112,800000000112,20260829,Approve,20260916,791,4,D,141,12,,1649,47,PARTNER,,63138.96,10436.87,73575.83,2043.77,0,5.51,36,Y,A,8079.95,8079.95,47,26,15,115381.68,12,29605.45,16.76,24.04,7401.7,18.35,27.45,641.66,547.14,0,2023,Telecommunications,Y,Kelantan,Malay,M,SINGLE,MALAYSIAN,Clerk,Bachelor Degree,112.25,C,1,N,pass,pass,76706.07,N
2026-09-02,71643898,00000000113,800000000113,20260829,Approve,20260904,456,1,A,137,29,2,8842,44,WEBSITE,,45492.87,16377.43,61870.3,1031.17,10,7.2,60, ,A,17428.88,17428.88,21,2,1,256343.88,84,138478.52,33.25,39.67,7366.68,40.23,44.94,276.01,780.52,1,,Plantation,N,Sarawak,Chinese,F,MARRIED,MALAYSIAN,Accountant,SPM,900.35,,,Y,fail,pass,70788.91,Y
2026-09-02,13300097,00000000114,800000000114,20260831,Approve,20260912,658,3,C,168,29,1,1047,36,COUNTER,,66128.92,28283.34,94412.26,1123.96,30,6.11,84, ,A,8374.27,8374.27,46,2,20,119891.04,84,58570.95,27.4,37.4,4596.48,34.83,41.09,808.95,1474.92,2,2021,Manufacturing,N,Sabah,Malay,M,MARRIED,MALAYSIAN,Teacher,SPM,1668.0,,,N,fail,pass,102919.07,N
2026-09-02,83473357,00000000115,800000000115,20260828,Approve,20260917,256,3,A,181,12,,4220,86,WEBSITE,,29740.28,20208.52,49948.8,462.49,20,7.55,108,Y,A,7420.84,7420.84,64,26,0,109498.2,36,128061.15,34.53,36.46,5990.49,51.0,52.09,2202.45,331.81,0,,Education,Y,Kedah,Malay,F,SINGLE,MALAYSIAN,Driver,Diploma,3565.06,C,1,Y,pass,pass,48312.44,N
2026-09-02,35026165,00000000116,800000000116,20260827,Approve,20260904,507,2,E,113,21,3,2241,38,PARTNER,,65595.89,27366.61,92962.5,1106.7,0,5.96,84,Y,A,6585.86,6585.86,51,1,30,92870.76,12,30160.03,32.79,39.0,902.35,44.36,46.37,1780.79,1551.21,2,2014,Oil & Gas,N,Kedah,Malay,F,DIVORCED,MALAYSIAN,Technician,SPM,3112.79,C,1,N,pass,pass,86382.67,Y
2026-09-02,73484049,00000000117,800000000117,20260901,Approve,20260916,791,3,F,135,14,2,2243,78,PARTNER,,12060.59,5188.47,17249.06,159.71,0,4.78,108,-,A,20388.96,20388.96,56,19,29,283546.8,108,101023.49,19.47,24.54,3294.82,24.67,28.16,1130.5,192.93,0,2010,Hospitality,N,Pulau Pinang,Chinese,M,SINGLE,MALAYSIAN,Security Guard,Bachelor Degree,2270.86,B,1,Y,fail,pass,15691.42,Y
2026-09-02,30030597,00000000118,800000000118,20260827,Approve,20260926,897,2,D,123,31,2,4950,35,MOBILE_APP,,33030.41,10473.94,43504.35,517.91,10,4.53,84,N,A,19280.21,19280.21,33,7,1,300386.64,12,83475.15,10.01,12.69,1815.8,8.26,12.85,280.9,1467.02,0,,Financial Services,Y,Johor,Chinese,M,SINGLE,MALAYSIAN,Chef,Bachelor Degree,1245.65,A,1,Y,fail,pass,50890.07,Y
2026-09-02,43606927,00000000119,800000000119,20260831,Approve,20260922,215,3,G,108,24,,2978,22,MOBILE_APP,,56405.23,12674.26,69079.49,1918.87,20,7.49,36,Y,A,13203.17,13203.17,31,6,5,200113.92,84,112307.7,50.27,56.96,7847.61,59.47,64.66,619.14,102.02,1,,Real Estate,N,Pulau Pinang,Indian,F,DIVORCED,MALAYSIAN,Teacher,SPM,791.65,B,1,N,pass,pass,93686.72,Y
2026-09-02,28848809,00000000120,800000000120,20260826,Approve,20260921,604,1,D,107,15,3,5188,47,WEBSITE,,105662.92,47041.13,152704.05,1817.91,10,6.36,84,-,A,10249.34,10249.34,27,5,1,145473.96,84,39998.27,38.64,42.59,1313.78,34.15,43.48,2907.65,495.24,0,,Plantation,Y,Kedah,Chinese,F,WIDOWED,MALAYSIAN,Engineer,Bachelor Degree,3258.0,B,,Y,pass,pass,142622.15,Y
2026-09-02,73263560,00000000121,800000000121,20260828,Approve,20260923,785,3,A,136,30,2,5759,71,COUNTER,,83635.5,24087.02,107722.52,1795.38,20,5.76,60, ,A,16418.42,16418.42,59,10,8,233928.48,12,103809.07,31.44,34.41,1122.83,34.31,35.78,2849.5,1519.26,2,,Real Estate,N,Kedah,Malay,F,MARRIED,MALAYSIAN,IT Executive,Diploma,2619.48,B,,Y,pass,fail,90028.49,Y
2026-09-02,20994583,00000000122,800000000122,20260829,Approve,20260913,561,3,F,127,13,3,9161,67,PARTNER,,53167.21,9554.15,62721.36,1742.26,20,5.99,36,Y,A,3925.3,3925.3,51,22,29,62921.04,60,18937.34,25.88,33.57,7787.05,29.18,40.59,348.22,1129.94,4,2025,Manufacturing,Y,Sarawak,Malay,F,DIVORCED,MALAYSIAN,Army Personnel,Diploma,1353.1,B,1,Y,fail,pass,76163.92,N
2026-09-02,96124803,00000000123,800000000123,20260826,Approve,20260908,732,4,E,104,24,1,9890,50,PARTNER,,72235.97,38227.28,110463.25,1022.81,30,5.88,108,Y,A,5105.09,5105.09,49,27,21,79488.72,36,19888.1,17.76,22.7,3128.99,15.38,25.9,828.87,281.82,2,,Wholesale,Y,Sarawak,Malay,M,MARRIED,MALAYSIAN,Chef,Bachelor Degree,2101.74,C,1,N,pass,pass,106274.76,N
2026-09-02,96873895,00000000124,800000000124,20260831,Approve,20260906,692,1,C,190,35,3,2645,42,TELEMARKETING,,57782.66,10002.18,67784.84,1882.91,5,5.77,36, ,A,12226.0,12226.0,33,2,10,171950.28,12,78732.6,24.96,30.06,1208.28,25.94,30.58,1865.46,782.07,0,2018,Transportation,N,Sabah,Chinese,F,SINGLE,MALAYSIAN,Clerk,Bachelor Degree,2548.75,,1,N,pass,fail,95944.63,N
2026-09-02,73585237,00000000125,800000000125,20260828,Approve,20260924,908,1,E,136,18,3,1555,59,TELEMARKETING,,89927.61,30530.42,120458.03,1434.02,5,4.85,84,N,A,13242.11,13242.11,53,28,34,204885.96,36,55461.46,27.49,34.91,6156.08,29.99,31.29,556.96,701.23,4,2016,Telecommunications,Y,Perak,Malay,M,MARRIED,MALAYSIAN,Businessman,Bachelor Degree,3618.06,,1,N,fail,fail,141016.01,Y
2026-09-02,63497293,00000000126,800000000126,20260827,Approve,20260915,837,1,E,121,35,1,7008,16,TELEMARKETING,,18996.33,7283.19,26279.52,243.33,5,4.26,108,-,A,19110.69,19110.69,57,1,24,303932.04,60,57149.7,5,6.77,6705.97,5,8,2412.12,452.45,3,2010,Education,Y,Sabah,Malay,M,MARRIED,MALAYSIAN,Army Personnel,SPM,3589.12,,1,Y,fail,fail,23772.19,N
2026-09-02,90712387,00000000127,800000000127,20260826,Approve,20260831,752,1,E,142,27,,6209,71,PARTNER,,32499.37,5030.9,37530.27,1042.51,0,5.16,36,Y,A,16697.05,16697.05,57,19,34,232068.48,60,65386.5,26.27,32.97,3778.83,35.64,36.7,856.52,1031.27,2,,Real Estate,Y,Selangor,Chinese,M,MARRIED,MALAYSIAN,Manager,Diploma,4472.07,,1,N,pass,fail,42485.61,N
2026-09-02,77906443,00000000128,800000000128,20260827,Approve,20260910,828,4,D,138,28,2,5365,65,MOBILE_APP,,21557.41,8982.97,30540.38,282.78,5,4.63,108,Y,A,23953.28,23953.28,61,15,11,352702.92,84,106683.0,27.57,32.08,3013.59,23.03,32.75,794.73,468.53,0,,Financial Services,Y,Kedah,Chinese,M,SINGLE,MALAYSIAN,Doctor,SPM,266.91,B,,Y,fail,fail,31564.35,N
2026-09-02,75811941,00000000129,800000000129,20260828,Approve,20260919,908,3,C,114,33,,9835,49,TELEMARKETING,,91866.97,14276.13,106143.1,2948.42,0,5.18,36,-,A,12758.58,12758.58,48,18,26,177871.56,108,62386.23,13.29,19.78,2679.65,9.29,15.94,1228.71,322.51,1,2022,Wholesale,Y,Selangor,Malay,M,MARRIED,MALAYSIAN,Factory Worker,SPM,4572.51,A,,N,pass,pass,94209.84,Y
2026-09-02,37990440,00000000130,800000000130,20260901,Approve,20260930,599,3,B,190,25,,7950,35,MOBILE_APP,,53987.18,16547.07,70534.25,1175.57,20,6.13,60,-,A,14632.96,14632.96,41,15,10,233860.56,12,151412.48,28.93,36.76,1363.39,42.97,45.41,127.11,921.63,0,2026,Wholesale,Y,Pahang,Indian,M,SINGLE,MALAYSIAN,Manager,SPM,1321.95,B,,N,fail,pass,81156.12,N
2026-09-02,58312349,00000000131,800000000131,20260831,Approve,20260912,515,2,B,157,10,1,8546,36,TELEMARKETING,,81399.96,46813.12,128213.08,1187.16,20,6.39,108,-,A,6906.58,6906.58,59,5,6,110682.36,36,51303.83,39.36,46.12,2216.38,50.65,53.18,1265.83,1711.79,0,,Manufacturing,Y,Terengganu,Indian,F,SINGLE,MALAYSIAN,Manager,Bachelor Degree,1537.96,A,,N,fail,pass,107189.36,Y
2026-09-02,46685275,00000000132,800000000132,20260902,Approve,20260909,524,3,B,192,23,1,2427,73,TELEMARKETING,,104642.82,21033.21,125676.03,3491.0,5,6.7,36, ,A,6983.69,6983.69,61,23,25,100461.72,36,86979.88,30.25,39.71,2021.43,39.69,44.25,2501.25,424.13,0,,Government,N,Kuala Lumpur,Malay,M,SINGLE,MALAYSIAN,Administrator,SPM,2794.42,B,1,N,pass,pass,131233.42,Y
2026-09-02,48835762,00000000133,800000000133,20260901,Approve,20260902,718,2,B,113,16,3,5739,50,PARTNER,,42060.14,7343.7,49403.84,1372.33,30,5.82,36,N,A,16038.65,16038.65,23,5,0,253058.16,108,130545.28,38.32,42.67,7802.32,45.34,47.34,1429.2,1633.19,1,,Oil & Gas,N,Putrajaya,Chinese,F,MARRIED,MALAYSIAN,Security Guard,Bachelor Degree,134.56,B,,Y,fail,fail,66388.93,Y
2026-09-02,39353363,00000000134,800000000134,20260901,Approve,20260908,737,3,C,142,33,1,9367,48,COUNTER,,12204.83,3289.2,15494.03,258.23,0,5.39,60,-,A,17735.02,17735.02,42,8,7,275839.08,60,115001.98,10.1,13.07,4773.38,6.32,14.05,1350.74,906.07,5,2016,Oil & Gas,N,Selangor,Chinese,M,MARRIED,MALAYSIAN,Driver,PhD,63.41,,1,N,pass,pass,15834.97,Y
2026-09-02,61079694,00000000135,800000000135,20260828,Approve,20260916,752,1,B,136,25,2,4757,96,TELEMARKETING,,116586.88,27281.33,143868.21,2397.8,20,4.68,60,-,A,24425.73,24425.73,42,4,24,349217.76,108,124540.25,16.32,18.79,3499.02,16.4,21.94,1042.58,44.97,3,,Food & Beverage,N,Perak,Malay,F,MARRIED,MALAYSIAN,Supervisor,SPM,2526.19,A,1,Y,pass,fail,147543.78,N
2026-09-02,34299673,00000000136,800000000136,20260830,Approve,20260926,672,2,G,192,14,1,3583,11,MOBILE_APP,,35696.63,9477.46,45174.09,752.9,30,5.31,60,-,A,18287.29,18287.29,43,7,10,292861.32,108,125289.17,23.34,29.8,3910.31,27.78,36.73,2477.28,1491.68,0,,Retail Trade,N,Sabah,Malay,M,SINGLE,MALAYSIAN,Retail Assistant,SPM,2845.11,B,1,Y,fail,pass,42798.71,N
2026-09-02,37569515,00000000137,800000000137,20260901,Approve,20260915,628,4,A,127,31,,4875,81,MOBILE_APP,,8018.85,3598.06,11616.91,138.3,0,6.41,84, ,A,20897.39,20897.39,57,18,8,305522.76,108,213685.9,30.9,37.12,1185.49,26.19,35.72,2557.19,428.13,4,,Retail Trade,N,Pulau Pinang,Chinese,F,MARRIED,MALAYSIAN,Supervisor,SPM,607.05,C,1,Y,pass,pass,8225.55,N
2026-09-02,84543280,00000000138,800000000138,20260829,Approve,20260831,695,2,F,145,25,1,6263,25,PARTNER,,63206.73,28183.88,91390.61,1087.98,20,6.37,84,-,A,13540.03,13540.03,34,5,6,213660.96,84,97621.23,27.98,30.29,7949.39,30.27,35.09,287.73,257.5,1,,Retail Trade,N,Pahang,Chinese,M,MARRIED,MALAYSIAN,Manager,Diploma,4760.52,A,1,N,fail,fail,65634.0,Y
2026-09-02,57177057,00000000139,800000000139,20260830,Approve,20260922,831,2,D,172,24,1,6353,93,WEBSITE,,86882.92,22502.68,109385.6,1823.09,10,5.18,60, ,A,5356.53,5356.53,38,8,10,84105.96,12,24185.33,19.4,25.99,5386.3,22.18,30.1,2461.4,160.19,1,2020,Hospitality,Y,Kedah,Malay,F,MARRIED,MALAYSIAN,IT Executive,Bachelor Degree,2564.53,C,,N,fail,fail,121514.64,Y
2026-09-02,89807860,00000000140,800000000140,20260828,Approve,20260914,646,2,C,188,31,2,4407,97,MOBILE_APP,,20394.31,11086.35,31480.66,291.49,5,6.04,108,N,A,22403.58,22403.58,27,0,2,327869.16,36,125009.23,37.59,42.64,4516.95,40.37,46.3,83.41,1127.29,0,,Government,N,Kedah,Malay,F,SINGLE,MALAYSIAN,Accountant,Diploma,2108.4,B,,Y,pass,pass,30601.15,Y
2026-09-02,34654960,00000000141,800000000141,20260829,Approve,20260924,989,3,B,145,31,3,5473,54,WEBSITE,,6390.29,860.77,7251.06,201.42,5,4.49,36,-,A,22669.63,22669.63,39,14,14,326795.4,60,83085.96,16.56,21.16,4934.3,9.73,21.73,1446.43,832.58,3,2014,Manufacturing,Y,Kelantan,Indian,F,MARRIED,MALAYSIAN,Civil Servant,STPM,218.19,A,,Y,pass,pass,7105.71,Y
2026-09-02,93334410,00000000142,800000000142,20260828,Approve,20260922,543,1,E,115,30,3,7398,68,COUNTER,,100321.56,21488.88,121810.44,3383.62,10,7.14,36,-,A,13529.51,13529.51,65,32,27,201798.48,60,95880.08,43.46,45.29,5463.19,50.05,57.16,2382.31,1615.12,1,,Retail Trade,N,Pulau Pinang,Chinese,M,MARRIED,MALAYSIAN,Chef,Certificate,639.54,,1,Y,fail,fail,100837.99,N
2026-09-02,73310932,00000000143,800000000143,20260827,Approve,20260908,711,3,F,196,33,1,4925,40,PARTNER,,119856.34,20099.91,139956.25,3887.67,20,5.59,36, ,A,16622.57,16622.57,29,3,9,234735.36,108,103783.75,29.51,38.2,3245.16,31.17,33.85,807.0,1634.69,0,2016,Education,N,Johor,Malay,M,SINGLE,MALAYSIAN,Technician,SPM,1646.25,,1,N,fail,pass,127638.54,N
2026-09-02,94125851,00000000144,800000000144,20260828,Approve,20260908,414,1,G,190,26,2,1695,18,COUNTER,,87992.13,43793.68,131785.81,1568.88,20,7.11,84,Y,A,4077.56,4077.56,52,22,8,64468.44,12,61011.98,33.32,42.65,3429.23,34.46,45.64,2734.71,1982.27,0,,Education,Y,Selangor,Malay,F,MARRIED,MALAYSIAN,Army Personnel,STPM,3211.67,C,,N,pass,fail,117872.58,Y
2026-09-02,97238171,00000000145,800000000145,20260828,Approve,20260912,481,4,C,120,22,3,9290,46,MOBILE_APP,,83424.93,16643.27,100068.2,2779.67,5,6.65,36,-,A,4269.6,4269.6,40,15,2,62986.44,12,39746.6,23.44,29.11,3614.6,20.93,30.23,1111.52,1088.65,1,,Professional Services,N,Sarawak,Indian,F,MARRIED,MALAYSIAN,Doctor,Bachelor Degree,564.11,A,1,N,pass,pass,136132.02,N
2026-09-02,96104451,00000000146,800000000146,20260829,Approve,20260914,806,4,C,139,17,,9621,86,PARTNER,,112934.92,19616.8,132551.72,3681.99,10,5.79,36, ,A,16029.96,16029.96,57,4,14,223386.48,60,90019.33,18.72,26.37,3316.4,17.76,23.02,2447.27,397.21,0,2019,Professional Services,N,Sabah,Malay,F,SINGLE,MALAYSIAN,Technician,Diploma,4064.84,C,,N,pass,pass,135344.27,N
2026-09-02,80902870,00000000147,800000000147,20260826,Approve,20260924,784,3,E,115,33,3,7263,78,COUNTER,,68281.35,21126.25,89407.6,1064.38,30,4.42,84,Y,A,14358.41,14358.41,58,4,37,200929.32,36,37290.32,19.96,29.04,5290.84,21.7,27.35,2544.91,543.13,0,2026,Healthcare,Y,Selangor,Malay,F,MARRIED,MALAYSIAN,Nurse,SPM,3856.94,A,1,Y,fail,pass,107201.72,N
2026-09-02,59444446,00000000148,800000000148,20260828,Approve,20260924,692,1,D,162,18,1,7993,90,WEBSITE,,62046.36,32332.36,94378.72,873.88,20,5.79,108, ,A,18751.16,18751.16,64,6,22,295635.84,12,149478.02,24.68,30.02,1035.94,29.39,36.61,1900.91,1605.81,1,2013,Agriculture,N,Kedah,Malay,F,MARRIED,MALAYSIAN,Technician,Master Degree,2518.19,A,,N,fail,pass,87033.39,N
2026-09-02,86146451,00000000149,800000000149,20260902,Approve,20260906,476,1,D,156,12,2,1344,86,COUNTER,,106410.73,21931.25,128341.98,3565.05,30,6.87,36, ,A,9800.21,9800.21,27,1,6,142404.0,84,78823.22,34.05,43.9,6918.57,49.46,56.37,693.56,1876.92,1,,Professional Services,N,Kuala Lumpur,Malay,F,MARRIED,MALAYSIAN,IT Executive,SPM,4561.75,B,,N,fail,pass,112286.76,Y
2026-09-02,39962391,00000000150,800000000150,20260831,Approve,20260913,576,4,D,197,28,,2476,15,MOBILE_APP,,82691.07,37740.2,120431.27,1433.71,0,6.52,84,N,A,15832.73,15832.73,51,31,11,256252.92,36,79173.72,29.53,38.48,7101.23,34.49,42.8,864.61,677.25,2,,Healthcare,Y,Negeri Sembilan,Malay,F,MARRIED,MALAYSIAN,Businessman,Diploma,3313.25,,,Y,pass,pass,97663.22,N
2026-09-02,42678163,00000000151,800000000151,20260902,Approve,20260902,671,1,E,127,35,,7912,59,MOBILE_APP,,23611.79,6139.07,29750.86,495.85,10,5.2,60, ,A,18309.04,18309.04,57,5,35,268498.92,60,75098.39,29.53,34.2,2250.64,30.6,40.71,1668.96,1889.22,0,,Professional Services,N,Pulau Pinang,Malay,F,WIDOWED,MALAYSIAN,Contractor,Bachelor Degree,2613.1,B,1,N,fail,fail,31618.64,Y
2026-09-02,80651527,00000000152,800000000152,20260901,Approve,20260921,776,1,D,130,26,3,4939,86,MOBILE_APP,,94304.64,22538.81,116843.45,1947.39,10,4.78,60,N,A,16055.43,16055.43,45,7,3,230284.08,36,69214.28,13.92,18.01,7129.89,16.78,20.22,536.71,1989.36,2,,Government,Y,Selangor,Chinese,M,MARRIED,MALAYSIAN,Police Officer,Bachelor Degree,3429.05,A,1,Y,pass,pass,116132.9,Y
2026-09-02,50142446,00000000153,800000000153,20260829,Approve,20260905,921,3,F,182,14,1,3005,92,COUNTER,,88935.26,31189.6,120124.86,1430.06,30,5.01,84, ,A,21405.11,21405.11,48,21,23,314067.24,36,77838.46,15.98,21.18,1831.23,14.54,18.92,1802.52,689.07,0,,Agriculture,N,Sabah,Malay,F,SINGLE,MALAYSIAN,Security Guard,No Formal Education,2710.75,B,,N,pass,pass,140274.42,N
2026-09-02,55514836,00000000154,800000000154,20260831,Approve,20260928,827,2,F,121,19,,9168,84,WEBSITE,,124167.92,17917.43,142085.35,3946.82,30,4.81,36,N,A,19198.06,19198.06,46,7,9,295994.04,84,125608.94,15.06,16.35,5581.23,18.08,22.07,729.61,1403.93,1,2014,Transportation,N,Pulau Pinang,Malay,M,MARRIED,MALAYSIAN,Nurse,Diploma,1213.67,C,,Y,pass,fail,124631.11,N
2026-09-02,72224542,00000000155,800000000155,20260827,Approve,20260831,848,4,D,154,25,,8029,40,WEBSITE,,87420.34,23166.39,110586.73,1843.11,5,5.3,60,-,A,22235.01,22235.01,45,22,3,342718.2,108,102616.82,14.36,16.47,2650.24,19.96,21.5,2715.46,1734.82,3,2022,Agriculture,N,Johor,Chinese,M,MARRIED,MALAYSIAN,Chef,Certificate,2906.22,A,1,Y,pass,pass,131200.45,Y
2026-09-02,79955038,00000000156,800000000156,20260826,Approve,20260920,633,2,C,194,14,1,8371,87,WEBSITE,,52634.92,29275.54,81910.46,758.43,5,6.18,108, ,A,17279.17,17279.17,47,15,17,254216.16,12,142798.65,20.24,30.02,3173.2,20.96,27.75,754.18,819.83,5,,Oil & Gas,Y,Kuala Lumpur,Chinese,M,MARRIED,MALAYSIAN,Nurse,SPM,2120.1,B,1,Y,pass,fail,83298.79,Y
2026-09-02,22929680,00000000157,800000000157,20260830,Approve,20260929,600,4,E,144,29,1,6645,63,MOBILE_APP,,62285.37,24459.46,86744.83,1032.68,0,5.61,84,Y,A,5889.55,5889.55,51,4,9,91005.0,36,50911.56,27.11,32.96,1306.53,40.03,42.38,2397.2,1574.71,0,,Real Estate,N,Melaka,Chinese,F,SINGLE,MALAYSIAN,Businessman,Diploma,4888.23,,,Y,pass,fail,89451.97,Y
2026-09-02,30482789,00000000158,800000000158,20260829,Approve,20260904,161,1,A,105,10,1,2017,53,TELEMARKETING,,39521.71,10089.89,49611.6,1378.1,5,8.51,36,N,A,2068.35,2068.35,57,23,14,33302.4,36,46534.36,47.01,48.63,5027.09,48.95,57.24,810.04,1325.1,2,2022,Hospitality,Y,Perak,Chinese,F,MARRIED,MALAYSIAN,Technician,Diploma,1861.16,A,1,Y,fail,fail,61843.55,Y
2026-09-02,70234588,00000000159,800000000159,20260828,Approve,20260830,865,4,D,190,24,2,7055,30,TELEMARKETING,,28921.16,4555.08,33476.24,929.9,10,5.25,36,-,A,20705.2,20705.2,53,29,1,333377.52,12,101924.39,29.22,37.63,5715.1,34.31,36.72,1013.25,1913.7,0,2014,Education,N,Melaka,Chinese,F,SINGLE,MALAYSIAN,Clerk,STPM,2741.12,C,,N,fail,fail,39147.51,N
2026-09-02,59586212,00000000160,800000000160,20260831,Approve,20260905,915,1,G,121,23,1,8866,94,TELEMARKETING,,97924.69,24236.36,122161.05,2036.02,5,4.95,60,Y,A,22481.87,22481.87,50,1,5,326502.48,108,69004.38,24.06,25.36,5891.68,20.75,31.98,2139.24,134.7,0,,Real Estate,N,Kuala Lumpur,Chinese,M,SINGLE,MALAYSIAN,Clerk,Diploma,2741.98,,,Y,pass,pass,124175.13,N
2026-09-02,22869898,00000000161,800000000161,20260831,Approve,20260928,162,2,G,176,25,3,1243,90,TELEMARKETING,,5956.49,3373.16,9329.65,111.07,0,8.09,84,Y,A,2455.31,2455.31,26,1,7,39473.64,60,30583.8,52.76,55.65,4115.92,58.78,61.29,2062.77,1634.9,1,,Oil & Gas,N,Kedah,Malay,F,MARRIED,MALAYSIAN,Manager,Diploma,3308.49,C,1,N,fail,pass,8463.11,N
2026-09-02,67476781,00000000162,800000000162,20260830,Approve,20260924,932,4,F,136,15,1,7174,53,TELEMARKETING,,14669.19,3491.27,18160.46,302.67,0,4.76,60,-,A,22680.56,22680.56,42,4,22,313351.56,60,37312.67,9.94,15.8,3948.86,7.51,13.64,1859.31,1897.26,0,,Professional Services,N,Kedah,Chinese,M,SINGLE,MALAYSIAN,Self-Employed,Master Degree,2891.22,C,,N,fail,fail,14753.89,Y
2026-09-02,19363099,00000000163,800000000163,20260830,Approve,20260906,767,3,F,162,23,3,9340,77,TELEMARKETING,,44622.22,13319.73,57941.95,965.7,20,5.97,60,-,A,17262.89,17262.89,24,0,2,244735.44,60,65904.05,25.21,35.04,2491.99,27.33,31.34,2558.16,228.5,0,2010,Retail Trade,N,Sarawak,Malay,F,SINGLE,MALAYSIAN,Police Officer,SPM,2442.82,,1,Y,pass,fail,64759.38,Y
2026-09-02,47417309,00000000164,800000000164,20260827,Approve,20260909,778,4,B,107,25,,5108,60,WEBSITE,,81058.26,13009.85,94068.11,2613.0,30,5.35,36,Y,A,13730.59,13730.59,38,8,15,211414.2,108,64449.61,17.0,20.21,1105.73,21.98,24.96,2755.11,1617.68,1,,Professional Services,Y,Pulau Pinang,Malay,M,DIVORCED,MALAYSIAN,Doctor,Diploma,1401.13,C,1,Y,pass,pass,132407.43,Y
2026-09-02,86362294,00000000165,800000000165,20260831,Approve,20260930,534,2,C,188,19,,4495,97,WEBSITE,,40329.53,23992.04,64321.57,595.57,30,6.61,108,-,A,2390.67,2390.67,53,26,25,37605.72,12,24642.94,33.34,38.6,2106.52,38.98,40.51,1290.34,1919.02,1,2013,Real Estate,N,Johor,Malay,F,SINGLE,MALAYSIAN,Teacher,SPM,725.51,,1,Y,pass,fail,51132.53,N
2026-09-02,34205171,00000000166,800000000166,20260830,Approve,20260928,792,4,E,151,31,,5594,26,COUNTER,,107247.1,42341.16,149588.26,1780.81,30,5.64,84, ,A,18330.67,18330.67,33,6,15,279227.16,12,91387.83,16.08,17.36,3911.05,15.96,22.88,254.72,1387.11,0,,Telecommunications,Y,Putrajaya,Malay,F,MARRIED,MALAYSIAN,Retail Assistant,Diploma,1014.96,,1,Y,pass,pass,107309.43,N
2026-09-02,81853682,00000000167,800000000167,20260830,Approve,20260901,885,1,C,180,12,1,9815,10,WEBSITE,,62223.56,10602.89,72826.45,2022.96,20,5.68,36,N,A,20887.6,20887.6,23,0,5,333888.6,36,158889.45,19.59,23.08,4378.43,24.24,29.13,1890.8,531.4,0,2021,Food & Beverage,N,Selangor,Chinese,M,MARRIED,MALAYSIAN,Lecturer,SPM,4316.96,B,,Y,fail,pass,90804.91,N
2026-09-02,30753916,00000000168,800000000168,20260827,Approve,20260906,770,4,F,138,21,3,4511,76,COUNTER,,60165.85,14800.8,74966.65,1249.44,20,4.92,60,Y,A,21538.74,21538.74,38,17,20,328651.32,84,74460.78,14.61,18.94,7405.31,15.13,21.9,687.86,1837.75,1,2013,Professional Services,Y,Selangor,Malay,M,MARRIED,MALAYSIAN,Self-Employed,Bachelor Degree,400.33,B,1,N,fail,fail,75192.78,N
2026-09-02,54524582,00000000169,800000000169,20260902,Approve,20260929,766,3,A,170,30,1,5960,46,TELEMARKETING,,134108.2,22932.5,157040.7,4362.24,10,5.7,36,-,A,14211.1,14211.1,55,23,32,198232.56,36,107772.04,27.29,30.12,4522.4,36.12,37.61,2913.54,1146.07,3,,Hospitality,Y,Johor,Malay,M,MARRIED,MALAYSIAN,Teacher,Diploma,311.78,A,,N,pass,pass,145349.22,Y
2026-09-02,14858322,00000000170,800000000170,20260828,Approve,20260902,862,1,E,178,11,1,7093,87,COUNTER,,15364.77,2005.1,17369.87,482.5,5,4.35,36,N,A,21759.34,21759.34,39,19,3,304940.88,12,70641.79,20.93,26.62,5263.08,16.6,26.98,944.31,62.09,3,2010,Transportation,Y,Perak,Chinese,M,MARRIED,MALAYSIAN,Engineer,SPM,2262.83,B,1,Y,pass,fail,22635.24,Y
2026-09-02,72274526,00000000171,800000000171,20260828,Approve,20260831,370,2,E,143,10,3,9145,34,COUNTER,,105655.26,55469.01,161124.27,1918.15,10,7.5,84,-,A,8485.37,8485.37,24,2,3,121901.4,60,100118.21,22.99,30.41,1918.08,20.03,27.83,2873.5,653.26,1,,Healthcare,Y,Negeri Sembilan,Chinese,M,SINGLE,MALAYSIAN,Security Guard,Diploma,900.1,,1,Y,fail,pass,109366.24,Y
2026-09-02,20970240,00000000172,800000000172,20260829,Approve,20260903,820,1,F,121,22,3,2272,22,WEBSITE,,77156.89,25438.63,102595.52,1221.38,0,4.71,84,-,A,22761.32,22761.32,23,0,1,342096.0,84,124361.38,16.66,20.74,5185.68,12.15,20.69,2134.46,523.36,0,2010,Transportation,Y,Kuala Lumpur,Malay,F,MARRIED,MALAYSIAN,Doctor,Certificate,2897.35,,1,N,pass,fail,106823.69,N
2026-09-02,75880335,00000000173,800000000173,20260829,Approve,20260910,828,4,G,151,35,,6229,68,COUNTER,,71742.38,26013.79,97756.17,1163.76,20,5.18,84, ,A,20133.79,20133.79,49,6,8,325515.24,60,144446.44,19.52,27.04,4051.18,22.86,29.29,132.97,1112.14,2,,Government,Y,Sabah,Malay,M,MARRIED,MALAYSIAN,Self-Employed,SPM,980.73,B,,N,fail,pass,104030.63,N
2026-09-02,35793154,00000000174,800000000174,20260826,Approve,20260826,589,2,A,191,19,1,1576,17,COUNTER,,14247.07,4986.47,19233.54,320.56,10,7.0,60, ,A,7704.5,7704.5,56,14,23,116333.16,108,83856.54,36.37,43.6,2807.99,33.95,42.32,1627.82,465.03,2,,Government,N,Perak,Malay,M,MARRIED,MALAYSIAN,Police Officer,Diploma,2388.08,C,,N,fail,pass,21693.87,Y
2026-09-02,88982809,00000000175,800000000175,20260902,Approve,20260918,755,3,D,114,27,3,6768,52,TELEMARKETING,,56930.53,27719.48,84650.01,783.8,10,5.41,108,N,A,21421.01,21421.01,39,15,6,345122.28,60,135180.61,28.92,36.83,6035.6,30.54,36.74,551.8,882.49,1,2014,Oil & Gas,Y,Negeri Sembilan,Malay,M,SINGLE,MALAYSIAN,Factory Worker,SPM,4622.47,A,1,Y,fail,fail,94440.04,Y
2026-09-02,14805272,00000000176,800000000176,20260828,Approve,20260927,784,1,C,177,24,2,6631,77,PARTNER,,79286.41,38533.2,117819.61,1090.92,0,5.4,108, ,A,17575.83,17575.83,28,9,10,268691.64,60,103028.78,16.17,20.94,7921.27,16.88,22.06,348.7,1891.07,4,,Transportation,N,Kelantan,Indian,M,MARRIED,MALAYSIAN,Retail Assistant,Diploma,4242.86,,1,Y,pass,fail,86831.48,Y
2026-09-02,37036118,00000000177,800000000177,20260826,Approve,20260826,304,4,E,103,11,1,2027,97,COUNTER,,23170.82,10575.16,33745.98,401.74,5,6.52,84, ,A,15986.57,15986.57,32,1,3,231422.88,36,143907.79,26.78,36.21,1033.78,39.67,41.96,1222.97,1134.71,1,,Education,N,Pahang,Indian,F,SINGLE,MALAYSIAN,Teacher,Diploma,3491.08,A,,Y,pass,pass,31892.62,Y
2026-09-02,80829652,00000000178,800000000178,20260831,Approve,20260912,459,4,C,105,17,3,7976,37,PARTNER,,25822.96,11406.0,37228.96,443.2,0,6.31,84,-,A,6451.21,6451.21,49,26,27,91531.44,36,57197.69,45.28,50.3,6810.79,55.16,56.87,2322.24,922.06,0,2011,Wholesale,N,Sarawak,Chinese,M,SINGLE,MALAYSIAN,Lecturer,Diploma,596.4,,,Y,pass,pass,41904.76,N
2026-09-02,92512975,00000000179,800000000179,20260829,Approve,20260913,796,4,F,140,23,1,7106,80,PARTNER,,100391.85,17197.12,117588.97,3266.36,30,5.71,36,Y,A,21465.55,21465.55,29,4,7,335433.48,60,69267.56,19.12,27.69,2435.9,21.78,25.02,2132.6,464.67,0,,Real Estate,N,Negeri Sembilan,Malay,F,SINGLE,MALAYSIAN,Technician,Bachelor Degree,3923.58,C,1,Y,fail,fail,121940.67,N
2026-09-02,25567455,00000000180,800000000180,20260831,Approve,20260930,499,3,D,137,29,,2005,82,PARTNER,,72003.87,14948.0,86951.87,2415.33,5,6.92,36,Y,A,6116.82,6116.82,33,4,10,89227.68,84,46943.78,28.4,34.14,6427.27,31.79,40.25,1187.9,1908.95,1,,Retail Trade,Y,Perak,Malay,M,SINGLE,MALAYSIAN,Army Personnel,SPM,4790.69,C,,Y,pass,fail,107874.96,N
2026-09-02,66419307,00000000181,800000000181,20260826,Approve,20260922,799,3,A,177,20,3,5042,95,COUNTER,,72127.68,12420.39,84548.07,2348.56,20,5.74,36,Y,A,19023.61,19023.61,35,17,1,303597.12,108,144215.02,25.01,31.74,3357.06,17.62,28.83,958.92,359.32,1,2019,Oil & Gas,N,Sabah,Indian,F,DIVORCED,MALAYSIAN,Teacher,Bachelor Degree,2101.15,,,N,pass,pass,101327.77,N
2026-09-02,87070198,00000000182,800000000182,20260901,Approve,20260903,766,1,A,118,20,,4777,91,TELEMARKETING,,87748.51,37749.41,125497.92,1162.02,30,4.78,108,-,A,14280.55,14280.55,22,2,3,206896.56,12,79096.56,11.11,14.72,1308.83,9.68,15.51,1389.49,1110.94,0,,Retail Trade,Y,Sabah,Malay,F,WIDOWED,MALAYSIAN,Supervisor,Certificate,27.19,B,1,N,pass,fail,139286.54,N
2026-09-02,50244616,00000000183,800000000183,20260831,Approve,20260920,999,4,B,144,14,3,9332,76,PARTNER,,19551.83,7760.12,27311.95,252.89,5,4.41,108,N,A,23650.56,23650.56,41,8,19,339077.52,84,71003.57,9.1,14.49,6005.8,5.66,12.31,2389.22,891.4,1,,Telecommunications,Y,Sabah,Chinese,F,MARRIED,MALAYSIAN,Administrator,Bachelor Degree,2360.37,A,1,Y,fail,pass,27953.86,N
2026-09-02,63400396,00000000184,800000000184,20260828,Approve,20260902,882,1,F,107,30,3,5241,96,TELEMARKETING,,55453.19,18127.65,73580.84,875.96,10,4.67,84,N,A,23818.86,23818.86,42,24,7,348661.32,108,68941.53,17.43,22.89,5057.01,18.84,23.02,813.22,1394.51,3,,Food & Beverage,Y,Selangor,Chinese,F,MARRIED,MALAYSIAN,Chef,Bachelor Degree,3187.15,B,,Y,pass,pass,68648.42,Y
2026-09-02,68685794,00000000185,800000000185,20260826,Approve,20260910,954,3,G,128,13,1,9768,79,TELEMARKETING,,60016.93,9092.56,69109.49,1919.71,30,5.05,36,N,A,17819.77,17819.77,35,16,6,282287.76,84,30747.21,24.82,33.89,1052.04,22.06,31.46,29.27,932.43,0,2021,Plantation,Y,Kedah,Malay,M,SINGLE,MALAYSIAN,Nurse,STPM,654.94,A,1,N,pass,pass,84016.33,N
2026-09-02,43647146,00000000186,800000000186,20260901,Approve,20260920,851,4,A,126,17,2,1345,27,TELEMARKETING,,127179.58,56086.19,183265.77,1696.91,5,4.9,108,-,A,23910.74,23910.74,62,12,20,355992.24,108,84566.88,18.73,24.92,6801.92,16.29,25.46,84.16,683.61,1,,Healthcare,Y,Selangor,Malay,M,SINGLE,MALAYSIAN,Doctor,Bachelor Degree,3025.87,,,Y,fail,pass,137931.13,N
2026-09-02,78646672,00000000187,800000000187,20260827,Approve,20260919,796,3,A,159,26,1,2848,53,WEBSITE,,54667.23,17488.05,72155.28,858.99,0,4.57,84,Y,A,23348.34,23348.34,45,20,19,324475.68,84,100673.92,19.92,23.39,5172.48,19.5,24.43,692.1,1645.31,0,,Construction,N,Terengganu,Malay,F,SINGLE,MALAYSIAN,Administrator,Bachelor Degree,4297.34,A,,N,pass,pass,74276.08,Y
2026-09-02,67166499,00000000188,800000000188,20260901,Approve,20260907,421,1,C,160,16,3,7961,71,MOBILE_APP,,42574.13,25633.88,68208.01,631.56,30,6.69,108,N,A,2464.73,2464.73,60,29,35,36763.68,84,19346.52,41.96,46.75,3754.66,39.25,47.5,1412.84,1887.74,5,,Agriculture,Y,Perak,Malay,F,MARRIED,MALAYSIAN,Retail Assistant,SPM,1178.29,C,1,N,pass,pass,70921.14,N
2026-09-02,12999320,00000000189,800000000189,20260901,Approve,20260902,506,2,D,172,20,2,3081,30,WEBSITE,,74438.69,15721.45,90160.14,2504.45,5,7.04,36,Y,A,5426.12,5426.12,60,26,37,86604.48,12,30504.45,39.03,43.47,1110.26,47.27,51.89,2188.19,278.99,1,,Financial Services,Y,Sabah,Malay,M,SINGLE,MALAYSIAN,Driver,Diploma,4240.58,C,1,N,fail,pass,91282.55,Y
2026-09-02,79959650,00000000190,800000000190,20260828,Approve,20260927,349,3,F,162,16,2,6763,51,WEBSITE,,88934.08,46067.85,135001.93,1607.17,30,7.4,84,Y,A,3712.91,3712.91,57,34,23,53063.4,84,21741.64,41.03,44.41,2883.64,42.86,51.71,972.47,799.47,1,,Construction,Y,Terengganu,Malay,M,MARRIED,MALAYSIAN,Chef,Diploma,112.33,C,1,Y,fail,fail,139368.38,Y
2026-09-02,94461020,00000000191,800000000191,20260831,Approve,20260923,580,1,G,199,26,,4197,51,TELEMARKETING,,43883.87,8201.9,52085.77,1446.83,20,6.23,36, ,A,11178.68,11178.68,62,32,12,169708.44,36,120256.36,28.72,33.36,2574.26,26.85,32.29,2943.36,1208.02,1,,Healthcare,Y,Kedah,Malay,F,SINGLE,MALAYSIAN,Lecturer,Diploma,3264.07,,,N,fail,pass,63270.91,N
2026-09-02,35857500,00000000192,800000000192,20260902,Approve,20260923,974,2,D,183,18,,3500,96,WEBSITE,,38990.98,8656.0,47646.98,794.12,10,4.44,60,N,A,22905.11,22905.11,59,25,34,333280.44,36,51840.78,8.38,15.25,777.03,8.1,9.94,1761.17,493.76,2,2019,Manufacturing,N,Kuala Lumpur,Chinese,M,DIVORCED,MALAYSIAN,Civil Servant,SPM,475.01,B,,Y,fail,pass,39644.21,Y
2026-09-02,48724523,00000000193,800000000193,20260902,Approve,20260902,610,4,C,143,15,,9275,60,WEBSITE,,15699.2,7714.59,23413.79,216.79,30,5.46,108,N,A,18253.92,18253.92,43,5,16,293832.96,84,110431.26,22.71,24.48,2938.7,19.26,26.16,2688.3,1617.87,0,,Financial Services,N,Sarawak,Malay,F,MARRIED,MALAYSIAN,Nurse,SPM,1125.39,C,,N,pass,pass,21978.75,Y
2026-09-02,75567003,00000000194,800000000194,20260828,Approve,20260905,672,4,C,150,26,2,5438,73,MOBILE_APP,,54755.01,27005.17,81760.18,757.04,0,5.48,108, ,A,19892.09,19892.09,32,2,12,320368.68,84,164175.91,19.91,21.28,2765.27,26.15,30.17,572.94,1170.79,2,,Plantation,N,Pulau Pinang,Malay,M,MARRIED,MALAYSIAN,Army Personnel,Bachelor Degree,2114.26,B,,Y,fail,fail,55687.18,Y
2026-09-02,18369828,00000000195,800000000195,20260831,Approve,20260926,849,4,D,115,20,3,2049,83,MOBILE_APP,,31269.1,14943.5,46212.6,427.89,5,5.31,108,N,A,15192.78,15192.78,65,13,38,235852.32,12,67331.65,18.88,26.09,1539.11,14.31,21.55,1404.82,1924.18,1,,Hospitality,Y,Perak,Chinese,F,SINGLE,MALAYSIAN,Engineer,SPM,1515.68,,,N,pass,pass,32807.17,N
2026-09-02,91790169,00000000196,800000000196,20260828,Approve,20260913,796,3,A,164,32,3,9086,57,MOBILE_APP,,8067.92,1319.1,9387.02,260.75,10,5.45,36,N,A,17162.91,17162.91,27,2,8,247956.0,108,89949.37,7.63,15.78,2389.47,6.32,9.17,1380.69,164.64,2,2016,Oil & Gas,N,Kuala Lumpur,Malay,M,MARRIED,MALAYSIAN,Teacher,SPM,3729.23,B,1,Y,pass,pass,8877.9,Y
2026-09-02,26045299,00000000197,800000000197,20260902,Approve,20260919,817,1,B,193,27,2,9589,74,WEBSITE,,106917.47,48497.76,155415.23,1439.03,10,5.04,108, ,A,21981.05,21981.05,61,24,0,355776.84,84,104494.85,26.61,30.64,3189.54,30.16,33.39,2348.27,943.08,2,,Government,Y,Johor,Chinese,F,DIVORCED,MALAYSIAN,Administrator,SPM,4542.8,C,1,N,fail,pass,109446.88,N
2026-09-02,50174547,00000000198,800000000198,20260829,Approve,20260922,893,2,C,177,19,,7675,38,COUNTER,,41452.09,9264.54,50716.63,845.28,20,4.47,60,Y,A,24185.61,24185.61,35,1,15,371868.36,12,86268.29,21.69,31.53,1352.59,17.61,24.14,691.9,7.17,0,,Retail Trade,N,Perak,Malay,F,MARRIED,MALAYSIAN,IT Executive,PhD,4557.26,C,,N,fail,pass,67248.41,N
2026-09-02,66671476,00000000199,800000000199,20260830,Approve,20260910,718,3,B,126,14,3,5273,81,MOBILE_APP,,63194.53,11754.18,74948.71,2081.91,5,6.2,36, ,A,15145.69,15145.69,37,3,17,219195.12,84,68316.12,26.88,28.61,1991.0,36.1,40.19,2176.0,558.98,1,2021,Financial Services,N,Perak,Malay,M,MARRIED,MALAYSIAN,IT Executive,Master Degree,4259.87,A,,N,fail,fail,74567.69,N
2026-09-02,67279821,00000000200,800000000200,20260830,Approve,20260902,720,4,A,164,28,1,4247,58,TELEMARKETING,,11439.34,5487.45,16926.79,156.73,30,5.33,108,Y,A,19885.73,19885.73,48,26,1,285455.4,60,135604.21,31.16,32.54,4522.24,29.56,40.61,189.89,183.56,5,,Manufacturing,N,Johor,Indian,M,MARRIED,MALAYSIAN,Lecturer,Bachelor Degree,2090.23,C,1,N,pass,fail,11732.74,N
2026-09-02,65139902,00000000201,800000000201,20260901,Approve,20260920,938,2,G,120,20,1,4830,68,PARTNER,,28825.08,3804.91,32629.99,906.39,10,4.4,36,N,A,22598.3,22598.3,43,23,5,364987.08,84,71628.92,18.99,27.58,5568.28,22.86,25.04,2924.71,306.49,3,2021,Retail Trade,Y,Selangor,Malay,M,DIVORCED,MALAYSIAN,Technician,SPM,4573.76,,1,N,fail,fail,42484.38,N
2026-09-02,25896810,00000000202,800000000202,20260831,Approve,20260910,919,4,B,134,15,,3894,50,PARTNER,,20820.14,4934.37,25754.51,429.24,0,4.74,60,-,A,17757.78,17757.78,49,31,27,276569.28,12,40952.83,27.74,32.85,1226.38,25.34,31.51,58.55,1229.49,0,,Transportation,Y,Selangor,Malay,M,SINGLE,MALAYSIAN,Supervisor,SPM,455.61,B,1,N,fail,fail,28470.82,N
2026-09-02,75837727,00000000203,800000000203,20260828,Approve,20260926,846,4,A,182,24,,6362,77,WEBSITE,,20262.99,5501.4,25764.39,429.41,20,5.43,60,Y,A,21901.62,21901.62,33,15,7,345784.92,36,66385.5,21.11,23.69,5945.74,21.81,26.88,287.94,1061.91,2,,Food & Beverage,N,Pahang,Chinese,F,MARRIED,MALAYSIAN,Security Guard,SPM,1464.13,B,1,Y,fail,pass,25965.14,N
2026-09-02,94649276,00000000204,800000000204,20260828,Approve,20260906,567,4,E,179,22,2,7164,36,COUNTER,,64448.49,34396.16,98844.65,915.23,30,5.93,108,Y,A,14605.38,14605.38,45,14,23,209206.32,84,118915.21,21.69,28.25,2529.79,33.16,35.06,1755.88,511.51,2,,Financial Services,N,Johor,Chinese,F,MARRIED,MALAYSIAN,Police Officer,SPM,802.85,C,1,N,fail,pass,71961.63,N
2026-09-02,36830448,00000000205,800000000205,20260831,Approve,20260920,770,4,C,157,22,1,5171,79,PARTNER,,63217.1,9956.69,73173.79,2032.61,30,5.25,36,N,A,19264.2,19264.2,26,0,8,288710.88,60,117283.02,17.54,20.65,3661.03,17.06,24.16,1757.11,570.8,0,,Professional Services,Y,Selangor,Chinese,F,SINGLE,MALAYSIAN,Army Personnel,STPM,4241.91,C,1,N,fail,fail,103137.86,Y
2026-09-02,92479493,00000000206,800000000206,20260827,Approve,20260909,360,2,C,195,12,2,3729,13,MOBILE_APP,,13180.9,3048.74,16229.64,450.82,20,7.71,36,N,A,2906.76,2906.76,59,15,20,44110.92,108,34254.02,41.48,48.96,4569.97,50.87,61.15,1505.18,1792.68,2,,Education,Y,Melaka,Chinese,M,MARRIED,MALAYSIAN,Technician,SPM,994.98,B,,N,fail,pass,13596.92,N
2026-09-02,71093757,00000000207,800000000207,20260827,Approve,20260926,551,1,G,135,18,2,9692,24,WEBSITE,,43698.54,14813.81,58512.35,975.21,10,6.78,60,N,A,3195.81,3195.81,47,9,23,46793.04,60,39557.58,28.05,33.66,5467.2,39.62,45.15,400.29,568.24,0,2026,Real Estate,N,Melaka,Chinese,M,SINGLE,MALAYSIAN,Clerk,SPM,3577.16,A,1,N,fail,fail,55739.36,N
2026-09-02,78816254,00000000208,800000000208,20260901,Approve,20261001,852,3,F,106,34,3,6956,20,COUNTER,,66547.69,15871.62,82419.31,1373.66,0,4.77,60, ,A,23858.25,23858.25,28,2,2,350854.68,84,60789.8,33.32,38.32,3232.85,36.25,37.98,2413.51,671.16,1,,Food & Beverage,Y,Selangor,Chinese,F,MARRIED,MALAYSIAN,Chef,SPM,3630.34,C,,N,fail,pass,68368.24,Y
2026-09-02,89370781,00000000209,800000000209,20260831,Approve,20260911,517,1,G,180,35,3,4786,53,COUNTER,,127106.14,76416.21,203522.35,1884.47,30,6.68,108,-,A,6953.06,6953.06,23,4,2,98241.6,84,41960.59,37.44,43.46,6670.99,39.38,47.7,2988.99,1470.79,1,,Wholesale,Y,Negeri Sembilan,Malay,M,SINGLE,MALAYSIAN,Retail Assistant,Bachelor Degree,4512.97,B,1,N,pass,fail,146367.43,Y
2026-09-02,51977398,00000000210,800000000210,20260826,Approve,20260917,513,3,A,168,16,3,8780,28,MOBILE_APP,,68326.95,41385.63,109712.58,1015.86,20,6.73,108, ,A,15729.8,15729.8,65,7,5,235244.4,12,156571.75,32.43,39.38,3968.08,42.65,50.27,1702.7,677.36,0,,Financial Services,Y,Selangor,Malay,F,SINGLE,MALAYSIAN,Police Officer,Diploma,950.15,B,,Y,fail,fail,69471.39,N
2026-09-02,61995300,00000000211,800000000211,20260827,Approve,20260912,558,1,C,120,19,1,1420,25,COUNTER,,8250.29,2437.96,10688.25,178.14,20,5.91,60,N,A,1809.95,1809.95,49,9,2,26918.88,84,14041.93,35.87,41.92,7640.73,39.53,40.64,1363.99,1569.73,0,,Plantation,Y,Johor,Malay,F,SINGLE,MALAYSIAN,Sales Executive,Bachelor Degree,3921.93,A,1,Y,fail,fail,9229.71,N
2026-09-02,77946312,00000000212,800000000212,20260901,Approve,20260922,836,3,C,132,27,,3974,92,WEBSITE,,70617.84,17795.7,88413.54,1473.56,5,5.04,60,N,A,16825.76,16825.76,56,32,34,232428.36,84,65162.41,18.07,19.46,3311.46,18.8,25.85,1349.72,87.17,0,,Wholesale,Y,Johor,Malay,F,SINGLE,MALAYSIAN,Lecturer,SPM,2498.67,B,,Y,fail,fail,84372.81,N
2026-09-02,57498827,00000000213,800000000213,20260831,Approve,20260914,969,3,D,116,10,1,8488,83,PARTNER,,68203.73,9125.66,77329.39,2148.04,5,4.46,36,N,A,21364.26,21364.26,53,15,2,314677.2,84,65217.72,22.46,29.7,1350.5,18.23,28.67,804.98,1211.7,0,,Financial Services,Y,Selangor,Chinese,M,SINGLE,MALAYSIAN,Police Officer,Master Degree,3611.13,,,Y,pass,fail,89487.55,N
2026-09-02,20004231,00000000214,800000000214,20260829,Approve,20260901,853,4,A,151,25,,9031,51,WEBSITE,,36389.22,18667.67,55056.89,509.79,20,5.7,108, ,A,20363.83,20363.83,36,14,2,297104.04,12,104747.75,20.22,27.44,1577.44,16.01,22.83,1435.02,994.32,3,2013,Professional Services,N,Selangor,Malay,F,MARRIED,MALAYSIAN,Sales Executive,Primary,4478.15,,1,N,pass,fail,58539.68,Y
2026-09-02,26367959,00000000215,800000000215,20260829,Approve,20260915,872,3,D,190,31,,5708,78,PARTNER,,68526.82,17165.97,85692.79,1428.21,5,5.01,60,-,A,16096.43,16096.43,60,28,25,233342.88,36,68684.06,19.55,29.36,4830.43,16.53,28.31,929.92,1129.0,2,,Plantation,Y,Pulau Pinang,Malay,M,DIVORCED,MALAYSIAN,Teacher,Bachelor Degree,2585.31,A,,Y,pass,fail,69970.67,N
2026-09-02,51485173,00000000216,800000000216,20260901,Approve,20260922,817,1,C,176,19,3,4852,95,COUNTER,,49121.36,15989.0,65110.36,775.12,0,4.65,84,Y,A,24427.21,24427.21,40,4,3,391189.32,60,124735.87,21.33,27.81,7778.96,26.72,34.48,739.26,1323.98,0,2015,Construction,Y,Sabah,Malay,M,SINGLE,MALAYSIAN,Clerk,Bachelor Degree,556.64,A,1,N,fail,pass,76125.71,N
2026-09-02,16618907,00000000217,800000000217,20260829,Approve,20260921,844,3,A,147,18,3,4626,59,TELEMARKETING,,101516.9,14953.44,116470.34,3235.29,0,4.91,36,-,A,23443.7,23443.7,49,4,26,351351.12,12,111209.19,21.93,23.99,7618.9,25.11,31.41,905.98,519.7,4,,Oil & Gas,N,Kelantan,Malay,M,MARRIED,MALAYSIAN,Supervisor,SPM,1379.7,C,,Y,fail,pass,107366.43,N
2026-09-02,20869023,00000000218,800000000218,20260827,Approve,20260829,874,3,E,115,23,3,2049,20,TELEMARKETING,,8952.18,4326.59,13278.77,122.95,5,5.37,108,-,A,6164.88,6164.88,59,32,35,88261.8,36,20850.46,20.37,29.48,2892.47,16.28,24.99,1489.8,1238.89,0,,Healthcare,N,Melaka,Malay,M,SINGLE,MALAYSIAN,Security Guard,Bachelor Degree,2998.47,,1,Y,pass,pass,11884.01,Y
2026-09-02,45450260,00000000219,800000000219,20260902,Approve,20260915,34,3,E,135,26,3,5303,62,TELEMARKETING,,81881.72,20511.37,102393.09,2844.25,20,8.35,36,N,A,6894.1,6894.1,55,34,2,108988.56,108,130279.94,51.19,53.14,3763.4,56.96,65.09,1454.85,1993.48,2,,Professional Services,N,Kelantan,Indian,M,WIDOWED,MALAYSIAN,Administrator,SPM,4205.13,B,1,Y,fail,pass,113018.89,Y
2026-09-02,26997859,00000000220,800000000220,20260901,Approve,20260925,495,1,G,117,15,,3418,81,MOBILE_APP,,74197.0,24151.12,98348.12,1639.14,20,6.51,60, ,A,8504.33,8504.33,55,18,6,123705.6,36,72446.49,32.82,36.59,3665.09,33.46,37.33,544.34,102.36,3,2017,Professional Services,Y,Selangor,Indian,F,MARRIED,MALAYSIAN,Businessman,Diploma,1954.05,A,1,Y,pass,fail,90291.72,Y
2026-09-02,72722957,00000000221,800000000221,20260827,Approve,20260922,992,2,G,129,32,,5967,31,TELEMARKETING,,61425.41,25595.97,87021.38,805.75,5,4.63,108,Y,A,17389.85,17389.85,43,25,19,277293.12,108,75234.47,19.87,27.54,709.74,17.96,22.27,2248.64,624.14,0,,Healthcare,Y,Kedah,Others,F,SINGLE,MALAYSIAN,Retail Assistant,Bachelor Degree,2461.01,,,Y,fail,fail,72613.49,Y
2026-09-02,87661636,00000000222,800000000222,20260830,Approve,20260903,836,2,C,192,15,1,4231,22,WEBSITE,,1263.95,559.68,1823.63,16.89,5,4.92,108,-,A,22665.65,22665.65,45,9,6,354803.88,108,153849.31,12.23,13.57,4104.99,9.77,16.02,2290.38,941.65,0,,Agriculture,N,Sabah,Malay,M,SINGLE,MALAYSIAN,Supervisor,SPM,2924.35,C,,Y,pass,fail,2035.0,Y
2026-09-02,78964039,00000000223,800000000223,20260826,Approve,20260909,607,1,G,145,28,,1052,79,MOBILE_APP,,25313.6,7176.41,32490.01,541.5,20,5.67,60, ,A,11255.54,11255.54,26,7,4,157242.6,36,73975.91,27.31,32.19,2226.21,36.39,37.89,43.18,766.72,1,,Government,N,Selangor,Chinese,M,MARRIED,MALAYSIAN,Factory Worker,Bachelor Degree,4033.59,B,1,N,fail,fail,29783.11,N
2026-09-02,21602842,00000000224,800000000224,20260901,Approve,20260928,813,3,D,140,14,2,4321,48,MOBILE_APP,,63915.06,31235.29,95150.35,881.02,10,5.43,108,N,A,24510.21,24510.21,57,29,25,379219.08,108,128322.63,19.01,22.96,2059.97,14.47,25.11,1001.84,1236.81,2,,Hospitality,Y,Terengganu,Chinese,F,MARRIED,MALAYSIAN,Factory Worker,No Formal Education,3035.15,C,,Y,pass,pass,70578.07,Y
2026-09-02,66313136,00000000225,800000000225,20260829,Approve,20260901,686,1,E,106,24,1,1861,67,WEBSITE,,106245.74,30705.02,136950.76,2282.51,20,5.78,60, ,A,24847.83,24847.83,32,2,0,380866.44,84,120182.33,23.3,32.16,1858.16,25.28,27.95,617.37,487.36,0,,Agriculture,N,Johor,Malay,M,SINGLE,MALAYSIAN,Doctor,SPM,527.55,,1,Y,fail,fail,142404.3,N
2026-09-02,20159797,00000000226,800000000226,20260829,Approve,20260905,896,3,A,115,18,3,5769,35,COUNTER,,76054.13,23264.96,99319.09,1182.37,0,4.37,84, ,A,24959.64,24959.64,38,7,19,381045.24,108,48976.59,15.07,19.88,3651.39,15.32,21.16,1603.76,1586.7,0,2017,Food & Beverage,Y,Selangor,Chinese,M,SINGLE,MALAYSIAN,Factory Worker,Bachelor Degree,1017.19,C,1,Y,fail,pass,77201.57,N
2026-09-02,19849505,00000000227,800000000227,20260829,Approve,20260903,779,2,B,194,21,2,7312,32,MOBILE_APP,,25760.56,11731.36,37491.92,347.15,20,5.06,108,Y,A,20672.17,20672.17,51,19,10,297218.88,12,87030.07,12.96,19.73,4369.93,19.19,20.31,2273.33,1218.39,0,,Healthcare,N,Sabah,Malay,F,SINGLE,MALAYSIAN,IT Executive,SPM,1741.11,B,,N,pass,fail,33197.78,N
2026-09-02,10774133,00000000228,800000000228,20260827,Approve,20260925,769,4,C,159,24,3,5523,68,PARTNER,,114116.29,54330.77,168447.06,1559.69,20,5.29,108,Y,A,23248.74,23248.74,27,7,0,331677.48,12,76609.04,22.96,25.25,4144.81,22.75,27.46,246.96,1713.66,0,2019,Construction,Y,Kuala Lumpur,Malay,F,SINGLE,MALAYSIAN,Contractor,SPM,646.86,A,1,Y,fail,pass,124487.51,Y
2026-09-02,16714649,00000000229,800000000229,20260830,Approve,20260921,903,3,B,183,30,1,9776,71,TELEMARKETING,,76006.36,24261.23,100267.59,1193.66,5,4.56,84,-,A,18286.72,18286.72,52,20,28,261858.36,108,33757.11,11.47,17.41,694.17,16.9,18.75,1102.65,172.65,1,,Food & Beverage,N,Selangor,Malay,F,SINGLE,MALAYSIAN,Civil Servant,SPM,1965.11,B,,Y,fail,pass,97158.83,N
2026-09-02,99119044,00000000230,800000000230,20260827,Approve,20260827,464,3,F,135,16,3,1546,55,PARTNER,,133344.02,28362.27,161706.29,4491.84,0,7.09,36,N,A,4387.96,4387.96,54,27,19,60892.68,60,25960.82,35.72,39.57,7036.43,43.75,46.42,1994.65,1687.29,0,,Food & Beverage,N,Sarawak,Indian,M,SINGLE,MALAYSIAN,Army Personnel,Diploma,3711.61,B,1,Y,pass,fail,135971.08,N
2026-09-02,37053102,00000000231,800000000231,20260829,Approve,20260912,547,4,A,163,31,2,5790,95,WEBSITE,,56097.97,10164.95,66262.92,1840.64,20,6.04,36,Y,A,16553.21,16553.21,32,0,7,247035.36,84,191711.67,32.24,36.8,4200.07,42.99,44.27,2589.99,247.64,3,,Hospitality,N,Selangor,Malay,M,DIVORCED,MALAYSIAN,Accountant,Diploma,3591.93,A,,N,fail,fail,86569.25,Y
2026-09-02,60371558,00000000232,800000000232,20260830,Approve,20260926,704,1,F,174,21,,2978,73,PARTNER,,130162.58,32345.4,162507.98,2708.47,30,4.97,60, ,A,14615.41,14615.41,57,28,28,216703.8,84,51882.26,24.44,26.81,7066.74,27.98,32.22,1720.51,617.25,3,,Plantation,Y,Selangor,Others,M,MARRIED,MALAYSIAN,Administrator,SPM,669.08,C,,N,pass,fail,131459.56,Y
2026-09-02,86893142,00000000233,800000000233,20260827,Approve,20260908,900,1,A,109,10,3,8102,71,COUNTER,,74462.48,15227.58,89690.06,1494.83,5,4.09,60,Y,A,23813.06,23813.06,54,21,22,344880.96,36,54588.49,27.06,28.86,5103.95,23.36,32.68,757.38,1593.63,0,,Wholesale,Y,Kelantan,Malay,F,SINGLE,MALAYSIAN,Army Personnel,Diploma,3180.69,,1,Y,pass,pass,86391.61,N
2026-09-02,14306326,00000000234,800000000234,20260830,Approve,20260903,550,2,C,171,32,1,1059,53,COUNTER,,81698.29,46469.99,128168.28,1186.74,0,6.32,108,-,A,18315.2,18315.2,58,25,0,282474.72,36,148399.78,37.27,46.22,5856.79,39.05,46.31,1910.29,1779.45,2,2022,Transportation,Y,Selangor,Indian,M,WIDOWED,MALAYSIAN,Retail Assistant,SPM,3585.95,,1,Y,pass,fail,124053.64,Y
2026-09-02,34019729,00000000235,800000000235,20260901,Approve,20260915,740,3,F,126,26,2,1376,25,WEBSITE,,35025.5,5695.15,40720.65,1131.13,0,5.42,36,N,A,16478.06,16478.06,26,1,7,245745.72,60,101999.24,24.27,30.91,6393.35,25.93,34.05,1197.24,1457.3,2,,Healthcare,Y,Melaka,Indian,M,MARRIED,MALAYSIAN,Police Officer,Certificate,3643.84,A,,N,fail,fail,37455.7,Y
2026-09-02,27313846,00000000236,800000000236,20260902,Approve,20260904,892,4,F,113,11,,3161,87,COUNTER,,12752.74,3927.84,16680.58,198.58,5,4.4,84,-,A,22327.29,22327.29,62,4,35,343614.6,60,64434.86,10.48,13.14,5910.17,6.74,13.0,2222.73,1266.07,0,,Wholesale,Y,Kuala Lumpur,Chinese,F,SINGLE,MALAYSIAN,Retail Assistant,PhD,122.66,B,1,N,fail,fail,14453.82,Y
2026-09-02,89832858,00000000237,800000000237,20260827,Approve,20260922,948,2,G,158,12,1,9212,19,TELEMARKETING,,15716.39,3324.02,19040.41,317.34,20,4.23,60,-,A,15450.42,15450.42,52,17,32,219442.56,108,47514.22,17.64,21.02,1596.28,22.99,25.28,1211.91,1843.94,0,,Telecommunications,N,Kuala Lumpur,Malay,M,SINGLE,MALAYSIAN,Clerk,SPM,2591.75,A,1,N,fail,fail,23710.36,N
2026-09-02,67608008,00000000238,800000000238,20260826,Approve,20260911,911,3,C,171,20,1,6843,24,TELEMARKETING,,75749.52,35791.65,111541.17,1032.79,5,5.25,108, ,A,19392.07,19392.07,57,8,7,306364.44,84,117131.58,29.48,33.4,1538.29,33.18,36.87,842.82,1232.34,1,,Manufacturing,N,Melaka,Malay,M,MARRIED,MALAYSIAN,Police Officer,SPM,2463.77,C,1,N,pass,fail,122732.51,N
2026-09-02,79726479,00000000239,800000000239,20260831,Approve,20260929,489,3,B,181,18,,8417,64,TELEMARKETING,,106197.8,42001.23,148199.03,1764.27,5,5.65,84,Y,A,13554.3,13554.3,51,24,4,200264.04,12,62275.44,23.3,29.24,4733.54,32.31,37.73,1044.06,1048.05,1,,Transportation,N,Selangor,Malay,M,MARRIED,MALAYSIAN,Manager,Bachelor Degree,67.23,B,1,Y,pass,fail,145679.19,N
2026-09-02,27864633,00000000240,800000000240,20260901,Approve,20260902,579,1,D,188,28,,9422,86,COUNTER,,31342.34,9653.44,40995.78,683.26,20,6.16,60,N,A,10551.07,10551.07,49,4,18,163391.16,36,67709.71,21.07,23.78,5348.89,19.53,27.04,2215.2,195.11,0,,Education,Y,Kuala Lumpur,Malay,M,SINGLE,MALAYSIAN,Self-Employed,SPM,4047.88,,,N,fail,pass,36188.61,Y
2026-09-02,89620625,00000000241,800000000241,20260901,Approve,20260906,827,4,C,117,10,,4670,99,MOBILE_APP,,2285.69,819.19,3104.88,36.96,10,5.12,84,-,A,22874.32,22874.32,35,0,7,368906.4,36,120475.3,21.27,29.56,1387.16,30.16,31.58,838.12,857.22,1,2018,Education,N,Sarawak,Chinese,M,DIVORCED,MALAYSIAN,Accountant,Certificate,2023.52,B,,N,fail,fail,3710.45,Y
2026-09-02,34990046,00000000242,800000000242,20260902,Approve,20260917,905,3,F,196,20,2,9213,78,WEBSITE,,59664.23,20381.3,80045.53,952.92,5,4.88,84,-,A,20577.98,20577.98,38,11,14,309630.36,12,78724.94,6.89,13.31,1600.06,6.52,8.25,2187.57,1600.82,0,,Construction,Y,Johor,Chinese,M,SINGLE,MALAYSIAN,IT Executive,Master Degree,2860.72,,,N,fail,pass,69552.11,N
2026-09-02,39042654,00000000243,800000000243,20260902,Approve,20260925,849,2,D,184,27,1,3879,42,MOBILE_APP,,27472.04,10557.5,38029.54,452.73,30,5.49,84,N,A,22314.06,22314.06,50,16,24,333261.6,84,86162.53,13.27,22.36,3534.83,10.72,19.71,2872.23,451.65,4,2017,Professional Services,Y,Johor,Malay,F,MARRIED,MALAYSIAN,Accountant,SPM,3118.64,B,,Y,fail,fail,45139.75,N
2026-09-02,91964794,00000000244,800000000244,20260902,Approve,20260928,569,1,E,118,20,3,6856,56,MOBILE_APP,,81430.17,23004.02,104434.19,1740.57,5,5.65,60,-,A,18747.23,18747.23,58,7,28,283297.92,84,128456.92,33.03,42.01,6189.08,30.34,39.66,2094.59,1030.97,4,,Hospitality,Y,Kedah,Malay,M,MARRIED,MALAYSIAN,Supervisor,STPM,1386.7,,1,Y,pass,fail,101093.95,N
2026-09-02,61696348,00000000245,800000000245,20260827,Approve,20260903,689,1,D,126,30,2,6890,42,TELEMARKETING,,87062.68,45525.08,132587.76,1227.66,30,5.81,108,Y,A,13397.68,13397.68,31,0,4,216015.96,12,68804.51,18.48,21.83,2069.05,14.73,23.79,2338.51,42.08,4,2022,Oil & Gas,Y,Perak,Chinese,M,DIVORCED,MALAYSIAN,Police Officer,SPM,3289.6,,1,N,fail,fail,93109.69,N
2026-09-02,43408234,00000000246,800000000246,20260901,Approve,20260916,270,3,G,143,33,3,1164,12,TELEMARKETING,,57580.54,29584.88,87165.42,1037.68,10,7.34,84,-,A,5614.25,5614.25,33,9,6,85065.84,84,91648.5,37.86,40.83,2080.2,40.61,51.68,506.62,35.51,4,,Food & Beverage,Y,Selangor,Malay,M,MARRIED,MALAYSIAN,Technician,Bachelor Degree,2177.83,C,,N,fail,fail,62007.79,N
2026-09-02,10656987,00000000247,800000000247,20260826,Approve,20260827,834,4,E,102,35,2,3524,69,PARTNER,,90376.44,13637.8,104014.24,2889.28,5,5.03,36,N,A,23976.63,23976.63,30,10,5,363627.96,12,162849.71,24.98,32.17,3733.81,31.01,32.37,762.45,773.6,0,,Government,N,Selangor,Malay,M,MARRIED,MALAYSIAN,IT Executive,Certificate,2843.1,A,,Y,fail,pass,98524.85,Y
2026-09-02,53989340,00000000248,800000000248,20260902,Approve,20260903,510,3,A,134,30,,2749,30,PARTNER,,18098.75,5981.64,24080.39,401.34,20,6.61,60,N,A,24732.17,24732.17,41,18,15,399356.76,60,186433.28,43.29,47.53,4462.49,51.63,55.85,1041.82,1235.3,5,,Manufacturing,Y,Johor,Indian,F,MARRIED,MALAYSIAN,Self-Employed,SPM,145.68,B,,N,fail,pass,22905.84,Y
2026-09-02,16304056,00000000249,800000000249,20260826,Approve,20260917,246,3,E,168,10,1,2175,53,WEBSITE,,4815.38,3532.08,8347.46,77.29,5,8.15,108,Y,A,6686.73,6686.73,44,22,26,104400.84,36,122940.25,49.06,50.13,5239.55,56.73,58.27,2158.01,1740.47,1,,Construction,N,Labuan,Chinese,M,MARRIED,MALAYSIAN,Driver,No Formal Education,4863.91,,,Y,pass,pass,7202.82,N
2026-09-02,92415327,00000000250,800000000250,20260828,Approve,20260916,922,1,G,136,24,,3791,59,WEBSITE,,81323.08,10466.28,91789.36,2549.7,10,4.29,36, ,A,23450.81,23450.81,39,19,19,353088.24,12,99832.59,15.19,24.27,3119.41,17.61,24.32,6.86,1123.4,3,,Professional Services,Y,Selangor,Malay,M,MARRIED,MALAYSIAN,Supervisor,Bachelor Degree,2625.12,C,,Y,fail,fail,83410.17,Y
2026-09-02,44720447,00000000251,800000000251,20260828,Approve,20260925,730,2,G,108,12,3,2329,30,WEBSITE,,47460.8,22297.08,69757.88,645.91,10,5.22,108,-,A,11857.89,11857.89,35,10,10,165813.6,36,35628.27,16.41,23.09,3328.41,10.15,21.27,1395.33,1967.93,2,,Professional Services,N,Kedah,Chinese,M,DIVORCED,MALAYSIAN,Retail Assistant,Bachelor Degree,4913.44,A,,Y,fail,fail,50790.66,Y
2026-09-02,39991874,00000000252,800000000252,20260826,Approve,20260827,604,1,C,140,15,,1612,10,TELEMARKETING,,110147.84,60074.63,170222.47,1576.13,0,6.06,108, ,A,21201.45,21201.45,24,2,3,315766.56,36,150666.59,24.43,28.07,4191.42,29.29,40.08,972.71,792.1,0,,Manufacturing,N,Pahang,Malay,M,MARRIED,MALAYSIAN,Administrator,SPM,4839.56,,1,N,fail,pass,121476.37,Y
2026-09-02,62137114,00000000253,800000000253,20260829,Approve,20260910,692,3,E,199,18,2,8556,71,TELEMARKETING,,22967.58,9855.39,32822.97,390.75,20,6.13,84,-,A,8483.37,8483.37,38,6,15,122014.68,36,61115.92,27.2,32.86,1006.45,27.68,32.07,68.46,41.36,2,2021,Manufacturing,N,Pulau Pinang,Chinese,F,MARRIED,MALAYSIAN,Lecturer,Diploma,4396.24,B,1,N,fail,pass,28352.46,N
2026-09-02,36380882,00000000254,800000000254,20260828,Approve,20260830,364,1,D,108,19,,6474,78,WEBSITE,,113739.36,58837.37,172576.73,2054.48,5,7.39,84,-,A,21560.41,21560.41,32,3,8,324759.6,12,307866.09,35.87,44.89,2627.67,47.0,50.69,2152.08,300.82,4,2011,Food & Beverage,N,Sabah,Malay,M,MARRIED,MALAYSIAN,Clerk,SPM,3800.81,,1,Y,pass,fail,134632.08,N
2026-09-02,88103997,00000000255,800000000255,20260827,Approve,20260910,507,3,A,178,14,,5653,82,WEBSITE,,71008.3,37258.06,108266.36,1002.47,5,5.83,108,N,A,9862.17,9862.17,38,20,20,151136.28,84,50580.86,41.25,43.81,6778.22,43.6,47.63,931.22,911.77,0,,Telecommunications,N,Selangor,Chinese,M,MARRIED,MALAYSIAN,Factory Worker,STPM,4012.14,A,,N,pass,fail,72207.04,N
2026-09-02,35738049,00000000256,800000000256,20260901,Approve,20260921,271,3,B,164,27,1,3736,85,MOBILE_APP,,8801.13,2033.06,10834.19,300.95,0,7.7,36, ,A,9964.5,9964.5,35,12,2,138522.96,108,67447.01,36.28,43.72,1137.76,40.93,44.16,266.86,855.64,4,,Oil & Gas,Y,Kuala Lumpur,Indian,F,MARRIED,MALAYSIAN,Engineer,Diploma,3318.24,,1,Y,pass,fail,14266.74,N
2026-09-02,60096709,00000000257,800000000257,20260830,Approve,20260905,403,4,F,133,24,,9117,89,MOBILE_APP,,16463.79,3240.07,19703.86,547.33,5,6.56,36,-,A,13118.88,13118.88,39,5,11,195018.12,12,83784.61,31.71,33.79,7939.16,40.6,51.92,2269.0,319.22,1,,Healthcare,Y,Sarawak,Malay,F,MARRIED,MALAYSIAN,Accountant,STPM,2660.35,,1,N,fail,pass,23154.62,N
2026-09-02,85068634,00000000258,800000000258,20260829,Approve,20260911,904,1,A,145,25,1,7457,14,MOBILE_APP,,29025.16,9549.28,38574.44,459.22,10,4.7,84,Y,A,24006.31,24006.31,44,23,13,354715.68,60,70860.33,21.9,31.39,5116.03,13.64,24.56,1866.56,260.07,5,,Hospitality,Y,Selangor,Malay,F,MARRIED,MALAYSIAN,IT Executive,Diploma,240.28,C,,Y,fail,fail,32708.65,N
2026-09-02,46866765,00000000259,800000000259,20260901,Approve,20260904,814,3,G,178,18,1,7157,91,WEBSITE,,4414.73,1097.06,5511.79,91.86,0,4.97,60,-,A,8730.86,8730.86,44,26,6,136429.92,84,63639.38,24.24,28.45,1402.79,23.51,28.07,43.87,1113.69,1,2019,Real Estate,Y,Kuala Lumpur,Chinese,F,MARRIED,MALAYSIAN,Doctor,Diploma,3713.52,A,1,N,pass,pass,5819.44,N
2026-09-02,59393042,00000000260,800000000260,19700101,Approve,20260909,884,3,G,165,33,3,6293,57,MOBILE_APP,,93067.88,24383.78,117451.66,1957.53,5,5.24,60, ,A,21351.66,21351.66,27,5,3,307262.04,108,79065.5,20.88,25.21,3361.59,20.15,30.9,1447.05,1516.45,0,,Oil & Gas,Y,Sarawak,Malay,M,SINGLE,MALAYSIAN,Nurse,Certificate,4934.96,C,1,N,fail,fail,136059.35,N
2026-09-02,53744878,00000000261,800000000261,20260829,Approve,20260829,921,4,C,125,31,3,4585,20,WEBSITE,,56917.69,20877.41,77795.1,926.13,0,5.24,84,-,A,15240.23,15240.23,41,8,15,230714.4,60,57002.72,16.91,19.66,5209.22,22.33,26.47,1446.97,149.31,1,,Manufacturing,Y,Terengganu,Chinese,F,MARRIED,MALAYSIAN,Businessman,STPM,4561.02,A,1,N,fail,fail,74637.95,Y
2026-09-02,77463037,00000000262,800000000262,20260831,Approve,20260904,733,3,G,189,21,2,7144,14,MOBILE_APP,,30367.48,4509.57,34877.05,968.81,10,4.95,36,N,A,22921.08,22921.08,56,19,30,331241.28,36,105616.27,11.98,16.63,3094.21,10.49,16.16,948.78,1827.54,5,,Healthcare,N,Sabah,Chinese,M,MARRIED,MALAYSIAN,Sales Executive,SPM,1305.41,A,,Y,pass,pass,40027.42,Y
2026-09-02,66137195,00000000263,800000000263,20260828,Approve,20260903,526,4,E,120,28,3,5573,71,WEBSITE,,71378.54,14004.47,85383.01,2371.75,0,6.54,36,-,A,12951.53,12951.53,43,6,14,188545.08,36,119919.86,39.02,40.48,7657.78,38.9,45.38,1964.27,703.34,1,,Wholesale,N,Terengganu,Malay,F,MARRIED,MALAYSIAN,Army Personnel,Bachelor Degree,2743.71,B,1,N,fail,fail,71384.85,Y
2026-09-02,68203136,00000000264,800000000264,20260831,Approve,20260911,904,3,C,189,27,2,2523,96,COUNTER,,61436.44,13669.61,75106.05,1251.77,20,4.45,60, ,A,22900.33,22900.33,54,13,18,334418.76,36,84291.43,18.09,24.93,6480.4,13.23,23.29,2250.74,115.85,2,,Education,Y,Kuala Lumpur,Malay,F,SINGLE,MALAYSIAN,Accountant,Bachelor Degree,973.36,,1,N,pass,pass,87450.27,Y
2026-09-02,10502382,00000000265,800000000265,20260831,Approve,20260831,495,2,G,101,21,2,9302,65,PARTNER,,91898.66,39369.39,131268.05,1562.71,5,6.12,84,Y,A,11333.22,11333.22,27,9,1,162226.32,84,99941.47,25.91,33.97,2415.85,33.81,36.33,2395.24,1676.37,0,,Manufacturing,Y,Selangor,Malay,M,SINGLE,MALAYSIAN,Technician,Bachelor Degree,2811.3,A,,Y,pass,pass,139865.92,N
2026-09-02,82113350,00000000266,800000000266,20260828,Approve,20260918,573,2,B,197,21,1,6407,89,PARTNER,,137955.55,62286.93,200242.48,2383.84,20,6.45,84, ,A,17958.44,17958.44,40,17,4,276170.88,84,208131.41,21.85,25.96,4920.33,28.12,34.44,1754.8,1701.84,3,2014,Plantation,N,Selangor,Malay,M,MARRIED,MALAYSIAN,Doctor,Bachelor Degree,698.77,,,Y,pass,pass,138938.47,N
2026-09-02,66824417,00000000267,800000000267,20260830,Approve,20260927,762,2,F,183,13,,6025,18,WEBSITE,,65727.81,18140.88,83868.69,1397.81,20,5.52,60,-,A,19410.15,19410.15,51,15,30,311685.24,60,87053.02,26.38,29.03,1366.09,35.01,36.79,351.51,150.91,5,,Food & Beverage,N,Kedah,Malay,M,DIVORCED,MALAYSIAN,Doctor,Diploma,4805.54,,1,Y,pass,fail,68172.4,Y
2026-09-02,15355917,00000000268,800000000268,20260829,Approve,20260911,895,4,C,189,28,1,3282,31,MOBILE_APP,,15873.2,5022.28,20895.48,248.76,30,4.52,84,Y,A,24477.6,24477.6,52,21,23,389058.72,108,78054.57,17.66,21.38,7202.71,14.77,26.62,1773.93,979.93,0,2014,Transportation,N,Negeri Sembilan,Malay,M,MARRIED,MALAYSIAN,Manager,Certificate,1329.39,B,,Y,pass,fail,19407.61,N
2026-09-02,12662692,00000000269,800000000269,20260902,Approve,20260930,839,3,C,131,23,,5863,51,PARTNER,,55602.12,24620.62,80222.74,742.8,10,4.92,108,Y,A,20663.38,20663.38,30,1,9,319810.2,108,96710.17,20.49,27.33,3695.39,18.67,24.71,597.41,769.6,0,2017,Agriculture,Y,Sarawak,Malay,M,MARRIED,MALAYSIAN,IT Executive,Bachelor Degree,10.19,,1,Y,fail,fail,73501.83,Y
2026-09-02,85500790,00000000270,800000000270,20260831,Approve,20260925,847,3,A,148,20,1,8441,83,PARTNER,,29202.78,6687.44,35890.22,598.17,30,4.58,60, ,A,18929.62,18929.62,31,4,5,277783.92,36,86985.15,22.43,29.39,3577.88,25.78,30.01,844.02,1033.61,0,,Retail Trade,Y,Kelantan,Malay,M,SINGLE,MALAYSIAN,Supervisor,STPM,4479.43,,,N,fail,pass,39746.47,N
2026-09-02,63854738,00000000271,800000000271,20260830,Approve,20260926,755,1,D,118,14,,1187,77,MOBILE_APP,,63579.34,11158.17,74737.51,2076.04,0,5.85,36,N,A,10136.13,10136.13,31,0,13,143728.44,60,54568.21,22.83,31.12,5437.76,22.48,33.1,2880.52,1514.18,2,,Construction,Y,Johor,Chinese,M,MARRIED,MALAYSIAN,Factory Worker,Master Degree,2539.98,A,1,N,fail,fail,73335.19,N
2026-09-02,79946108,00000000272,800000000272,20260830,Approve,20260909,729,3,G,110,22,,8379,70,MOBILE_APP,,31829.74,16701.06,48530.8,449.36,5,5.83,108, ,A,15461.71,15461.71,51,22,19,229119.96,108,79054.44,26.95,28.02,4630.01,30.26,34.44,944.63,722.13,1,,Professional Services,N,Negeri Sembilan,Indian,M,SINGLE,MALAYSIAN,Army Personnel,Bachelor Degree,2190.36,,,N,fail,pass,32336.1,Y
2026-09-02,55119729,00000000273,800000000273,20260830,Approve,20260921,610,3,A,172,23,3,8387,97,WEBSITE,,33262.37,14133.18,47395.55,564.23,20,6.07,84,Y,A,9080.27,9080.27,43,6,4,139229.76,84,69162.47,32.74,35.62,7842.0,28.35,36.98,1346.36,1374.91,1,,Financial Services,Y,Perak,Indian,M,DIVORCED,MALAYSIAN,Army Personnel,Diploma,1165.53,,1,Y,pass,pass,34467.3,Y
2026-09-02,87164444,00000000274,800000000274,20260827,Approve,20260908,789,2,E,191,12,2,1460,16,PARTNER,,1272.75,205.04,1477.79,41.05,20,5.37,36,-,A,23851.5,23851.5,54,10,27,379973.4,12,175868.85,26.39,35.11,2497.34,26.05,35.07,1764.41,1081.42,5,,Oil & Gas,N,Kuala Lumpur,Malay,F,MARRIED,MALAYSIAN,Supervisor,STPM,453.67,A,,Y,pass,fail,1372.89,Y
2026-09-02,66232116,00000000275,800000000275,20260828,Approve,20260927,417,1,C,124,18,2,3811,35,TELEMARKETING,,89873.51,59451.33,149324.84,1382.64,0,7.35,108, ,A,22804.29,22804.29,54,28,29,314702.52,12,304780.65,33.3,42.6,7747.56,41.85,45.67,1577.68,282.14,5,2020,Telecommunications,Y,Melaka,Malay,F,MARRIED,MALAYSIAN,Doctor,No Formal Education,2397.49,A,1,N,pass,fail,94968.72,Y
2026-09-02,99043272,00000000276,800000000276,20260827,Approve,20260921,780,2,B,164,12,2,2518,11,TELEMARKETING,,81037.87,11450.65,92488.52,2569.13,10,4.71,36,Y,A,18289.43,18289.43,63,15,3,284439.12,12,89850.05,18.27,22.43,7960.23,16.65,26.19,619.13,799.28,0,2017,Hospitality,Y,Sabah,Indian,F,SINGLE,MALAYSIAN,Technician,Diploma,2710.9,C,1,N,fail,fail,113413.65,Y
2026-09-02,21259361,00000000277,800000000277,20260826,Approve,20260914,541,1,B,170,33,2,3153,41,MOBILE_APP,,87968.24,16282.92,104251.16,2895.87,20,6.17,36, ,A,6248.3,6248.3,64,4,39,96473.4,108,77261.54,30.71,35.37,5493.49,33.44,35.84,1746.13,371.94,2,,Wholesale,N,Negeri Sembilan,Malay,M,MARRIED,MALAYSIAN,Army Personnel,Diploma,3099.19,C,1,N,pass,pass,103639.06,N
2026-09-02,34372157,00000000278,800000000278,20260828,Approve,20260915,526,3,F,106,19,,6540,16,WEBSITE,,18499.59,7795.73,26295.32,313.04,20,6.02,84,Y,A,2425.51,2425.51,42,23,16,39110.76,108,27278.61,30.75,37.7,6913.52,29.68,40.03,1515.97,1981.62,0,,Food & Beverage,Y,Johor,Malay,F,SINGLE,MALAYSIAN,Retail Assistant,STPM,2699.12,,,N,pass,fail,20353.29,N
2026-09-02,60955165,00000000279,800000000279,20260831,Approve,20260928,605,1,G,102,30,1,3453,48,PARTNER,,2691.74,830.4,3522.14,58.7,30,6.17,60, ,A,3905.89,3905.89,50,0,30,57347.16,108,30631.5,28.39,32.68,4270.75,28.01,37.08,538.77,1932.84,0,,Wholesale,Y,Kuala Lumpur,Malay,F,DIVORCED,MALAYSIAN,Nurse,Diploma,2133.54,A,,N,fail,pass,4036.95,Y
2026-09-02,10953635,00000000280,800000000280,20260829,Approve,20260909,341,3,G,168,33,3,4193,86,WEBSITE,,4936.12,1905.34,6841.46,114.02,5,7.72,60,-,A,14551.15,14551.15,49,9,8,225467.76,84,96695.68,35.23,38.47,1748.82,41.84,47.19,1836.29,1007.81,5,,Retail Trade,Y,Selangor,Malay,F,MARRIED,MALAYSIAN,Businessman,STPM,1605.63,A,,Y,pass,fail,6815.22,Y
2026-09-02,80449994,00000000281,800000000281,20260828,Approve,20260901,841,1,G,164,33,1,3956,39,COUNTER,,84898.51,14084.66,98983.17,2749.53,5,5.53,36,Y,A,23308.24,23308.24,55,16,8,350411.76,60,151048.02,19.38,28.01,4307.94,23.91,25.86,605.87,694.22,0,,Retail Trade,N,Sabah,Malay,M,SINGLE,MALAYSIAN,Clerk,SPM,4996.7,C,,Y,fail,pass,95356.9,N
2026-09-02,84375928,00000000282,800000000282,20260831,Approve,20260905,715,1,F,189,17,,3219,64,MOBILE_APP,,55321.59,19478.73,74800.32,890.48,20,5.03,84,-,A,13216.17,13216.17,44,24,8,185576.52,36,83011.88,24.72,26.61,7885.06,27.74,30.54,2604.65,174.75,0,,Professional Services,Y,Johor,Malay,M,SINGLE,MALAYSIAN,Lecturer,Master Degree,2920.75,A,1,Y,pass,fail,65460.82,N
2026-09-02,37954684,00000000283,800000000283,20260831,Approve,20260902,584,4,D,145,17,3,8747,76,TELEMARKETING,,97045.66,28725.52,125771.18,2096.19,30,5.92,60, ,A,17643.8,17643.8,62,14,36,265782.36,108,93484.16,37.62,41.18,4411.85,39.8,45.63,25.81,949.15,0,,Transportation,Y,Selangor,Malay,M,SINGLE,MALAYSIAN,Army Personnel,SPM,102.19,,1,N,fail,fail,108837.23,N
2026-09-02,42171352,00000000284,800000000284,20260830,Approve,20260923,466,3,E,155,28,,1451,70,MOBILE_APP,,91788.96,40671.69,132460.65,1576.91,30,6.33,84, ,A,10410.59,10410.59,37,5,5,163066.8,84,64241.84,30.76,36.67,7249.92,30.87,38.84,1895.05,892.34,0,,Oil & Gas,N,Johor,Malay,M,SINGLE,MALAYSIAN,Driver,STPM,1334.81,B,,Y,pass,fail,99419.5,Y
2026-09-02,77280561,00000000285,800000000285,20260828,Approve,20260908,547,2,E,146,24,,9146,52,MOBILE_APP,,83978.51,44441.43,128419.94,1189.07,20,5.88,108,Y,A,9263.71,9263.71,25,7,2,135063.48,12,43490.03,51.21,58.28,1920.66,52.9,59.18,766.29,238.04,0,,Financial Services,N,Perak,Malay,F,MARRIED,MALAYSIAN,Supervisor,Bachelor Degree,2836.59,B,,Y,fail,pass,89272.83,Y
2026-09-02,75993764,00000000286,800000000286,20260901,Approve,20260904,826,1,E,121,28,2,9375,91,WEBSITE,,18165.13,8256.05,26421.18,244.64,10,5.05,108, ,A,15866.85,15866.85,35,17,3,225753.0,12,52138.59,28.63,33.22,6857.7,29.11,32.09,2974.7,1015.28,1,,Financial Services,Y,Kuala Lumpur,Chinese,F,SINGLE,MALAYSIAN,Engineer,Bachelor Degree,1185.05,,,Y,fail,pass,20874.73,N
2026-09-02,22267071,00000000287,800000000287,20260831,Approve,20260907,778,1,E,109,12,1,2764,76,MOBILE_APP,,58064.05,25344.96,83409.01,772.31,20,4.85,108,N,A,15719.44,15719.44,43,25,7,226401.72,36,67703.78,27.66,32.44,3151.11,26.76,31.51,28.59,1883.35,1,2025,Manufacturing,Y,Perak,Malay,F,MARRIED,MALAYSIAN,IT Executive,STPM,2165.15,A,,Y,fail,fail,78611.89,Y
2026-09-02,49413034,00000000288,800000000288,20260826,Approve,20260904,639,2,E,191,32,2,3271,55,PARTNER,,79483.07,46139.92,125622.99,1163.18,0,6.45,108, ,A,9048.96,9048.96,25,5,2,126418.32,108,93593.1,25.46,35.25,1192.19,30.91,34.62,500.65,1404.02,0,,Manufacturing,Y,Kuala Lumpur,Indian,F,MARRIED,MALAYSIAN,Engineer,Diploma,1536.39,A,,Y,pass,fail,83817.92,Y
2026-09-02,73736212,00000000289,800000000289,20260830,Approve,20260914,944,1,A,146,35,1,9044,43,TELEMARKETING,,100689.71,23762.77,124452.48,2074.21,30,4.72,60,-,A,16191.52,16191.52,63,13,28,242747.76,36,66864.59,20.6,25.95,7299.32,22.99,30.0,2943.05,1737.75,4,2016,Retail Trade,Y,Johor,Chinese,M,MARRIED,MALAYSIAN,Doctor,Certificate,1938.93,A,,N,pass,fail,100691.45,N
2026-09-02,23786913,00000000290,800000000290,20260829,Approve,20260922,447,3,B,149,33,1,8877,59,PARTNER,,20888.62,12915.43,33804.05,313.0,10,6.87,108,N,A,11782.71,11782.71,54,34,2,183586.44,60,162935.12,40.62,44.33,6532.62,42.44,46.9,2325.13,1217.36,2,,Government,Y,Pahang,Malay,F,SINGLE,MALAYSIAN,Teacher,SPM,2696.43,A,,N,fail,fail,25165.05,Y
2026-09-02,54166657,00000000291,800000000291,20260902,Approve,20260921,779,1,G,123,23,1,8655,94,COUNTER,,39924.25,12795.72,52719.97,878.67,0,6.41,60,-,A,9624.85,9624.85,28,2,10,138062.4,60,64413.6,11.43,18.07,6856.08,14.87,18.63,248.69,1463.82,0,2026,Hospitality,Y,Negeri Sembilan,Malay,F,MARRIED,MALAYSIAN,Civil Servant,Diploma,3821.59,,1,Y,pass,pass,45365.72,Y
2026-09-02,82463440,00000000292,800000000292,20260830,Approve,20260926,751,3,D,176,20,2,1508,32,WEBSITE,,109368.6,26521.89,135890.49,2264.84,10,4.85,60,N,A,12515.6,12515.6,63,28,31,182942.28,84,49929.02,8.0,17.61,4684.79,5,10.0,1131.68,983.44,4,,Transportation,Y,Selangor,Chinese,M,DIVORCED,MALAYSIAN,Teacher,Diploma,523.99,C,,Y,fail,pass,109999.2,N
2026-09-02,61679484,00000000293,800000000293,20260831,Approve,20260911,789,3,F,152,35,1,4266,74,COUNTER,,27125.06,4280.33,31405.39,872.37,5,5.26,36,Y,A,19149.2,19149.2,58,19,9,303030.6,12,126641.86,18.3,20.63,6761.61,18.73,28.13,2053.8,291.31,1,2021,Wholesale,Y,Johor,Malay,M,MARRIED,MALAYSIAN,IT Executive,SPM,943.94,B,1,Y,fail,fail,35631.84,Y
2026-09-02,44786132,00000000294,800000000294,20260828,Approve,20260924,617,3,B,164,16,2,3511,72,TELEMARKETING,,127653.93,56206.03,183859.96,2188.81,20,6.29,84,N,A,20177.07,20177.07,61,14,29,323988.96,12,161362.85,24.89,28.35,3690.74,31.31,35.74,873.77,979.02,0,,Plantation,N,Selangor,Malay,M,SINGLE,MALAYSIAN,Police Officer,SPM,950.88,C,,Y,pass,fail,130937.6,N
2026-09-02,33475742,00000000295,800000000295,20260831,Approve,20260910,729,3,C,183,20,3,7619,37,COUNTER,,94041.29,37390.82,131432.11,1564.67,5,5.68,84, ,A,20545.0,20545.0,25,0,4,319218.84,84,139048.77,31.08,37.85,2496.59,27.52,34.71,2994.66,1836.36,2,,Government,Y,Perak,Malay,F,MARRIED,MALAYSIAN,Self-Employed,SPM,26.02,,1,N,fail,fail,141702.77,Y
2026-09-02,90525899,00000000296,800000000296,20260831,Approve,20260904,622,3,B,140,26,,5305,73,WEBSITE,,29755.46,11914.09,41669.55,496.07,30,5.72,84,Y,A,3037.4,3037.4,49,5,9,45770.16,108,16971.77,29.32,38.37,4964.83,27.32,38.7,858.74,1605.56,1,,Plantation,Y,Kuala Lumpur,Chinese,F,MARRIED,MALAYSIAN,Doctor,Diploma,4998.76,,1,Y,pass,pass,45775.31,Y
2026-09-02,19185716,00000000297,800000000297,20260902,Approve,20260909,712,2,E,146,10,2,8303,34,WEBSITE,,54716.88,29842.59,84559.47,782.96,10,6.06,108,Y,A,6234.52,6234.52,57,15,9,97827.96,12,28181.73,20.19,22.53,6718.63,28.18,30.19,2451.7,1710.44,1,,Food & Beverage,N,Sarawak,Chinese,M,MARRIED,MALAYSIAN,Civil Servant,Diploma,1992.32,,,N,pass,fail,56103.69,Y
2026-09-02,72183211,00000000298,800000000298,20260826,Approve,20260921,652,2,A,177,27,,5006,37,MOBILE_APP,,103214.15,53877.79,157091.94,1454.56,20,5.8,108,Y,A,17485.59,17485.59,33,0,11,258065.4,84,140406.57,26.51,30.42,3157.24,22.52,34.03,1724.41,1279.16,0,,Transportation,N,Selangor,Chinese,M,SINGLE,MALAYSIAN,Police Officer,SPM,4704.32,C,,Y,pass,pass,146445.56,N
2026-09-02,33265233,00000000299,800000000299,20260827,Approve,20260901,825,2,G,101,26,3,4385,83,PARTNER,,41615.87,18464.96,60080.83,556.3,10,4.93,108,N,A,23669.9,23669.9,51,4,15,345601.92,36,102450.06,28.29,33.85,6582.01,26.73,33.44,750.48,1194.15,1,2014,Transportation,Y,Selangor,Malay,F,SINGLE,MALAYSIAN,Businessman,Diploma,1737.05,A,,Y,pass,fail,56039.28,N
2026-09-02,36592292,00000000300,800000000300,20260829,Approve,20260923,739,1,A,167,21,,4666,21,MOBILE_APP,,61722.07,32163.37,93885.44,869.31,30,5.79,108,-,A,11567.6,11567.6,36,17,3,161614.68,108,86907.9,33.07,34.21,7874.53,28.96,36.91,1753.84,545.94,0,,Hospitality,N,Johor,Malay,M,SINGLE,MALAYSIAN,Civil Servant,Certificate,2856.47,B,1,Y,fail,fail,100158.55,Y
2026-09-02,31785186,00000000301,800000000301,20260827,Approve,20260913,838,3,B,193,21,1,3096,92,TELEMARKETING,,19976.61,10068.21,30044.82,278.19,10,5.6,108,N,A,19151.84,19151.84,42,10,7,273281.4,12,74030.59,19.66,27.65,3354.24,19.61,31.5,1410.42,1471.31,4,,Education,Y,Perak,Malay,F,MARRIED,MALAYSIAN,Clerk,Certificate,209.23,B,,N,fail,fail,31919.77,Y
2026-09-02,23725923,00000000302,800000000302,20260828,Approve,20260831,914,2,G,189,27,1,8088,77,WEBSITE,,51238.43,7347.59,58586.02,1627.39,20,4.78,36,N,A,20002.94,20002.94,55,31,36,308057.28,84,73779.11,8.57,12.63,6995.46,6.06,10.01,1803.6,1382.16,0,,Real Estate,Y,Selangor,Malay,M,SINGLE,MALAYSIAN,Police Officer,SPM,425.16,C,1,N,pass,pass,79918.1,N
2026-09-02,79446086,00000000303,800000000303,20260827,Approve,20260918,508,4,B,189,11,,3574,12,WEBSITE,,16622.04,7330.32,23952.36,285.15,10,6.3,84, ,A,11884.31,11884.31,45,27,10,182507.64,60,128656.96,29.24,31.08,2696.34,34.09,41.01,2808.67,1779.46,0,,Professional Services,Y,Selangor,Chinese,F,SINGLE,MALAYSIAN,Contractor,Diploma,1356.71,,1,N,fail,pass,23841.77,Y
2026-09-02,49002072,00000000304,800000000304,20260831,Approve,20260905,513,2,E,146,19,3,8081,60,PARTNER,,27068.82,8093.58,35162.4,586.04,30,5.98,60,-,A,15499.5,15499.5,63,9,9,245364.84,12,103461.22,42.51,45.78,3985.7,50.55,54.42,2001.75,367.88,0,2026,Real Estate,Y,Selangor,Malay,M,SINGLE,MALAYSIAN,Police Officer,Diploma,4041.64,C,1,N,pass,fail,31657.83,N
2026-09-02,70749138,00000000305,800000000305,20260830,Approve,20260927,398,2,F,165,34,3,4163,89,WEBSITE,,129607.46,79086.47,208693.93,1932.35,10,6.78,108,-,A,3060.52,3060.52,56,11,11,42843.84,84,27674.26,27.92,29.95,5566.42,30.29,36.7,83.95,3.37,3,,Wholesale,N,Sarawak,Others,M,WIDOWED,MALAYSIAN,Lecturer,Diploma,3745.72,B,,Y,pass,fail,141188.44,N
2026-09-02,32175759,00000000306,800000000306,20260827,Approve,20260827,866,4,A,103,19,2,6537,64,WEBSITE,,131625.95,65036.38,196662.33,1820.95,5,5.49,108,N,A,21681.63,21681.63,64,15,18,329270.88,84,71014.76,15.78,23.46,602.97,13.55,23.94,2690.44,1252.18,0,2013,Healthcare,N,Perak,Chinese,M,DIVORCED,MALAYSIAN,Manager,PhD,3167.14,B,1,N,fail,pass,140120.73,N
2026-09-02,61517501,00000000307,800000000307,20260826,Approve,20260923,668,1,E,102,34,2,4233,80,COUNTER,,56232.08,28391.58,84623.66,783.55,10,5.61,108,Y,A,5570.67,5570.67,59,15,34,81770.76,12,31187.31,24.54,32.25,6339.47,29.52,31.18,548.34,1736.22,1,,Wholesale,N,Pulau Pinang,Chinese,F,MARRIED,MALAYSIAN,Chef,Bachelor Degree,1529.52,C,1,Y,pass,fail,66018.95,N
2026-09-02,74877167,00000000308,800000000308,20260828,Approve,20260912,811,1,D,171,12,3,1429,13,PARTNER,,25169.36,12051.09,37220.45,344.63,5,5.32,108,-,A,15631.19,15631.19,41,8,5,242741.04,36,60694.27,23.86,30.58,962.5,28.99,38.49,534.49,804.32,0,2019,Wholesale,Y,Negeri Sembilan,Chinese,M,MARRIED,MALAYSIAN,Factory Worker,Diploma,4751.74,,,N,fail,pass,28582.16,Y
2026-09-02,62597544,00000000309,800000000309,20260831,Approve,20260922,830,1,F,176,22,3,7527,43,WEBSITE,,27270.35,9048.3,36318.65,432.36,30,4.74,84,Y,A,23389.24,23389.24,39,19,17,362958.96,60,73631.09,17.66,20.47,1492.88,15.69,20.06,343.58,146.56,0,,Hospitality,Y,Sabah,Malay,M,SINGLE,MALAYSIAN,Police Officer,SPM,3654.44,C,,Y,fail,pass,33488.65,Y
2026-09-02,91582318,00000000310,800000000310,20260831,Approve,20260915,247,1,D,186,18,2,6752,24,MOBILE_APP,,67069.32,24279.09,91348.41,1522.47,0,7.24,60,Y,A,10704.84,10704.84,30,8,7,159624.96,84,118429.17,40.29,45.08,1687.17,44.46,52.75,1507.46,1367.81,4,2017,Retail Trade,N,Sarawak,Malay,M,MARRIED,MALAYSIAN,Administrator,Bachelor Degree,68.45,B,1,Y,pass,pass,91293.6,N
2026-09-02,62222770,00000000311,800000000311,20260902,Approve,20260929,871,1,B,182,27,,8371,97,TELEMARKETING,,68451.24,17489.29,85940.53,1432.34,10,5.11,60,-,A,17779.19,17779.19,61,20,16,284613.48,12,42327.91,17.75,23.38,5470.13,14.86,25.94,498.12,481.32,0,2011,Telecommunications,Y,Kelantan,Malay,M,SINGLE,MALAYSIAN,Security Guard,SPM,2054.05,A,1,Y,fail,fail,75776.95,Y
2026-09-02,66487030,00000000312,800000000312,20260831,Approve,20260924,541,3,E,176,30,2,9226,38,MOBILE_APP,,128718.07,58746.93,187465.0,2231.73,10,6.52,84,-,A,5670.19,5670.19,49,10,20,80140.32,36,46179.08,35.79,39.84,4868.61,33.69,40.83,699.03,119.15,0,,Food & Beverage,Y,Selangor,Indian,M,SINGLE,MALAYSIAN,Self-Employed,Diploma,3795.55,B,1,Y,fail,pass,130441.23,N
2026-09-02,18597103,00000000313,800000000313,20260830,Approve,20260917,560,2,A,157,27,2,1687,81,MOBILE_APP,,15373.54,5572.91,20946.45,349.11,0,7.25,60,-,A,1760.35,1760.35,27,7,4,27847.92,60,16073.62,38.75,46.5,1229.92,40.66,46.14,1526.76,193.33,0,,Food & Beverage,Y,Negeri Sembilan,Malay,M,MARRIED,MALAYSIAN,Engineer,Diploma,1959.25,,,N,fail,fail,22234.65,N
2026-09-02,84038808,00000000314,800000000314,20260901,Approve,20260927,795,1,C,124,10,3,6590,86,PARTNER,,101478.84,50962.67,152441.51,1411.5,30,5.58,108, ,A,17046.94,17046.94,44,19,10,267936.0,60,60428.48,21.51,26.43,4589.06,31.24,32.49,2741.54,1465.57,0,,Transportation,Y,Kedah,Malay,M,SINGLE,MALAYSIAN,Factory Worker,Bachelor Degree,2611.7,B,,Y,fail,fail,113872.21,Y
2026-09-02,19169403,00000000315,800000000315,20260826,Approve,20260924,348,1,D,136,11,3,8747,21,COUNTER,,101280.69,24246.6,125527.29,3486.87,10,7.98,36,Y,A,1693.15,1693.15,32,5,7,25487.4,84,12650.24,36.08,38.33,3927.2,56.76,59.11,947.9,1111.2,1,2010,Plantation,N,Sabah,Indian,F,MARRIED,MALAYSIAN,Contractor,Diploma,132.71,C,1,N,pass,fail,104209.31,Y
2026-09-02,24544037,00000000316,800000000316,20260828,Approve,20260910,795,2,F,150,19,,9330,28,TELEMARKETING,,13033.33,6357.66,19390.99,179.55,5,5.42,108,N,A,18611.43,18611.43,51,32,5,297980.04,36,174620.83,36.06,44.09,6397.77,33.33,41.71,2052.74,869.52,0,,Hospitality,N,Pulau Pinang,Malay,F,SINGLE,MALAYSIAN,Army Personnel,SPM,506.61,B,1,Y,fail,pass,17902.56,N
2026-09-02,99492116,00000000317,800000000317,20260901,Approve,20260916,532,1,C,160,14,1,6349,74,TELEMARKETING,,909.02,504.78,1413.8,13.09,5,6.17,108,-,A,14501.5,14501.5,47,19,9,228685.08,108,154359.0,36.08,42.3,7774.05,43.59,48.42,2268.71,366.56,0,,Government,N,Selangor,Malay,M,SINGLE,MALAYSIAN,Businessman,SPM,2610.56,A,1,Y,fail,fail,1079.09,Y
2026-09-02,74847454,00000000318,800000000318,20260831,Approve,20260831,402,2,C,192,29,2,5253,49,WEBSITE,,82694.47,50162.47,132856.94,1230.16,0,6.74,108, ,A,3943.35,3943.35,46,10,9,55486.44,108,23873.37,31.09,40.31,4569.45,35.7,42.43,2186.87,1770.14,1,,Construction,Y,Terengganu,Malay,F,MARRIED,MALAYSIAN,Army Personnel,Primary,1567.81,,1,N,pass,fail,100529.62,Y
2026-09-02,64014743,00000000319,800000000319,20260827,Approve,20260829,758,4,B,101,22,,8591,33,WEBSITE,,22304.34,3506.24,25810.58,716.96,5,5.24,36, ,A,24762.14,24762.14,33,0,4,349820.28,12,76885.36,11.18,17.28,3756.99,7.7,14.09,2836.58,1200.86,3,,Agriculture,Y,Melaka,Malay,M,MARRIED,MALAYSIAN,Self-Employed,SPM,755.2,C,,N,fail,pass,28098.94,Y
2026-09-02,33317675,00000000320,800000000320,20260827,Approve,20260921,323,4,B,126,25,,6746,68,MOBILE_APP,,73055.52,15582.74,88638.26,2462.17,0,7.11,36, ,A,10463.97,10463.97,33,8,2,163626.6,84,73017.29,36.76,45.44,1478.74,43.06,48.31,1844.46,685.53,3,,Oil & Gas,Y,Sabah,Malay,F,MARRIED,MALAYSIAN,Security Guard,Diploma,1563.8,A,1,N,pass,pass,117622.38,N
2026-09-02,47574724,00000000321,800000000321,20260827,Approve,20260902,767,3,C,102,18,2,7001,44,COUNTER,,10642.44,3208.7,13851.14,230.85,30,6.03,60,-,A,10549.48,10549.48,49,8,31,164795.52,12,57922.5,29.74,36.88,5971.24,30.67,37.37,1672.64,742.34,5,,Agriculture,Y,Perlis,Malay,M,MARRIED,MALAYSIAN,Security Guard,SPM,4815.67,A,1,N,pass,fail,16621.44,N
2026-09-02,17433978,00000000322,800000000322,20260830,Approve,20260907,860,1,A,149,10,1,8907,66,TELEMARKETING,,50618.49,15059.0,65677.49,781.87,10,4.25,84,Y,A,18351.38,18351.38,36,10,7,274929.24,12,25576.69,10.42,16.83,5261.41,7.71,12.99,316.08,235.24,0,,Food & Beverage,Y,Pahang,Malay,M,SINGLE,MALAYSIAN,Clerk,PhD,4857.6,B,1,Y,fail,fail,59992.7,N
2026-09-02,89287426,00000000323,800000000323,20260826,Approve,20260903,600,2,F,144,16,,4205,51,WEBSITE,,109490.41,66712.51,176202.92,1631.51,10,6.77,108,N,A,22614.55,22614.55,21,1,0,358431.6,12,181453.11,25.52,27.82,5674.05,30.02,31.4,2055.41,1586.37,0,,Telecommunications,N,Perak,Indian,M,SINGLE,MALAYSIAN,Driver,SPM,189.13,C,,N,fail,fail,111055.6,Y
2026-09-02,80512681,00000000324,800000000324,20260901,Approve,20260917,706,1,D,149,32,3,8344,14,MOBILE_APP,,85725.19,22374.27,108099.46,1801.66,0,5.22,60,-,A,10377.94,10377.94,41,22,7,143307.24,12,39427.86,34.95,38.14,4848.85,43.21,44.25,2234.65,1956.94,4,2017,Manufacturing,Y,Perak,Chinese,F,MARRIED,MALAYSIAN,Retail Assistant,SPM,348.02,C,1,Y,fail,pass,142189.1,N
2026-09-02,47325155,00000000325,800000000325,20260829,Approve,20260927,579,1,C,157,22,2,6257,96,MOBILE_APP,,127875.67,50306.29,178181.96,2121.21,0,5.62,84,Y,A,7455.95,7455.95,36,11,15,112201.32,12,25938.21,20.94,24.18,2683.36,25.09,27.86,1263.15,1441.52,2,,Government,Y,Kedah,Chinese,F,MARRIED,MALAYSIAN,Retail Assistant,Diploma,2823.46,,,N,fail,fail,141610.98,Y
2026-09-02,53258571,00000000326,800000000326,20260831,Approve,20260910,190,1,B,141,33,2,9469,82,COUNTER,,32734.47,18583.36,51317.83,610.93,5,8.11,84,-,A,2468.89,2468.89,58,18,0,37809.24,108,43673.27,53.86,59.86,2750.37,61.08,62.3,1485.18,1050.11,1,,Telecommunications,Y,Perak,Malay,M,MARRIED,MALAYSIAN,Administrator,SPM,2662.59,B,1,Y,pass,pass,50688.44,N
2026-09-02,57270850,00000000327,800000000327,20260827,Approve,20260913,774,1,E,105,12,,8886,99,PARTNER,,43045.52,16180.81,59226.33,705.08,0,5.37,84,N,A,23727.89,23727.89,47,13,3,347088.72,60,104541.23,15.18,21.35,4522.48,14.28,21.27,278.88,1338.74,0,2025,Professional Services,N,Negeri Sembilan,Malay,F,SINGLE,MALAYSIAN,Security Guard,Bachelor Degree,2735.78,A,1,N,pass,fail,69642.19,N
2026-09-02,10798977,00000000328,800000000328,20260901,Approve,20260926,764,2,D,103,35,,8908,91,PARTNER,,38491.03,20681.23,59172.26,547.89,30,5.97,108,-,A,23033.26,23033.26,35,9,3,323120.76,84,120426.43,7.0,16.31,3934.07,5,9.79,1370.91,1687.97,0,,Education,Y,Kuala Lumpur,Chinese,F,SINGLE,MALAYSIAN,Doctor,SPM,1284.28,B,,N,pass,pass,51725.54,N
2026-09-02,23125005,00000000329,800000000329,20260831,Approve,20260908,808,3,C,192,19,1,8467,59,WEBSITE,,78429.59,28767.97,107197.56,1276.16,5,5.24,84,N,A,22778.0,22778.0,25,3,5,339104.4,36,75218.23,14.75,20.69,2369.83,16.18,19.54,1528.62,1892.43,2,2016,Government,Y,Kuala Lumpur,Chinese,F,MARRIED,MALAYSIAN,Technician,SPM,2673.57,,1,N,pass,pass,109201.18,N
2026-09-02,81864134,00000000330,800000000330,20260829,Approve,20260906,894,2,C,182,22,,1078,50,WEBSITE,,88492.79,28184.95,116677.74,1389.02,30,4.55,84, ,A,24420.6,24420.6,42,0,15,388621.92,60,62232.54,15.55,18.17,5303.93,11.44,21.79,378.79,479.14,4,,Wholesale,N,Johor,Indian,F,MARRIED,MALAYSIAN,Lecturer,SPM,4576.77,C,,N,pass,fail,138951.58,N
2026-09-02,12048834,00000000331,800000000331,20260829,Approve,20260919,796,1,C,158,35,1,8448,93,WEBSITE,,8035.69,2812.49,10848.18,129.15,5,5.0,84,Y,A,13423.3,13423.3,39,18,20,205812.12,108,96444.21,23.19,32.66,6111.03,23.25,30.65,1476.84,1139.02,5,2020,Retail Trade,Y,Selangor,Indian,F,MARRIED,MALAYSIAN,Teacher,Diploma,2328.42,,,N,pass,pass,9350.33,N
2026-09-02,30755286,00000000332,800000000332,20260828,Approve,20260923,701,4,B,134,25,1,3507,13,COUNTER,,7678.56,3499.12,11177.68,133.07,5,6.51,84, ,A,17545.02,17545.02,29,7,1,254592.6,84,100572.71,30.06,39.03,5279.78,26.6,37.53,251.79,487.97,1,2020,Government,N,Sabah,Chinese,F,SINGLE,MALAYSIAN,Manager,Bachelor Degree,1097.96,C,,Y,fail,pass,10419.78,N
2026-09-02,12491156,00000000333,800000000333,20260902,Approve,20260906,540,1,G,150,33,1,6788,52,PARTNER,,55504.89,11755.94,67260.83,1868.36,30,7.06,36,-,A,3525.57,3525.57,45,21,13,48822.6,108,44825.13,33.37,37.22,4394.46,34.4,43.89,1261.87,1346.3,0,,Government,N,Selangor,Malay,M,MARRIED,MALAYSIAN,Supervisor,SPM,2115.15,A,1,Y,pass,pass,90089.52,Y
2026-09-02,70077945,00000000334,800000000334,20260902,Approve,20260919,911,1,D,127,32,,5760,87,PARTNER,,4693.0,1243.64,5936.64,98.94,10,5.3,60,-,A,21840.28,21840.28,22,0,4,352044.12,36,86089.73,10.13,15.54,931.94,5,13.86,1821.89,1815.01,0,,Government,Y,Kedah,Malay,M,MARRIED,MALAYSIAN,Manager,Bachelor Degree,490.61,,1,Y,pass,pass,5389.44,Y
2026-09-02,48619731,00000000335,800000000335,20260827,Approve,20260926,380,4,A,128,20,3,9133,36,MOBILE_APP,,111921.48,62351.46,174272.94,1613.64,0,6.19,108,-,A,3748.34,3748.34,44,5,24,52959.24,84,36104.15,33.96,43.17,1732.71,28.46,38.45,2779.05,1452.1,2,,Education,Y,Kuala Lumpur,Malay,F,MARRIED,MALAYSIAN,Doctor,SPM,1972.55,A,,Y,pass,fail,123601.83,Y
2026-09-02,75874779,00000000336,800000000336,20260902,Approve,20260913,349,4,B,115,25,3,4021,82,WEBSITE,,29021.57,6434.08,35455.65,984.88,30,7.39,36,N,A,15913.96,15913.96,38,5,0,235457.16,108,106632.08,36.56,38.93,3266.22,57.18,58.24,1095.78,1835.88,3,,Financial Services,Y,Sarawak,Chinese,F,MARRIED,MALAYSIAN,Civil Servant,SPM,596.96,A,1,Y,fail,pass,36464.38,Y
2026-09-02,11868577,00000000337,800000000337,20260827,Approve,20260903,819,4,E,123,14,1,5978,36,COUNTER,,89340.07,40122.63,129462.7,1198.73,0,4.99,108,Y,A,12821.23,12821.23,54,27,9,178413.96,84,36088.55,19.78,21.52,7539.12,18.16,22.39,2453.41,1867.63,3,2010,Retail Trade,Y,Kelantan,Malay,F,MARRIED,MALAYSIAN,Factory Worker,STPM,3076.49,A,,N,pass,pass,108979.34,N
2026-09-02,43026667,00000000338,800000000338,20260831,Approve,20260913,741,4,F,111,30,,6716,45,COUNTER,,131193.83,66003.62,197197.45,1825.9,10,5.59,108, ,A,18290.9,18290.9,22,0,4,273842.16,84,110014.0,10.78,14.93,7720.04,14.93,16.59,2977.3,958.77,1,,Healthcare,Y,Pahang,Malay,M,SINGLE,MALAYSIAN,Driver,SPM,4359.36,C,,N,fail,pass,134523.55,Y
2026-09-02,13867351,00000000339,800000000339,20260829,Approve,20260905,688,2,D,150,13,3,4340,39,COUNTER,,28023.42,6543.47,34566.89,576.11,30,4.67,60,N,A,14751.86,14751.86,48,13,17,227856.96,36,91943.12,30.26,31.6,4753.11,24.76,35.91,1929.92,1710.27,1,,Oil & Gas,N,Selangor,Malay,F,MARRIED,MALAYSIAN,IT Executive,Diploma,3252.27,A,1,Y,pass,pass,36971.11,N
2026-09-02,23801136,00000000340,800000000340,20260901,Approve,20260926,592,3,G,156,29,1,3620,75,WEBSITE,,39461.77,6984.73,46446.5,1290.18,30,5.9,36,N,A,19863.51,19863.51,34,0,0,277541.52,36,78036.45,27.82,35.7,2963.66,23.59,33.37,1463.07,308.66,0,,Manufacturing,N,Johor,Malay,M,MARRIED,MALAYSIAN,Driver,Diploma,4465.67,B,1,N,pass,pass,41081.04,Y
2026-09-02,38049990,00000000341,800000000341,20260830,Approve,20260928,789,3,B,182,33,1,8596,84,COUNTER,,18674.33,3355.78,22030.11,611.95,20,5.99,36,N,A,19459.8,19459.8,57,23,1,286072.8,36,106231.25,16.45,25.78,1459.51,20.91,24.85,1746.91,1573.94,1,,Hospitality,Y,Sarawak,Malay,M,MARRIED,MALAYSIAN,Administrator,STPM,2212.21,B,1,Y,fail,pass,21185.37,Y
2026-09-02,43131736,00000000342,800000000342,20260828,Approve,20260829,819,3,B,152,10,,2365,27,TELEMARKETING,,111415.25,17581.33,128996.58,3583.24,10,5.26,36,Y,A,22720.15,22720.15,33,7,5,323562.6,12,93924.26,27.74,35.07,2664.94,21.33,31.33,686.92,1217.05,0,2021,Financial Services,Y,Negeri Sembilan,Malay,M,SINGLE,MALAYSIAN,Army Personnel,Diploma,2304.32,A,,Y,pass,fail,128573.01,N
2026-09-02,69507748,00000000343,800000000343,20260828,Approve,20260908,730,4,A,176,10,,3515,39,WEBSITE,,66882.19,23502.4,90384.59,1076.01,10,5.02,84,-,A,4851.97,4851.97,54,31,26,77755.2,36,29211.99,23.36,31.53,6498.24,34.28,35.9,2882.18,364.62,4,,Professional Services,N,Melaka,Malay,F,DIVORCED,MALAYSIAN,Retail Assistant,Bachelor Degree,1087.14,,,N,pass,fail,111417.15,N
2026-09-02,45376362,00000000344,800000000344,20260828,Approve,20260901,618,3,D,102,27,3,1193,76,TELEMARKETING,,121444.9,22260.85,143705.75,3991.83,5,6.11,36, ,A,3459.47,3459.47,50,25,14,55580.64,36,23238.79,16.89,20.76,1898.68,15.92,26.02,924.75,1414.76,1,,Construction,Y,Terengganu,Indian,M,WIDOWED,MALAYSIAN,Security Guard,STPM,1788.07,C,1,Y,pass,pass,133630.65,Y
2026-09-02,84348135,00000000345,800000000345,20260827,Approve,20260914,952,2,G,178,13,,2246,41,TELEMARKETING,,58319.28,26138.7,84457.98,782.02,5,4.98,108,Y,A,24293.52,24293.52,39,10,1,344593.68,36,61762.03,13.67,21.5,4730.74,7.67,15.19,124.38,319.67,0,,Government,Y,Sarawak,Others,F,SINGLE,MALAYSIAN,Army Personnel,Diploma,3933.8,B,1,N,pass,pass,60714.88,N
2026-09-02,62744287,00000000346,800000000346,20260829,Approve,20260919,607,1,E,154,35,3,3420,52,TELEMARKETING,,36246.44,19083.75,55330.19,512.32,5,5.85,108,N,A,4373.59,4373.59,50,8,4,63004.08,36,51940.03,28.56,29.9,5431.43,40.13,44.18,2135.43,1314.41,0,,Professional Services,Y,Kelantan,Malay,F,SINGLE,MALAYSIAN,Factory Worker,Primary,2558.44,C,,N,fail,fail,51333.35,Y
2026-09-02,66773510,00000000347,800000000347,20260830,Approve,20260920,742,1,C,115,13,3,7118,80,COUNTER,,68097.91,19544.1,87642.01,1460.7,10,5.74,60,-,A,11978.54,11978.54,35,3,8,189694.56,60,89578.89,35.04,36.58,1078.23,32.69,43.99,125.74,1553.63,2,2024,Construction,Y,Pulau Pinang,Chinese,F,MARRIED,MALAYSIAN,Chef,SPM,2722.22,B,1,N,pass,pass,83254.59,N
2026-09-02,41567251,00000000348,800000000348,20260901,Approve,20260926,490,1,E,151,21,1,1466,44,PARTNER,,74301.48,14555.66,88857.14,2468.25,20,6.53,36,-,A,16230.48,16230.48,52,11,26,259198.56,12,131329.02,33.73,42.45,1652.96,38.5,48.94,1335.95,1452.59,3,,Telecommunications,N,Melaka,Malay,M,MARRIED,MALAYSIAN,Supervisor,Certificate,4608.38,B,1,N,fail,fail,118125.63,N
2026-09-02,70580360,00000000349,800000000349,20260901,Approve,20260916,866,2,E,116,33,2,2915,78,WEBSITE,,44577.34,10185.92,54763.26,912.72,5,4.57,60, ,A,14176.77,14176.77,42,17,13,229511.88,36,65537.72,28.11,38.0,6977.89,25.18,37.03,2963.49,1745.15,0,,Telecommunications,Y,Johor,Malay,M,SINGLE,MALAYSIAN,Sales Executive,SPM,3243.13,B,1,N,fail,pass,67148.47,N
2026-09-02,30188465,00000000350,800000000350,20260830,Approve,20260904,726,3,E,161,35,1,2641,50,COUNTER,,25225.19,11669.17,36894.36,341.61,0,5.14,108,-,A,24347.63,24347.63,36,12,11,337604.28,12,168572.98,28.39,36.58,1312.66,32.0,34.13,1672.72,1586.29,1,,Plantation,N,Selangor,Malay,M,MARRIED,MALAYSIAN,Retail Assistant,SPM,3834.2,B,,N,fail,pass,27142.21,N
2026-09-02,10903018,00000000351,800000000351,20260829,Approve,20260909,453,4,F,143,14,3,8189,16,WEBSITE,,98605.31,20056.32,118661.63,3296.16,5,6.78,36, ,A,10613.42,10613.42,48,4,26,156318.84,84,53295.91,46.82,48.14,2405.54,44.43,52.19,30.49,855.78,3,2016,Hospitality,N,Kedah,Chinese,F,MARRIED,MALAYSIAN,Sales Executive,Diploma,1633.48,A,,Y,pass,fail,140238.26,N
2026-09-02,15459004,00000000352,800000000352,20260828,Approve,20260915,589,1,G,199,27,1,9007,25,TELEMARKETING,,49338.61,14160.18,63498.79,1058.31,10,5.74,60,-,A,16735.18,16735.18,28,10,0,243237.72,60,171514.05,23.73,29.16,7468.7,25.63,27.58,2360.53,341.96,1,,Professional Services,N,Perak,Malay,M,SINGLE,MALAYSIAN,Businessman,SPM,2632.42,,1,Y,fail,fail,52251.83,Y
2026-09-02,98652603,00000000353,800000000353,20260830,Approve,,925,4,E,130,19,,7310,43,MOBILE_APP,,34711.36,9615.05,44326.41,738.77,10,5.54,60,N,A,20320.05,20320.05,21,2,2,304859.76,60,94451.52,23.0,24.85,6517.55,24.51,34.93,546.01,1121.24,1,,Oil & Gas,Y,Kelantan,Chinese,F,MARRIED,MALAYSIAN,Clerk,Bachelor Degree,751.73,C,,N,pass,pass,35252.95,Y
2026-09-02,11906567,00000000354,800000000354,20260830,Approve,20260903,945,2,C,184,31,1,4124,69,WEBSITE,,83738.72,18422.52,102161.24,1702.69,10,4.4,60,-,A,20195.01,20195.01,60,17,1,279184.92,108,61271.73,30.04,39.57,6844.72,24.3,33.43,1406.0,906.7,0,,Professional Services,Y,Johor,Malay,M,SINGLE,MALAYSIAN,Chef,Master Degree,3138.83,B,,N,fail,fail,112497.73,N
2026-09-02,67612115,00000000355,800000000355,20260901,Approve,20260924,920,3,G,135,25,1,5186,55,PARTNER,,44403.57,6860.35,51263.92,1424.0,0,5.15,36,-,A,3169.02,3169.02,54,28,36,48324.48,12,14374.87,12.04,21.46,4049.22,12.44,18.52,555.19,1308.68,1,,Financial Services,Y,Selangor,Malay,F,SINGLE,MALAYSIAN,Manager,Bachelor Degree,4461.19,A,,Y,pass,pass,45215.32,Y
2026-09-02,20405441,00000000356,800000000356,20260901,Approve,20260911,709,2,E,111,27,,2866,26,COUNTER,,57117.82,15964.43,73082.25,1218.04,0,5.59,60, ,A,14561.0,14561.0,39,13,20,228824.28,84,68577.95,27.14,32.45,4040.55,25.26,33.3,1361.48,312.94,4,,Construction,N,Johor,Chinese,M,MARRIED,MALAYSIAN,Doctor,Diploma,152.83,A,1,Y,pass,pass,60107.43,N
2026-09-02,60579208,00000000357,800000000357,20260901,Approve,20260908,621,3,C,152,20,3,3276,86,WEBSITE,,116739.11,62828.99,179568.1,1662.67,5,5.98,108,-,A,16881.68,16881.68,60,5,31,239613.0,36,103390.82,24.76,26.63,6781.44,21.35,32.35,1060.73,1771.23,3,,Manufacturing,Y,Sarawak,Malay,M,MARRIED,MALAYSIAN,Teacher,Diploma,1507.65,C,,N,fail,fail,120416.34,N
2026-09-02,54281221,00000000358,800000000358,20260826,Approve,20260906,702,1,B,114,20,,1897,63,WEBSITE,,110532.96,18470.06,129003.02,3583.42,30,5.57,36,Y,A,12742.1,12742.1,46,16,21,179354.76,84,63378.02,23.24,29.39,7434.23,24.96,29.0,296.25,257.17,0,,Telecommunications,Y,Kuala Lumpur,Malay,F,SINGLE,MALAYSIAN,Chef,Bachelor Degree,2426.24,A,,N,pass,pass,139714.03,N
2026-09-02,44635993,00000000359,800000000359,20260828,Approve,20260905,823,4,A,106,21,2,3243,50,WEBSITE,,7328.23,3713.21,11041.44,102.24,20,5.63,108,N,A,23693.71,23693.71,31,9,8,383237.88,60,154774.89,18.61,23.19,6565.99,21.52,26.29,2346.91,890.63,0,,Real Estate,Y,Kelantan,Chinese,F,SINGLE,MALAYSIAN,Technician,SPM,2275.87,C,,N,pass,pass,9294.39,Y
2026-09-02,96073512,00000000360,800000000360,20260828,Approve,20260901,902,4,E,146,17,1,9308,30,PARTNER,,99640.17,45555.49,145195.66,1344.4,5,5.08,108,N,A,21694.51,21694.51,36,13,14,326175.12,60,64861.59,11.6,16.32,7468.64,7.76,14.01,523.06,819.4,2,,Food & Beverage,Y,Sarawak,Malay,M,MARRIED,MALAYSIAN,Driver,STPM,2650.52,C,1,N,fail,fail,136547.58,N
2026-09-02,43183955,00000000361,800000000361,20260831,Approve,20260908,731,1,E,114,21,1,1481,66,TELEMARKETING,,9218.96,3504.13,12723.09,151.47,5,5.43,84, ,A,8467.67,8467.67,52,25,22,130025.4,12,59608.19,20.5,24.99,7376.0,18.81,24.52,1298.91,1215.26,0,,Construction,N,Johor,Malay,F,SINGLE,MALAYSIAN,Security Guard,Diploma,3904.54,B,,Y,pass,pass,14894.21,N
2026-09-02,16808176,00000000362,800000000362,20260902,Approve,20261001,655,3,B,180,23,1,2969,76,MOBILE_APP,,30702.56,9103.31,39805.87,663.43,30,5.93,60, ,A,15457.29,15457.29,53,34,6,245897.76,12,150876.22,23.28,26.97,4249.11,21.6,30.84,1837.22,1471.57,0,,Retail Trade,N,Selangor,Malay,M,MARRIED,MALAYSIAN,Administrator,SPM,3294.2,A,1,N,fail,fail,50017.91,N
2026-09-02,39249638,00000000363,800000000363,20260829,Approve,20260913,476,1,D,107,21,1,9190,40,MOBILE_APP,,17856.08,6204.99,24061.07,401.02,20,6.95,60, ,A,21381.73,21381.73,31,7,2,311384.64,36,108061.04,33.38,41.63,5634.27,48.0,49.27,327.25,1400.03,0,2014,Agriculture,N,Melaka,Chinese,F,SINGLE,MALAYSIAN,Technician,Diploma,558.34,,1,Y,fail,fail,24030.41,N
2026-09-02,52332948,00000000364,800000000364,20260826,Approve,20260920,749,3,C,105,34,3,8073,87,MOBILE_APP,,16332.24,6070.69,22402.93,266.7,10,5.31,84,N,A,19278.21,19278.21,65,33,36,299262.48,12,89706.75,30.12,34.56,2524.18,37.28,39.71,1650.63,1778.83,1,2017,Healthcare,Y,Selangor,Malay,M,MARRIED,MALAYSIAN,Accountant,Diploma,4356.34,B,1,N,fail,fail,26854.26,Y
2026-09-02,24919279,00000000365,800000000365,20260902,Approve,20261001,756,3,D,194,31,3,7687,26,PARTNER,,63779.18,11212.38,74991.56,2083.1,0,5.86,36,N,A,16549.26,16549.26,46,27,13,229745.76,60,87784.61,25.82,31.36,2203.12,28.09,38.59,1198.66,1220.9,0,2014,Oil & Gas,N,Pahang,Malay,F,SINGLE,MALAYSIAN,Manager,Diploma,82.8,A,,Y,pass,pass,70389.45,N
2026-09-02,72031070,00000000366,800000000366,20260826,Approve,20260829,789,2,G,138,23,1,4358,68,WEBSITE,,44986.89,18516.6,63503.49,755.99,30,5.88,84, ,A,20926.29,20926.29,28,1,4,336305.28,60,120058.19,19.99,25.22,4162.13,20.42,27.87,1604.44,486.68,2,,Plantation,Y,Kuala Lumpur,Malay,F,MARRIED,MALAYSIAN,Sales Executive,Bachelor Degree,1336.66,,1,N,fail,pass,74329.57,N
2026-09-02,78765957,00000000367,800000000367,20260902,Approve,20260919,790,3,F,120,24,1,2472,34,COUNTER,,69819.59,18816.38,88635.97,1477.27,5,5.39,60,Y,A,10501.41,10501.41,38,10,0,149176.32,84,84045.57,14.82,22.28,3629.48,17.38,18.57,1730.72,750.42,2,,Financial Services,Y,Perak,Chinese,F,MARRIED,MALAYSIAN,Nurse,Diploma,415.91,C,1,Y,pass,fail,82153.97,N
2026-09-02,84151353,00000000368,800000000368,20260826,Approve,20260917,494,4,B,136,10,,8382,34,PARTNER,,86590.09,17768.29,104358.38,2898.84,20,6.84,36, ,A,7565.89,7565.89,53,3,6,110167.56,36,91087.37,33.24,39.39,4216.66,39.28,43.05,1933.05,680.96,0,,Healthcare,N,Selangor,Chinese,F,SINGLE,MALAYSIAN,Retail Assistant,Bachelor Degree,4284.69,B,,Y,pass,fail,141649.14,N
2026-09-02,10106162,00000000369,800000000369,20260901,Approve,20260911,904,1,G,107,13,3,4218,26,MOBILE_APP,,28091.66,13981.22,42072.88,389.56,20,5.53,108,Y,A,19790.48,19790.48,34,10,14,301293.0,108,119152.45,20.84,30.12,5698.29,17.58,28.71,2319.91,4.95,2,,Telecommunications,Y,Sarawak,Malay,M,WIDOWED,MALAYSIAN,Chef,Bachelor Degree,1509.69,B,,Y,pass,pass,37870.44,Y
2026-09-02,95972162,00000000370,800000000370,20260827,Approve,20260917,843,4,A,139,32,1,4356,84,WEBSITE,,80317.33,28841.95,109159.28,1299.52,0,5.13,84,N,A,20136.04,20136.04,39,14,2,294165.6,84,65121.84,20.25,30.04,2330.68,14.89,26.27,1717.27,1555.98,0,,Retail Trade,Y,Sabah,Indian,M,MARRIED,MALAYSIAN,Retail Assistant,Certificate,482.39,,1,N,pass,pass,112567.72,Y
2026-09-02,65343779,00000000371,800000000371,20260831,Approve,20260925,715,3,G,167,28,1,5677,91,PARTNER,,10115.01,3125.54,13240.55,220.68,10,6.18,60,N,A,9739.12,9739.12,48,19,21,144775.08,84,86059.67,17.89,22.29,3445.59,28.36,29.78,141.72,775.75,2,2011,Financial Services,N,Kuala Lumpur,Malay,F,SINGLE,MALAYSIAN,Accountant,Bachelor Degree,845.65,A,,Y,pass,pass,16286.72,Y
2026-09-02,62867069,00000000372,800000000372,20260902,Approve,20260914,908,4,G,117,29,1,3595,56,COUNTER,,104526.02,24145.51,128671.53,2144.53,5,4.62,60,N,A,23640.04,23640.04,54,18,23,357333.72,108,145349.86,6.78,14.53,4465.61,5,8,2668.08,1391.0,0,2025,Food & Beverage,N,Melaka,Malay,M,SINGLE,MALAYSIAN,Clerk,Bachelor Degree,4344.99,A,1,N,pass,pass,147244.43,N
2026-09-02,88681207,00000000373,800000000373,20260902,Approve,20260927,914,4,B,139,15,3,5188,28,WEBSITE,,29420.45,12127.11,41547.56,384.7,10,4.58,108, ,A,24769.69,24769.69,30,1,6,363501.48,60,69993.23,23.29,32.65,6710.22,22.43,26.89,827.74,1474.26,3,,Financial Services,N,Pahang,Malay,F,MARRIED,MALAYSIAN,Manager,Certificate,807.79,,1,Y,fail,fail,32240.68,Y
2026-09-02,22276205,00000000374,800000000374,20260827,Approve,20260830,999,2,G,182,16,3,4563,48,PARTNER,,55138.42,7212.11,62350.53,1731.96,30,4.36,36,Y,A,24934.49,24934.49,61,15,14,373278.6,60,62310.14,19.37,28.16,1793.72,14.37,24.86,1521.87,88.83,3,,Agriculture,Y,Terengganu,Malay,F,MARRIED,MALAYSIAN,Chef,STPM,4506.58,B,,N,fail,pass,72209.04,N
2026-09-02,62679601,00000000375,800000000375,20260901,Approve,20260906,729,2,G,106,24,3,4257,61,COUNTER,,64675.92,24538.04,89213.96,1062.07,20,5.42,84,-,A,13083.09,13083.09,57,29,15,182745.6,60,32380.83,30.16,32.33,710.17,36.7,38.44,655.28,877.29,2,,Plantation,Y,Perak,Chinese,M,MARRIED,MALAYSIAN,Sales Executive,Bachelor Degree,1148.68,C,,N,fail,fail,98739.7,N
2026-09-02,51783341,00000000376,800000000376,20260827,Approve,20260908,892,4,D,186,29,,9402,21,WEBSITE,,27982.49,10955.14,38937.63,360.53,0,4.35,108, ,A,20915.1,20915.1,61,12,20,319850.28,60,59818.65,13.7,15.23,3845.19,12.89,18.91,2497.96,384.74,0,2019,Manufacturing,Y,Kuala Lumpur,Malay,F,MARRIED,MALAYSIAN,Police Officer,Bachelor Degree,527.73,A,,Y,pass,fail,28479.84,N
2026-09-02,62585749,00000000377,800000000377,20260831,Approve,20260916,683,2,C,196,20,2,5297,14,WEBSITE,,3894.39,1553.86,5448.25,64.86,10,5.7,84, ,A,16811.13,16811.13,36,16,11,236453.16,84,67580.0,25.08,33.99,3084.79,27.84,30.95,2782.29,698.56,0,,Government,N,Johor,Chinese,F,MARRIED,MALAYSIAN,Accountant,SPM,951.33,B,1,N,fail,fail,5966.05,N
2026-09-02,70297305,00000000378,800000000378,20260902,Approve,20261002,815,2,G,190,29,1,8535,88,TELEMARKETING,,6054.33,860.93,6915.26,192.09,0,4.74,36,N,A,15202.91,15202.91,50,16,28,223410.36,36,44115.28,25.46,31.74,4029.56,25.72,31.06,871.7,1991.42,3,,Plantation,Y,Pahang,Chinese,M,MARRIED,MALAYSIAN,Self-Employed,SPM,1521.01,A,,N,fail,fail,6215.87,N
2026-09-02,96048381,00000000379,800000000379,20260901,Approve,20260914,508,1,B,119,33,,3008,25,MOBILE_APP,,26054.22,5307.24,31361.46,871.15,30,6.79,36,N,A,10064.86,10064.86,37,15,7,139554.24,12,102630.17,26.3,35.78,2657.95,29.48,37.55,517.74,1250.95,1,,Healthcare,N,Selangor,Malay,F,MARRIED,MALAYSIAN,Chef,Diploma,1213.98,C,1,Y,pass,pass,36758.91,Y
2026-09-02,67392300,00000000380,800000000380,20260831,Approve,20260927,499,3,A,116,31,2,6085,48,TELEMARKETING,,2450.05,1437.69,3887.74,36.0,20,6.52,108, ,A,10420.97,10420.97,48,13,29,149376.6,36,54730.12,42.5,48.25,6791.56,44.41,47.94,1599.07,370.28,2,,Construction,N,Perak,Indian,M,MARRIED,MALAYSIAN,Doctor,Certificate,3103.45,B,1,Y,fail,pass,3942.81,N
2026-09-02,28405833,00000000381,800000000381,20260831,Approve,20260917,840,3,G,159,24,2,2466,32,TELEMARKETING,,62429.77,9570.48,72000.25,2000.01,10,5.11,36,N,A,10891.25,10891.25,62,1,35,152292.96,60,42051.02,15.14,18.29,5450.63,6.38,17.72,2972.55,419.35,1,,Manufacturing,N,Pulau Pinang,Chinese,F,MARRIED,MALAYSIAN,Army Personnel,Bachelor Degree,3943.75,B,1,Y,fail,fail,98789.39,Y
2026-09-02,95032438,00000000382,800000000382,20260831,Approve,20260908,928,1,E,165,18,2,6733,86,TELEMARKETING,,16895.17,5369.29,22264.46,265.05,0,4.54,84,Y,A,16074.39,16074.39,47,11,29,248441.28,12,65684.63,16.1,25.97,1785.94,15.36,22.57,2874.83,1635.98,1,,Plantation,N,Kuala Lumpur,Malay,M,MARRIED,MALAYSIAN,Technician,Diploma,2914.96,C,,Y,pass,pass,17230.6,N
2026-09-02,44846904,00000000383,800000000383,20260902,Approve,20260914,835,4,G,152,35,2,5295,96,PARTNER,,56064.39,13455.45,69519.84,1158.66,20,4.8,60,Y,A,24404.96,24404.96,38,2,0,339643.44,36,103040.6,22.33,24.82,5963.8,24.2,27.06,2839.84,356.73,0,2016,Manufacturing,N,Perlis,Chinese,F,SINGLE,MALAYSIAN,Clerk,Bachelor Degree,4745.92,,,N,fail,fail,83111.13,N
2026-09-02,15003131,00000000384,800000000384,20260827,Approve,20260901,669,4,F,119,34,1,9927,42,TELEMARKETING,,1053.27,280.7,1333.97,22.23,10,5.33,60,-,A,22978.74,22978.74,51,28,19,355785.96,84,117800.26,19.87,28.32,2291.7,15.35,26.21,507.87,110.78,3,,Telecommunications,N,Selangor,Indian,F,MARRIED,MALAYSIAN,Clerk,Bachelor Degree,3250.34,A,,Y,fail,pass,1695.23,N
2026-09-02,90786882,00000000385,800000000385,20260901,Approve,20260923,829,2,G,181,29,3,5191,34,TELEMARKETING,,60627.84,24445.15,85072.99,1012.77,10,5.76,84,Y,A,20005.2,20005.2,39,4,7,289720.8,36,77436.04,11.62,20.0,4359.42,16.06,19.18,1829.61,359.55,0,,Government,N,Johor,Malay,F,SINGLE,MALAYSIAN,Sales Executive,STPM,2039.02,B,,Y,fail,pass,95311.6,N
2026-09-02,61588477,00000000386,800000000386,20260829,Approve,20260922,640,1,F,187,19,1,7323,59,COUNTER,,95819.93,29560.45,125380.38,2089.67,0,6.17,60,N,A,12839.14,12839.14,21,1,0,180634.8,36,119758.46,27.04,30.72,3403.99,25.37,36.6,730.04,489.24,0,,Food & Beverage,Y,Melaka,Chinese,M,MARRIED,MALAYSIAN,Nurse,Diploma,4424.21,B,,N,pass,fail,113626.19,N
2026-09-02,18135368,00000000387,800000000387,20260830,Approve,20260916,833,3,A,121,33,1,6171,80,PARTNER,,22017.63,10522.23,32539.86,301.3,10,5.31,108,-,A,15653.55,15653.55,24,6,3,242961.6,84,60053.22,26.73,30.39,4206.35,20.89,32.64,916.0,742.69,0,2022,Construction,N,Johor,Others,F,SINGLE,MALAYSIAN,Doctor,Bachelor Degree,1241.47,,1,N,fail,fail,22071.95,Y
2026-09-02,94257504,00000000388,800000000388,20260827,Approve,20260914,923,4,D,142,25,,9975,97,PARTNER,,65126.66,9905.76,75032.42,2084.23,5,5.07,36,Y,A,22181.72,22181.72,46,24,12,350602.44,60,100405.4,9.85,11.61,1361.53,6.94,15.74,1912.47,1003.39,3,,Food & Beverage,N,Kuala Lumpur,Malay,M,MARRIED,MALAYSIAN,Doctor,Bachelor Degree,4820.57,A,,Y,fail,fail,67273.59,Y
2026-09-02,45974306,00000000389,800000000389,20260831,Approve,20260912,877,4,E,172,25,2,3599,33,WEBSITE,,73581.98,24466.01,98047.99,1167.24,10,4.75,84,N,A,21569.69,21569.69,54,2,27,323304.48,108,38974.13,30.15,35.84,3472.75,35.81,37.6,973.48,162.89,1,2024,Plantation,N,Pahang,Malay,F,MARRIED,MALAYSIAN,Factory Worker,SPM,2596.0,C,1,N,pass,pass,120027.32,N
2026-09-02,66269520,00000000390,800000000390,20260827,Approve,20260913,609,1,C,155,34,1,9407,89,WEBSITE,,37500.98,10650.28,48151.26,802.52,5,5.68,60, ,A,17430.99,17430.99,65,24,26,247332.84,84,149240.72,20.52,24.08,7434.65,31.5,33.18,2429.38,1432.25,0,,Wholesale,N,Kedah,Indian,F,SINGLE,MALAYSIAN,Engineer,Bachelor Degree,249.59,A,,Y,fail,fail,56741.28,N
2026-09-02,51250234,00000000391,800000000391,20260902,Approve,20260906,724,4,D,149,35,2,1178,22,PARTNER,,30972.45,11122.21,42094.66,501.13,10,5.13,84, ,A,16161.0,16161.0,37,12,17,240623.76,12,132168.03,28.51,30.06,6605.05,25.4,35.85,2298.07,1217.75,0,,Manufacturing,Y,Selangor,Chinese,F,SINGLE,MALAYSIAN,Sales Executive,Bachelor Degree,1661.75,B,,N,fail,fail,31783.35,N
2026-09-02,23624248,00000000392,800000000392,20260902,Approve,20260902,178,1,C,151,34,,4409,72,PARTNER,,13970.45,9895.27,23865.72,220.98,30,7.87,108, ,A,8514.08,8514.08,29,6,4,128219.28,108,83022.59,38.94,46.2,866.18,36.82,48.78,1848.63,57.76,3,,Hospitality,N,Kedah,Malay,M,DIVORCED,MALAYSIAN,Self-Employed,Diploma,4059.96,C,1,N,fail,fail,14777.41,N
2026-09-02,17653238,00000000393,800000000393,20260827,Approve,20260830,813,4,A,115,28,,8803,45,COUNTER,,1133.92,417.51,1551.43,18.47,20,5.26,84,Y,A,8623.08,8623.08,47,15,21,125811.24,108,29755.73,18.73,21.9,6785.33,19.52,23.25,1628.97,1706.87,0,,Transportation,Y,Kelantan,Malay,M,SINGLE,MALAYSIAN,Clerk,Diploma,4238.28,A,1,N,pass,pass,1796.18,Y
2026-09-02,46811576,00000000394,800000000394,20260827,Approve,20260917,798,2,A,153,31,,8795,60,MOBILE_APP,,67437.03,18781.21,86218.24,1436.97,30,5.57,60,-,A,23434.64,23434.64,25,4,1,344061.6,84,70185.17,24.65,31.57,5843.28,29.19,30.87,2023.41,1043.29,3,,Oil & Gas,Y,Perak,Malay,M,MARRIED,MALAYSIAN,Supervisor,Certificate,4634.37,A,,Y,pass,pass,97365.0,N
2026-09-02,75122376,00000000395,800000000395,20260828,Approve,20260908,459,4,B,102,14,2,8655,60,COUNTER,,50358.87,17298.27,67657.14,1127.62,10,6.87,60,-,A,9862.58,9862.58,24,2,1,155964.48,60,120076.17,43.85,48.7,5731.6,42.36,49.86,3.14,507.51,0,2013,Manufacturing,N,Selangor,Chinese,F,MARRIED,MALAYSIAN,Lecturer,SPM,1045.2,C,,N,fail,pass,82235.32,Y
2026-09-02,78801845,00000000396,800000000396,20260828,Approve,20260914,347,3,D,134,20,3,4118,64,TELEMARKETING,,53951.19,11507.79,65458.98,1818.31,10,7.11,36, ,A,6502.91,6502.91,65,1,20,103920.6,84,56010.0,38.07,39.33,1445.48,36.82,47.54,2416.97,810.38,0,2021,Construction,Y,Selangor,Malay,M,SINGLE,MALAYSIAN,Civil Servant,Bachelor Degree,2722.17,C,,Y,pass,pass,77670.17,Y
2026-09-02,51198679,00000000397,800000000397,20260830,Approve,20260927,828,1,F,144,17,2,1990,92,PARTNER,,94603.15,15268.95,109872.1,3052.0,10,5.38,36,N,A,20643.79,20643.79,45,7,3,326795.52,36,80020.45,15.31,24.17,4292.57,13.32,25.22,1328.55,1336.68,1,2014,Education,Y,Perak,Chinese,M,MARRIED,MALAYSIAN,Businessman,Bachelor Degree,4510.71,C,1,N,fail,pass,118665.26,Y
2026-09-02,96416288,00000000398,800000000398,20260902,Approve,20260929,416,1,B,126,11,1,9568,12,WEBSITE,,73653.61,15644.03,89297.64,2480.49,0,7.08,36, ,A,2197.28,2197.28,50,14,21,34417.2,60,22714.8,27.17,37.09,3977.03,39.79,43.55,2488.16,1244.9,3,,Manufacturing,Y,Pulau Pinang,Malay,M,MARRIED,MALAYSIAN,Lecturer,SPM,561.15,B,1,Y,fail,fail,88446.03,Y
2026-09-02,35460188,00000000399,800000000399,20260831,Approve,20260910,831,2,D,108,19,1,2347,48,WEBSITE,,14515.58,7224.4,21739.98,201.3,10,5.53,108, ,A,17185.83,17185.83,63,14,17,264313.2,84,77417.89,22.47,25.46,1212.51,25.21,31.02,575.9,1807.98,0,,Healthcare,Y,Negeri Sembilan,Indian,F,SINGLE,MALAYSIAN,Accountant,Bachelor Degree,3994.36,A,1,N,fail,pass,21518.12,Y
2026-09-02,27412946,00000000400,800000000400,20260829,Approve,20260911,410,4,A,131,24,1,3201,73,PARTNER,,16923.26,5669.29,22592.55,376.54,10,6.7,60,-,A,3507.42,3507.42,38,6,16,49759.44,84,29995.08,26.83,33.84,6358.15,33.25,38.36,2521.55,529.63,1,,Food & Beverage,N,Pulau Pinang,Chinese,F,MARRIED,MALAYSIAN,Accountant,SPM,491.53,A,,N,pass,pass,19923.72,N
2026-09-02,25578562,00000000401,800000000401,20260826,Approve,20260915,808,3,A,172,32,1,5211,25,PARTNER,,52679.49,27024.58,79704.07,738.0,0,5.7,108,-,A,20742.03,20742.03,34,2,13,334288.08,84,61981.57,20.98,22.14,6236.79,17.98,24.2,2647.21,1945.4,0,,Professional Services,N,Perak,Malay,M,SINGLE,MALAYSIAN,Contractor,SPM,3792.85,C,1,Y,pass,pass,80100.87,N
2026-09-02,36745578,00000000402,800000000402,20260902,Approve,20260930,456,2,A,110,32,,7897,66,PARTNER,,40565.56,7873.78,48439.34,1345.54,20,6.47,36, ,A,4252.58,4252.58,59,10,35,63386.52,84,21052.54,37.7,39.11,3325.08,49.27,51.94,1370.72,216.81,3,,Hospitality,Y,Sarawak,Malay,M,DIVORCED,MALAYSIAN,Civil Servant,Bachelor Degree,2916.37,C,1,N,pass,fail,63271.11,N
2026-09-02,65938288,00000000403,800000000403,20260830,Approve,20260916,663,4,G,169,19,1,4171,51,COUNTER,,56274.09,17332.42,73606.51,1226.78,0,6.16,60,N,A,14747.42,14747.42,21,2,2,208125.24,12,131152.65,21.94,29.63,6181.79,26.5,36.06,549.75,517.07,0,,Financial Services,Y,Negeri Sembilan,Malay,M,SINGLE,MALAYSIAN,Accountant,SPM,2502.8,A,,Y,fail,fail,64406.78,N
2026-09-02,20667011,00000000404,800000000404,20260902,Approve,20260918,691,4,E,196,14,1,7909,46,MOBILE_APP,,21771.8,8930.79,30702.59,365.51,0,5.86,84,-,A,14982.85,14982.85,49,24,15,211212.12,12,53649.45,24.55,27.69,4440.54,28.12,35.76,1521.61,1565.19,5,,Manufacturing,N,Kedah,Malay,F,MARRIED,MALAYSIAN,Driver,SPM,1874.31,,1,Y,fail,pass,28057.29,Y
2026-09-02,97378283,00000000405,800000000405,20260830,Approve,20260831,707,3,F,180,18,3,2942,34,MOBILE_APP,,32063.29,13107.47,45170.76,537.75,30,5.84,84,-,A,7107.22,7107.22,41,22,1,106778.28,60,57004.27,17.38,24.32,2012.89,15.23,26.38,1207.06,1287.68,0,2025,Agriculture,Y,Selangor,Indian,F,SINGLE,MALAYSIAN,IT Executive,Master Degree,1075.97,,1,Y,fail,fail,42707.01,N
2026-09-02,89222599,00000000406,800000000406,20260901,Approve,20260918,693,2,F,164,10,1,1356,71,TELEMARKETING,,99062.03,47965.83,147027.86,1361.37,0,5.38,108,Y,A,11168.51,11168.51,53,21,12,178609.32,60,62821.73,15.26,22.92,1938.95,12.04,17.76,1385.39,1039.16,0,,Education,N,Selangor,Chinese,M,SINGLE,MALAYSIAN,Accountant,Diploma,2117.72,,,Y,pass,pass,128414.37,Y
2026-09-02,61829701,00000000407,800000000407,20260902,Approve,20260919,765,3,G,102,17,,6723,98,PARTNER,,39752.85,8944.39,48697.24,811.62,10,4.5,60,N,A,6685.44,6685.44,60,1,30,100243.44,108,20498.9,6.97,12.77,7626.74,5,8,580.7,131.73,0,2022,Agriculture,N,Kuala Lumpur,Others,F,MARRIED,MALAYSIAN,Nurse,Diploma,2218.47,C,,Y,pass,pass,43087.53,Y
2026-09-02,86138371,00000000408,800000000408,20260901,Approve,20260930,751,2,F,154,28,3,4517,86,WEBSITE,,8882.92,4413.03,13295.95,123.11,20,5.52,108,Y,A,21745.2,21745.2,48,0,8,334406.16,108,96596.66,22.71,28.01,4861.57,22.95,31.86,371.84,1542.47,2,,Plantation,N,Selangor,Chinese,F,MARRIED,MALAYSIAN,Clerk,SPM,2179.55,B,,Y,fail,fail,14777.17,N
2026-09-02,33366938,00000000409,800000000409,20260827,Approve,20260905,498,3,B,199,30,1,7150,94,TELEMARKETING,,52364.56,30256.24,82620.8,765.01,20,6.42,108,N,A,14598.23,14598.23,38,9,3,227452.92,108,78070.95,37.8,42.83,2881.88,58.19,61.97,2462.11,1007.83,3,,Telecommunications,Y,Pulau Pinang,Malay,M,MARRIED,MALAYSIAN,Businessman,Diploma,1731.75,C,,Y,fail,fail,86379.21,N
2026-09-02,53481023,00000000410,800000000410,20260830,Approve,20260926,742,2,C,135,28,2,8913,97,COUNTER,,77650.34,22440.95,100091.29,1668.19,30,5.78,60,Y,A,17718.88,17718.88,57,19,11,249719.52,36,88592.39,28.29,37.3,2420.03,33.37,40.25,800.02,782.8,1,2021,Financial Services,N,Kuala Lumpur,Malay,F,SINGLE,MALAYSIAN,Manager,Master Degree,1542.88,B,1,Y,fail,pass,83890.16,Y
2026-09-02,40086794,00000000411,800000000411,20260901,Approve,20260913,742,4,F,150,12,3,4839,63,TELEMARKETING,,25568.9,4740.47,30309.37,841.93,10,6.18,36,-,A,16164.57,16164.57,46,28,28,239991.48,12,112628.06,29.56,37.17,4397.79,30.62,40.96,1540.61,982.58,3,2023,Manufacturing,Y,Sarawak,Malay,M,MARRIED,MALAYSIAN,Nurse,Master Degree,1848.81,,1,N,pass,pass,31444.5,Y
2026-09-02,35247526,00000000412,800000000412,20260827,Approve,20260909,754,2,D,127,10,3,2883,69,TELEMARKETING,,53240.43,7970.09,61210.52,1700.29,10,4.99,36, ,A,24350.45,24350.45,48,26,18,391144.32,12,131645.26,21.01,30.02,7273.84,19.55,25.65,891.55,1609.94,3,,Education,Y,Sarawak,Chinese,F,MARRIED,MALAYSIAN,Supervisor,Diploma,4224.79,B,1,Y,pass,fail,78742.09,Y
2026-09-02,63453807,00000000413,800000000413,20260901,Approve,20260904,830,1,C,191,16,3,4581,72,PARTNER,,44965.3,6542.45,51507.75,1430.77,10,4.85,36, ,A,13956.45,13956.45,43,9,1,198811.08,12,35698.81,18.07,26.81,1905.27,17.72,27.6,1193.06,214.32,1,2020,Manufacturing,Y,Selangor,Malay,M,DIVORCED,MALAYSIAN,Sales Executive,Master Degree,4089.95,C,1,N,fail,pass,60715.17,Y
2026-09-02,33049268,00000000414,800000000414,20260901,Approve,20260917,741,1,F,120,26,3,9605,14,WEBSITE,,91501.86,14713.5,106215.36,2950.43,5,5.36,36,N,A,16839.35,16839.35,35,11,12,257424.12,84,65894.28,16.63,22.82,2838.85,22.08,27.3,2956.74,1221.44,2,2024,Real Estate,Y,Negeri Sembilan,Chinese,F,MARRIED,MALAYSIAN,Lecturer,SPM,636.68,C,,Y,pass,fail,147877.01,Y
2026-09-02,99204909,00000000415,800000000415,20260902,Approve,20260923,647,1,A,155,25,3,7166,89,TELEMARKETING,,90250.9,25270.25,115521.15,1925.35,10,5.6,60, ,A,19206.08,19206.08,47,21,23,285978.48,60,53015.54,6.79,15.91,6954.12,8.63,11.27,1190.37,1400.25,3,2016,Transportation,Y,Kuala Lumpur,Malay,M,WIDOWED,MALAYSIAN,Nurse,Master Degree,3307.38,,1,N,fail,fail,104922.44,Y
2026-09-02,98408517,00000000416,800000000416,20260826,Approve,20260913,808,4,G,196,14,3,6690,43,TELEMARKETING,,123359.25,45938.98,169298.23,2015.46,10,5.32,84,Y,A,15168.97,15168.97,56,9,38,234663.24,60,68084.39,12.94,18.86,2986.41,12.43,18.3,2369.77,439.51,3,,Education,Y,Perak,Chinese,F,DIVORCED,MALAYSIAN,Security Guard,SPM,2585.18,C,1,Y,fail,pass,147083.03,Y
2026-09-02,68166960,00000000417,800000000417,20260902,Approve,20260919,864,3,C,166,33,3,4397,53,COUNTER,,56336.65,19875.57,76212.22,907.29,0,5.04,84,-,A,20119.76,20119.76,57,32,26,316259.28,84,47557.11,13.76,21.26,2260.49,9.8,18.95,132.89,1180.79,0,,Hospitality,Y,Selangor,Chinese,F,SINGLE,MALAYSIAN,Nurse,Bachelor Degree,904.89,B,,N,fail,fail,59897.85,Y
2026-09-02,70877634,00000000418,800000000418,20260828,Approve,20260917,725,2,B,199,18,2,5077,20,PARTNER,,21912.35,8129.48,30041.83,357.64,5,5.3,84, ,A,17457.15,17457.15,56,9,4,261667.8,36,127368.11,20.53,29.54,7255.94,30.37,31.61,129.89,222.73,0,,Transportation,N,Sabah,Chinese,F,MARRIED,MALAYSIAN,Administrator,Bachelor Degree,4781.89,A,,N,fail,pass,28959.62,Y
2026-09-02,23889318,00000000419,800000000419,20260901,Approve,20260909,366,1,C,165,22,2,3073,75,COUNTER,,41366.19,27438.19,68804.38,637.08,5,7.37,108, ,A,6928.03,6928.03,25,1,3,110576.76,36,122517.9,40.21,47.25,507.49,39.9,45.32,2984.68,1964.24,0,,Plantation,Y,Pulau Pinang,Others,F,SINGLE,MALAYSIAN,Army Personnel,Diploma,3643.18,B,,Y,pass,fail,60355.11,Y
2026-09-02,72225458,00000000420,800000000420,20260902,Approve,20260923,362,3,A,174,22,1,9249,89,PARTNER,,44393.06,21814.75,66207.81,788.19,20,7.02,84,-,A,7091.78,7091.78,34,16,16,110058.72,12,109358.83,42.16,49.49,3721.52,49.75,54.26,840.73,537.19,2,,Telecommunications,Y,Selangor,Malay,M,MARRIED,MALAYSIAN,Supervisor,SPM,3845.36,,1,N,pass,fail,73620.87,N
2026-09-02,11894040,00000000421,800000000421,20260829,Approve,20260901,899,3,C,106,14,,9805,30,TELEMARKETING,,89938.35,20730.79,110669.14,1844.49,20,4.61,60,-,A,18764.65,18764.65,51,13,33,299670.72,36,70781.27,13.94,18.48,4665.99,13.51,17.86,2814.83,1801.79,0,,Real Estate,Y,Selangor,Malay,F,SINGLE,MALAYSIAN,Teacher,Bachelor Degree,1739.88,A,1,Y,fail,fail,133169.63,Y
2026-09-02,79105628,00000000422,800000000422,20260831,Approve,20260909,544,1,E,116,34,3,9846,54,TELEMARKETING,,90107.03,16219.27,106326.3,2953.51,5,6.0,36,-,A,20424.16,20424.16,24,4,3,321366.24,12,152146.03,22.04,26.4,1403.21,30.18,33.16,1369.72,1238.85,0,,Professional Services,N,Kelantan,Malay,F,SINGLE,MALAYSIAN,Accountant,Diploma,683.87,C,1,Y,pass,pass,111046.05,Y
2026-09-02,17059683,00000000423,800000000423,20260830,Approve,20260911,500,2,G,117,14,2,1963,98,WEBSITE,,2896.32,919.58,3815.9,63.6,5,6.35,60, ,A,8608.64,8608.64,30,5,12,125781.84,84,54910.76,26.25,29.17,5771.07,32.36,37.86,972.34,976.5,0,,Real Estate,Y,Pulau Pinang,Indian,M,SINGLE,MALAYSIAN,Police Officer,PhD,2233.8,,,Y,fail,fail,3519.74,Y
2026-09-02,85253566,00000000424,800000000424,20260827,Approve,20260916,729,4,G,178,33,3,5890,50,TELEMARKETING,,27283.15,10561.31,37844.46,450.53,30,5.53,84,Y,A,24695.55,24695.55,22,3,0,372567.24,12,101644.81,25.73,34.29,4144.66,27.37,34.44,1654.17,1036.3,1,,Government,N,Negeri Sembilan,Chinese,F,MARRIED,MALAYSIAN,Manager,SPM,1551.74,,,N,pass,pass,31674.89,Y
2026-09-02,81104791,00000000425,800000000425,20260830,Approve,20260901,358,4,D,184,32,,7793,78,TELEMARKETING,,85897.1,54965.55,140862.65,1304.28,10,7.11,108,N,A,2894.51,2894.51,55,33,17,44368.32,12,43659.74,40.62,48.32,4068.99,46.56,53.44,1794.5,96.45,0,,Food & Beverage,Y,Selangor,Malay,M,SINGLE,MALAYSIAN,Lecturer,Bachelor Degree,3239.14,A,,N,fail,pass,88993.34,Y
2026-09-02,34466254,00000000426,800000000426,20260831,Approve,20260919,672,1,A,169,15,2,1745,87,WEBSITE,,86930.38,13587.22,100517.6,2792.16,0,5.21,36, ,A,18085.56,18085.56,35,2,13,257001.48,108,146836.75,20.38,28.47,1986.9,24.84,32.23,2027.11,232.5,1,2011,Agriculture,N,Johor,Malay,F,SINGLE,MALAYSIAN,Supervisor,Diploma,946.29,C,,Y,pass,fail,106450.61,N
2026-09-02,84935401,00000000427,800000000427,20260831,Approve,20260904,834,3,A,169,18,,1335,60,WEBSITE,,2759.97,685.85,3445.82,57.43,30,4.97,60,-,A,18092.94,18092.94,51,0,4,264656.76,12,69173.31,22.19,25.7,4228.55,30.0,34.12,196.14,701.23,0,2022,Government,N,Melaka,Chinese,F,MARRIED,MALAYSIAN,Businessman,Bachelor Degree,69.29,A,,Y,fail,pass,3824.27,N
2026-09-02,33216014,00000000428,800000000428,20260827,Approve,20260916,781,2,B,145,34,,8704,44,PARTNER,,14432.36,3622.52,18054.88,300.91,0,5.02,60, ,A,13496.76,13496.76,46,26,7,190380.84,60,59870.21,20.43,27.16,505.12,13.85,22.81,1392.38,466.54,0,,Agriculture,Y,Pulau Pinang,Chinese,F,SINGLE,MALAYSIAN,Sales Executive,SPM,4793.14,B,,N,fail,pass,18854.98,N
2026-09-02,89773948,00000000429,800000000429,20260830,Approve,20260907,808,3,D,108,17,1,1922,24,PARTNER,,83196.58,41481.81,124678.39,1154.43,20,5.54,108,N,A,14205.35,14205.35,57,4,31,208954.68,84,83897.88,24.68,29.96,4356.22,20.12,31.15,42.73,283.12,1,,Government,Y,Sarawak,Malay,M,MARRIED,MALAYSIAN,Civil Servant,Diploma,3956.15,B,,N,fail,pass,104469.21,N
2026-09-02,13732591,00000000430,800000000430,20260830,Approve,20260904,705,1,G,134,15,1,9490,36,MOBILE_APP,,61842.0,10779.06,72621.06,2017.25,0,5.81,36, ,A,10239.31,10239.31,58,28,38,142436.52,60,57956.21,26.1,29.97,4125.9,36.12,39.12,63.48,1124.82,1,,Hospitality,Y,Kelantan,Chinese,M,MARRIED,MALAYSIAN,Supervisor,Bachelor Degree,4681.32,B,1,N,fail,fail,73703.43,Y
2026-09-02,54311862,00000000431,800000000431,20260829,Approve,20260901,497,1,G,146,14,1,3769,33,TELEMARKETING,,53693.31,30830.7,84524.01,782.63,30,6.38,108,N,A,13606.24,13606.24,35,15,15,189303.0,84,68020.68,28.81,33.44,7605.79,34.46,43.8,1797.83,1896.04,0,,Retail Trade,N,Perak,Malay,M,SINGLE,MALAYSIAN,Sales Executive,Diploma,3125.29,,,N,pass,fail,53841.56,N
2026-09-02,43151625,00000000432,800000000432,20260828,Approve,20260920,787,1,D,144,26,1,6500,88,WEBSITE,,25947.58,12050.06,37997.64,351.83,5,5.16,108, ,A,7288.89,7288.89,40,22,15,103338.0,36,38507.54,22.67,30.83,3939.74,25.15,27.27,194.57,1226.68,2,2022,Hospitality,Y,Sarawak,Chinese,M,SINGLE,MALAYSIAN,Sales Executive,Bachelor Degree,3524.2,C,1,Y,pass,pass,31729.88,N
2026-09-02,64367319,00000000433,800000000433,20260831,Approve,20260905,780,4,A,114,28,3,4843,46,COUNTER,,90541.87,42373.6,132915.47,1230.7,30,5.2,108,N,A,9951.82,9951.82,58,25,23,153898.08,84,53548.91,13.91,21.38,2195.47,19.14,21.17,121.65,1183.35,4,,Manufacturing,N,Johor,Malay,F,MARRIED,MALAYSIAN,Doctor,STPM,2437.14,C,1,Y,pass,fail,145773.87,N
2026-09-02,91266758,00000000434,800000000434,20260831,Approve,20260902,519,3,A,148,17,2,8481,38,WEBSITE,,100834.9,31561.32,132396.22,2206.6,10,6.26,60,Y,A,9758.43,9758.43,25,2,3,154026.24,84,69595.84,35.09,37.17,6265.2,42.73,47.01,1684.55,1514.63,0,,Hospitality,Y,Selangor,Chinese,F,SINGLE,MALAYSIAN,Engineer,Diploma,1526.3,,1,N,pass,pass,139266.87,N
2026-09-02,49441620,00000000435,800000000435,20260826,Approve,20260907,226,3,E,135,32,3,6112,10,COUNTER,,88241.95,34634.97,122876.92,2047.95,0,7.85,60,-,A,10570.17,10570.17,30,11,11,168297.12,60,122250.65,40.6,46.47,704.41,44.19,53.76,360.23,1548.35,3,,Food & Beverage,N,Kuala Lumpur,Chinese,M,MARRIED,MALAYSIAN,Manager,Diploma,1786.96,A,1,N,fail,pass,105283.25,N
2026-09-02,63140250,00000000436,800000000436,20260828,Approve,20260915,498,4,E,106,21,,7924,35,WEBSITE,,37217.92,13286.8,50504.72,841.75,10,7.14,60,Y,A,10365.32,10365.32,29,4,11,165706.8,108,143231.78,29.09,36.96,4921.12,22.97,33.89,1610.77,1413.16,0,2023,Education,N,Negeri Sembilan,Malay,M,SINGLE,MALAYSIAN,Security Guard,Diploma,4982.07,A,1,Y,pass,fail,40865.2,N
2026-09-02,63871990,00000000437,800000000437,20260829,Approve,20260914,807,3,G,157,34,2,6235,77,TELEMARKETING,,30100.55,7314.43,37414.98,623.58,0,4.86,60,-,A,23289.01,23289.01,32,4,4,364109.04,36,67165.91,15.64,22.28,536.51,12.73,23.17,684.66,771.36,2,,Construction,N,Kuala Lumpur,Indian,M,MARRIED,MALAYSIAN,Lecturer,Bachelor Degree,2195.78,C,,Y,fail,fail,30159.74,N
2026-09-02,42149161,00000000438,800000000438,20260831,Approve,20260928,565,3,G,190,27,3,6399,15,COUNTER,,88232.23,52489.35,140721.58,1302.98,5,6.61,108,-,A,11206.06,11206.06,59,3,0,174013.08,84,139609.11,26.42,27.72,1558.36,23.88,31.19,2148.47,731.8,2,,Real Estate,Y,Selangor,Indian,F,MARRIED,MALAYSIAN,Supervisor,Diploma,2967.81,,,Y,fail,pass,106241.43,N
2026-09-02,46005989,00000000439,800000000439,20260828,Approve,20260910,868,2,B,150,19,,1981,43,TELEMARKETING,,132135.27,41345.13,173480.4,2065.24,0,4.47,84,Y,A,18307.81,18307.81,54,22,20,260939.04,84,68781.59,12.56,14.66,4979.1,10.18,14.44,1410.82,1228.48,4,2018,Plantation,N,Perak,Malay,M,MARRIED,MALAYSIAN,Clerk,SPM,1725.81,A,,Y,pass,fail,134447.37,Y
2026-09-02,33997481,00000000440,800000000440,20260829,Approve,20260928,760,1,A,112,20,,3639,35,PARTNER,,98514.83,42824.4,141339.23,1308.7,5,4.83,108,N,A,18700.89,18700.89,27,8,6,270532.92,108,65858.84,15.85,17.89,4009.25,15.04,22.99,838.92,798.41,2,,Financial Services,N,Negeri Sembilan,Indian,M,DIVORCED,MALAYSIAN,Factory Worker,SPM,1568.06,,,Y,fail,fail,120472.42,N
2026-09-02,71681591,00000000441,800000000441,20260827,Approve,20260828,751,4,B,149,20,,9571,79,MOBILE_APP,,80082.54,27860.72,107943.26,1285.04,10,4.97,84,Y,A,17038.0,17038.0,43,8,12,268936.56,108,80907.66,14.74,20.04,1658.56,21.46,22.47,72.35,1914.0,1,,Hospitality,Y,Melaka,Chinese,F,MARRIED,MALAYSIAN,Technician,STPM,2343.23,A,,N,pass,fail,81392.86,Y
2026-09-02,39609418,00000000442,800000000442,20260826,Approve,20260903,886,3,E,122,22,3,3534,38,PARTNER,,101092.68,37363.85,138456.53,1648.29,10,5.28,84, ,A,24611.04,24611.04,57,10,6,377394.0,84,113460.81,10.66,18.5,1733.27,15.5,17.61,1081.5,68.27,3,,Government,Y,Johor,Malay,M,MARRIED,MALAYSIAN,IT Executive,Diploma,1521.44,C,1,N,fail,pass,107888.88,N
2026-09-02,51620323,00000000443,800000000443,20260830,Approve,20260904,906,4,C,120,34,2,7354,46,PARTNER,,74995.06,24305.9,99300.96,1182.15,5,4.63,84,-,A,20465.19,20465.19,59,19,18,291893.04,108,62070.38,14.63,16.89,556.57,10.29,20.79,643.12,912.81,0,,Construction,Y,Kedah,Others,F,SINGLE,MALAYSIAN,Retail Assistant,SPM,4058.46,C,,N,fail,pass,111730.8,Y
2026-09-02,44438867,00000000444,800000000444,20260901,Approve,20260923,373,3,E,164,25,2,4150,32,WEBSITE,,73115.87,34905.52,108021.39,1285.97,20,6.82,84,N,A,8362.78,8362.78,33,7,14,125040.24,12,123825.01,33.41,38.41,6944.01,39.18,40.81,2993.56,517.28,2,,Agriculture,N,Perak,Indian,M,MARRIED,MALAYSIAN,Supervisor,Diploma,2524.32,,1,Y,pass,pass,91795.96,N
2026-09-02,75991483,00000000445,800000000445,20260831,Approve,20260921,792,3,F,123,11,2,1357,65,COUNTER,,3552.38,555.24,4107.62,114.1,5,5.21,36, ,A,15654.64,15654.64,55,25,22,244113.72,60,126915.26,21.2,23.13,3606.01,25.6,35.11,2484.79,1280.76,0,,Real Estate,Y,Selangor,Malay,M,SINGLE,MALAYSIAN,Lecturer,SPM,3629.86,B,1,N,fail,fail,4093.78,Y
2026-09-02,35449774,00000000446,800000000446,20260830,Approve,20260917,999,2,E,191,21,3,6695,15,WEBSITE,,46810.95,14122.86,60933.81,725.4,0,4.31,84,Y,A,23215.73,23215.73,63,28,19,352387.8,60,38400.76,5.49,7.73,7593.54,5,8,372.48,923.05,1,2016,Oil & Gas,N,Sabah,Chinese,M,SINGLE,MALAYSIAN,Engineer,PhD,3112.56,A,1,Y,pass,fail,64228.0,Y
2026-09-02,70960265,00000000447,800000000447,20260829,Approve,20260911,647,3,G,163,31,3,6703,56,WEBSITE,,19637.21,3240.14,22877.35,635.48,20,5.5,36,Y,A,17396.11,17396.11,48,25,4,254229.72,36,82787.33,37.47,46.94,7609.75,39.15,45.79,786.87,310.9,0,2012,Transportation,N,Perak,Malay,M,SINGLE,MALAYSIAN,Clerk,STPM,3431.21,C,1,N,fail,pass,20077.4,N
2026-09-02,46130187,00000000448,800000000448,20260830,Approve,20260929,905,4,C,172,15,1,1635,97,WEBSITE,,13874.68,4681.32,18556.0,220.9,5,4.82,84,N,A,24468.3,24468.3,46,14,18,372548.4,60,140813.39,16.32,25.47,5983.14,14.81,26.81,1816.36,247.91,2,2020,Government,Y,Selangor,Malay,F,MARRIED,MALAYSIAN,Clerk,STPM,4314.08,,,N,fail,pass,20708.03,Y
2026-09-02,32898649,00000000449,800000000449,20260831,Approve,20260923,731,3,D,127,35,,5965,90,PARTNER,,110591.59,39171.54,149763.13,1782.89,0,5.06,84, ,A,19676.28,19676.28,28,6,10,278560.8,108,78919.83,24.3,29.34,3660.6,34.42,35.53,590.78,934.71,0,2026,Oil & Gas,Y,Kuala Lumpur,Malay,F,WIDOWED,MALAYSIAN,Self-Employed,Bachelor Degree,2242.19,C,1,N,pass,pass,143016.48,Y
2026-09-02,55143517,00000000450,800000000450,20260830,Approve,20260927,747,3,B,111,22,2,9953,95,COUNTER,,33638.58,10242.95,43881.53,731.36,0,6.09,60,Y,A,24415.87,24415.87,41,14,6,340110.84,108,110394.49,32.22,35.37,3260.96,44.24,50.74,1417.15,1599.28,4,,Healthcare,Y,Selangor,Malay,M,MARRIED,MALAYSIAN,Self-Employed,SPM,1767.25,,1,Y,pass,fail,55822.94,Y
2026-09-02,42248411,00000000451,800000000451,20260829,Approve,20260925,690,4,D,172,24,3,1843,59,COUNTER,,96594.97,51726.61,148321.58,1373.35,0,5.95,108,-,A,13487.84,13487.84,31,1,12,188920.2,108,101979.07,29.89,35.1,901.7,34.19,41.39,724.04,1561.13,0,,Financial Services,N,Johor,Indian,F,SINGLE,MALAYSIAN,Administrator,Diploma,668.6,,,N,fail,fail,110674.33,N
2026-09-02,72382819,00000000452,800000000452,20260901,Approve,20260919,662,3,D,156,32,3,1658,97,PARTNER,,104334.32,42505.8,146840.12,1748.1,10,5.82,84, ,A,11902.2,11902.2,36,6,6,181807.44,108,61908.47,22.66,29.78,5708.7,29.65,30.79,2773.06,20.21,0,,Healthcare,N,Perak,Malay,F,SINGLE,MALAYSIAN,Technician,Diploma,3642.41,B,1,Y,pass,fail,142176.57,Y
2026-09-02,25037526,00000000453,800000000453,20260826,Approve,20260906,555,3,B,129,17,1,3686,77,MOBILE_APP,,26106.42,7949.4,34055.82,567.6,5,6.09,60,Y,A,13321.21,13321.21,58,13,25,199175.64,12,94469.93,30.66,39.44,2488.46,43.79,44.85,1026.7,1791.29,0,2014,Education,N,Perak,Malay,F,SINGLE,MALAYSIAN,Engineer,Diploma,3950.77,A,,N,pass,pass,28069.12,Y
2026-09-02,89168961,00000000454,800000000454,20260902,Approve,20260914,756,1,F,118,32,,1215,44,MOBILE_APP,,13130.44,4825.44,17955.88,213.76,20,5.25,84, ,A,19463.69,19463.69,44,3,11,291739.8,12,46510.37,23.15,30.78,4497.7,21.56,30.18,569.59,1303.83,2,,Manufacturing,Y,Kedah,Malay,M,MARRIED,MALAYSIAN,IT Executive,Diploma,3184.81,B,1,N,pass,fail,13346.75,Y
2026-09-02,36561171,00000000455,800000000455,20260902,Approve,20260906,507,3,B,186,29,1,5741,87,TELEMARKETING,,91460.15,32011.05,123471.2,2057.85,5,7.0,60, ,A,1931.22,1931.22,28,10,10,28100.16,60,14347.38,27.47,32.92,1357.58,36.86,42.13,646.89,584.24,0,,Food & Beverage,N,Kelantan,Indian,F,SINGLE,MALAYSIAN,Engineer,Diploma,325.99,C,,N,pass,fail,146257.94,N
2026-09-02,74223965,00000000456,800000000456,20260827,Approve,20260914,876,1,F,147,33,2,1808,85,TELEMARKETING,,55450.91,17583.48,73034.39,869.46,20,4.53,84,-,A,23449.24,23449.24,33,6,3,325417.8,108,41380.48,5.46,6.56,3882.87,5,8,136.31,343.62,1,,Government,N,Johor,Malay,M,DIVORCED,MALAYSIAN,Security Guard,Diploma,1892.81,C,1,N,pass,pass,59298.77,N
2026-09-02,32151928,00000000457,800000000457,20260902,Approve,20260915,264,4,A,148,16,,9017,75,PARTNER,,81436.91,50572.32,132009.23,1222.31,0,6.9,108,Y,A,14028.15,14028.15,43,0,6,218286.96,84,125392.73,32.57,35.09,2179.32,42.29,50.5,840.65,534.08,2,,Food & Beverage,N,Sarawak,Malay,F,MARRIED,MALAYSIAN,Technician,SPM,4466.38,A,1,Y,fail,fail,99769.7,Y
2026-09-02,35292050,00000000458,800000000458,20260828,Approve,20260910,892,1,D,108,23,1,5744,91,TELEMARKETING,,32509.74,11719.76,44229.5,526.54,0,5.15,84, ,A,18897.34,18897.34,53,26,32,265983.84,36,31289.09,8.39,10.15,6225.56,5,11.98,1048.91,1744.32,5,,Transportation,Y,Perlis,Chinese,M,MARRIED,MALAYSIAN,Clerk,Diploma,1965.06,A,1,Y,pass,fail,34420.11,N
2026-09-02,40741099,00000000459,800000000459,20260902,Approve,20260919,708,1,G,108,34,1,1392,36,COUNTER,,25494.11,11064.44,36558.55,435.22,30,6.2,84,N,A,14828.98,14828.98,58,29,4,232059.0,84,122429.18,21.8,23.34,2233.69,26.88,32.01,560.45,1362.94,0,2022,Hospitality,Y,Johor,Indian,M,MARRIED,MALAYSIAN,Engineer,SPM,2188.98,,,N,fail,pass,28576.09,Y
2026-09-02,69167835,00000000460,800000000460,20260901,Approve,20260930,816,2,C,136,18,,5331,29,COUNTER,,80816.05,11904.2,92720.25,2575.56,20,4.91,36, ,A,21277.34,21277.34,30,9,7,293794.68,60,55400.6,17.52,20.87,3904.41,13.98,21.71,1584.25,486.55,1,,Plantation,Y,Johor,Malay,M,SINGLE,MALAYSIAN,Businessman,Certificate,3821.05,C,1,N,pass,pass,90293.06,N
2026-09-02,22780905,00000000461,800000000461,20260830,Approve,20260926,586,3,C,111,34,1,8511,64,WEBSITE,,142832.38,23995.84,166828.22,4634.12,20,5.6,36,Y,A,9835.03,9835.03,50,1,16,155453.16,84,44557.32,37.88,40.43,6815.37,36.21,42.8,1030.33,1195.22,0,,Government,N,Perak,Chinese,F,SINGLE,MALAYSIAN,Driver,Bachelor Degree,3881.71,C,,N,pass,fail,143761.36,Y
2026-09-02,94738725,00000000462,800000000462,20260828,Approve,20260917,808,4,A,124,34,3,6148,65,MOBILE_APP,,8673.73,1262.03,9935.76,275.99,5,4.85,36,-,A,22340.83,22340.83,59,8,26,336013.2,12,152691.58,19.69,23.01,743.45,18.4,29.1,1627.36,1053.08,0,2020,Food & Beverage,N,Sabah,Others,M,MARRIED,MALAYSIAN,Accountant,Bachelor Degree,3419.86,,,Y,pass,pass,13220.83,Y
2026-09-02,80879810,00000000463,800000000463,20260902,Approve,20260930,921,2,B,168,33,2,6965,96,MOBILE_APP,,57470.48,21982.46,79452.94,735.68,20,4.25,108,Y,A,23652.88,23652.88,47,9,1,379853.88,12,61946.02,16.12,20.8,7952.56,17.14,21.43,2138.65,753.73,1,2010,Oil & Gas,Y,Selangor,Malay,F,MARRIED,MALAYSIAN,Lecturer,Bachelor Degree,3011.97,A,,Y,pass,fail,81190.11,N
2026-09-02,18580762,00000000464,800000000464,20260901,Approve,20260911,979,1,F,120,25,1,4258,54,WEBSITE,,15645.25,6969.96,22615.21,209.4,30,4.95,108,N,A,19823.0,19823.0,35,0,16,300079.32,108,69496.7,20.54,23.15,7279.8,13.2,23.2,1352.27,757.21,5,,Financial Services,Y,Pahang,Others,M,DIVORCED,MALAYSIAN,Clerk,Bachelor Degree,3865.29,B,,N,fail,pass,16673.3,Y
2026-09-02,59010273,00000000465,800000000465,20260830,Approve,20260927,330,4,F,110,14,,8869,67,COUNTER,,133886.79,70946.61,204833.4,2438.49,5,7.57,84,Y,A,8597.88,8597.88,27,5,9,133116.84,12,64752.0,50.66,58.55,4960.12,54.62,57.98,5.96,1013.11,2,,Government,N,Kuala Lumpur,Indian,M,MARRIED,MALAYSIAN,Police Officer,Diploma,4547.06,C,,N,pass,fail,136949.36,N
2026-09-02,44085998,00000000466,800000000466,20260826,Approve,20260827,883,2,C,183,21,3,2189,99,MOBILE_APP,,83026.57,14745.52,97772.09,2715.89,5,5.92,36,Y,A,7645.15,7645.15,45,24,17,107533.08,36,41626.99,21.54,26.96,7039.98,31.94,33.12,1837.32,1381.1,1,2014,Healthcare,Y,Sarawak,Malay,M,MARRIED,MALAYSIAN,Sales Executive,Master Degree,1446.98,C,1,Y,pass,fail,105798.96,Y
2026-09-02,60617745,00000000467,800000000467,20260829,Approve,20260922,749,4,B,198,21,1,8954,48,TELEMARKETING,,5019.49,1222.25,6241.74,104.03,10,4.87,60,Y,A,20241.67,20241.67,64,14,24,319975.8,36,135760.81,19.1,22.39,5047.2,19.31,27.81,2961.65,434.55,0,,Wholesale,N,Melaka,Malay,F,SINGLE,MALAYSIAN,Driver,Bachelor Degree,2194.67,A,1,Y,fail,pass,5962.03,N
2026-09-02,99516486,00000000468,800000000468,20260901,Approve,20260908,879,1,B,132,29,1,7577,81,COUNTER,,29694.14,10018.8,39712.94,472.77,0,4.82,84, ,A,24268.13,24268.13,46,20,22,357277.2,12,71535.01,23.58,24.92,7908.35,16.99,26.2,1871.68,983.23,3,,Telecommunications,Y,Selangor,Malay,M,MARRIED,MALAYSIAN,Army Personnel,Bachelor Degree,3001.64,A,,N,pass,pass,29751.08,Y
2026-09-02,55359403,00000000469,800000000469,20260830,Approve,20260912,333,4,C,144,15,,6134,23,WEBSITE,,36593.11,23975.81,60568.92,560.82,5,7.28,108, ,A,8184.82,8184.82,51,2,10,123533.88,84,55996.38,49.8,55.1,5331.65,63.35,66.52,282.1,1882.81,4,,Transportation,Y,Selangor,Malay,M,MARRIED,MALAYSIAN,Army Personnel,Diploma,1990.44,,1,N,pass,pass,44942.9,N
2026-09-02,17163510,00000000470,800000000470,20260902,Approve,20260920,869,4,G,106,12,3,2739,68,PARTNER,,34474.58,13152.05,47626.63,566.98,5,5.45,84,Y,A,24988.66,24988.66,55,18,31,365781.96,60,99693.78,15.31,16.93,7874.22,13.82,21.22,96.56,723.37,0,,Plantation,N,Sabah,Malay,F,SINGLE,MALAYSIAN,Clerk,Master Degree,1601.55,,,N,pass,pass,54734.88,Y
2026-09-02,48457191,00000000471,800000000471,20260826,Approve,20260903,920,4,D,169,17,,8940,13,WEBSITE,,100189.86,22041.77,122231.63,2037.19,0,4.4,60,Y,A,15234.31,15234.31,44,18,6,211935.48,36,49584.27,11.75,20.82,1605.88,9.4,17.12,613.64,1441.24,1,,Agriculture,N,Kedah,Malay,M,WIDOWED,MALAYSIAN,Engineer,Bachelor Degree,2866.25,A,1,Y,fail,fail,145719.69,N
2026-09-02,29054771,00000000472,800000000472,20260827,Approve,20260904,795,4,F,139,12,,5088,81,COUNTER,,49227.22,17987.63,67214.85,800.18,0,5.22,84,Y,A,21597.17,21597.17,29,4,1,326824.2,12,122467.52,27.37,30.5,7588.34,26.97,34.34,2827.78,1376.27,2,,Education,N,Kelantan,Malay,M,MARRIED,MALAYSIAN,Factory Worker,Bachelor Degree,745.98,C,,Y,fail,fail,69515.16,N
2026-09-02,56045852,00000000473,800000000473,20260901,Approve,20260918,956,3,B,127,26,,8584,49,TELEMARKETING,,19867.72,7617.28,27485.0,254.49,10,4.26,108,N,A,22971.55,22971.55,46,16,22,333109.8,108,71658.15,6.31,10.06,7302.01,5,9.63,2493.69,643.71,3,2019,Plantation,Y,Terengganu,Malay,F,MARRIED,MALAYSIAN,Clerk,Master Degree,2319.46,B,,N,fail,fail,27208.39,Y
2026-09-02,11943924,00000000474,800000000474,20260827,Approve,20260917,667,3,G,155,11,1,2541,56,MOBILE_APP,,80470.13,33515.81,113985.94,1356.98,30,5.95,84,N,A,14782.88,14782.88,22,4,4,212793.96,36,122121.85,35.6,40.88,1670.86,38.48,41.5,636.02,1101.04,0,2026,Professional Services,N,Terengganu,Chinese,M,MARRIED,MALAYSIAN,Clerk,Bachelor Degree,70.15,B,,N,fail,fail,108050.49,Y
2026-09-02,88406989,00000000475,800000000475,20260831,Approve,20260927,925,1,F,183,31,2,7957,60,PARTNER,,36583.09,5432.59,42015.68,1167.1,30,4.95,36,N,A,22081.74,22081.74,51,6,18,326879.04,108,43954.4,5.87,11.44,6277.77,5,8,892.17,1407.68,0,,Agriculture,Y,Johor,Indian,M,SINGLE,MALAYSIAN,Driver,Diploma,347.72,B,,N,pass,fail,44215.45,N
2026-09-02,91862211,00000000476,800000000476,20260901,Approve,20260926,826,2,F,113,21,2,8969,34,MOBILE_APP,,84563.42,39499.57,124062.99,1148.73,30,5.19,108,N,A,18698.58,18698.58,37,18,11,295095.96,108,124652.65,26.51,34.77,1201.2,22.55,30.95,1705.02,1445.48,0,2016,Oil & Gas,N,Selangor,Malay,F,SINGLE,MALAYSIAN,Factory Worker,Bachelor Degree,2438.06,A,1,Y,fail,pass,96555.29,Y
2026-09-02,53973256,00000000477,800000000477,20260829,Approve,20260925,224,1,E,122,26,1,9844,88,MOBILE_APP,,6351.94,2455.02,8806.96,146.78,30,7.73,60,N,A,7996.23,7996.23,60,25,24,125940.84,108,84568.1,32.46,42.31,5714.19,50.42,52.17,2547.36,1304.09,1,,Plantation,Y,Perak,Malay,M,SINGLE,MALAYSIAN,Contractor,SPM,4114.68,A,1,Y,pass,pass,6435.09,Y
2026-09-02,17097304,00000000478,800000000478,20260831,Approve,20260927,769,3,D,116,15,2,9555,27,TELEMARKETING,,64596.98,10542.23,75139.21,2087.2,30,5.44,36,-,A,15416.97,15416.97,64,1,21,229989.6,36,67499.73,29.0,32.92,3365.66,33.98,40.28,2164.42,535.13,1,,Education,Y,Sarawak,Indian,F,MARRIED,MALAYSIAN,Teacher,STPM,3707.05,C,1,N,pass,pass,75943.29,Y
2026-09-02,54956755,00000000479,800000000479,20260826,Approve,20260906,999,4,C,199,33,,3322,71,MOBILE_APP,,64583.14,24354.3,88937.44,823.49,0,4.19,108,N,A,14765.19,14765.19,54,17,33,227224.2,84,54441.23,17.83,21.85,4782.72,19.32,23.87,2950.58,1854.26,3,2010,Financial Services,Y,Sabah,Malay,F,MARRIED,MALAYSIAN,Lecturer,Bachelor Degree,2159.99,C,1,Y,fail,pass,104798.09,Y
2026-09-02,69849800,00000000480,800000000480,20260830,Approve,20260921,832,2,C,141,21,3,4418,30,WEBSITE,,45419.77,18476.76,63896.53,591.63,20,4.52,108,-,A,17175.06,17175.06,38,5,12,259801.56,12,33489.61,17.95,20.25,4774.4,19.66,25.16,98.8,199.97,1,,Agriculture,Y,Perak,Malay,M,SINGLE,MALAYSIAN,Teacher,SPM,708.82,A,1,N,fail,pass,73688.43,N
2026-09-02,38844646,00000000481,800000000481,20260831,Approve,20260924,940,1,D,104,25,1,6117,77,PARTNER,,72429.59,10147.39,82576.98,2293.8,10,4.67,36,-,A,24042.31,24042.31,28,2,8,334955.64,84,72802.6,22.38,24.69,1249.21,21.4,29.57,501.63,1647.36,1,,Professional Services,Y,Pahang,Malay,M,SINGLE,MALAYSIAN,Sales Executive,Diploma,4918.22,,1,N,fail,fail,78726.09,Y
2026-09-02,91265426,00000000482,800000000482,20260828,Approve,20260922,985,4,G,191,13,2,4098,74,WEBSITE,,107547.2,15293.21,122840.41,3412.23,5,4.74,36,N,A,21670.23,21670.23,38,8,6,342921.48,12,90798.13,16.14,21.59,5977.68,13.25,24.78,961.49,1335.63,2,2016,Healthcare,Y,Kedah,Indian,F,MARRIED,MALAYSIAN,Manager,Diploma,4602.16,A,,N,pass,fail,124765.11,N
2026-09-02,75220319,00000000483,800000000483,20260831,Approve,20260902,948,3,D,170,20,2,6872,77,TELEMARKETING,,34145.38,10875.3,45020.68,535.96,10,4.55,84,-,A,21544.36,21544.36,49,3,17,333434.76,84,37366.66,24.08,27.33,5389.36,26.31,28.0,2572.94,615.47,1,2023,Wholesale,Y,Melaka,Malay,F,SINGLE,MALAYSIAN,Manager,Diploma,4201.66,A,,N,pass,fail,49804.55,N
2026-09-02,17356680,00000000484,800000000484,20260828,Approve,20260918,700,1,F,188,31,,7215,89,COUNTER,,81844.28,37861.16,119705.44,1108.38,20,5.14,108,Y,A,11992.81,11992.81,51,5,11,187463.28,36,83586.12,19.75,22.47,529.92,16.05,25.23,2498.0,791.17,2,,Hospitality,Y,Sabah,Chinese,M,DIVORCED,MALAYSIAN,Engineer,SPM,434.08,C,,N,fail,fail,105305.83,N
2026-09-02,98053635,00000000485,800000000485,20260901,Approve,20260928,371,4,A,154,34,3,9879,22,WEBSITE,,47961.91,27064.91,75026.82,694.69,20,6.27,108,-,A,15969.69,15969.69,36,6,11,235962.36,84,168563.21,29.85,35.97,3462.72,35.91,38.2,961.45,581.3,3,,Education,N,Sarawak,Chinese,F,MARRIED,MALAYSIAN,Clerk,Diploma,4819.42,B,1,N,pass,pass,55424.15,N
2026-09-02,94695784,00000000486,800000000486,20260829,Approve,20260831,622,3,A,123,26,2,3164,84,PARTNER,,61508.42,18698.56,80206.98,1336.78,5,6.08,60,Y,A,11742.08,11742.08,41,13,5,181921.44,84,98107.52,22.33,25.3,4973.03,32.51,35.93,2413.84,484.24,0,2022,Financial Services,Y,Sabah,Chinese,F,MARRIED,MALAYSIAN,Security Guard,Certificate,2043.12,B,,N,pass,pass,96201.96,N
2026-09-02,59033221,00000000487,800000000487,20260826,Approve,20260922,669,3,F,152,13,3,1801,42,TELEMARKETING,,110071.57,53098.53,163170.1,1510.83,20,5.36,108,-,A,16023.02,16023.02,56,21,26,251581.32,60,87669.26,12.02,18.0,2661.27,8.26,14.0,2864.88,384.68,4,,Telecommunications,Y,Selangor,Malay,M,MARRIED,MALAYSIAN,Contractor,Bachelor Degree,3277.76,A,1,N,fail,fail,123494.94,Y
2026-09-02,63650558,00000000488,800000000488,20260830,Approve,20260928,889,1,G,106,22,2,4478,57,MOBILE_APP,,45269.71,12290.73,57560.44,959.34,20,5.43,60,N,A,21952.96,21952.96,59,6,12,347216.28,108,113885.25,21.99,27.54,7447.5,20.82,26.26,553.69,144.8,2,,Wholesale,Y,Pulau Pinang,Malay,M,MARRIED,MALAYSIAN,Chef,SPM,304.23,B,1,N,pass,fail,47195.67,N
2026-09-02,60502167,00000000489,800000000489,20260901,Approve,20260919,870,4,E,199,25,,5357,95,MOBILE_APP,,29359.53,3937.11,33296.64,924.91,10,4.47,36, ,A,19291.35,19291.35,62,9,30,277633.32,60,100502.31,16.32,20.78,4269.57,18.87,26.61,1873.82,1349.33,0,2010,Retail Trade,Y,Selangor,Chinese,F,SINGLE,MALAYSIAN,Nurse,Diploma,2797.73,,1,N,pass,fail,34820.41,Y
2026-09-02,91630214,00000000490,800000000490,20260902,Approve,20260908,847,4,F,152,13,1,2972,48,PARTNER,,103337.8,15314.66,118652.46,3295.9,5,4.94,36,-,A,14201.18,14201.18,63,31,34,208708.08,36,43116.13,11.42,19.29,1189.9,11.06,12.76,1253.83,1201.7,0,,Healthcare,N,Kelantan,Chinese,M,SINGLE,MALAYSIAN,Driver,Diploma,4666.32,,1,Y,pass,pass,147814.01,Y
2026-09-02,57473757,00000000491,800000000491,20260829,Approve,20260925,767,2,F,155,30,3,6449,56,COUNTER,,59734.03,9443.95,69177.98,1921.61,10,5.27,36,Y,A,22914.09,22914.09,27,9,2,325312.68,84,73546.29,25.14,26.94,7373.95,27.13,36.87,949.8,318.18,1,,Construction,N,Perak,Indian,M,SINGLE,MALAYSIAN,Clerk,Bachelor Degree,1258.88,C,,Y,pass,pass,62881.41,Y
2026-09-02,69925222,00000000492,800000000492,20260829,Approve,20260908,924,4,C,135,35,3,3177,77,TELEMARKETING,,124327.0,29962.81,154289.81,2571.5,30,4.82,60,-,A,17795.83,17795.83,62,19,5,259322.76,12,33533.74,17.7,18.76,6672.16,17.2,22.23,660.89,20.61,0,2019,Financial Services,Y,Pulau Pinang,Indian,F,SINGLE,MALAYSIAN,Engineer,Bachelor Degree,4472.17,A,,N,pass,fail,141544.09,Y
2026-09-02,81478283,00000000493,800000000493,20260901,Approve,20261001,442,4,C,118,11,3,4934,58,COUNTER,,107757.47,22790.7,130548.17,3626.34,30,7.05,36,-,A,18542.47,18542.47,34,14,4,294769.68,12,204622.83,38.48,46.6,2648.24,44.33,55.57,1842.95,1914.79,4,,Healthcare,N,Sarawak,Malay,F,MARRIED,MALAYSIAN,Factory Worker,Diploma,3840.05,C,,Y,fail,fail,145492.16,N
2026-09-02,45338695,00000000494,800000000494,20260826,Approve,20260917,539,1,C,194,14,,8072,73,MOBILE_APP,,63882.4,19005.01,82887.41,1381.46,20,5.95,60,N,A,11683.92,11683.92,61,0,14,170547.72,12,92285.26,21.92,24.89,1262.84,21.74,32.41,1797.55,81.67,3,2023,Transportation,Y,Sarawak,Malay,M,DIVORCED,MALAYSIAN,Technician,SPM,2568.19,A,,Y,pass,pass,66859.17,N
2026-09-02,82233729,00000000495,800000000495,20260902,Approve,20260914,652,1,E,134,11,,5142,61,WEBSITE,,72904.46,22126.5,95030.96,1583.85,20,6.07,60,Y,A,8672.6,8672.6,57,33,0,134516.28,84,73911.58,27.87,35.11,7565.15,32.27,35.51,1898.54,688.42,0,,Healthcare,N,Sabah,Malay,F,SINGLE,MALAYSIAN,Accountant,Bachelor Degree,1486.27,C,1,N,pass,fail,111937.03,N
2026-09-02,96527720,00000000496,800000000496,20260829,Approve,20260906,788,1,D,199,27,3,4894,56,TELEMARKETING,,11531.08,4991.8,16522.88,152.99,0,4.81,108,N,A,22986.89,22986.89,52,6,15,327603.6,84,93498.49,11.2,17.13,1082.42,10.94,15.67,1074.92,1863.3,1,2022,Healthcare,Y,Perak,Others,M,MARRIED,MALAYSIAN,Factory Worker,Master Degree,2039.61,A,1,N,fail,pass,16920.3,Y
2026-09-02,76154241,00000000497,800000000497,20260829,Approve,20260831,361,1,F,103,21,3,6017,60,MOBILE_APP,,91590.12,35720.15,127310.27,2121.84,0,7.8,60,N,A,5776.93,5776.93,41,4,4,80521.2,60,92314.2,45.99,52.12,1794.18,47.55,53.71,692.87,253.39,0,,Healthcare,Y,Melaka,Indian,M,SINGLE,MALAYSIAN,Retail Assistant,SPM,4903.62,C,1,Y,pass,fail,148876.53,Y
2026-09-02,28208190,00000000498,800000000498,20260827,Approve,20260920,912,4,F,111,15,3,2111,25,PARTNER,,92551.32,12466.66,105017.98,2917.17,0,4.49,36,N,A,22075.06,22075.06,34,9,3,310115.16,84,71233.37,13.44,21.53,7048.32,6.43,17.1,997.24,1656.04,0,2015,Real Estate,Y,Kuala Lumpur,Chinese,M,SINGLE,MALAYSIAN,IT Executive,Diploma,1484.55,A,,N,fail,fail,124325.01,Y
2026-09-02,38016976,00000000499,800000000499,20260826,Approve,20260907,983,2,B,195,10,3,1676,49,TELEMARKETING,,34139.8,14164.6,48304.4,447.26,20,4.61,108, ,A,22790.25,22790.25,56,1,29,337818.12,36,37240.75,10.66,13.15,2140.99,8.11,17.14,1588.58,41.28,2,,Education,Y,Melaka,Malay,F,MARRIED,MALAYSIAN,Sales Executive,Diploma,845.76,C,1,N,fail,pass,35336.03,Y
2026-09-02,95185516,00000000500,800000000500,20260830,Approve,20260916,840,2,G,149,10,2,6684,38,MOBILE_APP,,61887.48,24173.25,86060.73,1024.53,5,5.58,84,N,A,9699.86,9699.86,24,5,5,155142.48,84,34088.34,19.88,26.98,4006.92,24.73,28.13,72.66,1463.23,0,2026,Construction,N,Kelantan,Chinese,M,SINGLE,MALAYSIAN,Administrator,Bachelor Degree,587.96,,,Y,fail,fail,76611.14,Y
2026-09-02,67752132,00000000501,800000000501,20260830,Approve,20260903,592,2,E,160,35,1,7391,70,TELEMARKETING,,42814.26,14000.26,56814.52,946.91,5,6.54,60,Y,A,17170.25,17170.25,38,8,0,237877.92,84,176436.36,23.79,25.34,2661.61,20.71,30.35,2098.51,1927.3,3,,Retail Trade,N,Sarawak,Indian,F,MARRIED,MALAYSIAN,Technician,Bachelor Degree,2358.12,,,Y,pass,fail,66397.99,Y
2026-09-02,58796232,00000000502,800000000502,20260831,Approve,20260921,755,2,B,149,32,,8311,16,TELEMARKETING,,29659.17,5018.33,34677.5,963.26,5,5.64,36,N,A,13367.15,13367.15,48,5,29,190329.12,12,80095.32,28.32,35.2,3769.5,36.22,37.71,717.44,1268.01,1,2018,Oil & Gas,N,Selangor,Malay,M,MARRIED,MALAYSIAN,Engineer,PhD,1526.29,,1,Y,pass,fail,35725.31,N
2026-09-02,96960169,00000000503,800000000503,20260828,Approve,20260925,380,4,D,192,29,3,8754,23,TELEMARKETING,,43563.54,9475.07,53038.61,1473.29,10,7.25,36,-,A,4838.45,4838.45,39,8,21,70822.68,12,57995.48,21.1,24.32,2235.09,32.83,34.17,308.02,1966.84,4,,Agriculture,N,Kedah,Others,M,MARRIED,MALAYSIAN,Security Guard,SPM,3601.1,A,1,Y,fail,pass,46346.63,N
2026-09-02,53627409,00000000504,800000000504,20260901,Approve,20260917,780,1,B,128,17,,2251,23,COUNTER,,84429.77,23175.97,107605.74,1793.43,10,5.49,60,-,A,24183.1,24183.1,45,3,5,337122.84,60,148108.09,30.97,38.44,3252.08,29.08,39.25,2297.29,40.4,0,,Education,N,Pulau Pinang,Chinese,F,SINGLE,MALAYSIAN,Manager,SPM,3114.29,,1,Y,pass,fail,126646.14,Y
2026-09-02,87970151,00000000505,800000000505,20260830,Approve,20260920,580,3,B,120,22,,4822,41,WEBSITE,,74395.83,33537.64,107933.47,1284.92,5,6.44,84,Y,A,10978.99,10978.99,55,9,3,155025.84,84,44854.44,25.07,33.46,5190.1,29.15,33.53,1210.7,502.7,1,,Professional Services,Y,Negeri Sembilan,Indian,F,DIVORCED,MALAYSIAN,Security Guard,SPM,1136.66,A,,Y,pass,pass,89667.02,N
2026-09-02,89222640,00000000506,800000000506,20260901,Approve,20260928,670,3,A,156,29,,8239,30,TELEMARKETING,,54310.45,10215.8,64526.25,1792.4,20,6.27,36,Y,A,24074.75,24074.75,25,4,5,340692.24,60,199260.71,32.0,41.69,7665.63,31.15,42.43,314.86,398.52,0,,Hospitality,N,Pahang,Malay,F,SINGLE,MALAYSIAN,Factory Worker,Diploma,3676.56,A,1,Y,fail,pass,88753.38,Y
2026-09-02,48142059,00000000507,800000000507,20260828,Approve,20260907,894,3,C,105,29,,8712,35,WEBSITE,,91222.35,27968.77,119191.12,1418.94,5,4.38,84,Y,A,13986.33,13986.33,53,32,34,219553.2,12,26480.84,13.33,14.38,3294.99,8.95,14.81,1444.28,1621.28,0,2013,Transportation,Y,Selangor,Malay,M,SINGLE,MALAYSIAN,Retail Assistant,PhD,4395.06,A,1,Y,fail,pass,115450.53,Y
2026-09-02,59743000,00000000508,800000000508,20260902,Approve,20260904,589,2,F,115,28,1,3170,22,COUNTER,,4192.52,2339.43,6531.95,60.48,10,6.2,108,Y,A,20124.27,20124.27,38,12,6,282722.88,36,187866.31,31.26,38.11,2991.25,35.43,40.36,965.08,1862.96,1,,Manufacturing,N,Melaka,Indian,F,MARRIED,MALAYSIAN,Manager,SPM,3373.26,C,1,Y,pass,pass,6424.25,N
2026-09-02,62616582,00000000509,800000000509,20260902,Approve,20261002,459,4,C,136,35,1,2703,29,WEBSITE,,76366.58,16976.29,93342.87,2592.86,20,7.41,36, ,A,20659.85,20659.85,28,8,5,302165.52,36,210939.94,42.1,43.24,3554.29,44.96,49.46,2511.44,504.62,0,,Manufacturing,N,Sabah,Indian,F,SINGLE,MALAYSIAN,Police Officer,Diploma,1894.31,,,N,pass,fail,91847.81,Y
2026-09-02,40318481,00000000510,800000000510,20260829,Approve,20260829,980,3,B,141,19,2,1194,99,TELEMARKETING,,69672.56,10241.87,79914.43,2219.85,20,4.9,36,-,A,22344.21,22344.21,46,9,27,361945.32,84,77800.63,9.26,16.44,4409.45,10.2,13.02,1800.97,361.05,3,,Telecommunications,Y,Terengganu,Malay,F,MARRIED,MALAYSIAN,Driver,SPM,1342.75,B,,Y,pass,fail,85625.42,N
2026-09-02,17205793,00000000511,800000000511,20260826,Approve,20260902,956,3,G,131,26,,7625,22,WEBSITE,,14017.02,5308.25,19325.27,230.06,30,5.41,84,-,A,18910.07,18910.07,57,21,35,266321.88,36,97896.85,20.81,26.57,7739.93,18.99,25.51,1578.3,1128.93,2,,Manufacturing,N,Selangor,Malay,F,MARRIED,MALAYSIAN,Doctor,Bachelor Degree,2470.48,,1,Y,fail,fail,14641.05,N
2026-09-02,63326235,00000000512,800000000512,20260902,Approve,20260916,827,1,D,117,35,3,2240,53,COUNTER,,29734.64,14076.38,43811.02,405.66,20,5.26,108,-,A,16595.33,16595.33,48,5,29,233996.28,60,51029.51,29.75,38.48,6477.63,31.69,33.46,2194.7,1020.05,1,2020,Hospitality,N,Selangor,Chinese,F,MARRIED,MALAYSIAN,Security Guard,Bachelor Degree,3644.39,A,1,N,pass,fail,34099.66,N
2026-09-02,21116191,00000000513,800000000513,20260827,Approve,20260913,951,4,A,115,18,,6901,60,MOBILE_APP,,54252.44,8691.24,62943.68,1748.44,20,5.34,36,Y,A,18027.93,18027.93,37,19,11,258000.72,36,85647.03,18.38,27.61,1830.11,18.58,24.35,2763.37,1171.76,2,2020,Construction,Y,Pahang,Malay,M,MARRIED,MALAYSIAN,Manager,Master Degree,1109.35,C,1,N,fail,pass,78598.25,Y
2026-09-02,76692324,00000000514,800000000514,20260828,Approve,20260913,409,4,B,125,29,,8351,56,MOBILE_APP,,49899.41,9969.9,59869.31,1663.04,30,6.66,36,Y,A,13055.84,13055.84,40,21,8,181477.56,84,181021.63,23.76,29.62,7432.33,32.5,36.53,1894.15,1212.29,1,,Hospitality,N,Kelantan,Indian,M,MARRIED,MALAYSIAN,Army Personnel,Diploma,3891.23,A,1,Y,pass,fail,82561.92,Y
2026-09-02,10173702,00000000515,800000000515,20260901,Approve,20260904,646,1,F,141,31,1,4349,25,PARTNER,,44832.84,22878.2,67711.04,626.95,20,5.67,108,Y,A,18389.79,18389.79,29,9,0,276733.44,60,133208.67,27.79,37.71,4951.76,20.25,30.96,1168.11,1937.86,2,2014,Wholesale,Y,Selangor,Malay,F,MARRIED,MALAYSIAN,Army Personnel,Bachelor Degree,2220.28,A,,Y,pass,fail,70638.54,N
2026-09-02,79174131,00000000516,800000000516,20260828,Approve,20260908,818,1,D,160,33,3,2367,18,PARTNER,,89474.48,23263.36,112737.84,1878.96,20,5.2,60,-,A,21774.99,21774.99,42,24,0,348603.36,60,69263.84,14.28,24.1,2706.15,13.65,19.97,717.07,1528.32,0,2023,Manufacturing,Y,Kelantan,Malay,M,MARRIED,MALAYSIAN,Police Officer,Bachelor Degree,2288.41,A,,Y,pass,pass,103896.28,Y
2026-09-02,27563172,00000000517,800000000517,20260901,Approve,20260907,767,2,G,135,10,2,7753,60,COUNTER,,15720.8,4103.13,19823.93,330.4,10,5.22,60,Y,A,24112.79,24112.79,23,1,1,363367.32,60,103185.7,19.23,25.68,4180.81,28.29,29.89,161.69,1399.89,0,,Transportation,Y,Terengganu,Chinese,M,SINGLE,MALAYSIAN,Sales Executive,SPM,4954.06,,,N,fail,fail,19634.8,Y
2026-09-02,61596498,00000000518,800000000518,20260829,Approve,20260829,830,1,D,126,13,1,2678,26,MOBILE_APP,,10834.43,3776.88,14611.31,173.94,0,4.98,84,Y,A,21711.19,21711.19,49,10,22,332968.08,84,132012.34,24.36,28.44,7637.78,26.06,31.47,1410.9,193.29,3,,Agriculture,N,Johor,Malay,F,MARRIED,MALAYSIAN,IT Executive,SPM,1487.94,C,1,Y,fail,fail,12504.94,Y
2026-09-02,61124122,00000000519,800000000519,20260827,Approve,20260830,865,4,D,185,15,,6975,27,WEBSITE,,60757.36,17650.01,78407.37,1306.79,10,5.81,60,Y,A,9499.82,9499.82,54,28,24,131265.6,36,56419.86,28.2,37.5,4745.36,29.78,32.07,2910.23,176.87,1,2021,Retail Trade,N,Pahang,Others,F,SINGLE,MALAYSIAN,Teacher,Bachelor Degree,3699.95,A,1,Y,pass,pass,100512.15,Y
2026-09-02,85078289,00000000520,800000000520,20260826,Approve,20260903,731,3,A,134,19,3,1352,33,PARTNER,,73248.65,28405.83,101654.48,1210.17,30,5.54,84,-,A,21463.83,21463.83,45,0,3,322762.92,12,74291.47,27.13,30.79,6474.53,39.73,41.0,2863.18,1371.01,1,,Healthcare,N,Kuala Lumpur,Chinese,F,MARRIED,MALAYSIAN,Doctor,SPM,3057.89,,,N,fail,fail,107520.76,N
2026-09-02,92458176,00000000521,800000000521,20260901,Approve,20260904,759,2,B,128,11,1,8129,87,COUNTER,,35718.43,5614.94,41333.37,1148.15,20,5.24,36,Y,A,22961.18,22961.18,63,33,40,335890.8,36,125581.19,15.79,18.52,7712.13,17.68,26.05,2309.0,376.1,0,2025,Wholesale,N,Kedah,Chinese,M,SINGLE,MALAYSIAN,Nurse,SPM,3315.65,,,Y,fail,pass,40595.13,N
2026-09-02,23009833,00000000522,800000000522,20260826,Approve,20260910,487,3,A,188,35,,1831,77,MOBILE_APP,,25921.82,14067.77,39989.59,370.27,5,6.03,108,N,A,20340.84,20340.84,59,13,4,293853.72,12,226632.47,28.95,38.72,1309.81,36.76,40.87,2172.19,1839.55,1,,Food & Beverage,N,Selangor,Malay,F,MARRIED,MALAYSIAN,Lecturer,Diploma,1514.5,B,1,N,fail,pass,25973.18,N
2026-09-02,21449064,00000000523,800000000523,20260830,Approve,20260915,239,1,E,150,34,3,5324,43,COUNTER,,26887.48,6049.68,32937.16,914.92,5,7.5,36,-,A,20477.11,20477.11,61,10,10,292398.84,84,138122.04,35.77,37.1,3829.65,33.4,42.68,65.87,766.25,1,,Government,N,Kelantan,Malay,M,MARRIED,MALAYSIAN,Contractor,Bachelor Degree,1503.14,B,,N,fail,fail,34712.13,N
2026-09-02,13684342,00000000524,800000000524,20260831,Approve,20260909,798,4,G,101,31,1,3644,71,WEBSITE,,104679.48,49178.42,153857.9,1424.61,20,5.22,108,-,A,21140.64,21140.64,38,0,20,309423.84,12,38902.58,22.75,25.6,3785.53,21.38,28.38,1413.01,35.94,5,2013,Professional Services,N,Johor,Malay,M,MARRIED,MALAYSIAN,Contractor,Bachelor Degree,2237.5,B,1,N,pass,fail,137989.47,N
2026-09-02,72043711,00000000525,800000000525,20260826,Approve,20260912,832,1,G,194,32,,6206,17,WEBSITE,,96467.67,42194.96,138662.63,1283.91,0,4.86,108,N,A,15511.67,15511.67,58,19,19,233159.76,108,90214.04,16.89,26.56,4524.84,18.74,27.62,1385.71,1543.81,2,2017,Transportation,Y,Pahang,Others,M,MARRIED,MALAYSIAN,Supervisor,Master Degree,1202.91,A,1,N,fail,fail,123333.57,Y
2026-09-02,88811783,00000000526,800000000526,20260902,Approve,20260914,660,3,G,126,22,,3480,50,WEBSITE,,131149.27,55174.5,186323.77,2218.14,10,6.01,84, ,A,2774.16,2774.16,61,18,6,40528.2,60,26541.62,32.89,39.76,5309.57,37.43,43.13,1593.26,414.44,0,,Food & Beverage,Y,Johor,Malay,F,SINGLE,MALAYSIAN,Retail Assistant,Bachelor Degree,3842.24,C,,Y,fail,fail,148887.19,Y
2026-09-02,65845729,00000000527,800000000527,20260830,Approve,20260909,676,1,A,120,35,3,5695,78,WEBSITE,,45501.32,19492.77,64994.09,773.74,5,6.12,84, ,A,8052.71,8052.71,45,18,18,127870.68,36,82427.25,21.51,24.15,3939.49,23.76,30.76,148.05,92.87,0,,Plantation,N,Pahang,Chinese,F,SINGLE,MALAYSIAN,Factory Worker,STPM,1899.66,A,1,N,fail,fail,52870.62,N
2026-09-02,77192571,00000000528,800000000528,20260829,Approve,20260921,735,4,B,120,23,,9405,93,WEBSITE,,94946.18,34626.87,129573.05,1542.54,20,5.21,84,-,A,24143.43,24143.43,47,3,0,352473.0,60,174630.83,26.32,32.44,1724.28,24.06,33.72,2168.53,815.31,0,,Real Estate,N,Perak,Indian,F,SINGLE,MALAYSIAN,Civil Servant,Certificate,4833.8,A,1,N,fail,pass,106548.54,N
2026-09-02,53802185,00000000529,800000000529,20260902,Approve,20260922,729,3,F,115,21,3,3346,45,WEBSITE,,15476.46,5969.27,21445.73,255.31,0,5.51,84, ,A,19367.06,19367.06,46,17,1,282245.88,60,126734.47,29.19,36.86,5985.81,32.41,34.05,577.19,1700.48,3,,Healthcare,Y,Johor,Malay,F,MARRIED,MALAYSIAN,Doctor,Diploma,100.15,A,,Y,fail,fail,22018.75,N
2026-09-02,62336574,00000000530,800000000530,20260826,Approve,20260925,773,4,B,130,13,2,6975,44,PARTNER,,95192.24,16049.41,111241.65,3090.05,5,5.62,36,N,A,13571.22,13571.22,24,5,3,214265.28,36,51472.55,27.49,37.49,3617.43,23.91,30.85,2548.21,174.87,0,,Manufacturing,N,Selangor,Malay,M,MARRIED,MALAYSIAN,Security Guard,SPM,4798.49,C,,Y,pass,fail,107837.89,N
2026-09-02,99945548,00000000531,800000000531,20260828,Approve,20260911,313,4,C,180,28,3,6348,38,COUNTER,,91968.97,63155.09,155124.06,1436.33,20,7.63,108,Y,A,1651.09,1651.09,55,12,23,25713.84,84,27136.09,37.18,45.32,1491.64,43.27,51.52,530.95,1403.74,1,2019,Retail Trade,Y,Johor,Chinese,M,MARRIED,MALAYSIAN,Army Personnel,Diploma,3917.01,C,,Y,fail,fail,132516.21,N
2026-09-02,20969370,00000000532,800000000532,20260830,Approve,20260831,935,2,D,122,11,1,5401,23,MOBILE_APP,,23234.2,3492.1,26726.3,742.4,30,5.01,36,N,A,24961.35,24961.35,38,1,3,386137.92,108,109999.48,20.65,30.16,1458.76,28.08,31.17,926.49,440.23,3,2019,Education,Y,Pahang,Malay,F,MARRIED,MALAYSIAN,Security Guard,SPM,718.42,A,,Y,pass,fail,26400.52,Y
2026-09-02,59388927,00000000533,800000000533,20260831,Approve,20260927,894,2,B,110,25,2,5728,56,WEBSITE,,92206.77,23466.62,115673.39,1927.89,10,5.09,60,Y,A,8342.98,8342.98,64,14,34,128781.84,108,40333.63,23.47,29.26,7082.08,31.77,33.9,2060.41,176.45,0,,Real Estate,Y,Sabah,Chinese,M,SINGLE,MALAYSIAN,Sales Executive,Bachelor Degree,4813.95,A,,Y,pass,fail,107449.92,N
2026-09-02,40299341,00000000534,800000000534,20260831,Approve,20260928,944,2,G,157,23,1,8617,64,TELEMARKETING,,92360.08,20965.74,113325.82,1888.76,0,4.54,60,N,A,23838.6,23838.6,55,3,24,339700.44,12,100169.01,15.31,23.85,5909.64,12.01,17.45,1273.89,1778.19,2,2018,Telecommunications,Y,Terengganu,Malay,M,MARRIED,MALAYSIAN,Retail Assistant,SPM,2750.81,A,1,Y,fail,pass,127299.89,N
2026-09-02,91254289,00000000535,800000000535,20260901,Approve,20260915,894,3,D,119,23,,4509,28,WEBSITE,,30664.35,12143.08,42807.43,396.37,10,4.4,108,-,A,24081.78,24081.78,38,4,3,342157.8,12,64476.66,21.04,26.22,5522.03,24.74,34.1,305.85,1962.73,2,,Oil & Gas,Y,Pahang,Malay,F,WIDOWED,MALAYSIAN,Army Personnel,STPM,131.38,,,Y,pass,fail,43865.06,Y
2026-09-02,85209599,00000000536,800000000536,20260829,Approve,20260914,546,1,D,174,35,2,5903,22,PARTNER,,44154.31,12363.21,56517.52,941.96,20,5.6,60,Y,A,20683.97,20683.97,58,29,15,332506.56,108,230037.22,36.06,43.64,1977.93,32.58,44.45,2416.13,1190.96,0,,Real Estate,N,Johor,Malay,F,SINGLE,MALAYSIAN,Doctor,SPM,539.61,A,1,Y,fail,pass,45124.55,Y
2026-09-02,56421570,00000000537,800000000537,20260831,Approve,20260831,405,4,C,171,17,2,7451,42,WEBSITE,,31738.8,16240.74,47979.54,571.19,10,7.31,84,Y,A,3659.96,3659.96,37,12,9,55505.04,36,24264.52,26.77,34.39,1114.68,36.22,42.08,2276.18,851.72,2,2012,Transportation,Y,Sabah,Malay,F,DIVORCED,MALAYSIAN,Army Personnel,Diploma,3427.24,A,,N,pass,pass,31765.7,Y
2026-09-02,96660419,00000000538,800000000538,20260830,Approve,20260907,757,3,B,180,17,2,9419,47,WEBSITE,,90069.24,23508.07,113577.31,1892.96,10,5.22,60,-,A,6488.7,6488.7,56,21,35,97195.32,108,17472.97,16.23,21.14,6659.47,21.64,24.87,1789.63,157.63,0,,Telecommunications,N,Selangor,Chinese,F,SINGLE,MALAYSIAN,Chef,Diploma,879.76,B,,Y,pass,fail,142752.9,Y
2026-09-02,28019246,00000000539,800000000539,20260830,Approve,20260830,646,2,E,159,27,2,6790,54,TELEMARKETING,,113055.35,19061.13,132116.48,3669.9,5,5.62,36,-,A,9576.61,9576.61,46,21,20,155087.64,36,82381.07,22.86,32.65,7594.05,26.26,31.56,1596.87,479.72,0,,Government,N,Sabah,Malay,F,SINGLE,MALAYSIAN,Clerk,Diploma,1205.86,A,,N,fail,pass,140448.26,Y
2026-09-02,50069463,00000000540,800000000540,20260902,Approve,20260919,765,4,D,118,13,3,7256,16,MOBILE_APP,,39676.36,13192.39,52868.75,629.39,20,4.75,84,Y,A,23089.38,23089.38,60,11,5,357129.0,108,88566.88,15.5,16.52,2831.97,16.64,24.4,32.68,1683.07,2,2012,Retail Trade,Y,Sabah,Malay,F,MARRIED,MALAYSIAN,Lecturer,SPM,2720.13,A,1,Y,fail,pass,59458.02,Y
2026-09-02,60147077,00000000541,800000000541,20260831,Approve,20260908,365,3,A,143,19,1,9369,62,TELEMARKETING,,3161.26,718.87,3880.13,107.78,10,7.58,36,Y,A,2560.49,2560.49,40,8,1,38243.4,36,28307.53,50.64,58.18,7945.48,58.99,60.15,336.67,35.38,3,,Education,Y,Selangor,Malay,M,WIDOWED,MALAYSIAN,Army Personnel,Bachelor Degree,43.19,,,Y,pass,fail,5135.43,Y
2026-09-02,49263424,00000000542,800000000542,20260827,Approve,20260905,639,4,G,106,10,3,3025,59,WEBSITE,,81779.43,43351.28,125130.71,1158.62,10,5.89,108,N,A,8864.11,8864.11,37,19,9,136304.88,84,35141.62,34.02,40.55,7310.31,34.33,41.18,2300.56,98.05,2,2014,Professional Services,N,Selangor,Malay,M,MARRIED,MALAYSIAN,Lecturer,Diploma,1335.0,,,Y,fail,pass,123864.44,Y
2026-09-02,42394260,00000000543,800000000543,20260901,Approve,20260904,860,1,G,155,11,2,5587,11,TELEMARKETING,,70587.33,30747.84,101335.17,938.29,0,4.84,108,Y,A,24689.89,24689.89,51,6,22,387597.12,108,109412.25,5,13.61,6582.61,5,8,2539.94,241.99,0,2015,Oil & Gas,N,Kedah,Chinese,F,SINGLE,MALAYSIAN,Army Personnel,Bachelor Degree,3754.47,A,1,Y,pass,fail,76390.1,Y
2026-09-02,12862892,00000000544,800000000544,20260831,Approve,20260912,515,3,D,197,12,3,1934,72,TELEMARKETING,,51024.45,10669.21,61693.66,1713.71,30,6.97,36, ,A,6274.05,6274.05,54,28,27,91221.6,12,80319.2,42.26,48.17,1875.1,49.52,53.18,2374.66,863.49,3,,Transportation,N,Sarawak,Chinese,M,MARRIED,MALAYSIAN,Technician,Bachelor Degree,501.02,B,,Y,fail,fail,83769.31,Y
2026-09-02,98732634,00000000545,800000000545,20260830,Approve,20260908,593,2,E,174,18,2,8260,93,WEBSITE,,51872.82,22186.01,74058.83,881.65,30,6.11,84,Y,A,5267.81,5267.81,33,12,1,76709.52,108,42655.05,25.71,27.02,6652.96,35.06,38.39,170.92,1421.73,0,,Professional Services,Y,Pahang,Chinese,F,SINGLE,MALAYSIAN,Sales Executive,SPM,3801.84,C,1,N,pass,fail,76343.35,Y
2026-09-02,98164473,00000000546,800000000546,20260830,Approve,20260908,400,3,E,195,28,2,4818,64,MOBILE_APP,,38734.25,26703.39,65437.64,605.9,10,7.66,108, ,A,2788.5,2788.5,41,14,22,39724.32,12,37123.91,44.79,49.66,2374.46,53.05,58.73,507.7,1441.88,1,,Food & Beverage,N,Johor,Others,M,MARRIED,MALAYSIAN,Retail Assistant,Bachelor Degree,3779.5,,1,N,pass,pass,64194.34,Y
2026-09-02,35399131,00000000547,800000000547,20260901,Approve,20260918,845,4,E,181,18,2,1388,22,COUNTER,,70472.76,10888.04,81360.8,2260.02,5,5.15,36,-,A,23403.44,23403.44,29,4,5,377768.88,12,142654.25,24.1,25.48,5933.0,30.74,32.0,2622.58,847.09,1,2015,Agriculture,N,Kedah,Malay,F,SINGLE,MALAYSIAN,Doctor,SPM,4129.54,B,1,N,pass,fail,73330.07,Y
2026-09-02,46059588,00000000548,800000000548,20260901,Approve,20260905,455,3,B,198,21,,2518,18,WEBSITE,,19009.47,3410.3,22419.77,622.77,10,5.98,36, ,A,18277.3,18277.3,58,27,13,264352.8,36,151174.59,34.71,37.32,5499.01,38.38,45.5,838.8,829.43,1,,Hospitality,N,Sabah,Indian,F,SINGLE,MALAYSIAN,Technician,SPM,319.69,B,,Y,pass,pass,30481.68,N
2026-09-02,35602276,00000000549,800000000549,20260901,Approve,20260910,939,1,G,182,22,,1503,11,WEBSITE,,49174.03,11629.66,60803.69,1013.39,10,4.73,60, ,A,23952.78,23952.78,44,3,8,385065.0,84,69130.28,16.99,24.2,3847.9,23.93,27.8,1400.12,1881.25,4,,Government,N,Pulau Pinang,Malay,F,MARRIED,MALAYSIAN,Driver,SPM,1932.76,C,,N,pass,fail,62716.68,N
2026-09-02,37963296,00000000550,800000000550,20260902,Approve,20260915,872,4,D,164,26,3,3302,89,MOBILE_APP,,71870.56,19405.05,91275.61,1521.26,5,5.4,60,Y,A,15921.47,15921.47,61,4,24,233234.88,84,56795.52,23.86,31.89,2647.09,25.7,37.34,2477.85,872.27,0,,Education,N,Selangor,Malay,F,MARRIED,MALAYSIAN,IT Executive,Bachelor Degree,3017.71,A,1,Y,fail,fail,119693.41,N
2026-09-02,60987765,00000000551,800000000551,20260902,Approve,20260916,326,2,A,157,22,,7844,96,TELEMARKETING,,7590.68,4952.92,12543.6,116.14,20,7.25,108,N,A,11440.05,11440.05,47,16,5,177807.0,84,120121.56,39.56,44.55,1184.22,48.01,51.16,2168.47,1940.6,0,2013,Plantation,N,Kuala Lumpur,Malay,M,SINGLE,MALAYSIAN,Engineer,Diploma,1879.78,A,1,N,fail,fail,8670.38,Y
2026-09-02,10861645,00000000552,800000000552,20260826,Approve,20260901,799,1,G,154,27,3,9723,42,COUNTER,,44767.09,14540.35,59307.44,706.04,10,4.64,84,N,A,23720.54,23720.54,41,23,19,364079.64,12,142613.69,22.07,25.56,3215.47,22.04,29.34,45.94,1998.17,3,,Government,Y,Sarawak,Chinese,F,MARRIED,MALAYSIAN,Sales Executive,STPM,4157.55,C,1,N,pass,fail,45730.91,N
2026-09-02,77078825,00000000553,800000000553,20260901,Approve,20260930,556,4,G,178,26,2,3298,35,PARTNER,,19244.04,11552.2,30796.24,285.15,10,6.67,108,-,A,5285.77,5285.77,51,1,27,82522.2,36,25951.07,22.79,28.4,7704.73,27.48,31.2,2659.51,1395.51,0,,Healthcare,Y,Johor,Malay,M,SINGLE,MALAYSIAN,Technician,Diploma,3702.46,C,1,N,fail,fail,29171.31,N
2026-09-02,22150619,00000000554,800000000554,20260830,Approve,20260917,684,4,C,125,19,2,8466,27,PARTNER,,41848.68,8060.06,49908.74,1386.35,10,6.42,36,Y,A,10226.41,10226.41,63,35,20,160084.68,108,112298.55,26.72,28.01,1105.04,41.57,42.65,683.16,1837.38,0,2018,Construction,Y,Johor,Malay,F,SINGLE,MALAYSIAN,Driver,SPM,133.28,B,1,Y,fail,fail,57347.74,Y
2026-09-02,89932574,00000000555,800000000555,20260901,Approve,20260913,999,1,C,111,15,2,3477,19,TELEMARKETING,,21469.44,3213.98,24683.42,685.65,30,4.99,36,-,A,24980.85,24980.85,29,10,11,397248.96,84,51537.16,18.2,25.91,4100.06,23.97,28.45,1233.69,419.35,2,,Financial Services,Y,Sabah,Chinese,M,MARRIED,MALAYSIAN,Chef,Diploma,970.67,,1,Y,fail,pass,33541.2,Y
2026-09-02,94007943,00000000556,800000000556,20260829,Approve,20260924,177,1,B,123,35,,3616,70,MOBILE_APP,,38117.84,14237.01,52354.85,872.58,5,7.47,60,-,A,2126.23,2126.23,56,20,30,32970.48,60,21743.81,31.63,37.95,3397.77,46.73,51.46,1544.47,199.48,4,,Real Estate,N,Kedah,Chinese,F,MARRIED,MALAYSIAN,Chef,Certificate,4869.42,,1,Y,pass,pass,45682.6,Y
2026-09-02,42101325,00000000557,800000000557,20260827,Approve,20260917,639,1,B,171,25,,3719,11,WEBSITE,,25878.22,10615.25,36493.47,434.45,30,5.86,84,Y,A,17963.42,17963.42,61,17,39,264829.92,84,85846.39,28.11,32.27,6619.1,34.63,36.44,1984.3,1519.16,0,2023,Healthcare,N,Melaka,Malay,M,SINGLE,MALAYSIAN,Manager,Diploma,3853.68,C,,Y,pass,pass,36489.79,N
2026-09-02,86904329,00000000558,800000000558,20260901,Approve,20260902,857,2,A,139,10,3,1465,35,MOBILE_APP,,54520.86,19578.44,74099.3,882.13,0,5.13,84, ,A,5736.55,5736.55,44,5,1,92870.88,108,31500.15,22.88,30.33,4475.71,23.48,33.28,718.83,1589.74,0,,Transportation,Y,Terengganu,Chinese,F,SINGLE,MALAYSIAN,Technician,SPM,583.48,C,,N,pass,pass,62155.95,N
2026-09-02,46130639,00000000559,800000000559,20260831,Approve,20260921,847,2,F,180,20,3,4576,11,COUNTER,,29732.77,9365.82,39098.59,465.46,20,4.5,84,-,A,14258.48,14258.48,31,3,4,209352.6,108,48185.84,15.27,16.83,3870.95,14.09,21.72,674.16,1114.49,0,2012,Government,N,Kuala Lumpur,Malay,M,SINGLE,MALAYSIAN,Sales Executive,SPM,342.26,C,1,Y,pass,pass,48981.88,Y
2026-09-02,45831162,00000000560,800000000560,20260830,Approve,20260927,654,3,G,107,31,,9870,39,PARTNER,,77289.4,13587.48,90876.88,2524.36,10,5.86,36, ,A,7037.32,7037.32,44,20,7,107557.68,12,28367.04,34.04,38.87,6745.49,38.81,39.85,2002.2,224.27,0,2014,Real Estate,N,Melaka,Chinese,M,SINGLE,MALAYSIAN,Self-Employed,Bachelor Degree,1055.85,B,,Y,fail,pass,127107.69,N
2026-09-02,23644112,00000000561,800000000561,20260902,Approve,20260920,443,3,G,158,25,3,2798,48,PARTNER,,14892.42,2872.75,17765.17,493.48,30,6.43,36,N,A,12920.48,12920.48,28,0,5,186411.24,60,112994.0,33.67,35.8,6933.31,31.35,40.36,694.96,393.53,1,2022,Wholesale,Y,Kuala Lumpur,Malay,M,WIDOWED,MALAYSIAN,Doctor,SPM,806.03,A,1,Y,pass,pass,18855.61,N
2026-09-02,68320056,00000000562,800000000562,20260830,Approve,20260831,489,4,F,192,25,1,1155,54,TELEMARKETING,,102706.78,45796.95,148503.73,1767.9,30,6.37,84,Y,A,8312.38,8312.38,55,26,31,126703.8,60,74880.24,40.94,50.11,5758.95,43.73,47.64,741.05,1522.85,5,,Hospitality,N,Negeri Sembilan,Chinese,M,MARRIED,MALAYSIAN,Factory Worker,SPM,2648.39,A,,Y,pass,pass,136681.98,N
2026-09-02,21230536,00000000563,800000000563,20260830,Approve,20260926,591,3,E,157,22,2,7448,18,MOBILE_APP,,50840.43,8571.7,59412.13,1650.34,20,5.62,36,-,A,20423.33,20423.33,29,6,7,316619.16,36,212184.56,21.94,26.14,3263.99,23.23,35.16,1044.01,861.24,0,2023,Real Estate,Y,Kuala Lumpur,Malay,F,SINGLE,MALAYSIAN,Nurse,SPM,2234.78,,1,N,pass,fail,75383.33,Y
2026-09-02,22628163,00000000564,800000000564,20260829,Approve,20260921,678,3,A,162,13,3,4174,38,WEBSITE,,57101.7,15331.81,72433.51,1207.23,20,5.37,60,-,A,16836.79,16836.79,56,12,35,237026.52,36,55327.57,23.71,26.91,3881.97,26.15,35.53,580.37,555.61,0,,Healthcare,Y,Perak,Malay,F,SINGLE,MALAYSIAN,Businessman,Diploma,324.16,C,,Y,pass,fail,57419.18,N
2026-09-02,11104601,00000000565,800000000565,20260829,Approve,20260830,647,3,A,193,13,1,4289,24,COUNTER,,114359.57,51313.14,165672.71,1972.29,30,6.41,84, ,A,9965.73,9965.73,54,32,24,139811.16,84,86616.32,29.19,32.9,6586.61,33.56,36.59,641.11,736.45,1,2026,Education,Y,Pulau Pinang,Chinese,F,MARRIED,MALAYSIAN,Civil Servant,STPM,823.48,,,N,fail,pass,133483.56,Y
2026-09-02,49901824,00000000566,800000000566,20260902,Approve,20260922,257,4,E,124,10,3,9161,75,PARTNER,,117505.6,27390.56,144896.16,4024.89,20,7.77,36,Y,A,6473.35,6473.35,48,17,13,101513.4,60,85307.38,31.05,32.09,7173.5,37.35,45.55,1555.64,1623.76,1,,Manufacturing,N,Sarawak,Chinese,M,MARRIED,MALAYSIAN,Sales Executive,SPM,3361.61,,1,Y,fail,fail,121272.34,N
2026-09-02,25754259,00000000567,800000000567,20260830,Approve,20260830,681,4,C,173,18,,8535,22,WEBSITE,,17363.57,4679.48,22043.05,367.38,20,5.39,60,-,A,5609.18,5609.18,48,17,30,77624.28,60,39760.51,22.51,23.52,4548.67,31.51,35.25,1463.46,95.27,0,,Food & Beverage,Y,Johor,Indian,M,SINGLE,MALAYSIAN,Security Guard,SPM,2348.92,C,1,Y,fail,pass,19992.8,N
2026-09-02,94877532,00000000568,800000000568,20260826,Approve,20260915,271,4,D,188,13,1,8921,87,PARTNER,,110782.21,73980.36,184762.57,1710.76,20,7.42,108, ,A,4490.25,4490.25,30,8,6,69870.72,36,44386.96,36.28,40.51,4563.69,47.2,57.0,2398.29,1399.17,0,,Retail Trade,N,Sarawak,Malay,F,SINGLE,MALAYSIAN,Doctor,SPM,4453.12,,,N,fail,fail,138623.79,Y
2026-09-02,51010058,00000000569,800000000569,20260902,Approve,20260905,840,1,B,142,25,2,7593,76,WEBSITE,,14948.53,7224.62,22173.15,205.31,10,5.37,108,Y,A,11277.06,11277.06,49,27,26,162730.08,60,45730.06,24.55,32.52,6148.72,27.8,35.74,1812.23,1231.47,0,2016,Telecommunications,Y,Kelantan,Indian,M,MARRIED,MALAYSIAN,Factory Worker,Master Degree,2761.84,A,1,N,fail,pass,20361.38,N
2026-09-02,55183120,00000000570,800000000570,20260826,Approve,20260916,468,4,C,126,29,3,7368,40,COUNTER,,57725.9,32366.91,90092.81,834.19,0,6.23,108,-,A,6168.13,6168.13,49,22,26,91771.32,84,72974.09,27.82,31.04,1349.23,24.12,35.41,27.69,1238.07,0,,Hospitality,N,Negeri Sembilan,Malay,F,SINGLE,MALAYSIAN,Teacher,Diploma,125.71,C,1,N,pass,fail,71881.63,N
2026-09-02,55003155,00000000571,800000000571,20260829,Approve,20260914,550,1,B,146,32,,8475,28,PARTNER,,2281.31,1093.89,3375.2,40.18,10,6.85,84, ,A,11166.77,11166.77,46,6,7,164755.68,84,107645.06,20.78,26.3,6678.86,28.0,30.78,586.26,769.56,0,2024,Oil & Gas,N,Selangor,Chinese,F,SINGLE,MALAYSIAN,IT Executive,SPM,2471.46,,,Y,fail,fail,3686.77,N
2026-09-02,40486002,00000000572,800000000572,20260831,Approve,20260831,222,3,D,121,21,3,2733,91,WEBSITE,,52089.07,39144.94,91234.01,844.76,20,8.35,108,Y,A,8018.28,8018.28,36,2,4,128942.04,84,101081.34,41.45,51.17,1972.5,59.13,67.61,1324.19,785.72,1,,Construction,N,Johor,Malay,F,SINGLE,MALAYSIAN,Security Guard,SPM,4884.5,C,,N,pass,fail,78983.12,N
2026-09-02,38569395,00000000573,800000000573,20260829,Approve,20260916,876,3,E,162,20,,3185,91,COUNTER,,23296.4,3152.0,26448.4,734.68,0,4.51,36, ,A,9739.24,9739.24,55,6,32,145152.12,84,47205.23,11.7,20.27,4805.0,12.11,18.54,1685.88,153.84,2,,Retail Trade,Y,Perak,Malay,M,MARRIED,MALAYSIAN,Technician,PhD,2664.2,C,1,Y,pass,pass,24502.71,Y
2026-09-02,16711227,00000000574,800000000574,20260831,Approve,20260925,632,4,D,197,19,,2305,76,COUNTER,,62882.44,33730.14,96612.58,894.56,20,5.96,108,N,A,17048.94,17048.94,62,12,9,247931.64,108,90781.43,31.88,35.05,6670.71,43.94,45.44,2930.47,1417.5,0,,Government,Y,Sarawak,Malay,M,DIVORCED,MALAYSIAN,Clerk,Bachelor Degree,3722.62,,,Y,pass,fail,98837.7,N
2026-09-02,99586100,00000000575,800000000575,20260828,Approve,20260905,753,3,G,120,29,1,5512,83,MOBILE_APP,,89810.87,45507.17,135318.04,1252.94,30,5.63,108,-,A,20742.41,20742.41,38,15,6,313619.04,84,83361.32,17.52,20.65,7780.45,13.63,22.64,288.65,545.64,4,,Professional Services,Y,Selangor,Indian,F,DIVORCED,MALAYSIAN,IT Executive,Diploma,3085.13,,,N,pass,fail,124765.72,N
2026-09-02,58743864,00000000576,800000000576,20260902,Approve,20260920,626,1,D,150,27,,1192,83,TELEMARKETING,,52879.96,10200.54,63080.5,1752.24,0,6.43,36,N,A,14125.31,14125.31,43,8,6,210182.04,84,94461.03,25.42,26.58,1460.33,22.05,30.05,1952.37,893.1,1,2013,Telecommunications,N,Negeri Sembilan,Malay,F,SINGLE,MALAYSIAN,Sales Executive,SPM,2593.23,C,,Y,fail,pass,71313.13,Y
2026-09-02,94848377,00000000577,800000000577,20260829,Approve,20260920,742,4,F,175,18,2,4850,21,TELEMARKETING,,72737.67,33648.45,106386.12,985.06,30,5.14,108, ,A,23523.95,23523.95,54,10,2,344016.48,12,169744.96,19.47,25.05,4798.65,24.53,32.02,1572.1,929.83,4,,Retail Trade,Y,Johor,Malay,F,MARRIED,MALAYSIAN,Accountant,Diploma,1875.12,A,,N,pass,fail,79625.24,Y
2026-09-02,42988238,00000000578,800000000578,20260827,Approve,20260923,548,1,A,156,21,1,1651,34,WEBSITE,,89358.67,17639.4,106998.07,2972.17,5,6.58,36,Y,A,6640.39,6640.39,45,1,0,100888.92,84,86103.77,37.8,46.93,2173.91,42.57,49.47,2321.13,44.13,2,2017,Government,N,Pulau Pinang,Malay,F,MARRIED,MALAYSIAN,IT Executive,Master Degree,59.73,C,,N,fail,fail,128507.27,N
2026-09-02,86164272,00000000579,800000000579,20260827,Approve,20260902,940,2,C,179,18,,1801,82,MOBILE_APP,,68970.76,30478.18,99448.94,920.82,20,4.91,108,-,A,16263.84,16263.84,50,24,24,244142.04,12,79267.52,22.96,27.05,2539.78,23.14,30.15,2360.41,119.22,3,,Telecommunications,N,Selangor,Chinese,F,MARRIED,MALAYSIAN,Supervisor,SPM,1467.44,,1,N,pass,pass,98809.9,Y
2026-09-02,50022151,00000000580,800000000580,20260826,Approve,20260914,877,4,G,115,34,3,3253,80,MOBILE_APP,,3076.29,992.72,4069.01,48.44,10,4.61,84, ,A,24912.01,24912.01,35,6,5,362050.68,84,65950.53,22.54,30.84,6331.8,18.66,27.13,2375.83,1071.28,1,,Healthcare,Y,Kuala Lumpur,Malay,F,MARRIED,MALAYSIAN,Businessman,Bachelor Degree,94.9,,,Y,pass,pass,3305.69,Y
2026-09-02,96702369,00000000581,800000000581,20260901,Approve,20260922,334,3,E,149,32,1,2487,19,MOBILE_APP,,113454.55,57419.35,170873.9,2034.21,30,7.23,84,Y,A,6110.31,6110.31,60,28,35,89472.72,108,42440.39,35.39,40.23,3595.44,48.7,53.42,2506.77,3.85,3,2012,Manufacturing,N,Selangor,Malay,F,MARRIED,MALAYSIAN,Contractor,SPM,4689.76,C,1,Y,pass,fail,137825.71,N
2026-09-02,49357964,00000000582,800000000582,20260828,Approve,20260919,938,1,E,132,16,2,3835,49,TELEMARKETING,,6157.71,2854.1,9011.81,83.44,20,5.15,108,-,A,22463.08,22463.08,54,14,20,346041.24,60,67468.66,15.36,20.03,7813.56,13.0,24.41,1939.92,835.25,0,,Government,Y,Pahang,Malay,F,MARRIED,MALAYSIAN,Teacher,Diploma,4134.78,A,1,Y,pass,fail,9572.62,Y
2026-09-02,21108557,00000000583,800000000583,20260831,Approve,20260912,325,3,C,114,21,2,6164,60,WEBSITE,,79172.23,26760.21,105932.44,1765.54,10,6.76,60, ,A,23206.77,23206.77,25,7,0,363591.84,12,206507.61,45.41,54.05,1916.07,44.07,51.9,787.54,959.17,2,,Professional Services,N,Pahang,Indian,M,MARRIED,MALAYSIAN,Supervisor,SPM,3102.9,,,N,fail,pass,110454.84,Y
2026-09-02,78747232,00000000584,800000000584,20260827,Approve,20260915,437,2,C,144,25,3,4452,20,COUNTER,,34831.61,16604.23,51435.84,612.33,30,6.81,84,N,A,10648.59,10648.59,43,13,22,169946.28,108,147324.75,36.5,42.09,681.21,36.6,44.08,261.17,924.49,1,,Retail Trade,N,Selangor,Indian,F,DIVORCED,MALAYSIAN,Administrator,SPM,3130.61,C,1,Y,fail,pass,37107.08,Y
2026-09-02,19951749,00000000585,800000000585,20260829,Approve,20260914,612,3,D,182,20,,1114,84,COUNTER,,73122.94,21461.58,94584.52,1576.41,20,5.87,60,N,A,7660.56,7660.56,44,18,10,106227.24,108,65693.28,35.03,43.89,3363.2,34.62,43.63,1403.65,584.14,0,,Plantation,Y,Selangor,Chinese,M,SINGLE,MALAYSIAN,Factory Worker,Bachelor Degree,1282.51,A,,Y,fail,fail,98095.2,N
2026-09-02,84619451,00000000586,800000000586,20260827,Approve,20260924,685,4,B,192,26,1,8672,43,WEBSITE,,84199.6,26017.68,110217.28,1836.95,5,6.18,60,N,A,7628.13,7628.13,43,16,6,107034.72,12,79689.66,38.98,44.11,6083.9,44.46,46.06,6.69,168.78,0,2019,Wholesale,Y,Selangor,Chinese,M,MARRIED,MALAYSIAN,Retail Assistant,SPM,579.53,C,1,N,fail,pass,126267.56,N
2026-09-02,86452621,00000000587,800000000587,20260901,Approve,20260913,763,3,A,191,22,3,4707,66,TELEMARKETING,,98672.97,28269.81,126942.78,2115.71,30,5.73,60,N,A,14741.46,14741.46,46,25,10,231373.44,12,90565.72,23.01,25.37,6478.49,19.83,31.27,1118.61,279.28,1,2023,Hospitality,N,Pulau Pinang,Malay,F,SINGLE,MALAYSIAN,Security Guard,STPM,2350.73,C,1,Y,fail,pass,110828.17,Y
2026-09-02,45545068,00000000588,800000000588,20260831,Approve,20260923,781,4,B,174,14,2,6166,90,COUNTER,,1568.31,240.42,1808.73,50.24,20,5.11,36,Y,A,18768.28,18768.28,26,5,4,263201.52,60,36349.19,16.71,20.97,2345.33,17.41,22.33,214.5,1114.02,0,2015,Construction,N,Kuala Lumpur,Malay,F,DIVORCED,MALAYSIAN,Chef,Bachelor Degree,157.41,,1,Y,fail,fail,2063.27,N
2026-09-02,15182741,00000000589,800000000589,20260901,Approve,20260901,867,4,E,190,24,2,1006,51,WEBSITE,,5425.93,779.71,6205.64,172.38,20,4.79,36,N,A,18270.08,18270.08,35,14,0,286822.08,12,95035.41,21.12,24.29,3957.18,23.44,25.81,1685.79,466.28,0,,Real Estate,N,Kuala Lumpur,Others,F,MARRIED,MALAYSIAN,Civil Servant,Diploma,3207.23,B,,Y,fail,fail,6309.6,N
2026-09-02,43716263,00000000590,800000000590,20260830,Approve,20260927,980,1,D,194,16,,5132,53,PARTNER,,32881.5,11623.61,44505.11,529.82,5,5.05,84, ,A,22822.21,22822.21,28,4,0,363169.92,108,46849.5,22.02,23.23,4565.79,31.53,36.48,251.67,1199.63,0,,Financial Services,N,Pulau Pinang,Malay,F,DIVORCED,MALAYSIAN,Nurse,Bachelor Degree,3146.22,,,N,pass,pass,39087.22,N
2026-09-02,94463186,00000000591,800000000591,20260831,Approve,20260908,782,2,B,118,24,3,5630,49,PARTNER,,55768.46,8231.42,63999.88,1777.77,30,4.92,36,Y,A,9507.57,9507.57,35,1,7,142392.6,84,64413.84,31.92,34.45,6464.19,32.14,39.33,2651.26,851.53,0,,Plantation,Y,Sarawak,Chinese,F,SINGLE,MALAYSIAN,Civil Servant,Bachelor Degree,3685.53,C,,Y,fail,fail,62401.96,N
2026-09-02,98480354,00000000592,800000000592,20260826,Approve,20260913,897,3,F,171,30,3,6484,61,COUNTER,,48497.28,11784.84,60282.12,1004.7,30,4.86,60, ,A,16510.76,16510.76,60,2,31,245316.0,84,53329.71,15.21,21.83,3468.62,18.29,22.74,821.59,1711.83,0,,Real Estate,Y,Kelantan,Malay,F,SINGLE,MALAYSIAN,Accountant,SPM,3947.54,,,Y,fail,pass,61831.82,N
2026-09-02,32633927,00000000593,800000000593,20260828,Approve,20260906,817,1,F,187,16,3,8800,30,PARTNER,,79065.48,37785.39,116850.87,1081.95,20,5.31,108,N,A,8592.97,8592.97,34,0,14,138744.36,108,58728.89,19.35,20.52,6086.65,19.54,25.46,2337.93,1298.67,0,,Real Estate,Y,Selangor,Malay,F,SINGLE,MALAYSIAN,Factory Worker,SPM,2229.92,A,,Y,fail,pass,85094.99,Y
2026-09-02,96719643,00000000594,800000000594,20260831,Approve,20260903,676,2,G,165,13,3,6044,64,TELEMARKETING,,126323.55,23003.52,149327.07,4147.97,20,6.07,36, ,A,16240.84,16240.84,28,0,2,235205.04,60,86687.81,38.05,47.98,2386.61,47.65,49.02,754.16,236.55,3,2018,Agriculture,Y,Labuan,Indian,F,MARRIED,MALAYSIAN,Civil Servant,Bachelor Degree,4729.01,C,,Y,fail,pass,127473.93,Y
2026-09-02,53712695,00000000595,800000000595,20260828,Approve,20260917,801,1,E,107,27,3,2742,90,WEBSITE,,64716.33,16793.89,81510.22,1358.5,0,5.19,60,-,A,8121.48,8121.48,40,0,16,115155.96,84,44632.59,21.63,30.92,7546.53,14.31,25.76,1679.9,1174.36,1,,Hospitality,Y,Kedah,Malay,F,SINGLE,MALAYSIAN,Contractor,Bachelor Degree,2066.74,,1,N,pass,pass,91351.32,Y
2026-09-02,47832433,00000000596,800000000596,20260826,Approve,20260909,774,4,D,192,11,3,7096,59,PARTNER,,78737.31,20078.01,98815.32,1646.92,0,5.1,60,N,A,20888.04,20888.04,57,31,9,326394.72,84,143884.77,27.76,29.81,6065.65,30.99,34.92,2573.78,738.2,2,2026,Oil & Gas,Y,Kuala Lumpur,Chinese,F,MARRIED,MALAYSIAN,Accountant,Bachelor Degree,2048.14,C,,Y,pass,fail,108699.99,Y
2026-09-02,84470967,00000000597,800000000597,20260827,Approve,20260903,130,3,G,178,20,3,4298,28,COUNTER,,89525.8,35362.69,124888.49,2081.47,10,7.9,60, ,A,2300.68,2300.68,21,0,0,31902.48,60,32565.28,42.83,50.29,3056.93,43.88,52.17,2414.47,1358.74,0,,Professional Services,N,Kelantan,Malay,F,SINGLE,MALAYSIAN,Supervisor,Diploma,3752.61,C,,N,pass,fail,140455.44,Y
2026-09-02,96095674,00000000598,800000000598,20260828,Approve,20260830,273,2,B,122,33,2,9268,96,PARTNER,,6752.3,4727.96,11480.26,106.3,20,7.78,108,Y,A,8879.26,8879.26,23,1,0,130303.08,60,105580.43,46.43,52.73,2311.14,46.4,54.89,2744.61,1081.73,0,2012,Plantation,N,Negeri Sembilan,Chinese,M,MARRIED,MALAYSIAN,Supervisor,STPM,4214.89,B,,Y,fail,pass,6950.18,N
2026-09-02,47353629,00000000599,800000000599,20260901,Approve,20260914,844,1,F,185,27,2,1093,95,TELEMARKETING,,65857.67,23603.39,89461.06,1065.01,0,5.12,84,-,A,18845.13,18845.13,28,5,2,295669.08,36,55289.2,18.82,28.28,6356.93,16.21,22.79,720.74,747.17,3,2010,Construction,N,Kedah,Chinese,M,MARRIED,MALAYSIAN,Retail Assistant,STPM,4880.85,A,1,Y,pass,pass,100922.55,N
2026-09-02,58865252,00000000600,800000000600,20260827,Approve,20260912,706,1,E,192,30,3,9592,81,COUNTER,,69989.99,34960.0,104949.99,971.76,5,5.55,108, ,A,19349.47,19349.47,65,30,6,310575.12,12,168508.22,19.32,27.8,5745.26,13.53,22.42,540.57,1191.18,2,2019,Professional Services,N,Kuala Lumpur,Malay,M,MARRIED,MALAYSIAN,Supervisor,SPM,3218.22,C,1,N,pass,pass,75362.1,N
2026-09-02,80859233,00000000601,800000000601,20260902,Approve,20260914,862,3,A,118,33,1,7712,43,MOBILE_APP,,121209.53,15999.66,137209.19,3811.37,30,4.4,36,N,A,15565.52,15565.52,47,12,18,249933.6,84,54762.36,18.56,28.19,754.33,14.27,23.13,1761.1,1383.14,0,2025,Retail Trade,Y,Pulau Pinang,Chinese,M,MARRIED,MALAYSIAN,Factory Worker,Diploma,1741.85,A,,N,pass,fail,140499.07,N
2026-09-02,75084715,00000000602,800000000602,20260828,Approve,20260829,203,2,B,195,12,3,2302,99,WEBSITE,,120692.29,29364.43,150056.72,4168.24,20,8.11,36,-,A,1590.72,1590.72,35,15,1,24928.92,36,11885.55,43.99,51.72,683.57,51.72,55.22,90.5,1231.91,0,,Government,Y,Kuala Lumpur,Chinese,M,SINGLE,MALAYSIAN,IT Executive,Master Degree,4358.89,A,1,N,pass,fail,124680.66,N
2026-09-02,87710695,00000000603,800000000603,20260826,Approve,20260907,888,3,A,165,20,3,5722,63,WEBSITE,,22364.2,6027.15,28391.35,473.19,0,5.39,60,-,A,17209.02,17209.02,40,2,13,272129.52,36,74913.36,15.86,22.07,1773.23,17.74,23.17,1562.42,1254.52,0,,Telecommunications,Y,Pulau Pinang,Chinese,M,DIVORCED,MALAYSIAN,Businessman,Diploma,1140.67,B,1,Y,fail,pass,33222.0,Y
2026-09-02,51698066,00000000604,800000000604,20260829,Approve,20260919,340,2,B,156,15,1,4416,92,TELEMARKETING,,17751.8,4281.73,22033.53,612.04,30,8.04,36,N,A,15576.35,15576.35,57,2,2,220374.96,84,176948.54,39.26,48.38,518.39,56.7,62.1,524.62,387.6,3,,Agriculture,N,Pahang,Chinese,F,MARRIED,MALAYSIAN,Nurse,Bachelor Degree,2317.19,A,1,Y,fail,fail,26273.41,Y
2026-09-02,73680989,00000000605,800000000605,20260826,Approve,20260901,535,2,D,128,18,,9493,54,COUNTER,,38790.52,22727.37,61517.89,569.61,20,6.51,108,N,A,10902.0,10902.0,56,22,11,162220.92,108,58093.82,22.33,24.17,992.68,27.85,33.86,755.84,1994.93,2,,Government,Y,Kuala Lumpur,Malay,M,SINGLE,MALAYSIAN,Accountant,SPM,3503.13,A,1,N,pass,pass,48802.17,N
2026-09-02,56488366,00000000606,800000000606,20260828,Approve,20260830,734,3,G,107,23,,7946,48,PARTNER,,108315.76,45189.34,153505.1,1827.44,5,5.96,84, ,A,18293.35,18293.35,28,9,3,274664.16,12,62768.99,20.91,25.85,1888.12,19.48,29.15,923.98,1888.29,3,2026,Food & Beverage,Y,Sabah,Malay,F,MARRIED,MALAYSIAN,Driver,Diploma,1894.58,,,N,fail,pass,109271.93,N
2026-09-02,32414131,00000000607,800000000607,20260831,Approve,20260901,779,1,B,106,18,1,3691,36,COUNTER,,24241.41,9112.35,33353.76,397.07,5,5.37,84, ,A,23848.05,23848.05,38,13,2,330803.64,84,186010.16,26.75,29.53,5909.71,29.78,41.46,385.86,763.38,0,,Manufacturing,N,Selangor,Malay,F,SINGLE,MALAYSIAN,Contractor,Bachelor Degree,2636.6,C,,Y,fail,pass,34018.71,Y
2026-09-02,34290898,00000000608,800000000608,20260827,Approve,20260831,912,4,D,173,14,3,7187,34,PARTNER,,76199.51,26083.09,102282.6,1217.65,0,4.89,84,N,A,11575.13,11575.13,41,3,16,182548.08,12,36429.19,19.98,29.9,3575.34,17.99,25.62,511.59,88.69,0,2021,Food & Beverage,Y,Pulau Pinang,Malay,M,SINGLE,MALAYSIAN,Lecturer,Master Degree,2298.75,B,1,Y,pass,fail,105801.53,N
2026-09-02,45856430,00000000609,800000000609,20260826,Approve,20260831,884,2,C,175,10,2,8854,53,COUNTER,,37451.05,5190.72,42641.77,1184.49,10,4.62,36,-,A,16716.47,16716.47,41,23,23,242473.56,108,44935.82,24.01,25.66,7762.04,33.82,38.61,1135.87,628.87,0,,Oil & Gas,Y,Perak,Indian,F,MARRIED,MALAYSIAN,Contractor,Bachelor Degree,2354.14,A,,Y,pass,fail,44236.17,Y
2026-09-02,17812261,00000000610,800000000610,20260902,Approve,20260909,769,3,E,141,22,1,9492,58,MOBILE_APP,,32096.13,15512.06,47608.19,440.82,0,5.37,108,-,A,20755.8,20755.8,53,34,12,323495.04,12,110159.21,18.97,23.83,1449.16,27.37,30.24,2773.26,25.85,1,2022,Agriculture,N,Johor,Malay,F,SINGLE,MALAYSIAN,Lecturer,SPM,4995.87,C,,N,fail,pass,36699.25,Y
2026-09-02,31052607,00000000611,800000000611,20260829,Approve,20260927,226,1,D,160,11,1,1749,73,MOBILE_APP,,60435.2,33928.32,94363.52,1123.38,0,8.02,84,-,A,12715.86,12715.86,64,0,13,200922.72,108,156890.24,36.3,43.76,917.26,49.07,60.0,2054.0,694.1,1,,Construction,N,Johor,Malay,M,SINGLE,MALAYSIAN,Contractor,SPM,4560.55,A,,N,pass,fail,83447.82,N
2026-09-02,57710644,00000000612,800000000612,20260826,Approve,20260827,876,4,F,112,28,2,5904,82,TELEMARKETING,,83458.68,23034.6,106493.28,1774.89,30,5.52,60, ,A,6662.47,6662.47,54,18,29,98652.12,108,42201.67,24.18,25.54,4192.92,22.75,33.31,2447.8,1610.2,2,,Plantation,Y,Sabah,Malay,M,MARRIED,MALAYSIAN,Clerk,Bachelor Degree,1331.99,B,,N,fail,pass,102472.72,N
2026-09-02,23637172,00000000613,800000000613,20260830,Approve,20260924,860,3,B,134,21,3,5431,53,COUNTER,,21365.66,6879.74,28245.4,336.25,0,4.6,84,N,A,15319.49,15319.49,27,7,6,233319.84,108,40871.41,10.59,19.1,1044.31,9.8,17.46,296.3,1662.21,1,2020,Retail Trade,Y,Pulau Pinang,Chinese,M,MARRIED,MALAYSIAN,Teacher,SPM,2379.26,B,1,Y,pass,pass,30882.36,Y
2026-09-02,23912513,00000000614,800000000614,20260830,Approve,20260925,844,1,G,114,17,1,6248,99,WEBSITE,,30363.18,4836.85,35200.03,977.78,30,5.31,36, ,A,20340.28,20340.28,37,0,6,320840.88,108,66479.91,23.19,26.43,7135.48,14.83,25.97,1725.92,246.99,0,,Agriculture,Y,Sabah,Malay,M,MARRIED,MALAYSIAN,Businessman,Bachelor Degree,4774.32,C,1,Y,fail,pass,48569.79,N
2026-09-02,91105461,00000000615,800000000615,20260901,Approve,20260925,793,2,B,149,33,3,7953,33,PARTNER,,2669.31,728.72,3398.03,56.63,0,5.46,60, ,A,20957.14,20957.14,27,4,8,300218.52,60,115651.66,20.45,26.38,4598.11,27.64,30.73,2717.94,468.45,0,2024,Real Estate,Y,Negeri Sembilan,Chinese,F,SINGLE,MALAYSIAN,Engineer,SPM,2039.12,A,,N,fail,pass,3810.51,N
2026-09-02,47761032,00000000616,800000000616,20260902,Approve,20260913,641,2,F,119,27,3,4500,85,PARTNER,,30124.84,16240.3,46365.14,429.31,20,5.99,108, ,A,8795.67,8795.67,35,5,14,131965.32,12,66324.62,32.4,39.47,3843.92,37.4,42.38,1790.6,1422.39,5,,Telecommunications,Y,Kelantan,Malay,F,MARRIED,MALAYSIAN,Police Officer,Bachelor Degree,61.01,A,1,Y,fail,fail,49624.19,N
2026-09-02,42534155,00000000617,800000000617,20260829,Approve,20260920,480,3,A,151,31,2,6340,12,PARTNER,,15027.01,9372.35,24399.36,225.92,30,6.93,108, ,A,9122.88,9122.88,23,5,4,137088.96,108,58801.73,40.15,45.32,4677.73,48.17,56.59,2999.8,1676.26,0,,Healthcare,Y,Selangor,Malay,M,SINGLE,MALAYSIAN,Teacher,Certificate,3861.49,A,1,Y,pass,fail,21861.85,Y
2026-09-02,51767937,00000000618,800000000618,20260901,Approve,20260907,456,3,C,167,17,1,3202,54,TELEMARKETING,,100259.5,69570.07,169829.57,1572.5,0,7.71,108,-,A,2227.19,2227.19,47,28,8,33628.2,12,31916.38,27.81,29.26,2985.93,31.01,36.66,975.8,869.77,2,,Professional Services,Y,Kedah,Malay,F,DIVORCED,MALAYSIAN,Technician,SPM,2366.66,A,,Y,fail,pass,135037.33,N
2026-09-02,42533446,00000000619,800000000619,20260901,Approve,20260917,508,3,F,139,23,3,5856,49,COUNTER,,68222.88,23536.89,91759.77,1529.33,20,6.9,60,N,A,7790.99,7790.99,32,1,2,125062.56,84,109455.92,35.01,36.47,3509.66,51.82,54.83,610.37,1410.59,2,,Wholesale,Y,Terengganu,Others,F,MARRIED,MALAYSIAN,Contractor,Diploma,4357.18,A,,N,pass,fail,107601.03,N
2026-09-02,87018477,00000000620,800000000620,20260902,Approve,20260923,999,4,D,150,31,2,8479,57,COUNTER,,71671.11,9546.59,81217.7,2256.05,0,4.44,36,N,A,24651.57,24651.57,38,3,16,357730.8,108,33854.58,9.23,11.57,3796.68,9.34,10.78,1903.3,1593.32,3,,Construction,Y,Johor,Malay,F,MARRIED,MALAYSIAN,Nurse,PhD,670.71,A,1,Y,pass,pass,95469.78,N
2026-09-02,49158452,00000000621,800000000621,20260829,Approve,20260916,876,1,D,161,18,1,9185,47,WEBSITE,,101285.8,26081.09,127366.89,2122.78,20,5.15,60, ,A,21179.44,21179.44,26,5,6,323148.96,36,83495.35,6.73,13.31,4222.01,5,8,1067.9,75.09,0,,Professional Services,N,Johor,Malay,F,SINGLE,MALAYSIAN,Police Officer,Bachelor Degree,2345.8,A,1,N,fail,fail,136356.92,Y
2026-09-02,94556169,00000000622,800000000622,20260902,Approve,20260904,918,4,F,181,28,2,8499,12,MOBILE_APP,,94321.53,21693.95,116015.48,1933.59,10,4.6,60, ,A,21140.59,21140.59,36,6,17,330060.96,12,39019.91,16.27,19.62,3487.44,16.28,27.02,2226.18,1364.19,3,2015,Hospitality,N,Johor,Chinese,M,WIDOWED,MALAYSIAN,Driver,Bachelor Degree,358.53,A,1,Y,fail,pass,102804.47,Y
2026-09-02,72725216,00000000623,800000000623,20260827,Approve,20260829,592,4,A,138,35,,2094,61,MOBILE_APP,,51923.84,10280.92,62204.76,1727.91,5,6.6,36, ,A,3234.07,3234.07,41,12,11,51953.76,12,17572.0,37.21,39.91,3118.84,40.85,43.88,2086.2,286.22,1,,Education,Y,Selangor,Indian,F,MARRIED,MALAYSIAN,Civil Servant,SPM,470.9,,,Y,fail,pass,74718.17,N
2026-09-02,65432489,00000000624,800000000624,20260829,Approve,20260913,64,3,E,180,22,1,4944,24,TELEMARKETING,,89250.83,47356.49,136607.32,1626.28,0,7.58,84,Y,A,10704.67,10704.67,43,16,10,148459.44,84,189297.76,54.02,60.76,7499.88,53.24,63.69,290.8,136.72,0,,Hospitality,Y,Perak,Indian,F,MARRIED,MALAYSIAN,Self-Employed,SPM,1914.87,B,1,Y,pass,fail,106959.61,Y
2026-09-02,61478837,00000000625,800000000625,20260827,Approve,20260916,441,3,A,103,11,1,7628,59,PARTNER,,96504.77,46341.59,142846.36,1700.55,30,6.86,84,N,A,5155.29,5155.29,43,15,8,71757.96,36,71087.99,31.74,33.45,1419.63,39.02,50.2,789.81,121.85,0,,Hospitality,N,Selangor,Chinese,F,MARRIED,MALAYSIAN,Accountant,SPM,4555.48,,,Y,pass,fail,97862.23,Y
2026-09-02,89149363,00000000626,800000000626,20260826,Approve,20260918,749,1,F,198,29,2,6269,23,WEBSITE,,98653.56,51053.22,149706.78,1386.17,30,5.75,108,Y,A,20238.16,20238.16,42,16,15,282459.84,12,91777.01,33.72,41.57,813.56,34.22,40.41,229.01,190.62,2,2013,Oil & Gas,N,Kuala Lumpur,Malay,F,MARRIED,MALAYSIAN,Security Guard,Master Degree,2758.08,C,,Y,pass,pass,144937.32,N
2026-09-02,27544302,00000000627,800000000627,20260902,Approve,20261001,665,2,F,162,20,,6568,20,WEBSITE,,56693.01,22382.4,79075.41,941.37,10,5.64,84,Y,A,19150.69,19150.69,25,1,3,292711.92,36,158768.14,21.98,28.28,2833.02,22.86,34.86,1953.48,1823.64,2,2017,Real Estate,N,Kuala Lumpur,Malay,F,MARRIED,MALAYSIAN,Engineer,Bachelor Degree,1031.58,B,1,Y,fail,pass,69230.99,Y
2026-09-02,53508227,00000000628,800000000628,20260826,Approve,20260917,922,3,D,155,17,1,3961,64,MOBILE_APP,,69201.19,31202.82,100404.01,929.67,30,5.01,108,Y,A,21892.33,21892.33,54,14,7,334767.12,12,102073.48,27.88,30.21,1265.84,32.82,36.74,1785.92,564.45,3,2026,Retail Trade,Y,Selangor,Malay,M,MARRIED,MALAYSIAN,Doctor,Diploma,4392.39,B,1,Y,pass,pass,93439.88,Y
2026-09-02,26853900,00000000629,800000000629,20260902,Approve,20260912,730,2,D,111,35,1,1156,70,WEBSITE,,113017.08,57774.33,170791.41,1581.4,20,5.68,108,N,A,23556.17,23556.17,22,2,1,326939.64,84,130830.95,21.52,28.1,7461.07,23.87,32.79,559.37,1127.91,0,2013,Education,Y,Sabah,Chinese,M,SINGLE,MALAYSIAN,Nurse,SPM,4881.48,,,Y,fail,pass,138055.11,Y
2026-09-02,76334640,00000000630,800000000630,20260827,Approve,20260905,869,2,B,111,19,2,4918,10,TELEMARKETING,,18796.6,4896.51,23693.11,394.89,10,5.21,60,Y,A,20291.42,20291.42,55,5,23,306423.12,12,78246.68,26.99,31.19,6854.0,28.13,34.84,2213.18,1430.15,5,,Professional Services,N,Putrajaya,Others,F,MARRIED,MALAYSIAN,Nurse,Bachelor Degree,3883.63,B,1,N,fail,fail,19645.7,Y
2026-09-02,13909854,00000000631,800000000631,20260902,Approve,20260911,711,1,C,123,31,1,3751,91,WEBSITE,,47196.82,18435.08,65631.9,781.33,5,5.58,84,Y,A,21149.15,21149.15,34,12,8,311191.32,60,105424.33,36.1,43.13,7089.54,38.52,42.54,2217.7,505.8,3,2012,Plantation,N,Selangor,Indian,M,MARRIED,MALAYSIAN,Doctor,SPM,778.76,,,N,pass,fail,54873.07,Y
2026-09-02,80742278,00000000632,800000000632,20260826,Approve,20260902,579,3,E,102,24,,8182,79,PARTNER,,96517.15,30692.45,127209.6,2120.16,0,6.36,60,Y,A,17479.26,17479.26,64,0,16,277428.6,36,89127.74,27.65,34.23,3136.6,24.68,35.52,2925.35,994.7,0,2010,Food & Beverage,N,Johor,Malay,F,SINGLE,MALAYSIAN,Retail Assistant,Bachelor Degree,915.97,B,1,Y,pass,pass,136818.36,N
2026-09-02,99796439,00000000633,800000000633,20260827,Approve,20260828,864,4,D,161,17,1,5869,26,PARTNER,,14133.62,3540.47,17674.09,294.57,0,5.01,60,-,A,23563.04,23563.04,42,3,12,349917.24,60,49052.81,17.77,27.47,5912.38,21.44,29.19,1262.54,1755.77,3,,Retail Trade,Y,Pahang,Malay,F,MARRIED,MALAYSIAN,Factory Worker,SPM,655.99,,1,N,pass,pass,23223.89,N
2026-09-02,12317854,00000000634,800000000634,20260831,Approve,20260906,488,4,G,193,17,3,3951,99,WEBSITE,,108251.67,22797.8,131049.47,3640.26,30,7.02,36, ,A,1519.87,1519.87,34,15,0,24032.88,108,22205.63,33.48,36.29,7224.52,36.23,44.06,1214.98,619.57,0,2019,Wholesale,Y,Perak,Chinese,F,SINGLE,MALAYSIAN,Teacher,Bachelor Degree,302.35,C,1,N,pass,fail,136196.95,Y
2026-09-02,40229850,00000000635,800000000635,20260902,Approve,20260925,650,2,B,183,30,3,6044,70,PARTNER,,49645.25,21163.77,70809.02,842.96,30,6.09,84,N,A,4508.65,4508.65,48,5,30,71328.36,108,30985.84,16.95,19.83,5787.91,21.48,26.88,2700.3,325.29,0,,Manufacturing,Y,Pahang,Malay,M,SINGLE,MALAYSIAN,Driver,Certificate,3843.43,A,,Y,pass,fail,62325.29,Y
2026-09-02,60324737,00000000636,800000000636,20260831,Approve,20260906,852,2,A,136,25,,1391,63,MOBILE_APP,,90327.66,29717.8,120045.46,1429.11,10,4.7,84,-,A,16598.31,16598.31,47,3,22,235594.92,12,75252.21,16.95,18.14,4693.62,18.11,25.03,1927.97,255.3,0,2011,Transportation,N,Sarawak,Chinese,F,SINGLE,MALAYSIAN,Lecturer,Diploma,4880.26,C,1,N,pass,pass,99169.07,Y
2026-09-02,58432469,00000000637,800000000637,20260828,Approve,20260926,745,2,E,150,13,3,7358,55,MOBILE_APP,,48836.39,25668.41,74504.8,689.86,5,5.84,108,Y,A,17178.73,17178.73,62,21,39,253701.0,84,66284.9,28.67,37.66,1690.61,23.73,32.99,2035.15,1652.03,1,,Financial Services,N,Johor,Malay,F,MARRIED,MALAYSIAN,Factory Worker,Diploma,107.57,B,,Y,fail,fail,54007.87,N
2026-09-02,88393811,00000000638,800000000638,20260827,Approve,20260921,722,1,F,141,35,3,8762,38,MOBILE_APP,,98385.59,47903.94,146289.53,1354.53,20,5.41,108,Y,A,16188.5,16188.5,41,6,8,226700.52,12,45637.15,22.59,30.83,2315.0,28.32,33.59,48.22,743.12,0,,Retail Trade,Y,Perak,Chinese,F,SINGLE,MALAYSIAN,Security Guard,Bachelor Degree,532.48,C,,Y,fail,fail,131458.12,Y
2026-09-02,83394369,00000000639,800000000639,20260901,Approve,20260904,794,3,A,140,15,2,7980,29,WEBSITE,,63593.48,15039.86,78633.34,1310.56,20,4.73,60, ,A,13493.75,13493.75,22,1,1,190172.04,60,58285.84,28.36,35.58,6420.91,28.69,37.54,976.17,275.34,0,2017,Wholesale,Y,Selangor,Malay,F,MARRIED,MALAYSIAN,Police Officer,STPM,3238.64,C,1,Y,fail,pass,104438.47,N
2026-09-02,70101689,00000000640,800000000640,20260829,Approve,20260917,725,2,D,199,18,1,9836,90,TELEMARKETING,,8969.31,3402.96,12372.27,147.29,10,5.42,84,N,A,17196.75,17196.75,55,7,4,238384.32,84,113796.49,27.41,29.8,6044.41,26.63,34.06,1526.52,1809.04,3,2010,Professional Services,N,Melaka,Malay,F,MARRIED,MALAYSIAN,Doctor,Diploma,1583.26,,,Y,pass,fail,12628.34,Y
2026-09-02,54703713,00000000641,800000000641,20260902,Approve,20260916,905,1,D,108,13,2,5049,94,COUNTER,,49067.55,12561.29,61628.84,1027.15,5,5.12,60,N,A,19326.87,19326.87,40,19,5,269693.16,12,63424.36,16.79,22.91,6455.5,15.42,20.45,2201.15,936.49,1,,Professional Services,N,Perak,Malay,F,SINGLE,MALAYSIAN,Lecturer,Bachelor Degree,4507.12,B,,N,fail,fail,80315.21,N
2026-09-02,78535354,00000000642,800000000642,20260828,Approve,20260830,632,2,A,176,27,2,3268,95,TELEMARKETING,,50949.52,21719.78,72669.3,865.11,10,6.09,84,Y,A,13220.6,13220.6,23,1,2,197557.44,60,75281.46,34.15,36.48,5812.16,44.17,53.13,651.13,1264.19,0,2016,Government,Y,Selangor,Malay,F,MARRIED,MALAYSIAN,Chef,Master Degree,4129.9,C,1,N,pass,fail,63473.13,N
2026-09-02,47828147,00000000643,800000000643,20260901,Approve,20260906,513,2,G,131,33,3,2469,39,PARTNER,,86266.18,49378.76,135644.94,1255.97,0,6.36,108,Y,A,6771.63,6771.63,28,10,7,96021.48,84,70654.5,30.97,39.72,1848.51,39.88,46.05,1656.82,1599.22,1,,Financial Services,N,Sabah,Malay,M,MARRIED,MALAYSIAN,Lecturer,SPM,327.08,A,1,Y,fail,pass,96401.62,Y
2026-09-02,41889524,00000000644,800000000644,20260827,Approve,20260925,777,2,D,114,32,3,1332,60,COUNTER,,43122.26,7399.78,50522.04,1403.39,10,5.72,36, ,A,10181.61,10181.61,46,22,25,144790.2,12,55657.45,26.75,33.36,666.78,34.0,39.3,1801.7,1929.43,0,2020,Telecommunications,N,Selangor,Malay,M,SINGLE,MALAYSIAN,IT Executive,Bachelor Degree,212.45,,1,Y,fail,pass,67876.15,N
2026-09-02,24531132,00000000645,800000000645,20260830,Approve,20260901,832,2,F,193,34,1,2249,90,PARTNER,,26584.32,6672.66,33256.98,554.28,5,5.02,60, ,A,24777.04,24777.04,40,20,13,362766.48,60,103131.25,19.44,27.69,6189.28,17.63,21.8,1712.07,1327.78,0,,Oil & Gas,Y,Perak,Malay,F,SINGLE,MALAYSIAN,Police Officer,Diploma,2970.52,,1,N,pass,pass,33796.66,N
2026-09-02,75603845,00000000646,800000000646,20260827,Approve,20260905,776,1,D,166,35,1,4449,86,TELEMARKETING,,70476.08,30093.29,100569.37,1197.25,5,6.1,84,Y,A,7302.81,7302.81,43,5,21,106902.96,108,44049.32,24.58,32.64,5390.41,31.93,39.37,313.74,917.05,0,,Real Estate,N,Perlis,Malay,F,SINGLE,MALAYSIAN,Retail Assistant,Diploma,1286.63,,,Y,fail,fail,71813.07,Y
2026-09-02,29528669,00000000647,800000000647,20260831,Approve,20260909,739,3,G,185,16,,8023,39,PARTNER,,40445.86,15684.9,56130.76,668.22,5,5.54,84, ,A,5616.76,5616.76,35,14,16,81794.28,36,31598.63,32.63,35.45,1140.62,33.35,37.17,1089.76,1627.43,0,2014,Healthcare,Y,Selangor,Malay,M,SINGLE,MALAYSIAN,Lecturer,SPM,2817.61,A,,Y,pass,pass,50528.63,Y
2026-09-02,33174501,00000000648,800000000648,20260826,Approve,20260905,807,2,C,133,11,,7835,46,WEBSITE,,76114.42,28558.13,104672.55,1246.1,30,5.36,84,N,A,23124.52,23124.52,30,4,2,336782.28,36,134228.63,25.85,32.39,2808.29,36.02,41.52,2304.19,1934.65,0,,Healthcare,N,Selangor,Malay,M,MARRIED,MALAYSIAN,Civil Servant,Bachelor Degree,3983.91,C,,N,fail,pass,76236.72,Y
2026-09-02,53305572,00000000649,800000000649,20260830,Approve,20260919,694,2,E,196,16,2,3233,70,WEBSITE,,30296.48,8164.9,38461.38,641.02,0,5.39,60,Y,A,10599.21,10599.21,59,10,23,155144.04,36,42010.04,24.67,28.32,4965.04,24.02,29.84,2774.36,1878.26,3,,Professional Services,Y,Kedah,Chinese,M,MARRIED,MALAYSIAN,Technician,SPM,229.99,,,N,pass,pass,35225.85,Y
2026-09-02,33781587,00000000650,800000000650,20260828,Approve,20260905,459,3,C,118,24,2,9901,73,WEBSITE,,88509.74,24251.67,112761.41,1879.36,0,5.48,60,-,A,10517.94,10517.94,55,29,21,163846.8,108,53260.59,27.18,32.71,1151.32,34.55,43.33,2518.5,935.21,3,,Hospitality,N,Kelantan,Indian,M,MARRIED,MALAYSIAN,Lecturer,SPM,2435.62,B,1,N,pass,fail,98838.32,Y
2026-09-02,65373268,00000000651,800000000651,20260829,Approve,20260919,733,3,A,135,30,,7553,52,WEBSITE,,24511.18,12265.39,36776.57,340.52,0,5.56,108,Y,A,16655.62,16655.62,33,8,2,232170.36,84,63022.42,18.13,19.65,5477.41,24.31,28.74,1445.31,512.82,4,,Financial Services,Y,Perak,Indian,F,MARRIED,MALAYSIAN,Sales Executive,Bachelor Degree,572.49,B,,N,pass,pass,34064.34,N
2026-09-02,98187917,00000000652,800000000652,20260826,Approve,20260918,828,3,E,102,20,3,9816,95,TELEMARKETING,,66007.45,24812.2,90819.65,1081.19,10,5.37,84, ,A,15084.01,15084.01,59,3,18,210814.56,108,46380.19,15.24,19.97,5879.77,8.94,20.68,233.19,1152.84,0,,Education,Y,Sarawak,Malay,M,SINGLE,MALAYSIAN,Engineer,SPM,1140.68,B,1,Y,pass,pass,105908.93,N
2026-09-02,82647307,00000000653,800000000653,20260830,Approve,20260920,289,1,D,124,28,2,9742,10,MOBILE_APP,,30190.55,17181.44,47371.99,563.95,5,8.13,84,Y,A,3234.62,3234.62,41,19,18,51548.28,108,54981.87,43.24,50.88,1478.5,45.2,56.53,267.15,1096.78,0,2020,Real Estate,N,Selangor,Others,M,SINGLE,MALAYSIAN,Sales Executive,Bachelor Degree,3236.82,,,N,fail,pass,43385.91,N
2026-09-02,90592803,00000000654,800000000654,20260829,Approve,20260916,495,1,C,139,12,3,8252,32,TELEMARKETING,,92087.69,32829.26,124916.95,2081.95,30,7.13,60,N,A,8313.91,8313.91,64,3,2,128890.8,36,125746.76,45.0,50.59,7565.29,51.72,55.21,1171.88,385.6,0,,Food & Beverage,N,Selangor,Chinese,F,SINGLE,MALAYSIAN,Security Guard,Bachelor Degree,1661.83,A,1,Y,pass,fail,130942.71,Y
2026-09-02,15762247,00000000655,800000000655,20260831,Approve,20260930,772,3,G,192,35,,3092,48,TELEMARKETING,,112915.95,58738.88,171654.83,1589.4,20,5.78,108,Y,A,11043.4,11043.4,42,20,21,159220.56,108,37205.51,25.81,30.51,2542.61,19.58,31.23,35.69,1248.33,0,,Professional Services,Y,Selangor,Malay,F,SINGLE,MALAYSIAN,Sales Executive,Diploma,3473.75,B,1,Y,fail,fail,130881.58,N
2026-09-02,65044840,00000000656,800000000656,20260901,Approve,20260924,940,2,G,191,28,1,2176,88,TELEMARKETING,,71227.17,18447.84,89675.01,1494.58,5,5.18,60,N,A,15291.65,15291.65,63,8,36,227119.08,108,70904.05,19.46,28.21,1626.46,18.39,26.62,1119.42,1385.73,0,,Professional Services,N,Kedah,Chinese,F,SINGLE,MALAYSIAN,Factory Worker,SPM,4818.57,,1,Y,fail,fail,103705.78,Y
2026-09-02,72669837,00000000657,800000000657,20260829,Approve,20260919,626,2,A,144,21,,7732,82,COUNTER,,66654.71,26408.6,93063.31,1107.9,30,5.66,84,-,A,12403.2,12403.2,50,16,6,177897.36,60,52590.3,26.85,31.17,5236.03,30.16,33.46,61.59,309.96,1,2017,Hospitality,N,Sabah,Others,M,MARRIED,MALAYSIAN,Sales Executive,Bachelor Degree,1120.46,A,1,Y,pass,fail,108217.02,N
2026-09-02,13430833,00000000658,800000000658,20260826,Approve,20260904,835,1,C,113,15,3,9721,36,MOBILE_APP,,54532.8,14478.46,69011.26,1150.19,5,5.31,60,-,A,22994.75,22994.75,37,13,10,341129.16,84,135332.76,14.82,15.91,1185.46,19.1,22.58,781.48,1277.83,1,,Food & Beverage,N,Perak,Indian,F,MARRIED,MALAYSIAN,Supervisor,STPM,2522.1,,1,Y,pass,pass,83202.83,Y
2026-09-02,50709319,00000000659,800000000659,20260829,Approve,20260922,605,3,B,183,10,,5834,80,TELEMARKETING,,72729.62,23309.84,96039.46,1600.66,30,6.41,60,N,A,9953.04,9953.04,40,1,3,147975.12,108,54550.98,32.94,37.3,3885.74,31.94,36.79,1533.43,1574.16,3,,Transportation,Y,Perak,Malay,M,DIVORCED,MALAYSIAN,IT Executive,SPM,4404.06,C,,Y,fail,pass,79049.85,N
2026-09-02,22308286,00000000660,800000000660,20260831,Approve,20260916,564,4,F,193,20,3,2248,81,WEBSITE,,62956.02,19201.59,82157.61,1369.29,10,6.1,60, ,A,9735.01,9735.01,55,3,11,139078.68,84,81784.29,38.15,47.3,847.44,45.57,52.49,1288.07,785.85,3,,Manufacturing,Y,Pulau Pinang,Malay,M,MARRIED,MALAYSIAN,Driver,Bachelor Degree,114.14,C,1,N,fail,fail,94069.09,Y
2026-09-02,47346970,00000000661,800000000661,20260829,Approve,20260908,793,4,A,114,16,1,9474,31,TELEMARKETING,,62733.28,24240.14,86973.42,1035.4,20,5.52,84,N,A,17782.51,17782.51,28,9,4,249941.28,108,53297.89,25.81,30.67,639.7,20.42,30.04,635.36,1982.9,0,,Transportation,Y,Kelantan,Indian,M,SINGLE,MALAYSIAN,Teacher,Bachelor Degree,4781.33,C,,Y,fail,fail,97995.43,Y
2026-09-02,85916242,00000000662,800000000662,20260827,Approve,20260828,481,2,C,125,33,2,3617,39,MOBILE_APP,,101121.58,48841.72,149963.3,1785.28,20,6.9,84,-,A,6656.26,6656.26,42,11,22,106886.16,60,93801.07,23.06,32.46,6276.02,19.95,26.76,1842.03,333.31,4,,Education,Y,Perak,Malay,F,MARRIED,MALAYSIAN,Doctor,SPM,2159.67,C,,N,pass,fail,129288.0,Y
2026-09-02,72830482,00000000663,800000000663,20260827,Approve,20260829,474,1,E,197,24,,3277,59,PARTNER,,66261.59,20773.01,87034.6,1450.58,10,6.27,60,Y,A,8020.47,8020.47,53,33,19,120986.64,108,112415.31,30.65,33.15,3450.04,28.89,35.72,297.5,776.82,1,,Plantation,Y,Pulau Pinang,Malay,F,MARRIED,MALAYSIAN,Manager,SPM,2217.26,A,1,N,pass,pass,89888.85,N
2026-09-02,83745651,00000000664,800000000664,20260831,Approve,20260913,413,2,C,103,12,2,1819,10,WEBSITE,,84861.07,28895.19,113756.26,1895.94,10,6.81,60,N,A,8041.25,8041.25,36,9,0,125017.56,36,69843.41,38.23,46.67,1466.02,41.41,46.96,326.59,1836.74,0,,Education,N,Pahang,Chinese,M,MARRIED,MALAYSIAN,Businessman,Master Degree,1298.83,A,1,Y,fail,pass,101763.11,N
2026-09-02,65785959,00000000665,800000000665,20260830,Approve,20260903,865,1,B,173,23,1,7563,54,WEBSITE,,80488.68,34408.91,114897.59,1063.87,10,4.75,108, ,A,22689.42,22689.42,37,11,3,359790.72,108,42226.28,24.75,30.15,5980.78,28.89,31.1,2525.03,284.33,0,2018,Government,Y,Selangor,Malay,M,SINGLE,MALAYSIAN,Manager,SPM,2485.08,A,,Y,pass,pass,88961.56,Y
2026-09-02,36855559,00000000666,800000000666,20260829,Approve,20260918,925,3,E,132,18,1,7125,43,COUNTER,,25394.97,8106.07,33501.04,398.82,20,4.56,84,Y,A,22187.94,22187.94,50,22,30,352503.0,12,139675.04,18.3,25.13,2926.44,16.81,28.16,935.43,1087.83,3,,Construction,Y,Melaka,Malay,M,MARRIED,MALAYSIAN,Doctor,SPM,3748.33,B,,Y,fail,pass,34318.59,N
2026-09-02,80206603,00000000667,800000000667,20260830,Approve,20260903,549,3,A,148,28,,1886,28,COUNTER,,14707.47,9133.34,23840.81,220.75,0,6.9,108,-,A,21361.56,21361.56,48,21,18,307870.32,108,188983.8,30.1,33.59,5998.55,30.09,34.04,2076.22,1957.28,0,,Professional Services,N,Terengganu,Chinese,F,DIVORCED,MALAYSIAN,Self-Employed,Certificate,1950.53,C,1,Y,pass,fail,19299.36,Y
2026-09-02,46241404,00000000668,800000000668,20260829,Approve,20260906,685,3,D,119,30,2,2568,34,MOBILE_APP,,17836.82,5110.25,22947.07,382.45,5,5.73,60, ,A,15851.01,15851.01,65,14,31,221087.64,36,106906.36,31.94,33.07,5397.2,29.87,38.42,2187.73,1549.77,1,,Hospitality,N,Selangor,Chinese,M,MARRIED,MALAYSIAN,Retail Assistant,SPM,988.68,A,1,N,pass,fail,22124.85,N
2026-09-02,83659258,00000000669,800000000669,20260830,Approve,20260908,860,3,B,198,26,1,3429,23,COUNTER,,63731.47,15231.82,78963.29,1316.05,30,4.78,60,Y,A,17007.36,17007.36,42,3,19,261703.68,12,77956.15,9.66,12.19,1482.79,10.07,15.93,1451.28,56.93,0,,Hospitality,Y,Perak,Malay,M,SINGLE,MALAYSIAN,Lecturer,Bachelor Degree,3987.56,,1,N,pass,fail,78729.83,N
2026-09-02,81868311,00000000670,800000000670,20260829,Approve,20260916,353,1,D,180,33,1,9951,63,TELEMARKETING,,74091.86,27599.22,101691.08,1694.85,30,7.45,60,Y,A,9516.8,9516.8,54,30,21,141840.0,84,134241.81,30.03,39.39,1001.9,41.81,42.97,1861.77,1087.32,0,,Oil & Gas,N,Negeri Sembilan,Indian,M,SINGLE,MALAYSIAN,Administrator,SPM,1038.83,A,,N,pass,fail,81671.73,N
2026-09-02,45472122,00000000671,800000000671,20260901,Approve,20260912,555,1,F,175,20,1,3706,82,MOBILE_APP,,77635.8,38709.21,116345.01,1077.27,30,5.54,108,-,A,16175.27,16175.27,45,8,4,255572.76,60,69313.51,20.35,24.3,5070.03,23.11,24.98,889.7,309.38,2,2024,Financial Services,N,Johor,Indian,F,MARRIED,MALAYSIAN,Manager,SPM,3047.88,C,1,N,fail,pass,85815.11,Y
2026-09-02,49493829,00000000672,800000000672,20260831,Approve,20260919,474,4,F,176,25,3,5551,21,COUNTER,,35067.86,20293.77,55361.63,512.61,10,6.43,108, ,A,2738.47,2738.47,48,11,28,38061.0,36,32769.52,32.13,39.17,2686.39,26.86,36.77,1450.82,35.97,4,2022,Hospitality,N,Perak,Chinese,M,MARRIED,MALAYSIAN,Army Personnel,Bachelor Degree,60.03,C,1,N,pass,fail,42908.2,N
2026-09-02,28513986,00000000673,800000000673,20260826,Approve,20260924,782,3,D,192,23,1,7414,80,MOBILE_APP,,29423.03,4687.09,34110.12,947.5,5,5.31,36,-,A,17008.34,17008.34,25,7,4,248193.48,36,102706.47,27.68,28.68,4014.51,21.54,31.53,182.33,1014.18,0,2026,Real Estate,Y,Kedah,Malay,M,SINGLE,MALAYSIAN,Clerk,SPM,4986.54,,,Y,fail,fail,47017.95,Y
2026-09-02,49645162,00000000674,800000000674,20260831,Approve,20260929,810,3,A,192,18,2,5459,36,COUNTER,,21689.45,5704.33,27393.78,456.56,5,5.26,60,N,A,22433.4,22433.4,62,4,27,360178.2,108,95040.35,19.14,23.43,2221.23,15.38,22.0,1762.44,632.29,4,,Real Estate,N,Pulau Pinang,Malay,M,MARRIED,MALAYSIAN,Technician,Diploma,1193.03,,1,Y,pass,pass,35889.9,Y
2026-09-02,25673154,00000000675,800000000675,20260827,Approve,20260914,772,1,A,171,28,2,8846,11,WEBSITE,,7549.73,1084.9,8634.63,239.85,20,4.79,36, ,A,14166.65,14166.65,38,15,13,216242.16,108,55134.99,21.21,25.22,1232.5,16.22,24.2,385.22,449.45,2,,Construction,Y,Selangor,Malay,M,MARRIED,MALAYSIAN,Teacher,Master Degree,232.01,,1,N,pass,fail,9839.05,N
2026-09-02,70571378,00000000676,800000000676,20260828,Approve,20260921,899,2,F,196,29,3,6694,96,WEBSITE,,116007.99,52934.45,168942.44,1564.28,10,5.07,108,N,A,16984.36,16984.36,42,1,13,250828.08,108,61381.7,21.16,22.44,1744.67,18.81,27.77,2796.5,371.38,0,,Retail Trade,N,Sarawak,Chinese,F,SINGLE,MALAYSIAN,Technician,Diploma,4143.44,A,1,Y,fail,pass,138874.37,N
2026-09-02,82522603,00000000677,800000000677,20260902,Approve,20260915,789,2,E,149,35,2,8554,88,PARTNER,,125892.69,49526.18,175418.87,2088.32,20,5.62,84,N,A,20212.25,20212.25,56,31,11,290553.96,108,73655.72,20.09,24.66,6283.31,23.56,28.11,909.05,1173.56,0,,Education,N,Selangor,Malay,F,SINGLE,MALAYSIAN,Police Officer,Diploma,3244.93,B,1,Y,fail,pass,129283.17,N
2026-09-02,75430174,00000000678,800000000678,20260831,Approve,20260927,645,1,E,103,24,,9092,53,MOBILE_APP,,19950.64,3507.32,23457.96,651.61,20,5.86,36,Y,A,20196.92,20196.92,60,11,18,291078.48,84,133814.09,21.76,23.96,6954.96,28.2,31.66,2081.34,1973.96,0,2021,Agriculture,Y,Sarawak,Indian,F,MARRIED,MALAYSIAN,Security Guard,STPM,3533.07,C,1,N,pass,pass,23558.64,N
2026-09-02,94946766,00000000679,800000000679,20260901,Approve,20260929,808,4,B,109,15,2,7610,64,MOBILE_APP,,104342.51,39368.43,143710.94,1710.84,0,5.39,84,-,A,22540.89,22540.89,38,3,4,332481.84,36,81787.89,28.55,30.55,6042.11,36.42,38.54,2164.43,1362.84,4,,Government,Y,Sarawak,Malay,F,MARRIED,MALAYSIAN,Factory Worker,Bachelor Degree,4278.37,C,1,N,pass,pass,116468.24,Y
2026-09-02,94452122,00000000680,800000000680,20260830,Approve,20260913,190,3,C,165,17,1,6150,90,PARTNER,,30316.43,7412.37,37728.8,1048.02,30,8.15,36, ,A,2987.17,2987.17,55,15,3,43480.2,60,45832.37,51.49,57.97,3494.55,48.35,59.69,17.92,744.26,2,,Food & Beverage,Y,Perak,Indian,M,MARRIED,MALAYSIAN,Retail Assistant,SPM,3337.56,,,N,pass,pass,36928.89,N
2026-09-02,67860255,00000000681,800000000681,20260902,Approve,20260910,833,4,A,176,23,,3754,44,MOBILE_APP,,56428.98,8836.78,65265.76,1812.94,20,5.22,36,-,A,13545.28,13545.28,40,19,15,213492.0,12,46209.89,20.78,26.69,3453.56,20.46,24.46,2292.1,1300.38,0,2026,Plantation,Y,Sarawak,Chinese,M,SINGLE,MALAYSIAN,Lecturer,SPM,3413.97,A,1,N,pass,fail,89464.92,Y
2026-09-02,10925601,00000000682,800000000682,20260829,Approve,20260831,541,4,A,179,30,1,6832,24,MOBILE_APP,,128902.62,26141.45,155044.07,4306.78,30,6.76,36,N,A,11148.44,11148.44,25,6,6,163936.56,108,52027.94,30.72,32.58,7262.16,37.39,44.1,1585.61,3.13,1,,Hospitality,N,Pulau Pinang,Malay,M,MARRIED,MALAYSIAN,Chef,Diploma,1384.25,,,N,pass,pass,130807.33,N
2026-09-02,34343524,00000000683,800000000683,20260829,Approve,20260910,219,4,A,125,18,2,3884,67,WEBSITE,,24956.79,6071.99,31028.78,861.91,10,8.11,36,Y,A,4535.37,4535.37,37,16,18,66259.56,84,61771.83,37.52,43.16,3796.95,46.02,56.69,1548.94,758.59,3,2012,Construction,N,Pulau Pinang,Indian,M,MARRIED,MALAYSIAN,Factory Worker,Diploma,1150.75,A,1,Y,fail,fail,35298.23,N
2026-09-02,25411407,00000000684,800000000684,20260827,Approve,20260829,750,2,F,112,13,3,4299,54,TELEMARKETING,,28666.22,11999.68,40665.9,484.12,5,5.98,84,Y,A,20294.91,20294.91,35,2,3,283350.72,84,137965.67,23.14,31.53,1189.53,24.07,34.13,1514.0,1308.87,0,,Wholesale,Y,Johor,Malay,M,SINGLE,MALAYSIAN,Self-Employed,Diploma,1561.26,A,,Y,fail,fail,42027.4,Y
2026-09-02,21594468,00000000685,800000000685,20260901,Approve,20260926,615,1,F,177,33,,1469,82,COUNTER,,100539.35,56010.47,156549.82,1449.54,30,6.19,108, ,A,23788.25,23788.25,45,21,17,356470.56,12,246529.48,12.64,22.52,4306.97,5,15.7,2916.43,1920.49,1,,Education,N,Selangor,Malay,F,MARRIED,MALAYSIAN,Supervisor,SPM,4574.12,C,,N,pass,pass,131569.99,Y
2026-09-02,96745374,00000000686,800000000686,20260902,Approve,20260918,886,2,D,190,24,1,3021,84,WEBSITE,,56111.08,8669.16,64780.24,1799.45,0,5.15,36, ,A,19007.61,19007.61,65,28,16,275556.72,108,54720.37,11.12,20.9,2604.06,11.87,16.74,723.61,1665.74,1,2018,Professional Services,Y,Selangor,Chinese,M,SINGLE,MALAYSIAN,Accountant,Diploma,3365.35,,,N,pass,fail,58145.28,Y
2026-09-02,10380581,00000000687,800000000687,20260829,Approve,20260905,856,3,E,180,33,,9226,59,PARTNER,,105151.72,34226.88,139378.6,1659.27,0,4.65,84, ,A,21185.44,21185.44,40,19,10,340109.4,60,67407.39,12.98,19.66,1860.91,12.35,15.53,2610.48,329.37,0,,Construction,Y,Pahang,Chinese,M,MARRIED,MALAYSIAN,Teacher,Diploma,3899.77,A,,N,pass,fail,139427.84,N
2026-09-02,39399789,00000000688,800000000688,20260828,Approve,20260915,305,2,C,110,13,1,9505,68,TELEMARKETING,,91628.66,63086.33,154714.99,1432.55,10,7.65,108,N,A,5730.88,5730.88,30,0,3,83418.96,108,82683.03,38.63,40.38,5285.57,50.1,52.36,2290.74,715.57,3,2014,Construction,N,Selangor,Malay,M,MARRIED,MALAYSIAN,Technician,Diploma,3650.7,C,,Y,fail,pass,147371.0,Y
2026-09-02,87387032,00000000689,800000000689,20260828,Approve,20260901,707,4,A,155,18,1,4253,66,TELEMARKETING,,83388.07,24307.62,107695.69,1794.93,20,5.83,60, ,A,15712.94,15712.94,24,2,4,229932.84,36,85798.12,28.96,37.25,7092.5,33.59,39.12,1854.86,887.43,0,2018,Oil & Gas,Y,Selangor,Malay,F,MARRIED,MALAYSIAN,Administrator,SPM,510.33,B,,N,fail,pass,113019.63,N
2026-09-02,12550658,00000000690,800000000690,20260826,Approve,20260906,668,2,G,158,15,2,7334,18,TELEMARKETING,,54891.7,22017.06,76908.76,915.58,5,5.73,84,-,A,9870.77,9870.77,47,5,14,154354.08,60,80161.13,24.94,32.36,4590.66,30.45,37.35,2171.98,1474.14,3,2011,Manufacturing,Y,Johor,Chinese,F,MARRIED,MALAYSIAN,Clerk,PhD,3427.51,,,Y,pass,pass,86967.32,Y
2026-09-02,67539581,00000000691,800000000691,20260901,Approve,20260924,909,1,A,131,22,1,1335,49,PARTNER,,75403.59,19416.42,94820.01,1580.33,0,5.15,60, ,A,16713.65,16713.65,42,6,16,240888.6,12,45504.67,27.0,34.3,2049.46,24.73,33.37,685.87,529.54,2,,Agriculture,N,Johor,Malay,F,SINGLE,MALAYSIAN,Manager,STPM,496.7,B,,Y,pass,pass,87721.09,N
2026-09-02,84277128,00000000692,800000000692,20260901,Approve,20260926,753,3,G,110,20,2,3117,97,COUNTER,,121754.62,34821.82,156576.44,2609.61,0,5.72,60,N,A,13270.45,13270.45,36,18,5,195949.92,84,106737.48,30.5,31.78,4980.74,35.8,41.98,2628.37,1211.44,0,,Agriculture,Y,Kuala Lumpur,Malay,M,SINGLE,MALAYSIAN,Manager,SPM,2664.63,,1,Y,pass,pass,134622.98,Y
2026-09-02,36502236,00000000693,800000000693,20260829,Approve,20260902,901,2,E,168,24,3,2782,56,PARTNER,,90574.43,13586.16,104160.59,2893.35,30,5.0,36,-,A,20769.24,20769.24,31,2,5,335431.56,12,103871.95,27.7,32.82,2345.52,32.3,37.16,1017.25,1233.18,0,2012,Hospitality,Y,Kuala Lumpur,Chinese,F,SINGLE,MALAYSIAN,Retail Assistant,Diploma,727.02,B,,N,fail,fail,96794.77,Y
2026-09-02,95959106,00000000694,800000000694,20260826,Approve,20260916,448,1,F,104,27,1,9018,25,MOBILE_APP,,15738.71,7734.0,23472.71,279.44,10,7.02,84, ,A,9313.43,9313.43,64,30,26,129473.76,36,98474.39,45.19,53.76,5105.63,39.79,50.26,2422.8,463.41,1,,Wholesale,N,Perak,Chinese,M,MARRIED,MALAYSIAN,Accountant,Bachelor Degree,2832.9,C,,Y,fail,fail,18706.93,Y
2026-09-02,23969371,00000000695,800000000695,20260828,Approve,20260904,575,3,G,164,11,1,9473,41,WEBSITE,,118103.38,34604.29,152707.67,2545.13,30,5.86,60, ,A,6507.07,6507.07,32,12,9,101610.48,84,43697.86,27.88,33.21,5098.42,33.94,39.26,1103.3,109.2,2,,Professional Services,Y,Pahang,Chinese,F,SINGLE,MALAYSIAN,Businessman,Diploma,2882.48,C,,N,pass,fail,129631.21,N
2026-09-02,25481488,00000000696,800000000696,20260901,Approve,20260916,318,2,D,196,30,2,3900,93,COUNTER,,38363.59,24859.61,63223.2,585.4,5,7.2,108, ,A,3310.68,3310.68,52,26,17,51961.32,12,28082.94,37.78,44.84,7235.71,47.92,52.02,1966.85,1415.48,3,2024,Healthcare,N,Sabah,Chinese,F,MARRIED,MALAYSIAN,Administrator,Diploma,4875.85,,,N,fail,fail,54914.33,N
2026-09-02,79551833,00000000697,800000000697,20260826,Approve,20260915,461,1,F,105,10,1,5353,92,PARTNER,,68316.21,22885.93,91202.14,1520.04,10,6.7,60,-,A,19483.33,19483.33,29,1,2,279481.68,36,235417.53,36.54,42.52,7080.62,41.93,46.52,2332.35,553.21,5,,Food & Beverage,N,Kuala Lumpur,Malay,M,MARRIED,MALAYSIAN,Nurse,STPM,1438.38,,1,Y,pass,fail,88641.94,Y
2026-09-02,43077929,00000000698,800000000698,20260827,Approve,20260918,922,2,G,155,20,1,6952,38,WEBSITE,,38661.6,5230.91,43892.51,1219.24,0,4.51,36, ,A,16548.42,16548.42,47,3,29,254676.24,36,73885.19,24.73,30.46,5910.86,18.73,30.1,2530.65,1268.42,0,,Oil & Gas,N,Selangor,Chinese,F,SINGLE,MALAYSIAN,Lecturer,SPM,4394.9,,1,Y,pass,pass,42740.7,Y
2026-09-02,53760090,00000000699,800000000699,20260901,Approve,20260927,403,1,D,154,25,,9206,14,PARTNER,,75795.31,16621.91,92417.22,2567.14,10,7.31,36,Y,A,11371.43,11371.43,30,7,10,167322.0,108,108748.77,39.69,46.54,1058.31,43.96,53.45,393.48,1075.08,0,2015,Retail Trade,N,Kelantan,Indian,M,SINGLE,MALAYSIAN,Teacher,Diploma,3224.23,B,,N,pass,pass,105561.35,N
2026-09-02,45652586,00000000700,800000000700,20260830,Approve,20260919,920,1,D,106,35,3,3484,39,WEBSITE,,68788.36,24942.66,93731.02,1115.85,20,5.18,84,Y,A,16762.13,16762.13,60,28,27,268061.64,60,74154.4,23.11,29.58,1655.66,21.9,27.1,2117.79,1555.61,0,2024,Construction,N,Sarawak,Indian,M,WIDOWED,MALAYSIAN,Supervisor,PhD,1896.28,A,1,N,fail,fail,80545.94,Y
2026-09-02,87019613,00000000701,800000000701,20260829,Approve,20260831,533,1,C,111,20,2,7227,95,TELEMARKETING,,57915.33,25094.71,83010.04,988.21,0,6.19,84,N,A,16271.7,16271.7,34,11,11,249230.4,36,91872.15,43.12,52.33,5945.71,44.52,49.37,1567.07,1090.73,0,,Professional Services,N,Kelantan,Chinese,F,SINGLE,MALAYSIAN,Engineer,SPM,3837.6,,1,Y,fail,pass,79095.21,N
2026-09-02,67170552,00000000702,800000000702,20260829,Approve,20260915,439,2,A,136,24,,7514,31,TELEMARKETING,,93505.05,32680.01,126185.06,2103.08,30,6.99,60,-,A,9993.76,9993.76,61,22,16,150072.12,36,46073.86,26.54,31.13,6670.88,32.76,36.3,618.44,398.97,2,,Hospitality,N,Johor,Malay,M,MARRIED,MALAYSIAN,Accountant,Certificate,4672.22,B,1,N,pass,pass,129378.81,N
2026-09-02,81663787,00000000703,800000000703,20260902,Approve,20260925,871,1,B,197,34,3,1755,34,COUNTER,,43264.38,9193.68,52458.06,874.3,30,4.25,60,-,A,21729.81,21729.81,60,33,40,302292.24,108,72523.46,6.46,14.77,6663.01,5,8,1698.4,412.59,1,2010,Construction,Y,Kedah,Malay,M,MARRIED,MALAYSIAN,Police Officer,Bachelor Degree,184.19,C,1,Y,fail,fail,49818.25,N
2026-09-02,89491358,00000000704,800000000704,20260831,Approve,20260924,780,4,C,130,15,3,7342,97,COUNTER,,54362.16,8415.26,62777.42,1743.82,30,5.16,36,-,A,15924.93,15924.93,35,2,9,249606.12,12,87263.73,34.18,42.12,7307.48,27.35,38.76,2058.78,1394.61,0,,Government,N,Negeri Sembilan,Others,F,MARRIED,MALAYSIAN,Civil Servant,SPM,1108.41,B,1,N,pass,pass,84437.14,N
2026-09-02,64247457,00000000705,800000000705,20260901,Approve,20260903,793,4,A,110,32,3,3329,97,PARTNER,,56714.74,25725.81,82440.55,763.34,10,5.04,108,-,A,23468.23,23468.23,27,7,4,373476.12,84,76800.8,15.88,25.7,4933.32,18.92,24.66,791.42,193.17,2,2012,Transportation,N,Johor,Malay,F,MARRIED,MALAYSIAN,Civil Servant,Bachelor Degree,2560.32,B,,N,fail,fail,82225.59,Y
2026-09-02,69710898,00000000706,800000000706,20260830,Approve,20260927,545,4,A,143,30,3,9542,35,WEBSITE,,79677.63,34691.64,114369.27,1361.54,30,6.22,84,-,A,24455.84,24455.84,25,1,4,376268.16,84,182437.8,23.61,30.62,3409.75,23.48,31.81,330.13,371.58,0,,Professional Services,N,Kuala Lumpur,Malay,F,WIDOWED,MALAYSIAN,Teacher,Bachelor Degree,3146.08,A,,Y,pass,pass,119563.93,N
2026-09-02,50218240,00000000707,800000000707,20260902,Approve,20260929,879,2,A,118,10,1,7354,96,PARTNER,,6072.49,2503.08,8575.57,79.4,10,4.58,108, ,A,12865.84,12865.84,61,19,20,181152.12,108,33819.15,19.75,28.33,1114.76,19.61,24.26,2905.67,910.83,0,,Plantation,Y,Terengganu,Chinese,M,SINGLE,MALAYSIAN,Lecturer,Diploma,2271.19,C,1,Y,fail,pass,6835.01,N
2026-09-02,26609992,00000000708,800000000708,20260826,Approve,20260828,775,1,C,141,25,1,2365,50,COUNTER,,12428.47,3417.83,15846.3,264.1,20,5.5,60,Y,A,21887.54,21887.54,39,9,9,348825.84,60,55671.19,14.8,15.96,2821.61,18.4,24.62,253.97,159.2,2,,Healthcare,N,Negeri Sembilan,Malay,M,MARRIED,MALAYSIAN,Supervisor,Certificate,4820.47,B,1,Y,fail,pass,20354.66,N
2026-09-02,89770583,00000000709,800000000709,20260828,Approve,20260924,704,1,E,119,19,,9833,27,PARTNER,,67335.02,10423.46,77758.48,2159.96,20,5.16,36,Y,A,12148.13,12148.13,34,10,15,187998.84,108,75081.0,23.7,31.77,7340.32,26.17,37.5,201.49,850.67,2,2019,Healthcare,Y,Pulau Pinang,Malay,F,MARRIED,MALAYSIAN,Factory Worker,Bachelor Degree,3145.97,C,1,N,pass,fail,86584.54,N
2026-09-02,65397759,00000000710,800000000710,20260829,Approve,20260926,733,2,A,117,22,1,1741,61,PARTNER,,62043.32,10572.18,72615.5,2017.1,0,5.68,36,Y,A,14233.04,14233.04,30,5,7,208944.48,60,80577.97,16.41,18.07,7636.88,22.25,26.33,753.36,1778.21,0,2020,Oil & Gas,Y,Perak,Malay,M,SINGLE,MALAYSIAN,Lecturer,Diploma,2727.35,B,1,Y,pass,pass,83197.43,N
2026-09-02,48923027,00000000711,800000000711,20260902,Approve,20260906,764,3,G,182,17,2,5903,67,PARTNER,,130559.22,21659.77,152218.99,4228.31,5,5.53,36, ,A,18348.42,18348.42,37,8,18,286836.84,36,157689.96,26.98,36.5,6487.27,35.96,41.46,2926.3,682.0,5,2019,Professional Services,N,Kedah,Malay,M,MARRIED,MALAYSIAN,Doctor,SPM,632.04,C,,Y,fail,pass,134857.44,Y
2026-09-02,72336371,00000000712,800000000712,20260831,Approve,20260921,810,2,G,156,11,1,6670,85,MOBILE_APP,,55562.95,7701.02,63263.97,1757.33,20,4.62,36, ,A,24951.2,24951.2,55,23,13,367625.76,60,90749.38,15.0,24.93,5736.91,19.78,24.27,1883.83,1458.03,2,,Education,N,Johor,Malay,M,DIVORCED,MALAYSIAN,Chef,STPM,4525.0,A,1,N,fail,pass,60139.11,N
2026-09-02,49585094,00000000713,800000000713,20260902,Approve,20260918,219,2,B,124,18,1,2292,60,TELEMARKETING,,91187.41,48958.52,140145.93,1668.4,0,7.67,84,-,A,14215.45,14215.45,28,2,1,223919.16,84,202290.99,38.73,44.48,3112.14,57.6,60.2,546.79,979.94,5,2015,Agriculture,N,Selangor,Indian,M,MARRIED,MALAYSIAN,Driver,Diploma,2368.54,C,1,N,fail,pass,128972.78,Y
2026-09-02,50264926,00000000714,800000000714,20260901,Approve,20260929,741,4,F,166,31,1,9980,40,WEBSITE,,85929.77,36210.81,122140.58,1454.05,0,6.02,84,Y,A,11177.91,11177.91,53,0,21,170432.88,84,107494.75,34.53,39.6,3382.29,40.16,44.14,748.97,183.48,0,2010,Education,Y,Terengganu,Malay,M,MARRIED,MALAYSIAN,Supervisor,Diploma,95.21,,,N,fail,fail,93429.13,Y
2026-09-02,59287907,00000000715,800000000715,20260830,Approve,20260927,374,4,C,176,23,,7064,54,PARTNER,,129543.81,58307.67,187851.48,2236.33,5,6.43,84,Y,A,18369.22,18369.22,53,16,3,293433.24,84,189475.21,45.12,50.45,7664.97,49.06,52.95,2215.62,1915.8,3,2026,Professional Services,N,Selangor,Chinese,M,MARRIED,MALAYSIAN,Teacher,Diploma,3265.1,A,1,Y,fail,fail,136913.46,N
2026-09-02,70655392,00000000716,800000000716,20260828,Approve,20260901,864,3,B,152,16,1,9892,58,PARTNER,,28887.75,9827.61,38715.36,460.9,5,4.86,84, ,A,16351.95,16351.95,47,28,26,228648.6,108,34753.77,16.09,17.99,6241.69,12.98,23.24,1879.54,1058.68,4,,Agriculture,N,Negeri Sembilan,Chinese,F,MARRIED,MALAYSIAN,Technician,Diploma,4242.55,,,Y,pass,pass,31347.88,N
2026-09-02,36470408,00000000717,800000000717,20260831,Approve,20260907,882,2,G,145,11,1,2294,63,PARTNER,,43521.49,18487.93,62009.42,574.16,30,4.72,108,N,A,22417.61,22417.61,51,33,5,313170.6,36,42634.62,29.97,31.9,2907.98,31.48,35.24,1865.99,1976.81,0,,Professional Services,Y,Kuala Lumpur,Malay,F,SINGLE,MALAYSIAN,Security Guard,Bachelor Degree,3263.13,B,1,N,pass,fail,53087.33,N
2026-09-02,51991638,00000000718,800000000718,20260831,Approve,20260902,902,3,B,171,27,1,6876,82,WEBSITE,,77847.12,18255.15,96102.27,1601.7,5,4.69,60, ,A,18919.72,18919.72,63,21,28,304534.32,84,88091.57,20.78,26.53,2010.78,14.28,25.42,2726.55,1048.2,0,,Retail Trade,N,Selangor,Chinese,M,SINGLE,MALAYSIAN,Army Personnel,Diploma,2060.26,B,,Y,pass,pass,104007.96,Y
2026-09-02,96331029,00000000719,800000000719,20260826,Approve,20260908,546,4,F,146,29,3,7937,98,PARTNER,,67093.41,13666.93,80760.34,2243.34,30,6.79,36,Y,A,8162.04,8162.04,46,8,27,131688.96,60,118984.48,31.56,40.27,5661.38,39.76,50.84,49.55,1612.27,0,2013,Financial Services,N,Sarawak,Malay,F,SINGLE,MALAYSIAN,Self-Employed,STPM,1934.42,A,1,Y,fail,pass,81534.73,N
2026-09-02,56309985,00000000720,800000000720,20260826,Approve,20260901,739,3,D,166,12,3,5161,19,TELEMARKETING,,55459.57,9167.47,64627.04,1795.2,5,5.51,36,Y,A,11175.63,11175.63,57,9,35,160522.2,108,82981.23,22.75,31.63,748.28,20.09,29.2,482.65,1124.58,4,2019,Professional Services,Y,Sarawak,Others,F,MARRIED,MALAYSIAN,Nurse,SPM,1224.33,A,1,N,fail,pass,66021.31,Y
2026-09-02,53375811,00000000721,800000000721,20260831,Approve,20260920,324,1,D,131,14,1,7248,73,WEBSITE,,37606.86,18269.41,55876.27,665.19,10,6.94,84,Y,A,9872.22,9872.22,65,23,35,149123.4,108,63828.61,44.86,54.04,4478.71,48.16,51.6,1735.64,1299.57,0,,Retail Trade,N,Selangor,Chinese,M,SINGLE,MALAYSIAN,Doctor,SPM,3800.5,,1,Y,fail,fail,42661.69,N
2026-09-02,92373772,00000000722,800000000722,20260902,Approve,20260905,935,2,F,131,35,3,3608,28,PARTNER,,105887.9,15120.79,121008.69,3361.35,5,4.76,36, ,A,24379.52,24379.52,54,5,23,385801.92,84,60139.4,15.99,20.96,3484.88,15.03,18.44,892.95,1266.84,0,,Transportation,Y,Kuala Lumpur,Chinese,M,SINGLE,MALAYSIAN,Contractor,Diploma,2008.26,,1,Y,fail,fail,114241.4,N
2026-09-02,77790188,00000000723,800000000723,20260827,Approve,20260918,762,1,G,108,11,,3297,51,PARTNER,,33967.81,13648.27,47616.08,566.86,5,5.74,84,N,A,12036.93,12036.93,51,8,23,185932.44,60,60456.74,30.04,31.08,6697.94,29.01,34.05,900.24,424.84,0,,Food & Beverage,Y,Sabah,Malay,M,MARRIED,MALAYSIAN,Administrator,SPM,4453.06,A,1,N,pass,fail,43383.9,N
2026-09-02,69419629,00000000724,800000000724,20260902,Approve,20260913,548,2,D,171,18,2,4203,28,MOBILE_APP,,96350.67,30976.74,127327.41,2122.12,10,6.43,60,-,A,8693.57,8693.57,28,1,1,137727.72,84,52106.37,35.03,43.52,1356.2,40.14,46.2,682.46,724.05,0,,Retail Trade,Y,Selangor,Malay,M,SINGLE,MALAYSIAN,Civil Servant,SPM,85.64,A,,N,pass,pass,125497.65,N
2026-09-02,61104210,00000000725,800000000725,20260828,Approve,20260913,804,3,C,176,20,1,3762,23,COUNTER,,75268.38,11561.22,86829.6,2411.93,0,5.12,36,N,A,18370.59,18370.59,56,12,21,276860.52,108,29330.61,23.81,32.67,4521.76,15.26,26.58,656.51,728.67,1,2011,Government,Y,Sabah,Malay,M,WIDOWED,MALAYSIAN,Civil Servant,Diploma,2747.59,A,1,N,fail,pass,122435.1,Y
2026-09-02,94862181,00000000726,800000000726,20260831,Approve,20260911,713,4,A,146,35,3,1111,84,WEBSITE,,29407.18,16462.14,45869.32,424.72,0,6.22,108, ,A,2411.75,2411.75,54,33,31,34582.56,108,20414.65,14.49,15.64,1072.15,10.35,19.66,2911.99,1631.75,1,,Agriculture,Y,Selangor,Indian,F,MARRIED,MALAYSIAN,Sales Executive,Diploma,4690.54,A,1,N,pass,fail,37441.21,Y
2026-09-02,47171668,00000000727,800000000727,20260829,Approve,20260918,867,3,D,173,23,,5107,85,WEBSITE,,66401.84,17065.27,83467.11,1391.12,30,5.14,60,Y,A,14499.7,14499.7,42,15,8,226631.04,84,66405.78,18.27,25.35,4644.64,19.06,21.66,1898.77,1185.95,3,,Transportation,N,Kuala Lumpur,Malay,M,MARRIED,MALAYSIAN,Police Officer,Diploma,14.66,A,,N,pass,fail,81871.71,Y
2026-09-02,26245985,00000000728,800000000728,20260826,Approve,20260921,624,1,D,174,25,3,2540,76,MOBILE_APP,,99576.48,28429.09,128005.57,2133.43,5,5.71,60,-,A,11869.52,11869.52,59,29,11,186132.72,60,113545.34,23.31,24.59,6406.97,25.87,35.52,967.95,449.67,0,,Government,Y,Selangor,Malay,M,MARRIED,MALAYSIAN,Supervisor,SPM,2985.58,,,N,fail,fail,120941.01,N
2026-09-02,23375306,00000000729,800000000729,20260827,Approve,20260911,723,1,G,197,21,2,9107,63,MOBILE_APP,,131413.47,50778.16,182191.63,2168.95,0,5.52,84, ,A,18154.34,18154.34,53,25,10,259786.8,84,60730.26,15.7,20.22,6131.77,14.04,19.15,1188.84,1383.04,3,,Hospitality,N,Kuala Lumpur,Indian,F,MARRIED,MALAYSIAN,Army Personnel,SPM,710.92,C,1,N,fail,fail,147236.16,N
2026-09-02,84511273,00000000730,800000000730,20260901,Approve,20260912,863,1,B,182,10,3,7682,23,MOBILE_APP,,40366.51,9324.66,49691.17,828.19,5,4.62,60,-,A,15267.9,15267.9,58,6,39,237758.52,12,93312.9,15.8,17.77,1292.27,15.39,25.49,2332.39,1357.85,4,2010,Plantation,N,Negeri Sembilan,Malay,M,MARRIED,MALAYSIAN,Supervisor,Diploma,3268.23,,,Y,pass,pass,58499.69,N
2026-09-02,85169096,00000000731,800000000731,20260829,Approve,20260905,317,4,F,139,15,1,9851,87,PARTNER,,44955.74,10276.88,55232.62,1534.24,5,7.62,36,Y,A,4268.36,4268.36,31,10,6,66930.6,12,75193.28,51.87,60.46,2896.38,50.01,58.91,2750.2,773.64,5,,Transportation,N,Pulau Pinang,Chinese,F,MARRIED,MALAYSIAN,Sales Executive,STPM,2203.11,C,,Y,pass,fail,73826.59,Y
2026-09-02,91208321,00000000732,800000000732,20260828,Approve,20260927,805,4,C,159,12,2,2984,46,MOBILE_APP,,7909.24,3317.14,11226.38,103.95,5,4.66,108,-,A,23658.91,23658.91,55,33,1,348533.52,60,46867.4,16.8,18.73,712.63,18.44,22.01,788.27,310.23,0,2010,Manufacturing,N,Negeri Sembilan,Indian,F,SINGLE,MALAYSIAN,Chef,SPM,702.72,,,Y,fail,fail,11801.77,Y
2026-09-02,64338090,00000000733,800000000733,20260902,Approve,20260909,901,1,A,155,33,1,7394,62,COUNTER,,47858.54,11868.92,59727.46,995.46,0,4.96,60,Y,A,19139.52,19139.52,42,16,22,309982.32,84,58076.94,11.91,20.74,2074.09,6.04,15.52,732.25,755.72,2,2023,Construction,Y,Johor,Chinese,M,MARRIED,MALAYSIAN,Teacher,SPM,4015.43,B,1,Y,fail,fail,79110.73,N
2026-09-02,88617271,00000000734,800000000734,20260828,Approve,20260909,921,4,B,121,15,3,9442,50,MOBILE_APP,,1779.58,229.03,2008.61,55.79,10,4.29,36, ,A,23433.52,23433.52,32,14,14,349835.76,12,81499.65,12.7,16.03,4429.47,14.25,17.08,1128.07,178.47,2,,Agriculture,Y,Sarawak,Malay,M,MARRIED,MALAYSIAN,Contractor,SPM,2714.81,A,1,N,fail,fail,2954.23,N
2026-09-02,55357116,00000000735,800000000735,20260829,Approve,20260920,803,1,B,115,18,3,4182,43,MOBILE_APP,,108423.62,37492.89,145916.51,1737.1,0,4.94,84,Y,A,19183.44,19183.44,61,6,38,294331.2,108,111280.62,8.9,13.48,4067.23,7.22,9.91,604.91,446.46,2,,Financial Services,N,Labuan,Malay,F,MARRIED,MALAYSIAN,Engineer,SPM,222.04,,,N,fail,pass,148119.05,N
2026-09-02,57786589,00000000736,800000000736,20260902,Approve,20260922,862,1,F,196,25,1,4345,53,WEBSITE,,9662.93,3131.76,12794.69,152.32,30,4.63,84,-,A,24516.47,24516.47,63,13,5,396737.16,36,89781.97,17.87,25.92,1426.42,18.69,22.12,2209.16,434.31,3,,Manufacturing,Y,Selangor,Chinese,M,MARRIED,MALAYSIAN,Police Officer,Bachelor Degree,1326.15,B,,Y,pass,pass,15764.36,N
2026-09-02,96822706,00000000737,800000000737,20260829,Approve,20260907,700,1,F,176,33,1,9276,74,WEBSITE,,101264.9,29468.09,130732.99,2178.88,0,5.82,60,N,A,9369.55,9369.55,39,1,11,142429.56,108,74301.25,27.42,34.75,7771.9,28.68,32.15,1597.03,41.88,0,2012,Financial Services,Y,Pulau Pinang,Malay,M,SINGLE,MALAYSIAN,Retail Assistant,Primary,2680.98,A,1,N,pass,fail,101454.39,N
2026-09-02,61999551,00000000738,800000000738,20260827,Approve,20260914,947,1,B,196,14,2,8528,18,TELEMARKETING,,21860.42,5191.85,27052.27,450.87,5,4.75,60, ,A,16794.65,16794.65,54,28,12,251922.96,12,77193.2,9.5,13.56,6281.89,5,11.84,172.08,1644.06,0,,Professional Services,Y,Selangor,Malay,F,SINGLE,MALAYSIAN,Manager,Master Degree,4207.09,,,Y,fail,pass,26769.79,Y
2026-09-02,70371130,00000000739,800000000739,20260827,Approve,20260911,227,2,F,155,10,1,8438,33,COUNTER,,81270.35,43235.83,124506.18,1482.22,0,7.6,84,N,A,15144.74,15144.74,55,22,2,233650.44,108,216936.3,27.53,35.77,6783.38,39.91,41.29,1689.48,316.62,3,,Education,N,Sarawak,Malay,M,MARRIED,MALAYSIAN,Chef,SPM,253.88,A,,Y,fail,pass,126866.23,N
2026-09-02,18331138,00000000740,800000000740,20260831,Approve,20260831,633,1,A,196,28,2,3757,70,PARTNER,,106545.65,45345.83,151891.48,1808.23,20,6.08,84,Y,A,23037.12,23037.12,65,4,27,335678.88,84,221519.21,33.69,40.91,3255.64,31.67,39.08,1555.59,1741.43,4,,Food & Beverage,N,Selangor,Chinese,F,MARRIED,MALAYSIAN,Lecturer,Master Degree,3265.39,A,1,N,fail,fail,146022.76,N
2026-09-02,78453832,00000000741,800000000741,20260826,Approve,20260925,851,2,F,116,21,2,3404,45,MOBILE_APP,,99688.34,44590.59,144278.93,1335.92,0,4.97,108,-,A,21654.11,21654.11,35,5,13,299515.2,36,92131.22,18.64,23.76,3723.28,26.83,30.96,1278.43,218.87,1,2025,Construction,N,Selangor,Malay,F,MARRIED,MALAYSIAN,Security Guard,Diploma,2562.05,C,,Y,fail,fail,117665.22,Y
2026-09-02,31171858,00000000742,800000000742,20260826,Approve,20260831,856,2,C,191,21,3,4083,18,PARTNER,,11884.32,5262.38,17146.7,158.77,0,4.92,108, ,A,23552.79,23552.79,62,19,30,327485.04,12,57744.01,8.13,17.18,934.48,11.06,12.92,2777.07,421.65,0,,Healthcare,Y,Selangor,Indian,M,SINGLE,MALAYSIAN,Clerk,SPM,2422.44,C,1,N,pass,fail,17293.32,N
2026-09-02,28963063,00000000743,800000000743,20260826,Approve,20260826,642,2,E,139,30,2,1737,41,PARTNER,,7029.44,1208.36,8237.8,228.83,5,5.73,36, ,A,7730.83,7730.83,48,13,0,108297.36,60,25549.61,29.82,32.98,5308.35,25.78,33.74,981.45,1205.95,3,,Manufacturing,Y,Selangor,Chinese,F,MARRIED,MALAYSIAN,Manager,Diploma,4903.99,C,1,Y,pass,pass,11048.47,N
2026-09-02,18049089,00000000744,800000000744,20260826,Approve,20260906,848,1,F,129,13,,9507,64,PARTNER,,2761.47,608.9,3370.37,56.17,5,4.41,60,Y,A,21281.88,21281.88,40,12,1,297395.4,108,93940.29,12.66,22.06,5682.83,8.18,18.83,2886.61,902.16,0,,Government,Y,Johor,Malay,M,SINGLE,MALAYSIAN,Factory Worker,Diploma,4402.53,A,,N,fail,pass,3276.32,N
2026-09-02,88298796,00000000745,800000000745,20260828,Approve,20260831,407,1,D,170,33,1,8217,42,PARTNER,,25934.13,8830.57,34764.7,579.41,0,6.81,60,Y,A,17192.52,17192.52,43,12,2,255831.12,12,225089.41,30.0,35.99,3067.65,35.98,37.49,983.71,426.04,4,,Construction,Y,Sarawak,Indian,F,MARRIED,MALAYSIAN,Engineer,SPM,4409.01,A,1,N,fail,pass,38806.15,N
2026-09-02,76104380,00000000746,800000000746,20260828,Approve,20260907,418,4,D,115,24,1,7078,74,MOBILE_APP,,94361.54,61231.2,155592.74,1440.67,10,7.21,108,Y,A,2238.5,2238.5,40,19,13,33024.0,36,29304.18,47.6,53.76,7766.27,49.49,55.57,1349.14,186.79,0,,Healthcare,Y,Sarawak,Chinese,M,SINGLE,MALAYSIAN,Police Officer,SPM,1892.41,,,N,fail,pass,138164.77,Y
2026-09-02,59029303,00000000747,800000000747,20260830,Approve,20260917,728,4,A,138,34,3,9821,84,WEBSITE,,65612.17,24755.47,90367.64,1075.81,0,5.39,84,Y,A,22361.93,22361.93,39,14,12,342147.84,36,109253.85,19.64,27.9,2424.42,23.34,29.01,506.28,716.77,0,2020,Real Estate,N,Pahang,Malay,M,MARRIED,MALAYSIAN,Contractor,STPM,55.44,,1,Y,pass,fail,100045.27,Y
2026-09-02,85350823,00000000748,800000000748,20260902,Approve,20260919,915,1,B,150,19,,5799,75,PARTNER,,127658.76,49978.4,177637.16,1644.79,20,4.35,108,-,A,21605.87,21605.87,23,3,0,342390.0,60,73225.4,15.39,19.08,3053.49,9.76,20.03,526.54,1564.02,0,,Food & Beverage,Y,Kuala Lumpur,Malay,M,MARRIED,MALAYSIAN,Supervisor,Bachelor Degree,3262.19,C,1,Y,pass,pass,146373.01,Y
2026-09-02,96494515,00000000749,800000000749,20260829,Approve,20260830,839,4,A,120,30,2,8289,70,MOBILE_APP,,107897.93,28970.59,136868.52,2281.14,30,5.37,60,N,A,21310.73,21310.73,60,12,20,332838.48,108,118917.94,22.21,31.4,603.45,20.62,28.3,1203.19,330.09,0,,Construction,N,Perak,Malay,M,SINGLE,MALAYSIAN,Lecturer,Certificate,3594.52,,1,N,pass,pass,125532.02,Y
2026-09-02,70916608,00000000750,800000000750,20260828,Approve,20260828,660,1,G,198,10,3,2629,82,WEBSITE,,117040.34,55196.22,172236.56,1594.78,5,5.24,108,Y,A,24192.02,24192.02,25,6,5,356196.72,60,156720.61,18.61,19.71,3101.8,16.56,26.9,2013.4,1616.46,3,,Agriculture,Y,Kuala Lumpur,Chinese,F,MARRIED,MALAYSIAN,Retail Assistant,SPM,1835.0,A,,Y,fail,fail,145659.19,N
2026-09-02,29042679,00000000751,800000000751,20260827,Approve,20260920,613,4,G,109,16,3,4671,47,MOBILE_APP,,108474.98,54378.51,162853.49,1507.9,5,5.57,108,N,A,12257.37,12257.37,53,23,21,185322.84,108,104278.8,23.37,33.27,3568.48,33.16,36.32,2313.32,389.54,4,2010,Professional Services,Y,Kelantan,Malay,F,MARRIED,MALAYSIAN,Manager,SPM,4086.9,,,N,pass,pass,139938.72,N
2026-09-02,39412845,00000000752,800000000752,20260901,Approve,20261001,693,2,C,177,31,3,1856,67,MOBILE_APP,,108609.94,44171.66,152781.6,1818.83,5,5.81,84, ,A,16965.68,16965.68,37,15,0,254358.72,60,76043.7,20.84,25.95,3802.77,23.06,25.72,448.13,1297.36,1,2010,Education,N,Selangor,Malay,M,MARRIED,MALAYSIAN,Civil Servant,Bachelor Degree,1130.92,C,,Y,pass,fail,111025.39,Y
2026-09-02,60285177,00000000753,800000000753,20260902,Approve,20261002,351,2,C,154,21,,6995,45,PARTNER,,112205.98,25212.68,137418.66,3817.18,0,7.49,36,-,A,12523.71,12523.71,59,19,4,189936.96,12,154460.22,31.26,37.05,4122.59,27.75,37.53,2914.08,1608.84,0,,Financial Services,Y,Kuala Lumpur,Malay,M,MARRIED,MALAYSIAN,Driver,Bachelor Degree,1015.46,B,,N,fail,fail,115317.29,Y
2026-09-02,73765142,00000000754,800000000754,20260830,Approve,20260901,999,1,C,107,26,1,8400,64,TELEMARKETING,,128424.51,42341.56,170766.07,2032.93,20,4.71,84,N,A,20045.82,20045.82,53,22,34,288848.4,84,64425.13,9.75,12.45,3892.81,13.02,15.61,913.75,602.17,1,,Manufacturing,N,Kuala Lumpur,Chinese,M,MARRIED,MALAYSIAN,Administrator,Diploma,4746.13,B,,Y,pass,pass,128500.84,Y
2026-09-02,34923253,00000000755,800000000755,20260830,Approve,20260917,516,1,G,165,21,3,9655,40,COUNTER,,73981.52,13804.95,87786.47,2438.51,5,6.22,36,Y,A,6063.63,6063.63,47,0,25,91918.68,12,27642.36,43.63,51.63,7320.37,45.55,49.8,235.78,1346.07,5,,Plantation,Y,Kuala Lumpur,Malay,M,MARRIED,MALAYSIAN,Administrator,STPM,2243.75,A,,N,fail,fail,111107.97,Y
2026-09-02,53339075,00000000756,800000000756,20260831,Approve,20260923,880,1,G,122,18,2,1597,71,MOBILE_APP,,48582.87,7054.23,55637.1,1545.47,20,4.84,36,-,A,23392.34,23392.34,29,0,11,355649.4,108,64527.55,9.95,15.24,6146.78,12.03,15.36,2680.33,1015.71,2,2016,Wholesale,Y,Johor,Malay,M,MARRIED,MALAYSIAN,Lecturer,Bachelor Degree,2905.69,C,1,N,fail,pass,78734.23,N
2026-09-02,83504651,00000000757,800000000757,20260828,Approve,20260910,753,3,F,120,24,1,1943,29,MOBILE_APP,,47820.3,8234.66,56054.96,1557.08,0,5.74,36,-,A,19479.66,19479.66,52,34,28,295067.76,108,153496.94,25.19,33.8,7916.18,21.43,28.67,704.02,321.35,1,2011,Financial Services,N,Terengganu,Chinese,M,MARRIED,MALAYSIAN,Sales Executive,Certificate,3343.96,A,,Y,fail,fail,70512.23,N
2026-09-02,43964944,00000000758,800000000758,20260827,Approve,20260911,770,1,F,166,23,,5677,46,PARTNER,,138391.56,46015.19,184406.75,2195.32,30,4.75,84,N,A,15529.02,15529.02,49,2,23,217824.24,84,78273.95,22.48,28.56,1475.99,24.42,32.05,1309.81,929.08,0,,Wholesale,Y,Selangor,Chinese,M,SINGLE,MALAYSIAN,Lecturer,Diploma,1151.65,B,,N,pass,fail,144395.79,Y
2026-09-02,59425988,00000000759,800000000759,20260827,Approve,20260907,703,1,F,149,10,2,2096,19,MOBILE_APP,,142583.15,60184.35,202767.5,2413.9,5,6.03,84,N,A,18435.46,18435.46,46,9,21,282534.36,108,134508.01,20.07,26.94,5842.25,18.91,24.78,1709.81,388.99,0,,Telecommunications,N,Sarawak,Chinese,F,MARRIED,MALAYSIAN,Supervisor,SPM,1438.52,A,1,Y,fail,pass,144221.87,Y
2026-09-02,21749165,00000000760,800000000760,20260828,Approve,20260906,361,1,C,110,17,2,5353,44,WEBSITE,,112232.53,56486.63,168719.16,2008.56,20,7.19,84,Y,A,6698.53,6698.53,36,7,9,95000.52,12,53672.95,38.37,46.48,6392.51,53.22,59.13,274.89,4.6,3,2011,Food & Beverage,Y,Selangor,Chinese,F,MARRIED,MALAYSIAN,Lecturer,SPM,3218.67,B,,Y,fail,pass,116357.64,Y
2026-09-02,45948650,00000000761,800000000761,20260827,Approve,20260911,756,1,E,159,16,1,4440,36,PARTNER,,85778.33,31823.76,117602.09,1400.02,30,5.3,84,-,A,8434.57,8434.57,37,10,15,133330.92,60,62466.08,20.64,25.06,2180.93,23.47,33.96,1937.73,145.62,0,,Wholesale,Y,Johor,Chinese,M,SINGLE,MALAYSIAN,Businessman,Diploma,4201.58,A,,N,fail,fail,135359.95,Y
2026-09-02,66027260,00000000762,800000000762,20260902,Approve,20260915,634,4,B,165,24,1,2768,54,PARTNER,,38075.44,19909.65,57985.09,536.9,20,5.81,108, ,A,12336.34,12336.34,27,9,0,172696.08,84,63208.8,27.55,31.15,4270.66,25.76,32.42,2275.65,291.49,0,2022,Healthcare,Y,Sarawak,Chinese,M,SINGLE,MALAYSIAN,Supervisor,Diploma,2337.07,,,Y,fail,fail,47609.1,Y
2026-09-02,48425508,00000000763,800000000763,20260830,Approve,20260924,464,3,G,191,17,3,3905,32,TELEMARKETING,,65095.28,40541.34,105636.62,978.12,5,6.92,108, ,A,3725.13,3725.13,32,1,1,51609.96,108,19623.88,35.43,39.49,6623.3,44.23,49.76,2540.39,65.05,2,,Construction,Y,Putrajaya,Malay,M,MARRIED,MALAYSIAN,IT Executive,Bachelor Degree,916.69,B,1,Y,pass,fail,66009.56,Y
2026-09-02,33267679,00000000764,800000000764,20260830,Approve,20260922,564,2,B,130,13,3,5316,49,COUNTER,,13934.97,8264.83,22199.8,205.55,30,6.59,108,Y,A,21136.02,21136.02,59,24,18,341677.2,36,178460.71,33.13,42.16,7098.34,34.39,43.65,1312.66,1803.19,0,,Manufacturing,Y,Pulau Pinang,Malay,M,MARRIED,MALAYSIAN,Self-Employed,SPM,2231.57,,1,N,pass,pass,16734.4,N
2026-09-02,76817911,00000000765,800000000765,20260828,Approve,20260925,750,4,B,179,23,2,1994,12,MOBILE_APP,,15638.32,7262.44,22900.76,212.04,30,5.16,108,N,A,20602.03,20602.03,34,15,3,320951.16,12,120743.97,21.74,25.33,7133.14,16.5,28.39,1071.88,383.52,4,,Retail Trade,Y,Sarawak,Indian,M,MARRIED,MALAYSIAN,IT Executive,STPM,2713.06,A,1,Y,fail,pass,22936.86,Y
2026-09-02,43038691,00000000766,800000000766,20260826,Approve,20260907,787,1,F,109,17,2,5578,69,WEBSITE,,96394.36,32051.12,128445.48,1529.11,0,4.75,84,Y,A,19713.78,19713.78,46,23,25,316664.4,36,113373.01,12.95,18.27,5554.37,8.86,20.53,362.77,519.97,1,,Transportation,Y,Selangor,Chinese,F,MARRIED,MALAYSIAN,Contractor,Diploma,1878.56,A,1,N,pass,pass,124966.04,N
2026-09-02,84153574,00000000767,800000000767,20260830,Approve,20260911,798,2,C,167,13,2,6957,58,WEBSITE,,61884.86,9542.65,71427.51,1984.1,20,5.14,36, ,A,20207.21,20207.21,43,2,11,287885.76,108,153685.79,19.85,24.17,4575.86,21.49,25.39,2919.94,219.19,3,,Hospitality,Y,Johor,Malay,F,MARRIED,MALAYSIAN,Teacher,Diploma,3731.96,B,1,Y,pass,fail,82097.38,Y
2026-09-02,16108651,00000000768,800000000768,20260830,Approve,20260908,813,3,C,189,20,1,5150,56,COUNTER,,19231.97,4394.51,23626.48,393.77,0,4.57,60,-,A,23241.89,23241.89,47,26,8,350453.52,60,71240.47,8.53,12.37,4005.52,8.55,12.05,147.45,756.05,0,,Telecommunications,N,Johor,Malay,F,SINGLE,MALAYSIAN,Police Officer,STPM,607.9,B,1,N,fail,pass,31492.42,N
2026-09-02,77190608,00000000769,800000000769,20260831,Approve,20260923,536,1,C,148,26,2,9239,51,WEBSITE,,45383.55,29040.93,74424.48,689.12,30,7.11,108,-,A,12527.6,12527.6,26,6,1,201139.92,60,177435.37,31.65,33.89,7536.31,33.05,44.31,2072.27,1633.97,2,,Plantation,N,Pulau Pinang,Chinese,F,MARRIED,MALAYSIAN,Doctor,Diploma,777.66,A,,N,pass,pass,69296.3,Y
2026-09-02,63929902,00000000770,800000000770,20260828,Approve,20260912,821,2,E,157,16,2,4784,60,PARTNER,,36176.26,8555.69,44731.95,745.53,5,4.73,60,Y,A,24616.17,24616.17,45,22,7,359868.84,60,140725.44,20.14,27.87,5814.73,15.43,25.91,1333.7,452.72,1,,Education,Y,Pulau Pinang,Malay,F,SINGLE,MALAYSIAN,Clerk,Bachelor Degree,454.34,A,1,N,fail,pass,41685.76,Y
2026-09-02,34206269,00000000771,800000000771,20260831,Approve,20260926,327,3,G,176,17,1,8507,41,PARTNER,,82776.84,19295.28,102072.12,2835.34,20,7.77,36,-,A,5709.48,5709.48,23,4,4,82316.88,84,100819.87,33.75,38.34,1853.11,32.77,38.61,1139.31,724.04,0,,Education,Y,Sarawak,Chinese,M,MARRIED,MALAYSIAN,Administrator,Master Degree,464.98,,1,Y,fail,pass,134987.53,Y
2026-09-02,62760801,00000000772,800000000772,20260901,Approve,20260917,842,3,G,180,16,3,1660,60,TELEMARKETING,,90435.76,30892.86,121328.62,1444.39,0,4.88,84,-,A,15876.43,15876.43,54,32,2,255054.24,108,68564.22,23.17,30.01,1345.81,26.89,30.9,880.2,797.07,0,,Hospitality,Y,Johor,Malay,M,SINGLE,MALAYSIAN,Sales Executive,Bachelor Degree,3503.05,,1,Y,pass,fail,110428.1,Y
2026-09-02,37472236,00000000773,800000000773,20260829,Approve,20260910,565,3,C,176,29,,8829,85,WEBSITE,,36624.04,16125.56,52749.6,627.97,0,6.29,84,Y,A,2964.48,2964.48,29,4,8,44768.88,60,12948.22,28.57,38.41,2763.33,31.91,35.81,1051.94,1774.96,4,,Wholesale,N,Johor,Indian,M,MARRIED,MALAYSIAN,Administrator,Master Degree,2696.82,B,1,Y,fail,pass,48848.2,N
2026-09-02,51144384,00000000774,800000000774,20260829,Approve,20260920,791,2,C,196,35,1,9408,83,WEBSITE,,26478.94,12558.96,39037.9,361.46,20,5.27,108,Y,A,10270.43,10270.43,47,8,16,146393.64,108,49436.23,30.3,36.45,6956.31,31.86,34.3,1060.21,1107.61,2,,Government,Y,Selangor,Malay,F,MARRIED,MALAYSIAN,Self-Employed,Master Degree,681.81,A,,Y,fail,fail,26646.42,Y
2026-09-02,20105843,00000000775,800000000775,20260827,Approve,20260903,892,3,D,162,31,3,9746,77,TELEMARKETING,,78316.5,19226.7,97543.2,1625.72,30,4.91,60,Y,A,16349.04,16349.04,45,7,24,262685.04,12,64014.27,26.35,34.15,6207.02,29.19,38.97,342.83,701.74,2,2023,Transportation,Y,Perlis,Malay,F,DIVORCED,MALAYSIAN,Manager,SPM,380.89,,,N,pass,fail,115146.97,Y
2026-09-02,24206393,00000000776,800000000776,20260902,Approve,20260903,742,3,D,147,29,3,8432,86,COUNTER,,39499.97,6517.5,46017.47,1278.26,20,5.5,36,Y,A,12464.48,12464.48,57,25,17,188942.4,84,62471.69,20.55,28.64,1230.48,24.65,26.46,449.43,535.58,0,,Healthcare,Y,Kelantan,Malay,F,SINGLE,MALAYSIAN,Accountant,Diploma,457.13,A,,N,pass,fail,65797.81,N
2026-09-02,29622504,00000000777,800000000777,20260828,Approve,20260927,933,3,B,187,22,3,4661,73,COUNTER,,11805.87,2609.1,14414.97,240.25,20,4.42,60,Y,A,22134.78,22134.78,47,12,22,313144.56,108,67512.16,22.75,26.54,5499.14,23.72,30.34,464.49,1793.37,1,,Agriculture,Y,Kelantan,Chinese,M,MARRIED,MALAYSIAN,Nurse,Diploma,921.22,A,1,Y,pass,pass,17813.1,N
2026-09-02,51234862,00000000778,800000000778,20260902,Approve,20260922,305,3,D,198,10,2,7686,85,TELEMARKETING,,70361.28,27124.27,97485.55,1624.76,0,7.71,60,-,A,11971.28,11971.28,28,4,7,190434.36,108,182741.83,30.06,34.84,2770.0,35.79,46.36,1048.0,575.44,3,2022,Professional Services,N,Sabah,Malay,F,WIDOWED,MALAYSIAN,Chef,Bachelor Degree,3135.04,,1,Y,fail,fail,100612.75,N
2026-09-02,85027630,00000000779,800000000779,20260830,Approve,20260914,406,3,F,155,33,2,2604,57,WEBSITE,,92280.95,18742.26,111023.21,3083.98,5,6.77,36,-,A,5586.32,5586.32,25,6,1,83714.52,12,50607.62,25.45,35.3,5386.2,36.97,38.63,2132.75,74.67,0,,Food & Beverage,Y,Terengganu,Chinese,M,SINGLE,MALAYSIAN,Army Personnel,Bachelor Degree,3261.15,A,,Y,fail,fail,118681.65,Y
2026-09-02,87507357,00000000780,800000000780,20260830,Approve,20260915,707,1,A,107,18,2,6183,46,MOBILE_APP,,62954.71,20976.51,83931.22,999.18,10,4.76,84,-,A,22850.78,22850.78,24,5,1,323733.84,108,109928.47,18.4,27.3,4844.29,24.23,28.54,868.23,816.26,0,2013,Financial Services,Y,Kuala Lumpur,Malay,M,MARRIED,MALAYSIAN,Sales Executive,Bachelor Degree,3985.96,C,1,Y,pass,pass,95338.15,N
2026-09-02,91817667,00000000781,800000000781,20260826,Approve,20260922,433,2,E,115,17,1,9748,44,TELEMARKETING,,88655.61,39717.71,128373.32,1528.25,10,6.4,84,-,A,10115.29,10115.29,33,4,12,152550.96,12,102920.95,35.39,40.74,1684.86,38.16,42.75,955.8,346.93,0,,Government,Y,Sarawak,Malay,F,SINGLE,MALAYSIAN,Businessman,Diploma,3062.16,C,1,N,pass,fail,135311.52,N
2026-09-02,50606845,00000000782,800000000782,20260830,Approve,20260919,602,4,F,133,33,,7911,48,PARTNER,,26002.08,7982.64,33984.72,566.41,0,6.14,60,-,A,11254.57,11254.57,63,34,30,161616.72,84,92025.55,25.77,32.11,3039.23,26.2,34.88,733.14,476.05,0,,Professional Services,N,Pulau Pinang,Chinese,F,SINGLE,MALAYSIAN,Army Personnel,SPM,2029.91,,1,Y,fail,fail,28753.17,N
2026-09-02,93924534,00000000783,800000000783,20260827,Approve,20260909,689,3,E,150,25,3,5379,30,TELEMARKETING,,88428.13,16500.69,104928.82,2914.69,30,6.22,36,N,A,8378.42,8378.42,41,22,22,123332.16,84,45698.85,45.84,48.98,4174.04,47.13,56.87,604.94,310.04,1,,Food & Beverage,Y,Sarawak,Chinese,F,SINGLE,MALAYSIAN,Clerk,STPM,1387.8,,,Y,fail,fail,123832.95,N
2026-09-02,45353058,00000000784,800000000784,20260901,Approve,20260912,937,1,F,111,11,,3980,23,TELEMARKETING,,99863.49,35930.88,135794.37,1616.6,0,5.14,84,N,A,24121.42,24121.42,58,6,39,377663.4,36,43401.62,9.93,18.58,4032.46,6.4,12.15,2359.14,1888.86,1,,Hospitality,Y,Selangor,Malay,M,DIVORCED,MALAYSIAN,Clerk,Diploma,2814.69,,1,N,fail,fail,117002.25,N
2026-09-02,39299635,00000000785,800000000785,20260902,Approve,20260912,410,1,D,158,30,2,1801,78,COUNTER,,102585.27,36469.06,139054.33,2317.57,0,7.11,60,-,A,5393.45,5393.45,44,8,1,86550.24,60,59087.23,36.36,39.85,6747.23,42.64,48.95,548.13,326.38,0,2014,Healthcare,Y,Kuala Lumpur,Malay,M,MARRIED,MALAYSIAN,Doctor,SPM,189.86,,,N,pass,pass,111241.75,Y
2026-09-02,66102583,00000000786,800000000786,20260827,Approve,20260919,819,1,E,187,34,2,4415,61,WEBSITE,,101384.43,28945.25,130329.68,2172.16,30,5.71,60,-,A,14443.97,14443.97,55,24,7,212898.24,60,109699.97,20.88,25.8,6414.08,29.89,34.41,1618.74,67.64,1,,Construction,Y,Selangor,Malay,F,WIDOWED,MALAYSIAN,Driver,Diploma,459.52,B,,N,fail,pass,103873.76,Y
2026-09-02,51496023,00000000787,800000000787,20260829,Approve,20260926,683,2,C,117,13,,4161,84,TELEMARKETING,,28544.6,11649.05,40193.65,478.5,20,5.83,84, ,A,14008.51,14008.51,26,3,6,219084.12,12,77994.05,30.23,38.73,4848.61,39.03,40.38,2999.68,522.65,2,,Retail Trade,N,Sabah,Chinese,M,MARRIED,MALAYSIAN,Police Officer,Bachelor Degree,1689.45,,,Y,pass,fail,44608.8,N
2026-09-02,52877828,00000000788,800000000788,20260827,Approve,20260901,613,2,C,155,35,1,9775,66,COUNTER,,34519.03,6461.96,40980.99,1138.36,10,6.24,36,-,A,16657.94,16657.94,41,19,6,259927.56,36,168378.0,20.83,28.76,7457.25,25.65,33.78,2253.48,1316.04,3,2021,Food & Beverage,Y,Perak,Others,F,WIDOWED,MALAYSIAN,Civil Servant,Diploma,1899.57,C,,Y,fail,fail,48905.68,N
2026-09-02,55158076,00000000789,800000000789,20260826,Approve,20260919,775,3,G,170,11,2,4023,94,WEBSITE,,5283.26,846.38,6129.64,170.27,10,5.34,36, ,A,9779.19,9779.19,49,28,29,135391.68,60,36234.51,13.53,15.12,7618.51,13.35,20.45,2193.94,78.33,2,,Food & Beverage,N,Kuala Lumpur,Malay,M,MARRIED,MALAYSIAN,Sales Executive,Diploma,308.01,B,,Y,pass,fail,7849.21,Y
2026-09-02,23478621,00000000790,800000000790,20260830,Approve,20260909,848,1,A,134,18,3,5042,56,COUNTER,,16266.39,7334.52,23600.91,218.53,30,5.01,108,N,A,23132.3,23132.3,25,3,6,322667.76,12,45803.22,17.96,23.57,5237.04,21.36,28.01,1251.87,742.04,4,,Education,Y,Kelantan,Chinese,F,MARRIED,MALAYSIAN,Supervisor,Diploma,4661.22,A,,N,fail,pass,18695.92,Y
2026-09-02,99238969,00000000791,800000000791,20260828,Approve,20260829,711,2,A,169,32,2,2289,52,MOBILE_APP,,120992.69,49800.59,170793.28,2033.25,30,5.88,84, ,A,14940.32,14940.32,36,8,13,225901.92,12,68461.82,16.58,24.58,619.2,16.8,22.94,352.02,1977.64,2,,Manufacturing,Y,Sabah,Chinese,F,MARRIED,MALAYSIAN,Teacher,Certificate,3949.83,B,1,Y,fail,pass,138080.61,N
2026-09-02,28595489,00000000792,800000000792,20260828,Approve,20260902,918,4,E,184,12,,4260,85,MOBILE_APP,,81997.32,12275.0,94272.32,2618.68,30,4.99,36, ,A,23879.87,23879.87,56,11,11,379642.32,84,53755.22,14.57,24.31,4304.21,13.14,21.82,1601.46,898.94,3,,Retail Trade,N,Selangor,Chinese,F,WIDOWED,MALAYSIAN,Lecturer,Master Degree,2308.93,B,,N,pass,pass,95441.88,Y
2026-09-02,44231730,00000000793,800000000793,20260901,Approve,20260919,968,4,E,198,31,,6184,91,PARTNER,,96265.82,26376.83,122642.65,2044.04,0,5.48,60,N,A,24405.6,24405.6,27,8,2,355975.68,108,135306.57,18.1,20.64,4244.82,25.62,27.34,2739.44,956.73,0,,Oil & Gas,Y,Terengganu,Chinese,F,SINGLE,MALAYSIAN,Factory Worker,SPM,735.0,A,,Y,fail,fail,146076.79,Y
2026-09-02,74254706,00000000794,800000000794,20260902,Approve,20260919,554,1,D,187,22,2,9589,59,WEBSITE,,104626.99,43284.19,147911.18,1760.85,20,5.91,84,N,A,13306.76,13306.76,65,15,29,198414.84,36,67128.85,35.89,42.92,1475.99,44.96,51.47,2851.57,731.35,0,2013,Financial Services,N,Kuala Lumpur,Chinese,M,MARRIED,MALAYSIAN,Factory Worker,Diploma,654.67,A,1,N,pass,pass,106788.71,N
2026-09-02,97841653,00000000795,800000000795,20260902,Approve,20260903,923,1,A,122,15,,4448,36,WEBSITE,,81808.6,18325.13,100133.73,1668.9,30,4.48,60,N,A,10113.27,10113.27,52,11,21,158321.76,84,28060.51,6.3,9.11,6031.62,5,8.3,325.67,1406.61,1,,Manufacturing,Y,Pulau Pinang,Malay,M,SINGLE,MALAYSIAN,Engineer,SPM,87.37,B,1,Y,fail,pass,110559.94,N
2026-09-02,15798193,00000000796,800000000796,20260829,Approve,20260914,792,3,A,154,23,3,1200,75,PARTNER,,87813.5,13672.56,101486.06,2819.06,30,5.19,36, ,A,4569.7,4569.7,62,5,39,69492.0,60,22459.85,30.02,37.13,1589.13,36.78,44.45,1303.94,1697.77,2,,Plantation,Y,Kuala Lumpur,Chinese,M,WIDOWED,MALAYSIAN,Administrator,SPM,4694.16,B,1,N,pass,pass,94984.97,Y
2026-09-02,25370822,00000000797,800000000797,20260826,Approve,20260908,979,4,G,161,11,1,7198,78,TELEMARKETING,,60927.56,14348.44,75276.0,1254.6,5,4.71,60,-,A,16216.48,16216.48,38,8,10,235149.12,60,54713.04,15.88,20.52,5203.09,24.44,26.43,818.06,692.2,0,2023,Construction,Y,Perak,Malay,M,SINGLE,MALAYSIAN,Engineer,Diploma,4713.47,C,1,Y,fail,fail,97530.74,N
2026-09-02,17560687,00000000798,800000000798,20260831,Approve,20260926,658,2,F,192,23,3,1430,20,MOBILE_APP,,94157.91,16383.48,110541.39,3070.59,5,5.8,36,N,A,22866.69,22866.69,34,4,1,344475.12,12,166467.62,19.68,23.76,7844.07,21.16,32.25,2307.69,1040.94,1,,Education,N,Kuala Lumpur,Malay,F,SINGLE,MALAYSIAN,Army Personnel,SPM,2762.6,A,1,Y,pass,pass,115843.28,N
2026-09-02,29730797,00000000799,800000000799,20260901,Approve,20260921,744,4,B,138,35,1,2754,78,COUNTER,,77461.0,32835.72,110296.72,1021.27,20,4.71,108,Y,A,11799.52,11799.52,50,25,16,164482.68,12,25992.73,32.82,39.04,5583.43,36.61,43.54,689.48,1752.99,0,,Government,Y,Melaka,Malay,M,SINGLE,MALAYSIAN,Clerk,SPM,3905.7,B,,Y,fail,pass,83703.79,Y
2026-09-02,35697469,00000000800,800000000800,20260830,Approve,20260905,832,3,A,131,19,2,4857,59,MOBILE_APP,,86484.43,22788.65,109273.08,1821.22,20,5.27,60,-,A,15394.09,15394.09,54,27,12,224363.28,84,114060.13,16.83,20.26,7709.43,11.36,20.89,804.47,891.98,0,,Real Estate,Y,Sarawak,Malay,M,SINGLE,MALAYSIAN,IT Executive,Bachelor Degree,2035.78,A,,Y,fail,pass,103273.86,N
2026-09-02,20733065,00000000801,800000000801,20260830,Approve,20260921,804,4,F,131,14,3,4639,66,PARTNER,,58684.16,9999.78,68683.94,1907.89,0,5.68,36,Y,A,13891.84,13891.84,63,11,36,209548.92,108,57544.25,20.82,29.44,2725.21,15.77,25.02,109.2,807.49,0,2010,Financial Services,N,Johor,Malay,M,SINGLE,MALAYSIAN,Businessman,SPM,2575.92,,,N,fail,pass,62196.14,Y
2026-09-02,46507488,00000000802,800000000802,20260831,Approve,20260909,648,1,G,122,26,3,7625,88,PARTNER,,34143.54,13886.18,48029.72,571.78,20,5.81,84,N,A,21289.33,21289.33,29,2,5,304636.56,36,180580.31,21.29,23.02,1887.82,30.34,32.88,2760.47,34.06,0,,Government,N,Kuala Lumpur,Chinese,M,SINGLE,MALAYSIAN,Teacher,SPM,2500.04,B,1,Y,fail,fail,43396.47,N
2026-09-02,48633655,00000000803,800000000803,20260828,Approve,20260927,712,4,F,110,16,2,8870,29,WEBSITE,,20731.92,5421.4,26153.32,435.89,20,5.23,60,Y,A,24669.72,24669.72,31,2,11,390050.04,84,134872.7,25.87,32.11,7775.9,29.07,30.42,1267.79,1041.02,5,,Oil & Gas,N,Kuala Lumpur,Malay,M,MARRIED,MALAYSIAN,Teacher,Master Degree,4759.19,,1,N,pass,pass,30877.45,N
2026-09-02,50269906,00000000804,800000000804,20260831,Approve,20260903,673,3,C,105,33,1,1828,60,WEBSITE,,76993.34,12680.8,89674.14,2490.95,20,5.49,36,Y,A,8278.51,8278.51,65,1,22,115592.28,108,27920.52,31.36,40.14,4931.77,30.88,38.8,2842.84,1062.46,4,2010,Healthcare,Y,Sabah,Malay,M,MARRIED,MALAYSIAN,Factory Worker,Master Degree,2109.74,C,,N,pass,fail,110863.58,N
2026-09-02,84596315,00000000805,800000000805,20260901,Approve,20260927,572,1,G,115,21,2,5743,24,PARTNER,,50284.59,14507.1,64791.69,1079.86,0,5.77,60,-,A,13948.86,13948.86,59,14,22,208284.0,12,97594.25,17.2,20.39,7042.13,25.23,28.49,2169.84,1304.82,0,,Oil & Gas,Y,Melaka,Chinese,M,SINGLE,MALAYSIAN,Contractor,Bachelor Degree,2485.6,A,1,Y,fail,pass,78689.89,N
2026-09-02,72619658,00000000806,800000000806,20260902,Approve,20260903,776,2,F,145,23,1,6530,77,TELEMARKETING,,78658.33,10878.45,89536.78,2487.13,10,4.61,36, ,A,8213.18,8213.18,48,14,30,113356.92,108,40528.42,14.94,24.76,4825.72,23.36,24.68,2955.89,993.21,0,2012,Retail Trade,N,Pahang,Indian,F,MARRIED,MALAYSIAN,Lecturer,SPM,1721.53,,1,N,fail,fail,111732.82,N
2026-09-02,87109563,00000000807,800000000807,20260831,Approve,20260923,886,4,G,164,28,2,7540,77,TELEMARKETING,,21916.73,7011.16,28927.89,344.38,5,4.57,84,Y,A,12438.53,12438.53,43,0,24,194301.0,84,42401.44,23.98,32.55,7906.3,28.76,31.02,2277.68,903.74,0,,Transportation,Y,Johor,Malay,F,SINGLE,MALAYSIAN,Civil Servant,Bachelor Degree,4913.7,C,,N,pass,fail,21943.5,Y
2026-09-02,44730338,00000000808,800000000808,20260826,Approve,20260918,687,1,B,156,31,1,3360,47,TELEMARKETING,,12369.01,2252.4,14621.41,406.15,30,6.07,36,N,A,14486.21,14486.21,55,27,12,207529.32,36,79914.41,22.76,31.95,3212.2,27.99,29.66,1506.57,688.27,0,,Real Estate,N,Sabah,Chinese,F,SINGLE,MALAYSIAN,Factory Worker,SPM,1391.68,B,,Y,pass,fail,15012.94,Y
2026-09-02,19061519,00000000809,800000000809,20260828,Approve,20260829,860,2,E,111,10,1,8322,78,MOBILE_APP,,3582.88,877.81,4460.69,74.34,0,4.9,60, ,A,21388.52,21388.52,43,21,24,341024.88,108,56513.48,20.7,23.84,6312.5,24.63,25.78,1358.89,1967.21,2,,Hospitality,Y,Selangor,Malay,F,MARRIED,MALAYSIAN,Contractor,Certificate,548.91,,,Y,fail,fail,5764.74,Y
2026-09-02,21434872,00000000810,800000000810,20260826,Approve,20260917,610,1,A,165,27,1,2488,31,PARTNER,,93191.45,17697.06,110888.51,3080.24,10,6.33,36,Y,A,6396.83,6396.83,37,5,11,95200.68,12,46504.31,23.49,24.82,1100.39,30.21,37.48,2424.69,225.52,0,,Government,Y,Kedah,Malay,F,SINGLE,MALAYSIAN,Army Personnel,SPM,1531.5,C,,N,pass,pass,117547.15,N
2026-09-02,66848213,00000000811,800000000811,20260826,Approve,20260923,906,4,E,166,14,2,9682,39,PARTNER,,95714.6,23880.79,119595.39,1993.26,20,4.99,60,N,A,20773.12,20773.12,54,14,19,317107.2,108,83419.43,16.44,24.51,4241.6,9.67,19.07,2998.37,1713.2,0,,Food & Beverage,Y,Selangor,Malay,F,SINGLE,MALAYSIAN,Manager,Bachelor Degree,4440.41,B,1,Y,fail,fail,108725.59,Y
2026-09-02,24630143,00000000812,800000000812,20260830,Approve,20260912,875,3,E,179,11,3,1614,38,WEBSITE,,16196.62,3765.71,19962.33,332.71,30,4.65,60,N,A,23302.01,23302.01,41,7,8,376991.64,108,123899.56,15.84,24.42,7544.36,17.71,24.53,1142.13,89.85,2,2020,Healthcare,Y,Kuala Lumpur,Malay,F,DIVORCED,MALAYSIAN,Driver,Certificate,1969.69,C,1,N,fail,pass,17889.43,N
2026-09-02,75004653,00000000813,800000000813,20260828,Approve,20260923,776,3,B,186,10,,2799,56,TELEMARKETING,,137027.26,31721.81,168749.07,2812.48,20,4.63,60, ,A,17987.4,17987.4,48,29,10,259593.48,84,83426.64,23.57,26.26,3778.34,14.41,26.36,952.56,1306.75,2,,Agriculture,Y,Sabah,Indian,M,MARRIED,MALAYSIAN,Teacher,Master Degree,2227.49,C,1,Y,fail,pass,137894.81,Y
2026-09-02,50008556,00000000814,800000000814,20260830,Approve,20260923,776,2,B,170,23,,1975,93,TELEMARKETING,,6356.03,1002.98,7359.01,204.42,30,5.26,36,Y,A,22416.8,22416.8,61,0,14,362926.92,12,122510.68,27.89,33.66,4879.81,27.43,33.91,1439.83,713.94,0,,Construction,N,Kedah,Chinese,M,SINGLE,MALAYSIAN,Manager,Bachelor Degree,3299.6,A,1,Y,pass,fail,7700.57,N
2026-09-02,84817688,00000000815,800000000815,20260828,Approve,20260916,697,3,E,140,30,1,6766,48,MOBILE_APP,,123706.37,46154.85,169861.22,2022.16,0,5.33,84,N,A,22355.73,22355.73,27,4,4,336041.04,84,150773.54,36.28,42.12,6083.89,32.56,40.64,29.72,823.1,0,,Financial Services,Y,Sarawak,Malay,F,SINGLE,MALAYSIAN,Lecturer,SPM,2690.12,C,,N,fail,pass,129244.82,N
2026-09-02,98420299,00000000816,800000000816,20260826,Approve,20260831,567,3,A,172,10,2,3764,50,WEBSITE,,87274.99,46578.66,133853.65,1239.39,20,5.93,108,N,A,8238.14,8238.14,53,20,16,116794.32,12,81972.27,27.7,29.16,1233.74,38.55,43.02,1178.34,787.13,2,,Plantation,Y,Selangor,Chinese,M,MARRIED,MALAYSIAN,Technician,STPM,4616.3,C,,N,pass,fail,101878.36,N
2026-09-02,35488922,00000000817,800000000817,20260828,Approve,20260924,609,2,E,139,22,2,4993,66,MOBILE_APP,,105087.56,20744.28,125831.84,3495.33,0,6.58,36,-,A,4881.21,4881.21,65,5,40,71600.4,12,27775.93,25.69,33.82,3982.49,30.71,35.47,693.43,343.48,0,,Real Estate,Y,Pahang,Malay,M,SINGLE,MALAYSIAN,Doctor,STPM,3838.44,,1,Y,fail,fail,116905.81,N
2026-09-02,99172272,00000000818,800000000818,20260827,Approve,20260828,959,1,A,166,17,,8020,55,COUNTER,,60022.73,13835.24,73857.97,1230.97,0,4.61,60, ,A,24647.64,24647.64,63,4,24,342305.28,84,58914.79,13.19,15.47,5539.12,12.32,17.41,1954.59,222.71,2,2026,Government,Y,Johor,Indian,F,MARRIED,MALAYSIAN,Doctor,Bachelor Degree,4975.67,C,,N,fail,fail,70757.97,N
2026-09-02,23757322,00000000819,800000000819,20260826,Approve,20260903,481,4,F,139,17,2,8244,83,COUNTER,,101074.84,20497.98,121572.82,3377.02,0,6.76,36,-,A,16055.75,16055.75,29,1,1,253752.72,12,200688.03,30.38,33.54,6871.62,40.62,43.7,2018.82,388.72,3,,Retail Trade,N,Johor,Indian,M,MARRIED,MALAYSIAN,Contractor,Diploma,907.59,,,Y,pass,fail,102391.36,N
2026-09-02,97878527,00000000820,800000000820,20260828,Approve,20260926,952,3,D,124,26,2,5415,51,WEBSITE,,9032.61,2185.89,11218.5,186.97,30,4.84,60, ,A,22645.52,22645.52,44,24,4,318450.0,36,80856.27,26.71,34.16,7974.41,29.69,33.82,2042.39,73.23,1,2012,Telecommunications,Y,Johor,Malay,M,DIVORCED,MALAYSIAN,Civil Servant,SPM,1819.94,C,1,N,pass,fail,9624.97,N
2026-09-02,22153955,00000000821,800000000821,20260901,Approve,20260919,729,3,F,198,16,1,3497,14,TELEMARKETING,,48956.15,25775.41,74731.56,691.96,10,5.85,108,-,A,24185.71,24185.71,35,0,7,370553.04,60,90881.13,24.39,26.06,3996.68,28.53,34.87,748.04,287.73,4,,Financial Services,N,Negeri Sembilan,Others,F,MARRIED,MALAYSIAN,Civil Servant,SPM,252.7,,,Y,fail,pass,79787.2,Y
2026-09-02,61617590,00000000822,800000000822,20260829,Approve,20260830,613,2,G,141,16,2,3151,95,WEBSITE,,17015.77,8928.17,25943.94,240.22,0,5.83,108,Y,A,5183.79,5183.79,59,10,32,78627.0,60,57401.84,27.35,33.25,6129.33,25.26,35.26,2930.06,970.12,0,,Real Estate,N,Pahang,Malay,M,SINGLE,MALAYSIAN,Businessman,Diploma,3670.28,,1,Y,pass,fail,26443.79,Y
2026-09-02,64113518,00000000823,800000000823,20260828,Approve,20260904,824,4,G,106,35,3,7311,33,WEBSITE,,87496.06,40869.41,128365.47,1188.57,20,5.19,108,-,A,3099.82,3099.82,44,21,23,46968.72,60,19589.85,14.5,19.5,1196.62,18.43,22.82,887.31,1036.39,0,,Retail Trade,Y,Selangor,Indian,M,SINGLE,MALAYSIAN,Driver,Bachelor Degree,478.43,,1,N,fail,fail,131262.0,Y
2026-09-02,67260591,00000000824,800000000824,20260830,Approve,20260929,845,1,D,190,32,,1297,24,TELEMARKETING,,98002.67,47893.9,145896.57,1350.89,5,5.43,108,Y,A,20081.36,20081.36,33,0,7,304016.76,108,48271.64,13.62,20.6,6250.3,13.43,15.93,1496.45,597.83,1,,Manufacturing,Y,Kelantan,Others,F,MARRIED,MALAYSIAN,Civil Servant,Diploma,3895.85,,1,Y,fail,fail,114536.01,Y
2026-09-02,72627810,00000000825,800000000825,20260831,Approve,20260917,604,4,C,116,14,3,3847,35,TELEMARKETING,,61977.15,19708.73,81685.88,1361.43,20,6.36,60,N,A,5887.44,5887.44,61,5,28,87658.92,108,49731.67,25.14,31.79,5297.86,29.74,32.28,1878.73,1025.9,0,,Wholesale,N,Kuala Lumpur,Chinese,F,SINGLE,MALAYSIAN,Lecturer,SPM,2289.23,,,N,fail,fail,87640.86,N
2026-09-02,65009042,00000000826,800000000826,20260829,Approve,20260907,581,4,G,160,15,,6169,28,TELEMARKETING,,56327.33,23499.76,79827.09,950.32,5,5.96,84,N,A,15241.64,15241.64,34,15,3,230586.24,108,76075.15,29.99,31.51,1922.1,39.05,44.26,2728.14,458.9,0,2019,Food & Beverage,Y,Pulau Pinang,Chinese,M,SINGLE,MALAYSIAN,Supervisor,Diploma,4825.92,C,,N,fail,pass,80958.85,Y
2026-09-02,70726434,00000000827,800000000827,20260831,Approve,20260912,754,3,D,124,15,,8945,94,MOBILE_APP,,83661.73,23759.93,107421.66,1790.36,5,5.68,60,-,A,5642.76,5642.76,25,0,0,87838.56,84,41477.72,24.49,27.84,5152.63,35.67,38.68,750.23,1699.37,0,,Food & Beverage,Y,Sabah,Chinese,F,SINGLE,MALAYSIAN,Chef,Diploma,1575.12,A,,Y,pass,pass,90103.98,Y
2026-09-02,16238667,00000000828,800000000828,20260830,Approve,20260904,852,3,E,193,28,3,6715,34,WEBSITE,,67508.37,10592.06,78100.43,2169.46,20,5.23,36,-,A,19084.72,19084.72,51,2,25,288508.92,60,95025.21,15.17,24.98,4209.74,11.14,19.55,1296.57,1365.33,4,2022,Healthcare,N,Selangor,Malay,M,MARRIED,MALAYSIAN,Engineer,Diploma,4827.87,A,1,Y,pass,pass,103789.41,Y
2026-09-02,56440902,00000000829,800000000829,20260827,Approve,20260924,725,2,G,181,10,1,4741,40,MOBILE_APP,,41938.18,16263.63,58201.81,692.88,20,5.54,84,Y,A,15293.13,15293.13,50,14,5,226158.84,36,52442.31,22.47,25.59,3437.77,24.29,27.18,2771.76,1075.37,4,,Plantation,N,Sabah,Malay,F,MARRIED,MALAYSIAN,Manager,SPM,3505.74,,1,N,pass,pass,53239.8,N
2026-09-02,98222374,00000000830,800000000830,20260827,Approve,20260921,590,3,B,104,12,1,8911,64,WEBSITE,,40876.87,23581.87,64458.74,596.84,20,6.41,108,N,A,7075.45,7075.45,51,0,22,100847.52,60,33519.91,32.75,38.93,2258.5,30.75,41.75,2711.79,1046.99,0,,Plantation,Y,Kuala Lumpur,Indian,F,SINGLE,MALAYSIAN,Retail Assistant,Certificate,2057.4,C,1,Y,fail,pass,56641.13,N
2026-09-02,66063235,00000000831,800000000831,20260831,Approve,20260921,827,3,B,155,20,,1738,29,PARTNER,,32798.27,11731.94,44530.21,530.12,30,5.11,84,Y,A,9029.15,9029.15,61,18,38,145579.44,36,34997.22,12.3,16.34,2207.46,7.84,14.79,886.6,177.17,0,,Transportation,Y,Negeri Sembilan,Indian,M,SINGLE,MALAYSIAN,IT Executive,Bachelor Degree,2811.04,A,1,Y,fail,fail,41895.62,N
2026-09-02,44182277,00000000832,800000000832,20260826,Approve,20260921,686,3,F,183,18,1,6165,49,COUNTER,,95271.35,38946.93,134218.28,1597.84,10,5.84,84,N,A,23710.79,23710.79,39,0,21,365089.44,108,143416.5,27.83,31.3,4321.4,34.94,36.94,1594.44,1459.52,1,,Real Estate,N,Kuala Lumpur,Others,M,MARRIED,MALAYSIAN,Businessman,SPM,4183.61,A,1,Y,fail,fail,133903.15,Y
2026-09-02,35377699,00000000833,800000000833,20260826,Approve,20260826,580,2,C,140,26,,5963,28,COUNTER,,98959.47,16358.0,115317.47,3203.26,0,5.51,36,Y,A,6404.33,6404.33,50,9,3,92045.16,36,38961.5,30.88,32.21,7558.41,34.72,42.1,1146.65,391.59,0,,Manufacturing,Y,Johor,Malay,M,SINGLE,MALAYSIAN,IT Executive,Diploma,1404.99,A,,N,fail,pass,143378.08,N
2026-09-02,39919208,00000000834,800000000834,20260901,Approve,20260930,939,1,G,107,30,,5681,67,COUNTER,,128858.07,32150.09,161008.16,2683.47,5,4.99,60,N,A,20601.17,20601.17,55,6,32,301365.96,84,39397.97,16.13,24.87,3375.38,13.8,24.34,1928.22,1529.39,1,,Construction,Y,Sabah,Chinese,M,MARRIED,MALAYSIAN,Security Guard,Bachelor Degree,3293.17,C,,N,pass,pass,136447.41,Y
2026-09-02,86771877,00000000835,800000000835,20260827,Approve,20260909,710,1,G,150,10,,2153,94,COUNTER,,34707.12,13508.01,48215.13,573.99,5,5.56,84,-,A,10513.02,10513.02,40,7,19,159646.8,108,85556.34,25.01,31.08,6399.84,23.81,30.66,1289.68,320.8,1,,Telecommunications,Y,Pulau Pinang,Chinese,M,SINGLE,MALAYSIAN,Retail Assistant,Primary,1166.32,B,,Y,pass,fail,39085.98,Y
2026-09-02,51745645,00000000836,800000000836,20260901,Approve,20260929,795,3,D,179,16,2,6400,34,TELEMARKETING,,90947.5,22327.61,113275.11,1887.92,30,4.91,60, ,A,18137.1,18137.1,53,21,28,289869.84,108,68627.47,22.49,32.26,1661.58,21.06,32.92,182.33,567.35,3,,Wholesale,Y,Sarawak,Malay,M,MARRIED,MALAYSIAN,Lecturer,SPM,1452.49,B,1,Y,pass,pass,149769.63,N
2026-09-02,45933366,00000000837,800000000837,20260827,Approve,20260906,829,3,B,163,17,,4986,64,TELEMARKETING,,87740.59,13845.47,101586.06,2821.84,10,5.26,36,-,A,15025.7,15025.7,24,4,6,239738.88,12,41805.13,21.14,23.94,7600.35,19.36,25.71,1047.44,491.83,0,2010,Agriculture,Y,Kelantan,Malay,F,MARRIED,MALAYSIAN,Security Guard,Bachelor Degree,1782.42,A,,Y,fail,pass,90704.14,Y
2026-09-02,26341998,00000000838,800000000838,20260828,Approve,20260927,790,3,F,148,15,,6922,34,WEBSITE,,71244.14,10729.37,81973.51,2277.04,0,5.02,36, ,A,6809.09,6809.09,60,3,6,94654.32,84,20360.22,23.11,25.81,7574.22,21.0,31.23,1133.96,244.9,0,,Retail Trade,N,Pulau Pinang,Malay,M,SINGLE,MALAYSIAN,Accountant,STPM,3082.06,B,,N,fail,fail,83847.15,N
2026-09-02,42879423,00000000839,800000000839,20260831,Approve,20260904,834,1,G,159,23,1,9468,40,TELEMARKETING,,31653.88,16067.51,47721.39,441.86,10,5.64,108, ,A,14701.97,14701.97,61,23,12,204061.2,108,78202.48,22.68,26.05,5934.09,29.41,37.56,2066.83,1832.17,0,2024,Real Estate,Y,Johor,Malay,F,MARRIED,MALAYSIAN,Administrator,Diploma,2748.09,C,1,N,pass,pass,49264.82,N
2026-09-02,67090187,00000000840,800000000840,20260828,Approve,20260830,860,1,A,187,25,2,1616,44,COUNTER,,104244.44,40280.05,144524.49,1720.53,0,5.52,84,-,A,17542.72,17542.72,28,9,4,272329.68,36,57354.22,23.64,33.21,6569.86,23.7,30.87,1728.4,1893.02,2,,Retail Trade,Y,Putrajaya,Malay,F,MARRIED,MALAYSIAN,Retail Assistant,SPM,3704.91,B,1,Y,pass,fail,138238.76,N
2026-09-02,73837621,00000000841,800000000841,20260827,Approve,20260904,659,4,C,185,11,2,5110,49,PARTNER,,76212.36,20424.91,96637.27,1610.62,30,5.36,60,Y,A,15014.41,15014.41,35,7,5,228646.32,84,98061.84,19.9,22.46,5409.98,19.11,29.86,1597.91,956.55,0,,Hospitality,N,Pahang,Malay,M,DIVORCED,MALAYSIAN,Police Officer,PhD,3307.71,C,1,N,fail,fail,123122.24,N
2026-09-02,29679785,00000000842,800000000842,20260826,Approve,20260918,727,4,E,147,15,2,3211,71,PARTNER,,7498.58,2249.57,9748.15,162.47,30,6.0,60,Y,A,14493.71,14493.71,43,10,2,216324.12,36,111555.8,26.83,29.13,1280.32,34.05,42.59,2251.64,33.98,0,,Manufacturing,N,Kedah,Malay,M,SINGLE,MALAYSIAN,Security Guard,Diploma,1320.28,B,1,Y,fail,fail,12495.39,Y
2026-09-02,93478965,00000000843,800000000843,20260827,Approve,20260904,594,2,G,138,25,1,1260,22,MOBILE_APP,,47258.8,8747.6,56006.4,1555.73,20,6.17,36,-,A,22485.31,22485.31,53,1,9,359440.68,60,212734.9,31.5,41.46,1014.01,30.99,37.35,1337.8,1593.22,2,,Education,N,Sabah,Chinese,M,MARRIED,MALAYSIAN,Chef,SPM,3181.33,B,,N,pass,pass,47595.97,Y
2026-09-02,82212984,00000000844,800000000844,20260902,Approve,20260920,469,1,D,174,21,1,9134,31,WEBSITE,,32290.91,12012.22,44303.13,738.39,10,7.44,60,-,A,9130.27,9130.27,37,3,12,132923.4,84,125052.67,42.21,43.4,2702.64,49.45,51.38,2205.26,1725.35,0,,Real Estate,N,Sarawak,Chinese,F,SINGLE,MALAYSIAN,Clerk,SPM,4755.39,,,N,pass,fail,35576.17,N
2026-09-02,76501815,00000000845,800000000845,20260831,Approve,20260917,847,3,D,115,18,3,9972,10,COUNTER,,72127.08,24588.12,96715.2,1151.37,20,4.87,84,Y,A,21739.63,21739.63,52,20,15,318080.16,60,114174.6,29.28,38.48,1482.46,28.85,37.94,1593.4,875.41,0,2019,Hospitality,Y,Kedah,Chinese,F,SINGLE,MALAYSIAN,Security Guard,SPM,850.62,B,1,N,pass,fail,91652.9,Y
2026-09-02,40363407,00000000846,800000000846,20260829,Approve,20260924,142,3,A,162,15,2,3415,62,MOBILE_APP,,24282.25,5448.94,29731.19,825.87,30,7.48,36,N,A,5546.91,5546.91,28,3,7,76850.28,84,95079.89,33.29,37.12,6983.58,39.78,49.27,1589.85,1479.85,2,2016,Healthcare,Y,Selangor,Malay,F,MARRIED,MALAYSIAN,Sales Executive,Diploma,587.45,A,1,Y,fail,pass,34038.05,N
2026-09-02,97191317,00000000847,800000000847,20260830,Approve,20260911,866,2,D,118,21,3,5437,54,WEBSITE,,39560.39,10265.92,49826.31,830.44,5,5.19,60,N,A,14349.05,14349.05,47,29,17,216538.08,60,80118.91,32.46,38.9,1213.7,28.95,38.08,2801.55,1422.21,0,2025,Manufacturing,N,Sarawak,Indian,F,SINGLE,MALAYSIAN,Engineer,Diploma,804.05,B,,Y,fail,pass,54190.97,Y
2026-09-02,90027890,00000000848,800000000848,20260831,Approve,20260901,995,2,C,162,16,3,6174,34,MOBILE_APP,,83585.67,29606.04,113191.71,1347.52,5,5.06,84,-,A,24460.43,24460.43,55,6,15,351435.12,108,66091.9,13.69,15.05,4291.27,14.04,15.92,1513.73,322.52,0,,Construction,N,Pulau Pinang,Malay,F,SINGLE,MALAYSIAN,Teacher,Master Degree,1581.92,C,,N,fail,fail,130903.05,N
2026-09-02,71649116,00000000849,800000000849,20260831,Approve,20260925,870,4,B,140,11,,8112,72,MOBILE_APP,,102832.4,34623.67,137456.07,1636.38,20,4.81,84, ,A,24760.02,24760.02,45,26,23,362463.72,36,38773.39,16.79,20.06,6880.1,12.24,21.0,824.71,868.48,0,2016,Construction,Y,Kuala Lumpur,Malay,F,SINGLE,MALAYSIAN,Accountant,Bachelor Degree,3154.38,A,1,Y,fail,pass,119661.48,N
2026-09-02,41291228,00000000850,800000000850,20260901,Approve,20260909,517,1,G,170,30,3,3486,23,PARTNER,,66059.84,22130.05,88189.89,1469.83,10,6.7,60, ,A,10854.52,10854.52,49,12,11,154761.72,12,76197.14,27.43,35.93,4118.13,22.93,32.86,233.2,191.52,0,2011,Construction,N,Selangor,Chinese,F,SINGLE,MALAYSIAN,Technician,Diploma,4732.76,C,1,Y,fail,fail,98614.1,Y
2026-09-02,23115816,00000000851,800000000851,20260902,Approve,20261001,696,1,E,135,29,1,2392,21,MOBILE_APP,,23860.92,6478.24,30339.16,505.65,5,5.43,60,-,A,13416.57,13416.57,55,30,18,213612.0,84,48409.36,18.07,19.44,6578.16,23.37,28.45,1359.7,1917.07,0,,Telecommunications,Y,Perak,Malay,M,SINGLE,MALAYSIAN,Security Guard,SPM,1661.27,,1,Y,pass,pass,33786.73,N
2026-09-02,88068296,00000000852,800000000852,20260902,Approve,20261001,718,1,E,121,35,1,6325,61,WEBSITE,,19439.44,5579.12,25018.56,416.98,20,5.74,60,-,A,15003.85,15003.85,40,15,2,223780.2,12,92422.47,22.09,24.57,4672.84,26.44,31.82,884.09,1213.76,0,,Wholesale,Y,Selangor,Malay,M,SINGLE,MALAYSIAN,Doctor,Diploma,2843.95,C,1,N,fail,fail,29491.98,N
2026-09-02,80504584,00000000853,800000000853,20260830,Approve,20260907,637,2,B,138,12,,9759,74,COUNTER,,43756.0,8361.77,52117.77,1447.72,0,6.37,36,-,A,2634.36,2634.36,39,2,2,42634.8,36,20527.98,24.13,26.59,7370.12,25.32,31.01,2468.84,189.23,0,2024,Transportation,Y,Kuala Lumpur,Malay,F,SINGLE,MALAYSIAN,Sales Executive,SPM,4785.93,A,1,N,pass,fail,52276.53,Y
2026-09-02,39613699,00000000854,800000000854,20260901,Approve,20260924,745,1,G,163,33,2,7136,44,MOBILE_APP,,39260.88,13988.65,53249.53,633.92,0,5.09,84, ,A,13687.83,13687.83,59,17,37,209389.56,12,56367.7,24.04,26.66,1852.56,28.56,34.86,2836.84,695.95,0,,Telecommunications,Y,Selangor,Others,M,SINGLE,MALAYSIAN,Lecturer,Bachelor Degree,3219.3,B,,N,fail,fail,41646.84,N
2026-09-02,96139714,00000000855,800000000855,20260829,Approve,20260917,696,3,C,102,19,,8777,84,WEBSITE,,63176.98,10007.23,73184.21,2032.89,30,5.28,36, ,A,15653.94,15653.94,38,15,13,219964.2,12,96773.43,16.92,21.04,7863.83,24.79,27.63,74.5,969.28,3,,Professional Services,Y,Pahang,Chinese,F,MARRIED,MALAYSIAN,Chef,Master Degree,2212.61,C,1,N,pass,pass,80383.42,Y
2026-09-02,54706925,00000000856,800000000856,20260829,Approve,20260910,882,4,E,118,16,3,7207,96,COUNTER,,49425.83,20195.39,69621.22,644.64,5,4.54,108,Y,A,21106.8,21106.8,45,22,23,317471.16,108,81363.32,16.58,25.0,6413.46,11.94,22.93,1778.01,352.4,0,2018,Healthcare,N,Selangor,Malay,F,SINGLE,MALAYSIAN,Army Personnel,Bachelor Degree,1491.73,B,1,N,pass,fail,75682.43,N
2026-09-02,43915259,00000000857,800000000857,20260828,Approve,20260908,832,1,A,107,17,,6888,62,PARTNER,,70105.79,25911.1,96016.89,1143.06,5,5.28,84,-,A,24022.46,24022.46,45,2,27,388095.96,12,106265.23,25.4,32.86,1373.7,31.77,35.42,2242.99,964.22,5,2021,Hospitality,N,Pulau Pinang,Chinese,M,MARRIED,MALAYSIAN,Factory Worker,SPM,2816.06,C,1,N,pass,fail,83927.71,Y
2026-09-02,38249166,00000000858,800000000858,20260826,Approve,20260909,657,4,G,143,35,1,4054,64,MOBILE_APP,,80294.0,13778.45,94072.45,2613.12,0,5.72,36,Y,A,11048.18,11048.18,35,10,15,159948.0,36,109947.68,30.46,39.59,6770.67,38.25,40.75,2841.27,651.48,2,,Government,Y,Kelantan,Indian,F,MARRIED,MALAYSIAN,Civil Servant,SPM,956.45,B,,Y,fail,fail,82542.51,N
2026-09-02,58376818,00000000859,800000000859,20260831,Approve,20260914,730,2,F,160,31,2,5234,93,COUNTER,,9057.61,2708.23,11765.84,196.1,30,5.98,60, ,A,14207.43,14207.43,24,2,4,210436.92,12,50143.09,28.53,31.78,6091.43,23.68,33.03,336.05,730.1,0,2016,Telecommunications,Y,Selangor,Chinese,M,WIDOWED,MALAYSIAN,Army Personnel,Certificate,1742.24,C,,N,pass,pass,13223.09,Y
2026-09-02,85016912,00000000860,800000000860,20260901,Approve,20260922,859,4,B,110,15,2,5321,75,PARTNER,,93757.61,23673.8,117431.41,1957.19,5,5.05,60,N,A,19719.22,19719.22,26,7,4,310016.88,36,69986.1,19.63,21.23,6767.93,24.91,26.89,2516.57,1785.92,2,,Wholesale,Y,Sarawak,Chinese,F,MARRIED,MALAYSIAN,Accountant,Diploma,3145.33,A,,N,fail,fail,112753.49,N
2026-09-02,74317730,00000000861,800000000861,20260831,Approve,20260928,723,1,G,182,32,,7933,62,PARTNER,,111296.58,54590.97,165887.55,1536.0,30,5.45,108, ,A,22610.34,22610.34,31,8,13,360022.8,108,170372.87,23.91,31.87,6883.03,26.79,38.38,676.63,1160.9,1,2010,Transportation,N,Sabah,Malay,M,MARRIED,MALAYSIAN,Engineer,SPM,3114.47,B,1,N,fail,fail,120010.86,Y
2026-09-02,36080964,00000000862,800000000862,20260826,Approve,20260920,886,1,B,150,17,2,6158,65,MOBILE_APP,,24816.79,11055.88,35872.67,332.15,20,4.95,108,Y,A,10193.09,10193.09,40,6,5,141153.84,12,34857.29,15.01,24.19,7697.37,16.19,23.5,2449.13,219.17,0,,Manufacturing,Y,Selangor,Chinese,F,SINGLE,MALAYSIAN,Engineer,Bachelor Degree,4656.17,A,,N,pass,fail,41233.41,Y
2026-09-02,61302901,00000000863,800000000863,20260827,Approve,20260919,559,1,F,103,34,1,3981,39,WEBSITE,,12082.91,6981.51,19064.42,176.52,30,6.42,108, ,A,18982.35,18982.35,50,31,17,268479.84,12,114455.02,27.94,36.11,1677.19,28.56,38.98,2543.1,1012.48,1,,Agriculture,N,Negeri Sembilan,Chinese,F,MARRIED,MALAYSIAN,Self-Employed,SPM,2875.32,,,Y,fail,pass,13112.67,N
2026-09-02,75090023,00000000864,800000000864,20260826,Approve,20260925,620,1,F,145,19,3,2285,86,PARTNER,,90806.07,52304.3,143110.37,1325.1,5,6.4,108, ,A,19897.73,19897.73,38,16,4,307148.76,84,95332.64,30.07,34.09,4709.56,29.78,36.88,1659.12,497.57,3,2015,Healthcare,N,Sabah,Indian,F,MARRIED,MALAYSIAN,Businessman,SPM,4448.68,A,1,N,fail,pass,109080.34,Y
2026-09-02,87788611,00000000865,800000000865,20260827,Approve,20260926,909,3,D,134,11,,3484,77,COUNTER,,68355.18,10642.9,78998.08,2194.39,5,5.19,36, ,A,22487.45,22487.45,41,12,21,318011.28,60,107309.83,18.34,19.69,7420.82,17.21,26.54,1610.54,672.95,4,,Food & Beverage,Y,Selangor,Malay,M,MARRIED,MALAYSIAN,Army Personnel,Bachelor Degree,1277.14,B,,N,pass,fail,96627.28,Y
2026-09-02,88881524,00000000866,800000000866,20260901,Approve,20260926,858,1,E,102,16,1,7949,92,MOBILE_APP,,59301.33,18887.47,78188.8,930.82,20,4.55,84, ,A,18574.52,18574.52,60,10,31,265554.36,36,33981.33,15.69,17.84,3436.65,17.63,22.87,1094.29,612.46,2,2025,Financial Services,N,Selangor,Chinese,F,WIDOWED,MALAYSIAN,Administrator,Diploma,2340.62,C,,N,fail,fail,95660.16,N
2026-09-02,25295191,00000000867,800000000867,20260828,Approve,20260924,705,3,D,192,30,,6909,11,WEBSITE,,54752.71,23302.75,78055.46,929.23,20,6.08,84,-,A,13843.23,13843.23,36,4,8,199911.48,12,57978.58,27.28,35.03,1196.17,31.51,38.06,683.51,401.83,2,2025,Telecommunications,N,Selangor,Malay,M,MARRIED,MALAYSIAN,Driver,SPM,1106.45,,1,N,pass,fail,80933.34,Y
2026-09-02,17119495,00000000868,800000000868,20260829,Approve,20260910,688,4,F,170,12,,8896,89,PARTNER,,100916.09,50316.76,151232.85,1400.3,30,5.54,108,-,A,15036.46,15036.46,60,8,35,221532.36,108,61341.98,22.54,24.91,797.27,23.37,26.31,533.55,1156.78,1,,Healthcare,Y,Selangor,Chinese,M,MARRIED,MALAYSIAN,Contractor,Diploma,3742.03,,1,Y,fail,fail,109629.31,Y
2026-09-02,90728890,00000000869,800000000869,20260826,Approve,20260920,860,2,C,138,19,1,7080,90,TELEMARKETING,,19705.53,8601.46,28306.99,262.1,20,4.85,108,-,A,11416.92,11416.92,60,22,34,182385.48,108,67487.48,16.48,19.96,4616.3,13.97,23.57,1805.86,354.66,2,2019,Professional Services,Y,Negeri Sembilan,Malay,F,MARRIED,MALAYSIAN,Retail Assistant,STPM,2442.4,C,1,N,fail,fail,30814.2,Y
2026-09-02,58045029,00000000870,800000000870,20260828,Approve,20260831,779,2,E,142,19,3,2560,28,MOBILE_APP,,24755.85,7228.71,31984.56,533.08,5,5.84,60, ,A,6953.24,6953.24,35,13,10,97192.56,12,24406.3,27.14,29.07,4066.49,29.16,34.02,1458.63,1684.87,0,2017,Financial Services,Y,Negeri Sembilan,Malay,M,SINGLE,MALAYSIAN,Factory Worker,Master Degree,1268.0,A,1,N,fail,pass,32071.12,Y
2026-09-02,15140778,00000000871,800000000871,20260831,Approve,20260901,710,1,C,199,19,3,3239,55,PARTNER,,11768.39,4308.41,16076.8,191.39,10,5.23,84,N,A,17756.55,17756.55,64,8,27,269250.48,36,54979.39,15.95,17.91,7458.08,14.19,24.02,1377.99,1926.68,2,,Education,Y,Kelantan,Chinese,M,DIVORCED,MALAYSIAN,Factory Worker,Diploma,1250.09,A,,N,pass,fail,13299.22,N
2026-09-02,51946203,00000000872,800000000872,20260831,Approve,20260922,652,2,F,116,30,2,6191,77,WEBSITE,,97937.66,16424.15,114361.81,3176.72,5,5.59,36,N,A,20230.83,20230.83,65,25,9,324514.2,84,187493.06,13.49,18.53,7157.52,14.71,18.89,778.02,1785.9,2,,Financial Services,Y,Kuala Lumpur,Indian,F,MARRIED,MALAYSIAN,Teacher,Bachelor Degree,221.53,,,Y,fail,fail,128044.47,N
2026-09-02,24732689,00000000873,800000000873,20260901,Approve,20260926,658,4,A,192,35,,2993,37,WEBSITE,,50343.99,8850.47,59194.46,1644.29,20,5.86,36,N,A,17221.4,17221.4,41,8,18,252976.68,12,130295.57,23.8,32.16,7882.72,34.79,36.93,898.64,340.19,4,2017,Plantation,Y,Kuala Lumpur,Malay,M,MARRIED,MALAYSIAN,Accountant,STPM,2500.92,B,1,N,pass,fail,79482.67,Y
2026-09-02,47999575,00000000874,800000000874,20260830,Approve,20260910,821,3,E,114,12,,2934,73,PARTNER,,101796.93,52405.06,154201.99,1427.8,30,5.72,108,N,A,24298.16,24298.16,47,28,28,340616.4,108,105216.54,22.33,23.36,7202.75,23.81,32.84,1723.21,698.86,0,,Food & Beverage,N,Pulau Pinang,Chinese,M,MARRIED,MALAYSIAN,Sales Executive,SPM,4736.07,A,1,Y,fail,pass,111878.8,Y
2026-09-02,50922507,00000000875,800000000875,20260830,Approve,20260907,821,4,G,109,32,,8635,27,PARTNER,,41669.57,11438.3,53107.87,885.13,30,5.49,60,-,A,11961.4,11961.4,37,9,12,189807.6,60,49528.46,18.59,25.58,2884.44,13.07,22.39,2063.27,820.81,3,2012,Plantation,Y,Selangor,Malay,F,WIDOWED,MALAYSIAN,IT Executive,Bachelor Degree,2481.12,,,Y,fail,pass,52847.71,N
2026-09-02,44160502,00000000876,800000000876,20260828,Approve,20260918,602,3,C,168,10,,6141,40,MOBILE_APP,,52152.17,20553.17,72705.34,865.54,30,5.63,84,Y,A,9540.74,9540.74,31,8,7,145674.48,60,71609.02,29.78,32.34,3508.46,31.7,39.43,2011.62,98.06,3,2014,Plantation,Y,Sabah,Malay,F,MARRIED,MALAYSIAN,Chef,Certificate,4550.89,B,,N,pass,fail,59990.36,N
2026-09-02,81955042,00000000877,800000000877,20260830,Approve,20260909,902,1,B,147,18,1,4074,31,WEBSITE,,87222.54,35325.13,122547.67,1134.7,20,4.5,108, ,A,19344.5,19344.5,63,30,40,279394.44,60,82988.18,14.97,23.77,7423.51,15.28,19.68,907.17,1475.7,3,,Retail Trade,N,Sabah,Indian,M,MARRIED,MALAYSIAN,Administrator,Diploma,2169.98,A,,N,pass,fail,98987.52,N
2026-09-02,92112746,00000000878,800000000878,20260829,Approve,20260905,972,2,D,178,31,,1981,11,MOBILE_APP,,13104.86,1741.64,14846.5,412.4,0,4.43,36,N,A,12690.09,12690.09,41,3,20,191887.68,60,32928.23,18.86,23.36,4694.52,15.16,24.66,956.73,824.77,1,,Retail Trade,Y,Kuala Lumpur,Malay,M,SINGLE,MALAYSIAN,Clerk,SPM,4945.38,A,1,Y,pass,fail,16839.38,Y
2026-09-02,57029564,00000000879,800000000879,20260828,Approve,20260912,191,1,D,189,17,1,5124,73,WEBSITE,,8163.25,5686.52,13849.77,128.24,10,7.74,108,-,A,4151.04,4151.04,50,3,4,59251.32,108,43694.25,37.15,42.71,5829.21,45.54,54.82,1199.62,535.05,2,2016,Manufacturing,Y,Selangor,Malay,M,WIDOWED,MALAYSIAN,Engineer,Diploma,924.78,,,Y,pass,pass,8451.32,Y
2026-09-02,52674149,00000000880,800000000880,20260902,Approve,20261001,870,1,B,158,29,2,3112,15,PARTNER,,87884.66,21751.45,109636.11,1827.27,30,4.95,60,N,A,23328.89,23328.89,63,1,31,370674.6,36,70096.37,17.67,23.06,2622.06,12.06,22.96,470.87,457.78,0,,Telecommunications,N,Melaka,Chinese,F,SINGLE,MALAYSIAN,Chef,Bachelor Degree,4655.87,A,,N,pass,fail,99474.56,N
2026-09-02,79897089,00000000881,800000000881,20260829,Approve,20260921,916,2,A,112,10,3,3169,71,MOBILE_APP,,94854.68,29148.84,124003.52,1476.23,5,4.39,84,-,A,23676.36,23676.36,40,5,18,342146.88,84,74513.31,18.5,20.88,6333.14,23.78,26.14,1348.65,1071.6,2,,Hospitality,N,Perak,Malay,M,MARRIED,MALAYSIAN,Lecturer,STPM,4240.48,A,1,N,fail,fail,131842.21,N
2026-09-02,75705089,00000000882,800000000882,20260901,Approve,20260925,847,2,B,138,26,2,1329,91,MOBILE_APP,,89884.28,23190.14,113074.42,1884.57,5,5.16,60,-,A,21763.94,21763.94,33,14,9,323252.64,84,67240.16,12.19,13.31,6057.45,6.23,13.74,418.56,384.63,1,,Wholesale,N,Sabah,Chinese,F,SINGLE,MALAYSIAN,Manager,Diploma,3069.67,B,1,Y,fail,fail,116441.76,Y
2026-09-02,97087978,00000000883,800000000883,20260829,Approve,20260901,610,1,C,144,12,3,6273,71,MOBILE_APP,,35843.32,20097.35,55940.67,517.97,20,6.23,108,Y,A,18494.88,18494.88,23,1,3,280044.6,36,85522.21,32.5,39.43,632.61,35.87,43.54,2673.31,1224.69,1,2020,Plantation,N,Melaka,Malay,M,DIVORCED,MALAYSIAN,Lecturer,SPM,521.09,B,,Y,pass,pass,42586.18,N
2026-09-02,71697695,00000000884,800000000884,20260827,Approve,20260908,789,1,D,126,31,3,1039,83,COUNTER,,96907.48,14100.04,111007.52,3083.54,5,4.85,36,N,A,21714.02,21714.02,39,1,18,312769.32,12,48390.84,11.33,16.64,1943.3,14.19,16.89,2234.39,411.94,2,,Plantation,N,Sarawak,Malay,F,MARRIED,MALAYSIAN,Contractor,SPM,4938.05,C,1,N,pass,fail,124552.57,Y
2026-09-02,44594964,00000000885,800000000885,20260901,Approve,20261001,839,4,B,191,17,3,4582,74,TELEMARKETING,,106661.06,39496.59,146157.65,1739.97,5,5.29,84, ,A,19329.31,19329.31,39,7,4,294692.76,84,59724.05,21.99,27.18,1219.41,22.11,24.8,2351.78,1645.11,1,,Food & Beverage,N,Johor,Indian,M,SINGLE,MALAYSIAN,Security Guard,STPM,2732.31,B,,N,pass,fail,148974.41,Y
2026-09-02,20826768,00000000886,800000000886,20260830,Approve,20260903,352,3,E,199,35,3,8777,50,WEBSITE,,719.74,268.82,988.56,16.48,0,7.47,60, ,A,8802.35,8802.35,65,11,16,140238.72,12,151152.63,31.73,37.57,1191.15,37.62,44.57,1423.14,1523.0,2,2013,Manufacturing,Y,Sarawak,Indian,F,MARRIED,MALAYSIAN,Security Guard,Diploma,2342.94,,,N,fail,pass,1193.26,Y
2026-09-02,62474976,00000000887,800000000887,20260902,Approve,20260923,607,4,E,195,28,,8303,54,PARTNER,,104842.78,51236.67,156079.45,1445.18,30,5.43,108,N,A,22919.1,22919.1,39,3,2,321237.6,108,115763.96,18.91,27.81,6206.63,27.15,31.42,2114.81,1274.27,1,,Real Estate,N,Pulau Pinang,Malay,F,DIVORCED,MALAYSIAN,IT Executive,Bachelor Degree,2246.95,C,1,Y,fail,fail,127536.24,N
2026-09-02,54122624,00000000888,800000000888,20260826,Approve,20260918,273,2,G,101,34,,2946,19,MOBILE_APP,,2456.15,572.53,3028.68,84.13,20,7.77,36, ,A,5494.46,5494.46,36,14,13,79832.88,60,61818.15,48.29,53.16,3002.94,51.6,54.31,1593.51,1720.02,0,,Agriculture,N,Selangor,Chinese,M,MARRIED,MALAYSIAN,Teacher,Diploma,3688.35,B,,Y,fail,fail,2600.26,N
2026-09-02,90577593,00000000889,800000000889,20260830,Approve,20260916,711,2,G,102,31,1,9378,27,COUNTER,,20883.02,3746.41,24629.43,684.15,10,5.98,36,-,A,22018.45,22018.45,41,2,2,342210.72,12,189301.4,29.37,37.89,3047.18,31.71,35.83,256.01,1379.59,0,,Healthcare,Y,Kuala Lumpur,Malay,F,SINGLE,MALAYSIAN,Contractor,Diploma,3034.07,B,1,N,pass,fail,25352.69,N
2026-09-02,14957075,00000000890,800000000890,20260829,Approve,20260907,786,1,B,169,26,2,5531,49,COUNTER,,119052.06,17357.79,136409.85,3789.16,20,4.86,36,Y,A,22610.85,22610.85,60,15,3,351042.24,108,130538.61,23.63,29.8,942.87,24.96,26.76,1580.35,1003.2,4,,Food & Beverage,Y,Selangor,Chinese,F,MARRIED,MALAYSIAN,Doctor,Bachelor Degree,4321.07,C,1,Y,pass,pass,130487.42,Y
2026-09-02,75419891,00000000891,800000000891,20260901,Approve,20260923,770,3,C,181,29,3,6803,34,COUNTER,,59442.37,22802.09,82244.46,979.1,5,5.48,84, ,A,14779.3,14779.3,22,4,2,224905.32,108,121797.72,17.56,25.43,7198.32,17.56,27.18,1057.51,1273.48,0,2026,Telecommunications,Y,Terengganu,Chinese,M,MARRIED,MALAYSIAN,Factory Worker,Diploma,4749.75,C,1,N,fail,fail,83931.79,Y
2026-09-02,13533390,00000000892,800000000892,20260826,Approve,20260912,783,1,G,169,18,2,4780,71,WEBSITE,,75441.96,33337.8,108779.76,1007.22,20,4.91,108,Y,A,18570.08,18570.08,45,12,3,296321.64,84,57977.61,14.81,21.63,3619.69,11.06,21.23,305.31,1920.83,4,,Oil & Gas,Y,Pulau Pinang,Chinese,F,MARRIED,MALAYSIAN,Teacher,STPM,4830.77,A,1,Y,pass,fail,87863.13,Y
2026-09-02,21813934,00000000893,800000000893,20260828,Approve,20260829,764,1,E,189,22,1,6809,82,COUNTER,,103736.88,14938.11,118674.99,3296.53,30,4.8,36,Y,A,17254.83,17254.83,65,31,32,260536.32,84,79539.53,38.41,42.87,3124.72,37.88,43.39,2382.08,547.17,2,,Retail Trade,Y,Sabah,Malay,F,MARRIED,MALAYSIAN,Nurse,Master Degree,3181.91,C,,N,pass,fail,123936.09,Y
2026-09-02,82194560,00000000894,800000000894,20260830,Approve,20260918,839,4,A,153,17,3,5805,75,WEBSITE,,5647.67,1442.98,7090.65,118.18,0,5.11,60,Y,A,14720.4,14720.4,49,11,31,211398.24,60,35359.47,22.86,32.11,1281.6,15.34,26.49,2417.57,1259.23,1,,Education,N,Selangor,Chinese,M,MARRIED,MALAYSIAN,Administrator,Bachelor Degree,3013.66,,1,Y,fail,fail,7914.57,Y
2026-09-02,84715586,00000000895,800000000895,20260902,Approve,20260905,908,2,F,133,18,1,7383,90,PARTNER,,58422.23,20079.72,78501.95,934.55,5,4.91,84,Y,A,19379.71,19379.71,64,32,18,289381.44,36,59101.19,9.27,14.71,4115.69,5,12.69,1789.41,1088.47,0,,Agriculture,N,Selangor,Malay,F,SINGLE,MALAYSIAN,Sales Executive,STPM,813.34,B,,Y,fail,fail,86133.01,Y
2026-09-02,63345542,00000000896,800000000896,20260826,Approve,20260901,602,3,C,194,15,3,3001,42,TELEMARKETING,,35952.92,14898.89,50851.81,605.38,10,5.92,84,-,A,15323.02,15323.02,25,0,2,228191.28,36,189930.58,35.49,37.9,4459.92,39.28,40.44,852.06,1595.01,0,2019,Financial Services,N,Perak,Indian,M,MARRIED,MALAYSIAN,Army Personnel,STPM,4019.15,B,1,Y,fail,pass,48500.5,Y
2026-09-02,42458322,00000000897,800000000897,20260829,Approve,20260905,869,3,B,112,15,1,8217,11,WEBSITE,,101968.54,14132.84,116101.38,3225.04,5,4.62,36,N,A,19686.89,19686.89,65,15,22,309155.04,36,59675.11,24.02,28.52,7033.7,23.71,28.82,2245.06,1561.74,2,,Agriculture,N,Sarawak,Malay,F,SINGLE,MALAYSIAN,Manager,Diploma,816.09,A,1,Y,pass,fail,143275.88,N
2026-09-02,80249131,00000000898,800000000898,20260902,Approve,20260915,933,1,D,110,10,,8682,85,TELEMARKETING,,12509.55,2914.73,15424.28,257.07,20,4.66,60,-,A,19900.96,19900.96,47,16,1,282983.52,36,101640.77,20.51,23.81,1796.78,25.87,33.52,2111.26,1215.3,0,,Construction,Y,Johor,Malay,M,SINGLE,MALAYSIAN,Chef,SPM,1392.61,C,,Y,fail,pass,20469.24,N
2026-09-02,35296693,00000000899,800000000899,20260830,Approve,20260901,732,4,C,153,13,,7879,52,MOBILE_APP,,53388.26,8312.55,61700.81,1713.91,30,5.19,36, ,A,17281.21,17281.21,41,9,16,272917.8,36,59986.63,15.95,17.54,4369.18,13.5,19.94,460.77,984.84,0,,Transportation,N,Kuala Lumpur,Chinese,M,MARRIED,MALAYSIAN,Engineer,SPM,1064.27,A,,N,pass,pass,76419.74,N
2026-09-02,10129023,00000000900,800000000900,20260902,Approve,20261002,909,2,D,114,30,,1720,58,WEBSITE,,16290.74,6201.88,22492.62,208.26,0,4.23,108, ,A,24926.09,24926.09,42,12,15,373104.96,60,83134.72,10.12,18.2,1749.69,5,14.18,42.23,1688.05,0,,Manufacturing,N,Johor,Malay,F,SINGLE,MALAYSIAN,Manager,SPM,1266.93,B,,N,pass,pass,23606.08,N
2026-09-02,40634319,00000000901,800000000901,20260831,Approve,20260930,221,4,C,173,34,3,1174,49,PARTNER,,57674.81,44121.23,101796.04,942.56,10,8.5,108,-,A,3916.51,3916.51,63,13,2,55238.16,108,27460.92,35.16,37.02,7750.02,49.63,53.01,857.86,438.83,0,,Financial Services,Y,Sabah,Malay,F,MARRIED,MALAYSIAN,Army Personnel,Certificate,2652.85,,,N,pass,pass,57737.65,Y
2026-09-02,38804984,00000000902,800000000902,20260829,Approve,20260926,702,3,G,197,12,3,6413,34,MOBILE_APP,,82737.82,32954.47,115692.29,1377.29,5,5.69,84,Y,A,8204.4,8204.4,39,1,15,128313.96,36,94810.37,30.0,31.71,1239.65,24.04,35.52,887.33,1133.59,0,,Hospitality,Y,Pulau Pinang,Indian,F,SINGLE,MALAYSIAN,Technician,Bachelor Degree,4182.27,C,1,N,pass,pass,92869.61,Y
2026-09-02,24710194,00000000903,800000000903,20260826,Approve,20260906,806,4,F,171,12,3,7951,84,COUNTER,,64752.88,10315.13,75068.01,2085.22,30,5.31,36,N,A,22600.07,22600.07,31,1,13,363818.28,36,88455.64,14.55,16.74,997.37,11.44,23.35,833.49,1166.66,0,,Manufacturing,N,Johor,Malay,F,SINGLE,MALAYSIAN,Supervisor,Master Degree,4285.31,B,1,N,pass,pass,65887.75,N
2026-09-02,74340000,00000000904,800000000904,20260901,Approve,20260913,623,1,A,147,30,3,8813,30,COUNTER,,4189.57,1189.84,5379.41,89.66,5,5.68,60,Y,A,22729.99,22729.99,24,4,6,340395.24,84,145624.17,22.11,27.79,1270.38,32.17,35.03,772.6,1752.2,1,2016,Financial Services,N,Sabah,Malay,M,SINGLE,MALAYSIAN,Retail Assistant,SPM,4079.16,B,,N,fail,pass,6029.92,Y
2026-09-02,24469628,00000000905,800000000905,20260827,Approve,20260828,797,3,C,172,21,,7656,80,MOBILE_APP,,109157.15,28435.44,137592.59,2293.21,10,5.21,60,Y,A,11320.73,11320.73,52,7,30,175270.2,12,30632.37,16.09,23.71,3366.86,22.05,23.55,2761.58,613.91,1,,Financial Services,Y,Kuala Lumpur,Malay,M,SINGLE,MALAYSIAN,Administrator,Bachelor Degree,1680.41,C,,Y,fail,pass,134938.69,Y
2026-09-02,25099746,00000000906,800000000906,20260829,Approve,20260901,776,1,B,156,25,2,9484,58,PARTNER,,93268.93,25788.86,119057.79,1984.3,30,5.53,60,Y,A,9270.54,9270.54,57,27,38,138515.52,108,71516.94,12.01,19.68,7448.27,6.81,14.48,814.72,1911.86,2,2025,Government,Y,Selangor,Chinese,F,MARRIED,MALAYSIAN,Clerk,SPM,4324.7,C,1,Y,pass,pass,116206.23,Y
2026-09-02,47971392,00000000907,800000000907,20260827,Approve,20260923,688,4,A,195,15,3,3556,84,PARTNER,,50166.31,8292.49,58458.8,1623.86,30,5.51,36, ,A,13752.79,13752.79,42,11,16,220836.72,12,95922.3,34.96,41.99,7791.6,35.68,40.94,52.43,14.09,0,,Construction,N,Terengganu,Malay,M,SINGLE,MALAYSIAN,Administrator,SPM,1310.26,A,,N,pass,fail,77639.01,N
2026-09-02,50134687,00000000908,800000000908,20260901,Approve,20260904,357,3,E,167,16,3,8931,50,COUNTER,,48544.72,23379.14,71923.86,856.24,0,6.88,84,-,A,4841.52,4841.52,45,11,8,77582.04,12,62960.82,41.34,48.87,5016.28,39.36,49.32,1539.01,362.5,4,,Education,Y,Sabah,Chinese,M,MARRIED,MALAYSIAN,Teacher,Diploma,4040.63,,1,N,pass,fail,68192.42,N
2026-09-02,83987406,00000000909,800000000909,20260826,Approve,20260925,661,1,D,107,10,,5431,81,PARTNER,,25729.3,4600.4,30329.7,842.49,20,5.96,36,N,A,10171.97,10171.97,45,21,22,145095.72,84,49684.18,18.45,23.23,5507.88,16.7,24.57,2298.97,553.11,0,,Professional Services,Y,Selangor,Indian,M,SINGLE,MALAYSIAN,Factory Worker,Master Degree,4634.14,A,,Y,pass,fail,28339.2,Y
2026-09-02,24962673,00000000910,800000000910,20260901,Approve,20260924,770,3,A,161,18,1,9281,51,WEBSITE,,59224.42,25851.46,85075.88,787.74,5,4.85,108,Y,A,19347.98,19347.98,62,17,32,300356.16,36,54822.71,20.72,22.66,2536.27,30.16,32.08,2786.31,1911.83,5,2024,Professional Services,N,Perak,Chinese,F,MARRIED,MALAYSIAN,Doctor,Bachelor Degree,3510.84,B,,Y,fail,pass,79244.26,Y
2026-09-02,84962155,00000000911,800000000911,20260831,Approve,20260926,882,4,G,124,30,3,1573,19,WEBSITE,,118051.53,27978.21,146029.74,2433.83,20,4.74,60,N,A,16299.95,16299.95,40,22,20,232059.12,36,60018.39,13.65,18.93,2074.89,12.7,22.32,1391.89,377.91,4,2011,Healthcare,Y,Sabah,Chinese,M,MARRIED,MALAYSIAN,Factory Worker,SPM,2911.95,,,N,fail,pass,139503.92,N
2026-09-02,71108915,00000000912,800000000912,20260827,Approve,20260915,386,1,A,122,20,2,7586,36,TELEMARKETING,,38029.75,22658.13,60687.88,561.92,30,6.62,108,-,A,9305.63,9305.63,35,0,16,132724.44,108,140020.61,38.45,42.79,2303.62,42.95,47.7,2117.94,1141.77,4,,Agriculture,Y,Terengganu,Malay,M,DIVORCED,MALAYSIAN,Driver,Certificate,957.08,B,,Y,pass,pass,40912.05,Y
2026-09-02,58407826,00000000913,800000000913,20260902,Approve,20260927,431,1,C,177,34,3,7240,47,PARTNER,,105831.28,38310.92,144142.2,2402.37,5,7.24,60,Y,A,21725.55,21725.55,57,1,9,323056.8,36,231457.22,25.99,35.96,3942.25,39.5,43.26,1381.16,118.29,5,2015,Wholesale,N,Selangor,Chinese,M,WIDOWED,MALAYSIAN,Doctor,Bachelor Degree,2953.56,A,,N,pass,fail,117138.07,N
2026-09-02,48712477,00000000914,800000000914,20260831,Approve,20260925,567,3,A,116,32,2,1201,28,PARTNER,,83517.72,15033.19,98550.91,2737.53,10,6.0,36, ,A,10866.11,10866.11,54,18,27,151122.72,108,85870.72,25.54,34.9,2496.37,37.14,42.11,1500.71,1211.99,1,,Professional Services,N,Johor,Malay,F,MARRIED,MALAYSIAN,Security Guard,SPM,3683.63,B,,N,fail,pass,123697.0,Y
2026-09-02,81548855,00000000915,800000000915,20260830,Approve,20260831,687,3,E,169,10,2,2196,86,COUNTER,,32469.67,18673.31,51142.98,473.55,30,6.39,108,-,A,1858.47,1858.47,45,16,13,27336.6,84,9943.31,37.88,42.54,3999.02,42.62,50.64,1562.32,210.15,4,,Manufacturing,Y,Kuala Lumpur,Malay,F,MARRIED,MALAYSIAN,Lecturer,Bachelor Degree,555.15,,1,Y,fail,pass,40272.93,N
2026-09-02,37769263,00000000916,800000000916,20260901,Approve,20260911,663,4,D,196,32,1,8264,80,TELEMARKETING,,109394.53,56020.94,165415.47,1531.62,5,5.69,108,-,A,9978.85,9978.85,31,7,8,152542.32,36,81622.41,26.36,36.29,3793.25,29.45,40.92,141.66,432.16,1,,Wholesale,Y,Perak,Malay,F,MARRIED,MALAYSIAN,Nurse,Diploma,4511.45,C,,N,pass,pass,133704.12,Y
2026-09-02,26998932,00000000917,800000000917,20260830,Approve,20260906,700,1,G,173,20,3,9439,99,MOBILE_APP,,50481.36,9313.81,59795.17,1660.98,0,6.15,36,N,A,13590.76,13590.76,46,2,28,189078.36,84,90876.35,18.23,22.5,5867.11,23.48,30.11,2611.34,653.32,0,,Education,N,Kuala Lumpur,Indian,F,SINGLE,MALAYSIAN,Sales Executive,Certificate,647.64,B,,Y,pass,pass,52039.68,N
2026-09-02,34998616,00000000918,800000000918,20260826,Approve,20260912,745,3,A,166,33,,1380,32,MOBILE_APP,,29183.28,13395.13,42578.41,394.24,30,5.1,108,Y,A,16253.66,16253.66,62,33,38,251000.28,36,87187.72,18.56,21.11,7984.77,18.26,25.23,840.47,1727.0,0,,Agriculture,Y,Kuala Lumpur,Chinese,M,SINGLE,MALAYSIAN,Lecturer,Certificate,2671.11,B,1,N,fail,pass,37233.79,N
2026-09-02,38968791,00000000919,800000000919,20260826,Approve,20260826,579,3,B,142,23,2,4933,96,MOBILE_APP,,67516.61,41380.93,108897.54,1008.31,20,6.81,108,N,A,21025.06,21025.06,62,25,18,330564.6,36,167502.43,38.25,46.5,5726.42,36.76,44.61,804.9,278.03,2,2026,Real Estate,N,Kuala Lumpur,Malay,M,MARRIED,MALAYSIAN,Nurse,SPM,4621.78,,,Y,pass,pass,96617.35,N
2026-09-02,93983445,00000000920,800000000920,20260901,Approve,20260910,698,4,B,109,33,2,7166,43,MOBILE_APP,,48002.78,14112.82,62115.6,1035.26,5,5.88,60,-,A,18897.66,18897.66,64,10,37,297404.04,108,170925.93,18.52,23.34,5067.72,24.34,26.14,1229.57,202.72,1,2019,Telecommunications,N,Perlis,Malay,F,MARRIED,MALAYSIAN,Manager,SPM,2021.11,,,N,fail,pass,57912.51,N
2026-09-02,40917031,00000000921,800000000921,20260830,Approve,20260907,756,2,D,123,27,3,5787,39,COUNTER,,16071.14,4090.11,20161.25,336.02,0,5.09,60,N,A,17923.56,17923.56,53,17,32,251959.68,60,48481.98,21.58,28.3,3657.74,24.22,28.25,2654.42,37.76,0,,Financial Services,N,Selangor,Malay,M,DIVORCED,MALAYSIAN,Factory Worker,SPM,4598.52,,,N,pass,pass,16553.85,N
2026-09-02,16037439,00000000922,800000000922,20260829,Approve,20260918,931,2,G,187,18,2,7722,66,PARTNER,,116883.9,26532.65,143416.55,2390.28,0,4.54,60,Y,A,24412.43,24412.43,41,10,23,359925.84,12,42540.33,13.02,19.37,934.13,13.69,18.46,1492.68,318.37,2,2021,Plantation,Y,Sabah,Chinese,M,MARRIED,MALAYSIAN,IT Executive,SPM,4918.5,,1,Y,fail,pass,126976.96,N
2026-09-02,72014406,00000000923,800000000923,20260827,Approve,20260903,361,4,E,147,32,1,4704,20,COUNTER,,43461.65,29023.69,72485.34,671.16,20,7.42,108,-,A,10450.43,10450.43,57,18,29,168684.48,84,164800.16,37.04,40.72,5124.09,38.66,42.95,2909.87,767.82,2,2010,Retail Trade,N,Pulau Pinang,Malay,M,MARRIED,MALAYSIAN,Businessman,No Formal Education,1577.33,,1,N,pass,fail,57052.56,Y
2026-09-02,37776759,00000000924,800000000924,20260831,Approve,20260923,593,3,E,143,22,,2368,64,WEBSITE,,107861.89,35162.98,143024.87,2383.75,5,6.52,60,N,A,16372.19,16372.19,34,6,12,241357.56,108,164566.03,24.33,26.07,4660.51,32.07,34.11,863.41,451.42,3,2015,Healthcare,N,Pahang,Chinese,M,MARRIED,MALAYSIAN,Teacher,Bachelor Degree,2855.31,,1,N,fail,fail,110041.76,Y
2026-09-02,23767318,00000000925,800000000925,20260902,Approve,20261002,408,2,F,195,18,1,1268,70,WEBSITE,,110090.26,69455.95,179546.21,1662.46,10,7.01,108,Y,A,4041.82,4041.82,25,5,4,58242.96,60,22803.52,29.35,37.51,7819.43,37.78,45.71,1618.54,49.73,0,,Real Estate,Y,Kedah,Malay,M,SINGLE,MALAYSIAN,Administrator,SPM,1719.25,A,,N,fail,fail,125556.02,Y
2026-09-02,24081350,00000000926,800000000926,20260827,Approve,20260918,313,1,G,160,33,3,6765,24,TELEMARKETING,,115304.12,60615.38,175919.5,2094.28,0,7.51,84,-,A,4814.37,4814.37,59,32,22,70266.6,108,41948.85,22.31,30.39,4487.14,31.44,35.82,2225.73,1364.93,5,2019,Financial Services,N,Kedah,Malay,M,MARRIED,MALAYSIAN,Administrator,Master Degree,3932.01,B,1,N,pass,fail,141082.07,Y
2026-09-02,59338938,00000000927,800000000927,20260828,Approve,20260904,666,2,F,189,13,3,8124,59,TELEMARKETING,,12738.83,5207.63,17946.46,213.65,5,5.84,84,-,A,15008.62,15008.62,31,3,13,242526.48,12,151504.18,39.64,45.73,1835.52,36.1,46.91,1282.31,399.02,5,,Healthcare,Y,Kuala Lumpur,Malay,F,MARRIED,MALAYSIAN,Police Officer,Master Degree,1613.57,C,1,N,fail,fail,15591.83,Y
2026-09-02,17832182,00000000928,800000000928,20260830,Approve,20260923,831,4,G,197,12,1,6498,77,WEBSITE,,92739.11,23184.78,115923.89,1932.06,10,5.0,60, ,A,24157.82,24157.82,44,9,4,341341.44,12,136838.31,19.46,27.32,3728.73,10.55,22.13,1522.83,1709.83,3,2019,Construction,Y,Sabah,Chinese,F,MARRIED,MALAYSIAN,Sales Executive,Bachelor Degree,2778.62,,1,N,fail,pass,122934.96,Y
2026-09-02,91085104,00000000929,800000000929,20260831,Approve,20260912,797,2,E,180,19,2,8487,78,COUNTER,,3738.83,1934.84,5673.67,52.53,30,5.75,108, ,A,18358.79,18358.79,40,6,10,286954.92,108,102141.64,27.3,33.78,4794.12,27.5,34.57,80.6,764.24,2,,Healthcare,Y,Kelantan,Chinese,M,MARRIED,MALAYSIAN,Lecturer,Diploma,1492.82,C,1,N,pass,fail,5350.05,Y
2026-09-02,60849013,00000000930,800000000930,20260827,Approve,20260827,843,3,G,154,28,,5901,45,PARTNER,,49012.11,21658.45,70670.56,654.36,10,4.91,108,Y,A,16897.04,16897.04,65,24,20,234364.56,84,78142.93,15.15,20.78,2484.71,14.8,20.61,1427.51,892.6,0,,Government,Y,Negeri Sembilan,Indian,F,SINGLE,MALAYSIAN,Police Officer,STPM,2416.36,A,1,Y,fail,pass,52167.87,Y
2026-09-02,14413389,00000000931,800000000931,20260829,Approve,20260903,817,1,E,147,27,3,6396,75,WEBSITE,,25734.06,12136.18,37870.24,350.65,30,5.24,108,N,A,17260.56,17260.56,40,12,16,252123.0,108,71064.26,13.76,22.88,6604.82,12.63,17.86,2426.86,269.36,3,,Plantation,N,Pahang,Indian,F,MARRIED,MALAYSIAN,Nurse,Bachelor Degree,4009.53,,,N,pass,pass,35933.36,Y
2026-09-02,94775473,00000000932,800000000932,20260901,Approve,20260919,926,3,C,123,29,1,4181,12,MOBILE_APP,,69399.61,9764.53,79164.14,2199.0,0,4.69,36,N,A,12839.92,12839.92,35,11,10,188256.24,36,62981.32,19.1,26.63,825.39,16.7,27.66,601.83,1949.2,0,2020,Healthcare,Y,Terengganu,Others,F,SINGLE,MALAYSIAN,Technician,Bachelor Degree,875.01,C,,Y,pass,pass,104753.83,N
2026-09-02,75791804,00000000933,800000000933,20260826,Approve,20260902,618,4,G,140,10,3,9384,62,MOBILE_APP,,76391.84,13498.44,89890.28,2496.95,0,5.89,36, ,A,12063.32,12063.32,51,12,7,180191.52,108,64502.38,22.9,24.62,3208.9,23.11,32.0,386.53,657.7,3,,Construction,N,Sabah,Malay,M,MARRIED,MALAYSIAN,Civil Servant,SPM,3682.54,A,,N,fail,pass,99594.2,Y
2026-09-02,40696566,00000000934,800000000934,20260902,Approve,20260909,152,2,A,167,23,3,9399,72,TELEMARKETING,,117098.91,50528.18,167627.09,2793.78,5,8.63,60,Y,A,2328.37,2328.37,64,20,7,36144.72,36,29310.78,43.54,52.91,5542.8,49.06,57.0,2018.31,1235.82,3,2016,Construction,N,Sabah,Malay,M,MARRIED,MALAYSIAN,Chef,Diploma,1866.52,A,,N,fail,pass,120102.72,Y
2026-09-02,91990543,00000000935,800000000935,20260829,Approve,20260907,651,4,C,158,21,,2725,82,WEBSITE,,107090.5,33572.87,140663.37,2344.39,20,6.27,60,N,A,20452.17,20452.17,37,1,12,311757.48,12,125786.24,24.01,26.76,3573.35,27.48,37.33,1888.5,704.15,0,,Wholesale,N,Selangor,Malay,M,SINGLE,MALAYSIAN,Self-Employed,SPM,2628.86,A,1,Y,fail,pass,130078.71,N
2026-09-02,14303033,00000000936,800000000936,20260902,Approve,20260926,790,4,E,172,13,,5550,88,COUNTER,,26833.49,12799.57,39633.06,366.97,0,5.3,108,-,A,22020.57,22020.57,52,11,31,322527.12,60,97024.79,19.61,27.33,530.97,17.83,29.02,874.88,1463.93,0,,Financial Services,Y,Pahang,Malay,M,SINGLE,MALAYSIAN,Factory Worker,Diploma,1896.8,,1,N,pass,fail,42670.18,Y
2026-09-02,14556094,00000000937,800000000937,20260830,Approve,20260905,421,1,B,179,26,2,7934,93,MOBILE_APP,,110337.49,39555.99,149893.48,2498.22,30,7.17,60,Y,A,13645.76,13645.76,62,23,9,189935.64,108,125082.93,22.98,31.94,6651.26,32.02,37.76,171.03,1938.41,2,2017,Healthcare,Y,Johor,Malay,M,MARRIED,MALAYSIAN,Manager,Bachelor Degree,3218.8,,,Y,pass,pass,135689.22,Y
2026-09-02,45685256,00000000938,800000000938,20260826,Approve,20260915,827,4,E,160,31,,4007,49,MOBILE_APP,,67338.32,24039.78,91378.1,1087.83,10,5.1,84,-,A,18769.31,18769.31,61,27,32,282862.44,12,76606.09,10.65,12.98,2934.38,7.51,12.42,142.53,1920.51,2,2021,Manufacturing,Y,Kedah,Malay,F,MARRIED,MALAYSIAN,Self-Employed,Bachelor Degree,3461.78,C,1,Y,fail,fail,85860.7,Y
2026-09-02,12679974,00000000939,800000000939,20260831,Approve,20260923,747,4,F,103,25,2,6368,70,TELEMARKETING,,36774.28,19527.14,56301.42,521.31,10,5.9,108,-,A,7043.42,7043.42,37,5,2,104629.32,84,46889.27,21.15,22.66,3357.33,18.2,29.3,300.67,1889.98,5,,Government,Y,Kedah,Chinese,M,MARRIED,MALAYSIAN,Engineer,Bachelor Degree,3865.39,A,,N,pass,pass,38873.29,Y
2026-09-02,22876224,00000000940,800000000940,20260829,Approve,20260915,830,1,A,170,25,1,4829,41,COUNTER,,52095.57,12346.65,64442.22,1074.04,10,4.74,60,-,A,23778.35,23778.35,56,26,17,344953.8,36,89760.56,17.98,24.72,5119.01,17.3,20.27,2639.27,1423.4,0,,Hospitality,Y,Perak,Chinese,M,SINGLE,MALAYSIAN,Contractor,Diploma,465.65,A,,N,fail,pass,55104.12,Y
2026-09-02,70220447,00000000941,800000000941,20260901,Approve,20260912,390,1,B,113,33,2,4788,86,COUNTER,,87731.6,39610.82,127342.42,1515.98,5,6.45,84, ,A,5928.65,5928.65,42,13,21,82308.0,108,44064.64,37.67,45.1,3753.06,42.06,43.2,1921.27,66.7,3,2012,Real Estate,N,Pulau Pinang,Malay,M,MARRIED,MALAYSIAN,Sales Executive,Diploma,3350.54,A,,N,pass,pass,101586.13,N
2026-09-02,92822069,00000000942,800000000942,20260826,Approve,20260904,665,4,E,139,33,2,5139,29,COUNTER,,84573.44,35165.64,119739.08,1425.47,5,5.94,84, ,A,13024.53,13024.53,64,18,15,197427.72,12,66929.36,33.22,35.92,7096.15,39.62,47.74,2431.76,796.15,0,2018,Healthcare,Y,Kedah,Malay,M,SINGLE,MALAYSIAN,Manager,Diploma,3223.78,C,1,N,pass,pass,113293.35,Y
2026-09-02,34794962,00000000943,800000000943,20260831,Approve,20260905,935,4,E,135,16,1,1851,63,WEBSITE,,13369.9,2800.99,16170.89,269.51,5,4.19,60,N,A,22151.36,22151.36,50,22,17,332696.76,60,44973.48,12.32,19.28,4701.86,8.08,19.95,236.74,1703.48,0,2013,Wholesale,Y,Sarawak,Others,F,SINGLE,MALAYSIAN,Manager,Diploma,2946.51,C,1,Y,fail,pass,18768.8,N
2026-09-02,11143641,00000000944,800000000944,20260828,Approve,20260913,778,4,E,145,30,2,8990,57,COUNTER,,55682.53,19761.73,75444.26,898.15,0,5.07,84,Y,A,17445.65,17445.65,37,9,19,248518.44,60,70688.32,27.47,31.52,6758.36,23.15,33.6,1052.75,846.52,1,,Healthcare,Y,Perak,Chinese,F,SINGLE,MALAYSIAN,Civil Servant,Diploma,446.67,C,1,N,pass,pass,79655.94,Y
2026-09-02,14632866,00000000945,800000000945,20260831,Approve,20260925,696,1,C,144,11,,6343,48,WEBSITE,,59251.71,28423.05,87674.76,811.8,5,5.33,108, ,A,16457.91,16457.91,36,15,8,249263.16,12,89432.43,28.63,37.84,2799.71,28.01,38.24,1258.25,1884.95,1,,Construction,N,Selangor,Malay,F,MARRIED,MALAYSIAN,Supervisor,Bachelor Degree,2015.62,,1,Y,pass,fail,73583.2,Y
2026-09-02,49000496,00000000946,800000000946,20260826,Approve,20260910,551,2,A,111,28,1,6824,95,COUNTER,,37875.16,11646.61,49521.77,825.36,20,6.15,60, ,A,10896.59,10896.59,57,19,25,156760.8,108,94094.97,32.24,36.75,7255.87,37.66,45.91,691.07,1449.72,3,,Food & Beverage,N,Kedah,Malay,M,MARRIED,MALAYSIAN,Sales Executive,SPM,1633.38,C,1,Y,fail,fail,44408.73,Y
2026-09-02,67891237,00000000947,800000000947,20260829,Approve,20260920,377,4,E,121,13,3,3963,78,WEBSITE,,14694.47,3125.51,17819.98,495.0,20,7.09,36,N,A,6160.44,6160.44,43,14,9,99382.8,84,100634.81,44.08,46.34,6119.06,51.6,53.28,149.34,1305.9,2,,Transportation,N,Perak,Malay,M,MARRIED,MALAYSIAN,Police Officer,SPM,1925.56,A,,N,fail,pass,20916.14,Y
2026-09-02,32201426,00000000948,800000000948,20260827,Approve,20260828,896,4,B,198,12,,1299,36,MOBILE_APP,,23640.14,3574.39,27214.53,755.96,30,5.04,36, ,A,24693.69,24693.69,50,32,11,380993.16,36,79578.99,15.56,18.74,796.36,7.57,18.18,1535.69,1214.59,2,2025,Retail Trade,Y,Sarawak,Chinese,M,MARRIED,MALAYSIAN,Administrator,Diploma,243.5,B,1,N,pass,fail,31987.43,N
2026-09-02,14023583,00000000949,800000000949,20260827,Approve,20260913,873,2,F,179,34,3,6533,29,COUNTER,,50704.02,8259.68,58963.7,1637.88,5,5.43,36,-,A,24561.82,24561.82,46,25,11,347305.8,12,98342.67,30.51,33.57,3063.37,29.69,34.75,1544.47,1191.62,0,,Hospitality,N,Melaka,Malay,M,SINGLE,MALAYSIAN,Administrator,Diploma,4513.53,C,,N,pass,pass,65882.59,Y
2026-09-02,89770539,00000000950,800000000950,20260828,Approve,20260910,990,1,B,174,34,3,2507,87,PARTNER,,10726.05,3333.66,14059.71,167.38,5,4.44,84, ,A,19858.4,19858.4,41,6,10,316779.48,84,76706.2,18.68,24.7,4645.22,20.14,30.21,1810.8,427.79,3,,Plantation,Y,Johor,Indian,M,DIVORCED,MALAYSIAN,Teacher,Bachelor Degree,1200.24,C,1,Y,pass,pass,10967.92,N
2026-09-02,62013608,00000000951,800000000951,20260826,Approve,20260915,951,4,C,167,24,3,1867,77,MOBILE_APP,,87083.45,30966.87,118050.32,1405.36,30,5.08,84,-,A,23023.82,23023.82,40,2,20,334842.0,108,36700.89,21.13,22.22,6800.84,24.02,29.76,1013.27,128.92,1,,Plantation,N,Pulau Pinang,Malay,M,SINGLE,MALAYSIAN,Lecturer,SPM,272.19,C,,N,fail,fail,102183.24,Y
2026-09-02,41431291,00000000952,800000000952,20260902,Approve,20260911,828,4,E,163,13,3,7074,72,COUNTER,,81805.03,20655.77,102460.8,1707.68,30,5.05,60,-,A,24146.39,24146.39,53,9,23,363282.72,60,101150.26,24.26,29.61,5330.41,16.9,28.22,2786.9,1900.9,3,2022,Agriculture,Y,Kuala Lumpur,Chinese,M,MARRIED,MALAYSIAN,Engineer,STPM,2173.79,,1,N,fail,pass,99614.72,N
2026-09-02,53687552,00000000953,800000000953,20260827,Approve,20260902,680,1,F,199,28,,7339,31,TELEMARKETING,,77436.25,29433.52,106869.77,1272.26,30,5.43,84,N,A,21559.04,21559.04,56,33,20,349087.08,12,125073.05,26.65,28.87,6684.92,31.02,37.49,2898.27,166.99,0,,Financial Services,Y,Kuala Lumpur,Malay,M,SINGLE,MALAYSIAN,Self-Employed,SPM,768.5,C,,Y,pass,pass,114343.19,N
2026-09-02,48381806,00000000954,800000000954,20260829,Approve,20260831,355,1,C,179,29,1,4259,18,COUNTER,,21859.9,7640.04,29499.94,491.67,0,6.99,60,Y,A,8965.92,8965.92,36,7,5,130393.08,36,73022.04,37.0,42.6,3786.4,54.27,55.59,2407.48,18.05,1,,Construction,Y,Perak,Others,F,WIDOWED,MALAYSIAN,Accountant,SPM,250.54,B,1,N,fail,pass,31185.15,N
2026-09-02,95579412,00000000955,800000000955,20260827,Approve,20260902,880,1,A,119,14,1,9064,32,MOBILE_APP,,51064.46,12306.53,63370.99,1056.18,10,4.82,60,-,A,24685.75,24685.75,31,4,9,396129.72,12,50981.52,15.29,18.91,3658.56,16.31,25.07,1658.16,87.17,0,,Retail Trade,Y,Sabah,Chinese,F,SINGLE,MALAYSIAN,IT Executive,STPM,2695.39,B,1,N,pass,pass,59172.62,N
2026-09-02,25050502,00000000956,800000000956,20260831,Approve,20260923,818,2,C,156,34,3,5560,49,TELEMARKETING,,12162.5,1941.14,14103.64,391.77,0,5.32,36,-,A,22875.5,22875.5,65,8,34,347695.08,108,42243.81,19.04,22.55,5980.8,24.0,28.96,2657.84,1850.82,0,2012,Oil & Gas,N,Johor,Malay,F,SINGLE,MALAYSIAN,Supervisor,Bachelor Degree,2505.52,A,,N,pass,pass,20030.16,N
2026-09-02,88919145,00000000957,800000000957,20260828,Approve,20260921,963,4,C,174,23,,9809,42,PARTNER,,31518.45,10899.08,42417.53,504.97,0,4.94,84,N,A,23261.44,23261.44,60,23,23,340635.6,60,99543.32,11.96,21.45,1684.17,13.07,18.43,1029.41,1813.96,2,,Telecommunications,Y,Selangor,Chinese,M,MARRIED,MALAYSIAN,Engineer,Bachelor Degree,3370.21,,,Y,fail,fail,38317.11,N
2026-09-02,12306242,00000000958,800000000958,20260831,Approve,20260914,743,2,G,109,23,2,9609,23,COUNTER,,126372.84,63464.44,189837.28,1757.75,10,5.58,108,Y,A,6035.97,6035.97,48,16,21,96795.84,60,38712.64,25.91,35.52,3215.68,24.42,33.32,265.51,558.81,0,2024,Education,Y,Selangor,Chinese,M,MARRIED,MALAYSIAN,Teacher,SPM,1922.72,,,Y,pass,fail,149144.89,N
2026-09-02,68795644,00000000959,800000000959,20260827,Approve,20260926,841,3,B,150,28,3,3469,27,WEBSITE,,55477.01,24016.0,79493.01,736.05,10,4.81,108,-,A,21784.26,21784.26,50,19,19,324294.24,36,57468.33,16.37,24.97,7980.13,15.37,19.84,2075.83,864.3,0,,Real Estate,Y,Selangor,Malay,F,SINGLE,MALAYSIAN,Factory Worker,Diploma,4094.47,C,1,Y,pass,fail,67002.99,Y
2026-09-02,24862391,00000000960,800000000960,20260826,Approve,20260924,688,2,C,118,34,2,7732,21,TELEMARKETING,,84435.53,45367.21,129802.74,1201.88,10,5.97,108,-,A,23702.68,23702.68,30,5,0,370915.8,108,149513.28,20.93,24.6,4833.26,16.15,26.85,1144.88,0.37,1,,Real Estate,N,Kuala Lumpur,Malay,F,MARRIED,MALAYSIAN,Driver,Diploma,361.0,A,,N,pass,pass,135908.64,Y
2026-09-02,68201322,00000000961,800000000961,20260901,Approve,20260912,712,3,B,159,13,3,5681,38,PARTNER,,46681.4,19998.31,66679.71,617.4,30,4.76,108,Y,A,17889.1,17889.1,28,2,1,276755.64,60,54265.21,20.28,21.38,842.84,26.75,33.05,367.94,274.91,0,2021,Oil & Gas,N,Selangor,Malay,M,SINGLE,MALAYSIAN,Administrator,Bachelor Degree,1366.65,A,1,Y,fail,pass,47909.17,N
2026-09-02,87484527,00000000962,800000000962,20260827,Approve,20260907,669,3,A,130,26,,3027,92,PARTNER,,25531.24,4258.61,29789.85,827.5,10,5.56,36,-,A,17493.74,17493.74,50,10,12,258388.56,12,77553.95,28.61,32.3,3423.08,29.36,33.3,865.15,602.16,0,,Agriculture,Y,Sabah,Chinese,M,SINGLE,MALAYSIAN,Lecturer,SPM,1335.88,C,1,N,fail,fail,34729.93,Y
2026-09-02,31955880,00000000963,800000000963,20260828,Approve,20260914,739,4,C,104,35,1,1306,68,PARTNER,,12205.26,5734.03,17939.29,166.1,0,5.22,108,-,A,16121.78,16121.78,64,15,17,247517.4,108,59928.38,17.51,20.99,7849.33,22.2,27.2,225.2,735.79,1,,Construction,Y,Melaka,Malay,F,MARRIED,MALAYSIAN,Businessman,Diploma,703.56,C,,N,fail,fail,19703.27,Y
2026-09-02,93330691,00000000964,800000000964,20260831,Approve,20260930,564,2,G,140,33,2,9185,36,WEBSITE,,122989.22,47092.57,170081.79,2024.78,20,5.47,84,Y,A,10986.92,10986.92,48,6,28,176496.0,36,117774.26,45.71,47.07,1366.25,41.24,52.15,2361.07,1144.24,3,,Financial Services,N,Pahang,Chinese,F,WIDOWED,MALAYSIAN,Nurse,Bachelor Degree,1150.43,C,1,N,fail,fail,129187.26,N
2026-09-02,40676379,00000000965,800000000965,20260831,Approve,20260916,942,2,D,169,29,1,1935,20,MOBILE_APP,,72677.61,18714.48,91392.09,1523.2,10,5.15,60,Y,A,23697.36,23697.36,53,7,15,357325.68,108,79536.27,13.13,22.05,5426.07,15.73,18.43,1150.03,483.77,0,2011,Manufacturing,Y,Selangor,Chinese,M,SINGLE,MALAYSIAN,Retail Assistant,SPM,59.2,C,1,N,fail,pass,78834.06,N
2026-09-02,63863225,00000000966,800000000966,20260827,Approve,20260906,499,2,E,108,14,2,9183,70,TELEMARKETING,,6386.5,3655.63,10042.13,92.98,0,6.36,108, ,A,4547.86,4547.86,39,9,13,69940.44,36,53039.25,22.51,30.23,5424.01,28.9,35.67,2525.05,324.81,1,,Construction,Y,Sarawak,Malay,F,MARRIED,MALAYSIAN,Police Officer,SPM,2327.71,A,,Y,fail,fail,7434.87,Y
2026-09-02,20250766,00000000967,800000000967,20260828,Approve,20260902,653,4,E,107,35,,1181,22,COUNTER,,7957.35,2574.2,10531.55,175.53,20,6.47,60,Y,A,5567.09,5567.09,58,14,31,89974.08,108,28523.91,31.22,38.52,7785.09,34.22,42.46,1679.47,195.07,0,2016,Telecommunications,N,Negeri Sembilan,Malay,M,SINGLE,MALAYSIAN,Businessman,PhD,803.34,B,1,N,pass,fail,9607.58,Y
2026-09-02,99028524,00000000968,800000000968,20260826,Approve,20260923,882,4,E,126,13,3,5358,50,MOBILE_APP,,16644.25,2706.36,19350.61,537.52,10,5.42,36,-,A,22119.99,22119.99,22,3,4,354129.6,60,110836.34,27.39,34.02,2510.82,25.65,32.74,2998.84,256.72,2,,Retail Trade,Y,Kuala Lumpur,Chinese,M,SINGLE,MALAYSIAN,Supervisor,Diploma,3509.31,C,1,N,fail,fail,21704.37,Y
2026-09-02,90055976,00000000969,800000000969,20260831,Approve,20260902,785,3,D,141,32,1,3051,92,PARTNER,,58243.61,21771.46,80015.07,952.56,5,5.34,84, ,A,13553.83,13553.83,47,23,6,189413.04,36,43589.2,24.46,27.22,2130.5,26.47,28.35,2421.51,587.92,2,,Telecommunications,Y,Kedah,Malay,M,SINGLE,MALAYSIAN,Clerk,Master Degree,4315.56,B,1,Y,pass,pass,85221.41,Y
2026-09-02,82979983,00000000970,800000000970,20260826,Approve,20260925,287,2,D,190,31,,6106,59,PARTNER,,90356.7,43832.04,134188.74,1597.48,0,6.93,84, ,A,11244.96,11244.96,22,3,2,169594.32,84,111967.78,39.96,49.73,6811.16,35.09,45.07,1598.38,277.89,0,,Financial Services,Y,Pahang,Others,M,MARRIED,MALAYSIAN,Self-Employed,Master Degree,4109.06,B,,N,fail,pass,133958.54,Y
2026-09-02,95292428,00000000971,800000000971,20260826,Approve,20260829,609,4,B,118,16,,4222,29,PARTNER,,7331.9,2261.89,9593.79,159.9,5,6.17,60,-,A,4641.9,4641.9,43,10,0,74033.04,60,38695.3,34.19,38.4,2091.25,29.26,38.99,1084.92,833.5,0,2025,Food & Beverage,N,Putrajaya,Malay,F,MARRIED,MALAYSIAN,Retail Assistant,Bachelor Degree,4656.21,B,,Y,fail,fail,8268.05,Y
2026-09-02,42919793,00000000972,800000000972,20260831,Approve,20260924,832,3,G,177,13,2,5863,14,PARTNER,,41789.92,11011.64,52801.56,880.03,5,5.27,60,N,A,14028.77,14028.77,51,1,22,221607.72,36,75025.81,23.38,26.96,4584.5,17.83,27.17,1548.3,688.72,1,2019,Retail Trade,N,Sarawak,Chinese,M,SINGLE,MALAYSIAN,Sales Executive,SPM,2663.27,A,1,N,fail,pass,64778.34,N
2026-09-02,20306233,00000000973,800000000973,20260830,Approve,20260902,602,1,C,137,33,2,3438,85,PARTNER,,25783.96,4803.55,30587.51,849.65,20,6.21,36,Y,A,17443.69,17443.69,28,8,5,278286.0,108,107638.3,28.87,37.17,6096.13,39.31,47.34,363.39,580.35,2,,Agriculture,N,Perak,Chinese,F,MARRIED,MALAYSIAN,Sales Executive,Master Degree,1840.06,C,1,N,pass,pass,35295.09,N
2026-09-02,26792376,00000000974,800000000974,20260831,Approve,20260920,515,2,D,173,10,1,4993,86,TELEMARKETING,,85610.63,15127.4,100738.03,2798.28,5,5.89,36,N,A,17050.58,17050.58,53,16,23,269125.32,12,81047.95,35.46,41.56,3202.56,34.55,43.1,792.51,1249.19,2,,Agriculture,N,Johor,Malay,M,WIDOWED,MALAYSIAN,Administrator,Diploma,972.05,B,,N,fail,pass,110042.92,N
2026-09-02,27755795,00000000975,800000000975,20260826,Approve,20260829,458,3,D,187,30,,2649,27,TELEMARKETING,,95380.46,19829.6,115210.06,3200.28,30,6.93,36,N,A,11778.54,11778.54,38,5,5,173370.48,60,165517.17,24.28,27.85,4643.27,37.95,39.78,1068.08,1303.08,1,,Financial Services,N,Kedah,Chinese,F,SINGLE,MALAYSIAN,Civil Servant,SPM,3474.41,,1,N,fail,pass,108904.1,N
2026-09-02,59791875,00000000976,800000000976,20260902,Approve,20261002,507,4,G,111,21,,7499,27,MOBILE_APP,,8250.36,4715.08,12965.44,120.05,10,6.35,108,Y,A,12194.5,12194.5,54,10,3,183438.96,36,147918.3,17.48,20.65,4969.84,18.15,27.68,1612.99,1689.43,1,,Construction,N,Melaka,Chinese,M,MARRIED,MALAYSIAN,Civil Servant,Bachelor Degree,1382.27,,1,Y,fail,fail,12987.9,N
2026-09-02,45798841,00000000977,800000000977,20260901,Approve,20260929,708,3,A,187,26,,6154,46,TELEMARKETING,,18116.98,7697.9,25814.88,307.32,30,6.07,84, ,A,15959.09,15959.09,31,7,0,239829.96,12,165444.87,26.13,30.31,4567.53,18.66,30.47,2238.43,1223.81,0,,Transportation,Y,Sabah,Malay,F,SINGLE,MALAYSIAN,Businessman,SPM,3948.67,A,,N,fail,pass,22939.74,Y
2026-09-02,59959209,00000000978,800000000978,20260901,Approve,20260917,367,4,D,116,25,,4741,74,TELEMARKETING,,88338.48,31890.19,120228.67,2003.81,30,7.22,60, ,A,2131.01,2131.01,21,3,1,29616.72,36,13917.49,33.89,43.78,1250.98,33.64,44.36,71.21,1754.23,0,,Retail Trade,Y,Perak,Chinese,F,MARRIED,MALAYSIAN,Contractor,SPM,1676.23,A,,N,fail,pass,137197.57,Y
2026-09-02,88887738,00000000979,800000000979,20260826,Approve,20260901,487,3,F,185,19,2,6383,98,COUNTER,,134692.74,40609.86,175302.6,2921.71,30,6.03,60,Y,A,11031.93,11031.93,31,5,6,178301.4,84,105085.13,22.11,30.59,810.71,34.75,36.16,28.41,214.31,3,2022,Professional Services,N,Johor,Indian,M,MARRIED,MALAYSIAN,Civil Servant,SPM,2046.9,,1,Y,pass,fail,146686.51,Y
2026-09-02,88845892,00000000980,800000000980,20260901,Approve,20260902,999,2,C,115,25,1,4082,87,WEBSITE,,88005.42,13332.82,101338.24,2814.95,20,5.05,36,Y,A,21462.98,21462.98,42,19,23,331529.76,12,47893.99,14.61,17.35,5555.87,15.88,18.34,241.29,1172.08,0,2011,Food & Beverage,Y,Selangor,Malay,M,SINGLE,MALAYSIAN,Driver,SPM,1509.36,A,1,Y,pass,fail,104266.41,N
2026-09-02,24698809,00000000981,800000000981,20260831,Approve,20260913,645,1,D,158,18,2,9493,15,TELEMARKETING,,82904.27,13927.92,96832.19,2689.78,5,5.6,36, ,A,22821.29,22821.29,25,0,7,324475.32,108,233212.59,31.03,38.63,4207.41,34.54,39.85,1656.16,751.8,1,,Wholesale,Y,Terengganu,Malay,F,MARRIED,MALAYSIAN,Retail Assistant,Bachelor Degree,2348.99,C,,Y,fail,pass,105223.47,Y
2026-09-02,73509974,00000000982,800000000982,20260826,Approve,20260830,840,3,A,105,16,3,2606,57,WEBSITE,,19304.24,7499.7,26803.94,319.09,5,5.55,84, ,A,24939.77,24939.77,53,7,14,380858.04,108,79969.0,20.97,25.42,4898.37,25.63,32.53,577.35,1637.15,1,,Professional Services,Y,Terengganu,Malay,F,SINGLE,MALAYSIAN,IT Executive,SPM,955.54,A,,Y,pass,fail,27732.12,Y
2026-09-02,98584058,00000000983,800000000983,20260829,Approve,20260923,424,1,D,149,15,1,6662,43,COUNTER,,66651.34,19895.42,86546.76,1442.45,30,5.97,60,-,A,14148.19,14148.19,57,31,7,198184.68,36,85592.68,34.66,43.83,6615.45,39.83,50.87,206.04,540.76,2,2019,Hospitality,Y,Perlis,Malay,M,MARRIED,MALAYSIAN,Chef,SPM,812.73,B,,N,pass,fail,100674.89,N
2026-09-02,61482947,00000000984,800000000984,20260902,Approve,20260911,908,4,G,142,20,1,2646,43,TELEMARKETING,,137549.33,31430.02,168979.35,2816.32,5,4.57,60, ,A,11279.22,11279.22,41,0,15,164220.84,60,23120.02,26.49,33.54,2221.38,29.78,30.84,200.77,115.41,2,,Manufacturing,Y,Selangor,Malay,M,MARRIED,MALAYSIAN,Lecturer,Bachelor Degree,4665.95,A,,N,pass,pass,140978.29,N
2026-09-02,85537487,00000000985,800000000985,20260902,Approve,20260915,568,1,F,106,32,2,4627,59,WEBSITE,,87563.8,30078.17,117641.97,1960.7,10,6.87,60, ,A,10543.45,10543.45,34,1,16,158881.8,84,51722.09,40.1,48.43,3733.77,37.98,47.22,839.81,371.86,2,2023,Financial Services,N,Kuala Lumpur,Malay,F,MARRIED,MALAYSIAN,Factory Worker,STPM,1214.73,C,,Y,fail,fail,126208.76,Y
2026-09-02,12936591,00000000986,800000000986,20260828,Approve,20260920,844,3,A,178,25,1,8034,32,TELEMARKETING,,124195.87,45902.79,170098.66,2024.98,0,5.28,84,Y,A,18767.06,18767.06,64,28,26,291508.44,12,57539.37,25.17,28.16,3348.12,32.66,37.77,805.35,266.18,4,2023,Real Estate,N,Selangor,Malay,F,MARRIED,MALAYSIAN,Accountant,Certificate,2565.06,B,1,Y,pass,fail,139850.59,N
2026-09-02,67004585,00000000987,800000000987,20260902,Approve,20260927,873,2,C,179,17,,1134,23,MOBILE_APP,,56477.25,14175.79,70653.04,1177.55,10,5.02,60,N,A,18994.07,18994.07,38,3,16,305918.64,12,55642.0,18.19,21.25,6605.5,15.72,20.54,1129.58,1615.95,0,,Manufacturing,Y,Kuala Lumpur,Malay,F,SINGLE,MALAYSIAN,Nurse,Diploma,3055.15,A,,N,fail,fail,84450.07,Y
2026-09-02,65292979,00000000988,800000000988,20260901,Approve,20260921,930,4,D,127,25,3,2768,20,PARTNER,,103444.7,16695.97,120140.67,3337.24,20,5.38,36,Y,A,14377.32,14377.32,54,27,30,218962.8,12,95316.06,17.68,19.92,2663.16,15.05,26.46,437.64,812.91,0,2010,Construction,Y,Perak,Chinese,F,SINGLE,MALAYSIAN,Contractor,Bachelor Degree,3313.63,A,,Y,fail,pass,124909.24,N
2026-09-02,15353031,00000000989,800000000989,20260829,Approve,20260908,795,2,B,156,30,2,9887,36,COUNTER,,33419.62,4511.65,37931.27,1053.65,30,4.5,36,-,A,18833.57,18833.57,28,10,9,268861.2,60,89012.9,22.68,28.2,6337.69,28.43,35.86,960.22,1170.22,4,,Agriculture,Y,Selangor,Chinese,M,MARRIED,MALAYSIAN,Administrator,Bachelor Degree,3543.19,A,1,N,fail,fail,47570.17,N
2026-09-02,72392774,00000000990,800000000990,20260829,Approve,20260830,554,3,D,198,17,2,1314,12,TELEMARKETING,,21626.03,4048.39,25674.42,713.18,0,6.24,36,N,A,20232.16,20232.16,27,2,7,324678.0,36,176370.51,27.17,32.58,6908.79,40.01,43.49,1558.47,604.08,0,,Food & Beverage,N,Kuala Lumpur,Malay,F,SINGLE,MALAYSIAN,Administrator,SPM,3850.25,C,,Y,pass,fail,31417.42,Y
2026-09-02,22483511,00000000991,800000000991,20260827,Approve,20260903,550,4,E,165,33,,5970,91,COUNTER,,22293.41,9144.76,31438.17,374.26,20,5.86,84, ,A,15315.21,15315.21,35,9,3,235084.44,60,82075.81,27.5,31.39,4443.76,23.79,32.26,615.2,236.92,4,2014,Financial Services,N,Perak,Chinese,M,MARRIED,MALAYSIAN,Civil Servant,SPM,1635.26,B,,N,fail,fail,23459.03,N
2026-09-02,89560244,00000000992,800000000992,20260902,Approve,20260905,660,4,A,158,30,1,6729,69,PARTNER,,10974.47,2743.62,13718.09,228.63,0,5.0,60, ,A,10285.01,10285.01,38,0,0,142484.88,60,47151.53,20.86,23.35,6608.66,23.91,26.86,2711.85,1597.16,0,,Plantation,N,Johor,Chinese,F,SINGLE,MALAYSIAN,Security Guard,SPM,4710.86,,,Y,pass,pass,17368.05,N
2026-09-02,63225843,00000000993,800000000993,20260829,Approve,20260905,910,2,A,102,33,1,8871,74,TELEMARKETING,,23369.84,5947.62,29317.46,488.62,0,5.09,60,N,A,20366.21,20366.21,43,4,7,305369.4,84,47200.5,9.87,13.86,7116.83,5,11.88,549.06,1855.53,0,,Agriculture,N,Selangor,Chinese,F,SINGLE,MALAYSIAN,Retail Assistant,Bachelor Degree,1165.87,,,N,fail,pass,38657.67,N
2026-09-02,98505651,00000000994,800000000994,20260901,Approve,20260901,622,4,G,115,30,3,6556,11,COUNTER,,69318.23,13537.85,82856.08,2301.56,0,6.51,36,N,A,5171.79,5171.79,45,4,8,73491.84,36,31853.71,32.27,41.02,4918.88,43.06,46.56,262.85,1126.28,0,,Telecommunications,Y,Johor,Malay,M,SINGLE,MALAYSIAN,IT Executive,Bachelor Degree,378.01,B,,Y,pass,fail,109578.2,N
2026-09-02,72069188,00000000995,800000000995,20260829,Approve,20260919,404,2,D,119,22,1,1781,66,PARTNER,,29394.17,10493.72,39887.89,664.8,0,7.14,60, ,A,4119.94,4119.94,36,17,12,62791.08,36,53488.35,39.24,45.67,2184.07,46.0,50.67,323.89,1080.34,2,,Education,N,Selangor,Indian,F,MARRIED,MALAYSIAN,Doctor,Bachelor Degree,2213.3,,1,Y,pass,fail,35410.72,Y
2026-09-02,84092834,00000000996,800000000996,20260828,Approve,20260919,819,2,G,141,24,2,1915,49,TELEMARKETING,,56523.62,8359.84,64883.46,1802.32,0,4.93,36, ,A,24447.17,24447.17,43,18,12,363941.28,60,53032.86,10.65,13.99,6358.82,5,13.9,1042.9,1385.56,3,,Food & Beverage,Y,Melaka,Indian,F,MARRIED,MALAYSIAN,Businessman,Master Degree,3148.67,C,1,Y,fail,fail,84164.82,Y
2026-09-02,36305164,00000000997,800000000997,20260829,Approve,20260911,387,2,C,162,15,2,4051,35,WEBSITE,,775.72,463.57,1239.29,11.47,0,6.64,108, ,A,7756.88,7756.88,64,17,22,120333.0,108,42069.96,27.97,31.35,7893.32,33.9,42.78,1941.33,1487.18,0,,Plantation,Y,Perak,Malay,M,SINGLE,MALAYSIAN,Accountant,Certificate,3655.76,B,1,N,pass,pass,1065.66,N
2026-09-02,73996230,00000000998,800000000998,20260828,Approve,20260828,443,4,B,152,34,,3276,51,PARTNER,,51320.07,18962.77,70282.84,1171.38,0,7.39,60,Y,A,19307.32,19307.32,40,10,12,304108.2,108,155448.06,29.63,38.2,6614.76,43.76,46.4,1561.05,1278.19,2,,Government,N,Johor,Chinese,F,MARRIED,MALAYSIAN,IT Executive,Diploma,956.32,C,,Y,pass,pass,72903.21,N
2026-09-02,75897219,00000000999,800000000999,20260826,Approve,20260914,707,1,A,143,32,1,3271,52,MOBILE_APP,,88475.24,36230.61,124705.85,1484.59,5,5.85,84,-,A,15813.44,15813.44,45,9,18,239015.28,84,118908.56,15.36,17.57,6786.88,24.11,25.14,1080.4,396.98,0,,Real Estate,N,Selangor,Chinese,F,SINGLE,MALAYSIAN,Sales Executive,Diploma,3738.06,A,1,Y,fail,pass,88901.1,Y
