Rcd_DT,Account_No,Appl_ID,ApplSts_ID,CIF_ID,CardTyp_ID,CardBrand_ID,CardApplTyp_ID,ApplChnnl_ID,Reject_ID,Decline_ID,Agent_ID,ScoreDecision_ID,ScoreRank_ID,SysRcmmd_ID,Gender,Age,Race,Nationality,MaritalSts,Academic,YrStay,HomeOwn,Occupation,NOB,YrJob,NetIncome,GrossIncome,AnnualIncome,AnnualIncomeTotLmt,CurrRepay,NewRepay,RcmmdIntrst,NDI,CurrDSR,NewDSR,PaySlipTyp_ID,CardActivate_FG,EmergencyCont_FG,CardActivate_DT,Judge_DT,Appl_DT,B_Limit,B_CrLimit,B_CashAdvLimit,B_NonBankCommitment,CIFState_ID,Biometric_FG,FinalDecline_ID,Final_Score,Final_Score_Type,Final_ScoreDesc,ApplyCardBiz_ID,ProposedCardBiz_ID
9/2/2026,1000000000000000,25888583239,Approve,97588190,Infinite,Visa,P,B6,0,0,1,A,D,N,F,37,Chinese,MAL,SINGLE,SPM,9,RENTING,IT Executive,Plantation,16,20102,23555,282665,282665,25,28,7.92,5468,34,36,3,Y,Y,20260828,20260820,20260818,55730.35,45500,10230.35,367.52,Johor,1,0,761,4,Good,GD,PL
9/2/2026,1000000000000001,27487399721,Approve,85853367,Platinum,Visa,P,B6,0,0,94850000,A,A,D,M,61,Indian,MAL,MARRIED,Master Degree,4,FAMILY OWNED,Clerk,Manufacturing,10,9593,12014,144176,144176,30,32,3.52,6699,27,34,1,N,Y,0,20260429,20260424,29871.07,24500,5371.07,862.51,Pulau Pinang,N,0,715,3,Fair,C2,MG
9/2/2026,1000000000000002,20824904251,Approve,10007812,Gold,Master,P,O1,0,0,88,A,H,A,M,23,Indian,MAL,SINGLE,Diploma,2,RENTING,Businessman,Manufacturing,1,8395,11038,132457,132457,33,41,6.75,1241,42,49,3,Y,N,20260705,20260621,20260607,32192.58,22500,9692.58,1239.88,Perak,N,0,633,1,Low,IN,PL
9/2/2026,1000000000000003,22253211938,Approve,49123810,Platinum,Master,P,T1,0,0,1,A,-,A,M,41,Malay,MAL,WIDOWED,SPM,6,RENTING,Administrator,Construction,1,24002,31706,380479,380479,21,33,0.42,1860,19,25,5,Y,Y,20260512,20260424,20260329,48756.77,33500,15256.77,1005.13,Terengganu,0,0,693,3,No Score,PL,IN
9/2/2026,1000000000000004,29901795862,Approve,45830413,Infinite,Visa,S,B2,0,0,88,A,A,A,F,37,Malay,MAL,SINGLE,SPM,4,FAMILY OWNED,Chef,Transportation,4,21413,25177,302131,302131,12,14,13.66,1433,5,15,3,N,N,0,20250819,20250729,51689.55,40000,11689.55,1740.48,Johor,Y,0,741,4,Fair,CL,GD
9/2/2026,1000000000000005,21999821801,Approve,90323465,Infinite,Master,S,T3,0,0,1,A,A,N,M,30,Chinese,MAL,SINGLE,STPM,7,FAMILY OWNED,Army Personnel,Plantation,3,17781,21574,258899,258899,34,36,1.61,3660,33,40,5,Y,N,20251226,20251218,20251215,51805.35,39500,12305.35,615.77,Terengganu,N,0,741,3,No Score,GD,CL
9/2/2026,1000000000000006,26324686486,Approve,45349744,Gold,Master,S,R2,0,0,88,A,A, ,F,51,Chinese,MAL,MARRIED,SPM,25,RENTING,Driver,Construction,27,13112,15730,188764,188764,21,27,5.1,6350,24,33,1,Y,N,20260831,20260823,20260822,32018.25,26000,6018.25,726.56,Johor,Y,0,745,3,No Score,MG,MG
9/2/2026,1000000000000007,28723798093,Approve,59287710,Platinum,Master,P,T1,0,0,0,A,D,A,F,37,Chinese,MAL,MARRIED,Diploma,17,OWNED,Retail Assistant,Telecommunications,17,17734,23201,278414,278414,13,17,10.96,7882,18,19,5,Y,N,20260612,20260523,20260504,44065.74,34500,9565.74,1178.37,Kelantan,1,0,825,4,No Score,MG,C2
9/2/2026,1000000000000008,26537052857,Approve,25075778,Classic,Visa,P,B1,0,0,88,A,-, ,M,33,Indian,MAL,SINGLE,Bachelor Degree,2,FAMILY OWNED,Security Guard,Hospitality,9,10428,13390,160691,160691,21,24,14.38,1082,32,34,5,Y,Y,20250910,20250909,20250820,28029.15,20000,8029.15,650.37,Pulau Pinang,1,0,635,1,Fair,BC,BC
9/2/2026,1000000000000009,26719672452,Approve,53609415,Gold,Master,S,U1,0,0,94850000,A,A,A,M,43,Malay,MAL,MARRIED,Diploma,23,FAMILY OWNED,Self-Employed,Oil & Gas,23,17735,23362,280349,280349,20,21,7.24,2789,24,26,5,Y,Y,20251101,20251012,20250924,48699.9,38000,10699.9,112.27,Negeri Sembilan,Y,0,736,1,Excellent,GD,C2
9/2/2026,1000000000000010,27979527255,Approve,84226773,Infinite,Visa,P,O1,0,0,88,A,-, ,F,65,Indian,MAL,MARRIED,STPM,24,OWNED,Supervisor,Food & Beverage,25,22483,26775,321305,321305,22,24,14.92,5282,24,30,1,N,N,0,20260206,20260126,48027.05,35000,13027.05,358.79,Pahang,0,0,781,1,No Score,BC,GD
9/2/2026,1000000000000011,21612666067,Approve,56089546,Platinum,Master,S,R5,0,0,88,A,D, ,F,62,Indian,MAL,WIDOWED,Diploma,3,OWNED,Lecturer,Wholesale,17,15357,18676,224119,224119,23,34,15.53,4781,21,30,1,N,N,0,20260329,20260304,49413.56,36000,13413.56,33.39,Perak,1,0,578,2,Low,GD,PL
9/2/2026,1000000000000012,21948444431,Approve,10558017,Platinum,Visa,S,T1,0,0,94850000,A,A,D,M,49,Malay,MAL,MARRIED,SPM,1,MORTGAGE,Sales Executive,Financial Services,8,8266,9531,114382,114382,25,27,12.87,7071,35,40,1,Y,Y,20251227,20251210,20251113,37137.04,28500,8637.04,1019.17,Kuala Lumpur,1,0,604,1,Very Good,BC,MG
9/2/2026,1000000000000013,22290067388,Approve,41975856,Platinum,Master,P,R5,0,0,1,A,B, ,M,47,Malay,MAL,MARRIED,SPM,26,OWNED,Doctor,Education,0,15377,18572,222870,222870,20,24,15.35,3970,22,25,5,Y,N,20260503,20260502,20260415,45891.85,37000,8891.85,1452.59,Perak,Y,0,753,4,No Score,BC,BC
9/2/2026,1000000000000014,23811697046,Approve,79358085,Infinite,Master,S,T1,0,0,94850000,A,H, ,M,53,Malay,MAL,MARRIED,PhD,3,OWNED,Nurse,Retail Trade,8,19330,24013,288164,288164,22,31,6.16,3823,28,34,2,Y,Y,20260308,20260305,20260218,48907.99,34500,14407.99,1662.59,Sabah,1,0,754,4,Excellent,GD,IN
9/2/2026,1000000000000015,20097448491,Approve,25084086,Gold,Master,S,B1,0,0,94850000,A,H, ,F,29,Others,MAL,MARRIED,SPM,6,OWNED,Factory Worker,Real Estate,10,20240,25392,304705,304705,24,29,0.16,5369,16,28,2,Y,N,20251228,20251212,20251202,53120.18,39500,13620.18,634.51,Johor,N,0,706,3,Excellent,V3,MG
9/2/2026,1000000000000016,22998633829,Approve,54244154,Platinum,Visa,S,U3,0,0,1,A,A,A,F,56,Malay,MAL,MARRIED,Bachelor Degree,30,OWNED,Engineer,Wholesale,31,8171,9782,117393,117393,28,31,2.78,5348,37,40,3,Y,Y,20251101,20251030,20251015,25384.78,20500,4884.78,251.47,Selangor,Y,0,590,4,No Score,CL,MG
9/2/2026,1000000000000017,25045170465,Approve,86518436,Platinum,Visa,S,U1,0,0,88,A,B,D,M,24,Chinese,MAL,MARRIED,STPM,3,OWNED,Nurse,Hospitality,0,7244,9164,109975,109975,29,38,4.23,7441,37,44,1,Y,Y,20260725,20260721,20260627,35547.61,28000,7547.61,1638.33,Selangor,1,0,715,4,Fair,GD,GD
9/2/2026,1000000000000018,27155102077,Approve,72887387,Gold,Visa,P,T3,0,0,0,A,A, ,M,63,Malay,MAL,MARRIED,STPM,17,OWNED,Engineer,Manufacturing,28,13435,17297,207571,207571,17,20,10.42,2601,17,28,5,Y,N,20260503,20260424,20260419,41657.08,32000,9657.08,115.34,Johor,N,0,686,3,Very Good,BC,V3
9/2/2026,1000000000000019,21371892339,Approve,37308590,Classic,Visa,P,B6,0,0,88,A,-,N,M,22,Malay,MAL,MARRIED,SPM,1,OWNED,Civil Servant,Agriculture,4,6753,8916,107000,107000,30,41,7.11,5509,29,38,3,Y,N,20251213,20251205,20251117,30002.24,22500,7502.24,974.97,Selangor,0,0,597,4,Fair,PL,V3
9/2/2026,1000000000000020,29464245812,Approve,24305357,Platinum,Master,S,O1,0,0,0,A,D,D,F,53,Chinese,MAL,SINGLE,SPM,32,OWNED,Engineer,Plantation,6,19206,24780,297363,297363,22,27,17.18,6830,29,32,3,N,Y,0,20260602,20260528,66365.31,44500,21865.31,829.65,Sabah,0,0,736,4,Very Good,GD,C2
9/2/2026,1000000000000021,20875687838,Approve,87290137,Gold,Master,S,O3,0,0,0,A,-,D,F,45,Chinese,MAL,SINGLE,SPM,5,FAMILY OWNED,Supervisor,Manufacturing,21,17827,22246,266955,266955,11,15,0.87,3798,8,15,1,Y,Y,20251129,20251119,20251023,48274.94,35000,13274.94,1374.89,Selangor,N,0,739,4,Very Good,C2,GD
9/2/2026,1000000000000022,27635306047,Approve,96272547,Platinum,Visa,P,T2,0,0,94850000,A,H,N,M,24,Chinese,MAL,MARRIED,Bachelor Degree,2,OWNED,Army Personnel,Financial Services,3,22332,27699,332395,332395,19,20,17.85,1802,21,25,5,Y,N,20260909,20260827,20260813,56903.35,39500,17403.35,1974.37,Kuala Lumpur,0,0,772,2,No Score,C2,C2
9/2/2026,1000000000000023,27344438059,Approve,39883970,Platinum,Master,P,B1,0,0,88,A,-,A,F,64,Indian,MAL,SINGLE,Bachelor Degree,5,OWNED,Nurse,Healthcare,11,13535,15947,191374,191374,28,40,5,6713,33,35,1,N,N,0,20250828,20250811,40633.75,29000,11633.75,1984.09,Pahang,Y,0,684,4,Very Good,MG,PL
9/2/2026,1000000000000024,22128256238,Approve,93388962,Platinum,Visa,P,R5,0,0,1,A,-,A,M,37,Chinese,MAL,SINGLE,Master Degree,9,RENTING,Driver,Food & Beverage,18,6936,8518,102216,102216,42,43,5.21,1571,40,51,2,N,N,0,20250906,20250903,19503.76,16000,3503.76,1449.2,Johor,0,0,531,1,No Score,PL,BC
9/2/2026,1000000000000025,29882063940,Approve,97191317,Infinite,Visa,S,R1,0,0,1,A,D, ,F,47,Indian,MAL,SINGLE,Diploma,29,RENTING,Engineer,Manufacturing,17,14349,18044,216538,216538,33,37,13.6,3727,28,38,3,N,Y,0,20250921,20250916,45617.48,35000,10617.48,1869,Sarawak,N,0,836,2,Fair,PL,C2
9/2/2026,1000000000000026,20886073837,Approve,84642078,Platinum,Visa,P,B1,0,0,0,A,B,D,F,65,Chinese,MAL,SINGLE,SPM,22,OWNED,Businessman,Real Estate,36,19166,23471,281653,281653,21,31,11.13,7299,27,31,1,N,N,0,20260725,20260701,49743.95,38500,11243.95,667.32,Sabah,Y,0,678,1,Fair,IN,GD
9/2/2026,1000000000000027,20889422541,Approve,68548403,Classic,Visa,P,R1,0,0,0,A,-,N,M,65,Malay,MAL,SINGLE,Diploma,20,MORTGAGE,Retail Assistant,Real Estate,34,11129,14077,168934,168934,22,33,14.73,4213,17,27,3,Y,N,20260217,20260202,20260104,29404.82,24500,4904.82,1548.25,Selangor,1,0,628,4,Low,C2,IN
9/2/2026,1000000000000028,27714596011,Approve,45792181,Platinum,Master,P,O3,0,0,94850000,A,B, ,F,63,Malay,MAL,MARRIED,Diploma,10,OWNED,Teacher,Transportation,30,9981,13279,159352,159352,37,44,7.56,7065,41,48,5,Y,N,20250815,20250811,20250802,28320.99,23000,5320.99,770.08,Pulau Pinang,0,0,531,4,Good,MG,V3
9/2/2026,1000000000000029,25005005106,Approve,60182044,Platinum,Visa,S,O1,0,0,88,A,H,A,M,52,Chinese,MAL,MARRIED,Master Degree,1,FAMILY OWNED,Engineer,Plantation,16,12121,15718,188625,188625,18,29,0.1,6086,20,30,2,Y,N,20251122,20251117,20251031,41526.09,29000,12526.09,1827.89,Kelantan,0,0,758,2,Very Good,GD,PL
9/2/2026,1000000000000030,26618402731,Approve,10842074,Platinum,Master,P,R1,0,0,0,A,B,N,F,35,Malay,MAL,WIDOWED,SPM,10,MORTGAGE,Clerk,Manufacturing,15,18726,23363,280362,280362,23,25,13.16,5825,27,32,5,Y,Y,20260609,20260608,20260524,59695.98,41000,18695.98,1080.12,Kuala Lumpur,0,0,738,1,Fair,IN,MG
9/2/2026,1000000000000031,25610705464,Approve,71792473,Classic,Master,P,O5,0,0,0,A,D,A,F,37,Chinese,MAL,MARRIED,SPM,12,RENTING,Contractor,Professional Services,8,11738,13634,163617,163617,49,59,0.98,7770,45,55,3,Y,N,20260705,20260626,20260531,21777.95,15000,6777.95,650.34,Selangor,N,0,429,4,Good,BC,GD
9/2/2026,1000000000000032,29248417878,Approve,26103982,Platinum,Master,S,T2,0,0,88,A,D,D,M,53,Chinese,MAL,SINGLE,Diploma,13,OWNED,Administrator,Agriculture,10,2171,2765,33184,33184,49,60,11.69,4353,46,55,1,Y,N,20251229,20251219,20251123,28684.84,20500,8184.84,649.27,Pahang,Y,0,601,4,Good,MG,PL
9/2/2026,1000000000000033,26551842977,Approve,35817805,Platinum,Visa,P,T3,0,0,0,A,-,D,F,57,Chinese,MAL,SINGLE,SPM,27,MORTGAGE,Accountant,Manufacturing,16,19751,22780,273361,273361,11,18,6.79,1700,17,19,2,Y,Y,20260422,20260409,20260315,63719.23,48000,15719.23,1040.49,Johor,0,0,694,2,Excellent,BC,V3
9/2/2026,1000000000000034,20323035589,Approve,35728692,Platinum,Visa,S,R1,0,0,94850000,A,B, ,M,24,Chinese,MAL,SINGLE,Bachelor Degree,5,OWNED,Businessman,Retail Trade,2,19898,26835,322020,322020,20,26,12.69,683,22,25,5,Y,Y,20250826,20250810,20250804,45962.94,34000,11962.94,1433.31,Pahang,0,0,762,3,Excellent,V3,IN
9/2/2026,1000000000000035,21678608913,Approve,62052210,Gold,Master,S,T1,0,0,88,A,A, ,M,22,Indian,MAL,WIDOWED,Master Degree,1,OWNED,Retail Assistant,Oil & Gas,0,11786,13820,165851,165851,45,56,2.98,6226,45,53,3,N,N,0,20250904,20250831,30299.57,21500,8799.57,902.1,Selangor,Y,0,535,3,Low,V3,GD
9/2/2026,1000000000000036,22320652912,Approve,39707606,Infinite,Visa,P,O3,0,0,94850000,A,-,N,M,26,Indian,MAL,DIVORCED,Diploma,6,OWNED,Driver,Hospitality,6,24621,29500,354009,354009,15,23,10.21,5475,15,25,5,N,N,0,20260612,20260531,72647.95,50500,22147.95,1406.4,Selangor,N,0,818,4,Very Good,BC,PL
9/2/2026,1000000000000037,29424753927,Approve,75694038,Platinum,Visa,P,O5,0,0,88,A,D,D,F,59,Chinese,MAL,MARRIED,Diploma,23,OWNED,Nurse,Professional Services,17,18728,21543,258519,258519,13,23,3.3,5785,10,18,5,N,N,0,20260816,20260720,50821.54,41000,9821.54,1062.36,Kedah,N,0,766,3,Fair,MG,CL
9/2/2026,1000000000000038,20086946933,Approve,41222956,Gold,Master,P,U3,0,0,94850000,A,D,N,F,53,Malay,MAL,MARRIED,SPM,3,OWNED,Factory Worker,Manufacturing,13,21090,28330,339963,339963,24,26,5.34,2744,20,27,5,Y,N,20260911,20260902,20260810,62464.61,42500,19964.61,1321.98,Selangor,0,0,798,2,Good,IN,C2
9/2/2026,1000000000000039,20569079917,Approve,73437105,Gold,Visa,P,O5,0,0,0,A,B, ,M,35,Indian,MAL,MARRIED,Bachelor Degree,5,OWNED,Civil Servant,Food & Beverage,0,6385,7733,92805,92805,46,56,15.4,6024,50,54,1,Y,N,20251112,20251023,20250927,15560.16,12500,3060.16,1237.81,Selangor,N,0,465,1,Fair,PL,PL
9/2/2026,1000000000000040,22100304474,Approve,18223029,Gold,Master,S,U2,0,0,88,A,H, ,M,60,Indian,MAL,SINGLE,Bachelor Degree,1,OWNED,Contractor,Financial Services,8,16760,21335,256021,256021,32,39,16.44,1678,35,40,2,N,N,0,20260304,20260212,51144.03,42000,9144.03,697.04,Johor,1,0,729,1,Low,BC,MG
9/2/2026,1000000000000041,23437606472,Approve,27418572,Gold,Visa,S,T2,0,0,1,A,B,N,F,31,Malay,MAL,MARRIED,SPM,5,RENTING,Factory Worker,Agriculture,10,20036,23628,283542,283542,31,43,1.62,4342,31,43,5,Y,Y,20250909,20250824,20250813,47853.45,35000,12853.45,485.64,Sabah,Y,0,569,1,No Score,IN,IN
9/2/2026,1000000000000042,27286931464,Approve,26596590,Infinite,Visa,S,O1,0,0,1,A,A,A,M,58,Indian,MAL,WIDOWED,Bachelor Degree,21,OWNED,Accountant,Education,35,10199,13525,162301,162301,17,25,4.3,5261,18,24,3,Y,N,20260116,20260106,20251208,51517.79,39500,12017.79,1587.97,Kedah,N,0,783,1,Excellent,CL,BC
9/2/2026,1000000000000043,21067063980,Approve,86219084,Infinite,Visa,P,R2,0,0,94850000,A,H, ,M,60,Malay,MAL,SINGLE,SPM,7,MORTGAGE,Self-Employed,Healthcare,31,14543,17134,205616,205616,23,35,17.06,7673,24,33,1,Y,N,20260217,20260131,20260129,55755.54,40000,15755.54,142.45,Pulau Pinang,Y,0,759,3,Good,BC,MG
9/2/2026,1000000000000044,27020103145,Approve,96155859,Gold,Master,S,T2,0,0,94850000,A,A,D,F,40,Malay,MAL,SINGLE,Diploma,21,MORTGAGE,Nurse,Manufacturing,7,2017,2617,31413,31413,39,50,13.74,2884,33,45,2,Y,Y,20251010,20251008,20250930,19749.03,16000,3749.03,1625.11,Sabah,0,0,489,2,Very Good,MG,PL
9/2/2026,1000000000000045,22449159664,Approve,82230944,Gold,Master,P,O1,0,0,1,A,A, ,M,22,Malay,MAL,SINGLE,SPM,3,OWNED,Engineer,Oil & Gas,3,20307,25402,304824,304824,27,32,10.09,4743,23,32,5,Y,N,20260723,20260717,20260707,60169.94,40500,19669.94,283.49,Selangor,0,0,682,2,Good,C2,BC
9/2/2026,1000000000000046,22835355139,Approve,17597364,Gold,Master,P,B1,0,0,94850000,A,D, ,M,64,Malay,MAL,SINGLE,Master Degree,13,FAMILY OWNED,Supervisor,Agriculture,33,21162,26117,313415,313415,15,17,11.06,7002,18,25,5,Y,N,20260223,20260203,20260110,54437.66,39000,15437.66,874.61,Sabah,0,0,800,1,Good,C2,V3
9/2/2026,1000000000000047,22902889175,Approve,72511618,Infinite,Visa,S,B1,0,0,88,A,-,D,F,38,Chinese,MAL,MARRIED,Diploma,0,FAMILY OWNED,Army Personnel,Financial Services,4,21852,27840,334080,334080,16,19,11.04,6603,20,26,1,Y,N,20260819,20260731,20260706,58845.53,39500,19345.53,1269.69,Kelantan,1,0,771,2,Very Good,CL,CL
9/2/2026,1000000000000048,29167451266,Approve,56993293,Infinite,Visa,S,O5,0,0,94850000,A,B,A,M,33,Malay,MAL,SINGLE,Diploma,0,OWNED,Civil Servant,Telecommunications,14,24608,28609,343314,343314,9,15,8.4,2202,11,13,1,Y,N,20260607,20260605,20260530,49060.23,39000,10060.23,553.53,Terengganu,Y,0,773,3,Fair,BC,MG
9/2/2026,1000000000000049,29984498208,Approve,91650533,Classic,Visa,P,T2,0,0,1,A,H,D,M,61,Indian,MAL,MARRIED,Certificate,27,FAMILY OWNED,Lecturer,Plantation,13,2413,3121,37460,37460,43,51,7.69,2169,40,51,5,Y,Y,20260831,20260821,20260810,17216.57,13500,3716.57,387.9,Melaka,Y,0,554,2,Good,MG,MG
9/2/2026,1000000000000050,21063400085,Approve,70832175,Infinite,Visa,S,O3,0,0,94850000,A,A,N,M,42,Malay,MAL,SINGLE,Diploma,23,RENTING,Supervisor,Construction,14,20728,25137,301645,301645,19,21,16.98,7749,27,29,3,N,N,0,20250815,20250813,48005.17,34000,14005.17,798.24,Pahang,0,0,777,2,No Score,GD,V3
9/2/2026,1000000000000051,23657377673,Approve,48499243,Gold,Visa,S,R1,0,0,0,A,-, ,F,51,Chinese,MAL,SINGLE,SPM,25,OWNED,Retail Assistant,Healthcare,0,11831,15190,182283,182283,26,34,3.43,1789,29,30,2,N,N,0,20250914,20250831,31578.02,23000,8578.02,723.23,Kedah,0,0,514,4,Fair,C2,GD
9/2/2026,1000000000000052,25786756894,Approve,51211454,Classic,Visa,S,O5,0,0,94850000,A,A,D,M,39,Malay,MAL,SINGLE,SPM,12,MORTGAGE,Driver,Real Estate,2,2654,3236,38834,38834,37,49,17.02,7322,56,58,3,Y,N,20251004,20250924,20250923,21579.19,17000,4579.19,378.76,Perak,N,0,521,4,Good,C2,BC
9/2/2026,1000000000000053,22251442328,Approve,64662098,Platinum,Visa,S,O1,0,0,88,A,D,N,M,30,Chinese,MAL,SINGLE,Bachelor Degree,11,OWNED,IT Executive,Wholesale,8,22553,29085,349030,349030,22,32,1.98,4781,21,28,2,N,Y,0,20251017,20251007,58923.13,41000,17923.13,1386.84,Pulau Pinang,N,0,789,4,Fair,C2,MG
9/2/2026,1000000000000054,23032121982,Approve,52869025,Gold,Visa,S,O5,0,0,0,A,D,D,M,28,Indian,MAL,MARRIED,Diploma,8,RENTING,Chef,Education,5,9626,12895,154745,154745,38,48,10.36,7197,42,52,2,N,Y,0,20260508,20260414,14968.39,11500,3468.39,1701.05,Johor,1,0,496,3,Good,BC,BC
9/2/2026,1000000000000055,29856265256,Approve,87668208,Platinum,Visa,P,T1,0,0,88,A,A,D,M,52,Malay,MAL,WIDOWED,Bachelor Degree,19,OWNED,Army Personnel,Transportation,15,11327,14818,177825,177825,20,29,8.44,2724,21,33,2,Y,Y,20250922,20250903,20250811,49750.88,34500,15250.88,937.34,Selangor,0,0,731,2,Good,V3,PL
9/2/2026,1000000000000056,27020415939,Approve,83335618,Infinite,Visa,P,O3,0,0,1,A,B,D,M,56,Malay,MAL,SINGLE,PhD,31,OWNED,Contractor,Education,30,22637,27206,326482,326482,16,20,1.76,3265,12,23,2,N,N,0,20260423,20260412,52672.32,35500,17172.32,610.28,Perak,N,0,797,3,No Score,V3,C2
9/2/2026,1000000000000057,23289547922,Approve,48251875,Gold,Master,S,U3,0,0,94850000,A,B,A,F,59,Malay,MAL,MARRIED,SPM,10,OWNED,Civil Servant,Real Estate,40,3115,4160,49931,49931,13,15,16.34,3524,17,18,2,N,N,0,20260927,20260830,37509.91,31000,6509.91,1096.31,Johor,Y,0,699,1,Low,C2,CL
9/2/2026,1000000000000058,20939459290,Approve,37134697,Platinum,Master,P,O5,0,0,94850000,A,H,D,M,59,Chinese,MAL,DIVORCED,Diploma,27,OWNED,Doctor,Manufacturing,23,11781,15212,182549,182549,16,20,15.89,1804,18,25,5,Y,Y,20251227,20251223,20251214,57171.31,44500,12671.31,505.65,Kelantan,0,0,749,1,Very Good,CL,V3
9/2/2026,1000000000000059,22483017439,Approve,70068638,Platinum,Master,S,R2,0,0,1,A,A,N,F,56,Malay,MAL,MARRIED,SPM,17,OWNED,Accountant,Construction,30,8165,10938,131262,131262,27,33,4.02,3863,27,35,5,Y,N,20251107,20251105,20251026,31679.89,24500,7179.89,745.21,Kuala Lumpur,0,0,629,4,Good,MG,IN
9/2/2026,1000000000000060,29337386972,Approve,90487164,Platinum,Master,P,U1,0,0,1,A,H,D,F,46,Malay,MAL,SINGLE,SPM,26,FAMILY OWNED,Contractor,Healthcare,8,14065,18593,223124,223124,24,29,16.42,1330,24,29,5,Y,N,20260320,20260314,20260222,43966.25,35000,8966.25,1724.71,Kuala Lumpur,Y,0,741,1,Good,IN,PL
9/2/2026,1000000000000061,26767992533,Approve,31964828,Infinite,Visa,S,U1,0,0,0,A,-, ,F,52,Others,MAL,MARRIED,Master Degree,0,OWNED,Businessman,Construction,28,19972,25970,311640,311640,11,12,8.62,2764,14,19,2,Y,Y,20260610,20260609,20260607,68855.12,49000,19855.12,1236.41,Selangor,1,0,845,3,Fair,MG,MG
9/2/2026,1000000000000062,24545463257,Approve,94715069,Platinum,Visa,P,R1,0,0,94850000,A,B,D,F,63,Malay,MAL,MARRIED,Bachelor Degree,30,FAMILY OWNED,Sales Executive,Wholesale,12,15217,17660,211925,211925,35,43,14.06,5366,45,52,2,Y,Y,20260911,20260905,20260829,24412.51,20000,4412.51,1197.45,Pulau Pinang,Y,0,448,4,Very Good,PL,V3
9/2/2026,1000000000000063,29219108641,Approve,97963754,Gold,Visa,P,U3,0,0,94850000,A,H,N,M,47,Indian,MAL,MARRIED,Bachelor Degree,10,FAMILY OWNED,Chef,Telecommunications,2,5759,7388,88667,88667,22,30,4.97,2815,30,35,3,Y,N,20251224,20251204,20251114,32795.73,24000,8795.73,1604.31,Selangor,1,0,651,4,Very Good,MG,IN
9/2/2026,1000000000000064,24389204433,Approve,97591634,Infinite,Master,P,T2,0,0,0,A,-,A,F,23,Malay,MAL,MARRIED,SPM,2,RENTING,Civil Servant,Hospitality,4,16604,19482,233785,233785,14,24,0.96,6866,18,21,5,Y,Y,20260717,20260707,20260611,62319.73,44500,17819.73,994.64,Kelantan,Y,0,748,3,No Score,BC,MG
9/2/2026,1000000000000065,20200171009,Approve,38876693,Gold,Master,S,B6,0,0,88,A,B,D,M,37,Malay,MAL,MARRIED,Bachelor Degree,0,OWNED,Teacher,Wholesale,15,17829,20605,247268,247268,10,13,16.09,5998,5,13,1,Y,Y,20251209,20251119,20251102,72677.68,51500,21177.68,1480.2,Sabah,Y,0,709,4,No Score,MG,C2
9/2/2026,1000000000000066,22327582058,Approve,91644298,Infinite,Master,P,U1,0,0,88,A,-,A,M,63,Chinese,MAL,SINGLE,Bachelor Degree,7,OWNED,Accountant,Construction,3,24786,28756,345077,345077,17,28,10.03,545,9,20,2,Y,Y,20250925,20250907,20250814,76643.89,60500,16143.89,199.22,Perak,1,0,808,4,No Score,GD,V3
9/2/2026,1000000000000067,20389391029,Approve,17105323,Gold,Master,S,R5,0,0,1,A,D, ,F,51,Malay,MAL,MARRIED,SPM,13,OWNED,Administrator,Manufacturing,20,20875,26079,312949,312949,25,31,10.93,584,26,36,5,Y,N,20250822,20250814,20250805,51777.51,38500,13277.51,818.51,Kuala Lumpur,0,0,769,4,Very Good,IN,BC
9/2/2026,1000000000000068,28456050615,Approve,41720102,Gold,Master,P,U3,0,0,94850000,A,D, ,M,48,Indian,MAL,SINGLE,Diploma,3,RENTING,Teacher,Agriculture,25,22553,27951,335414,335414,24,36,3.57,4337,24,33,3,Y,Y,20251225,20251221,20251211,61150.61,42000,19150.61,86.87,Kuala Lumpur,0,0,715,4,Excellent,PL,C2
9/2/2026,1000000000000069,22295652378,Approve,66363505,Platinum,Master,S,B2,0,0,1,A,D,N,F,21,Chinese,MAL,SINGLE,SPM,0,FAMILY OWNED,Technician,Hospitality,1,24283,31262,375146,375146,21,33,0.63,1034,20,32,2,N,Y,0,20260512,20260417,46943.4,38500,8443.4,528.47,Johor,Y,0,673,1,Excellent,MG,MG
9/2/2026,1000000000000070,22956263982,Approve,19229212,Gold,Visa,S,O3,0,0,94850000,A,-,N,F,24,Malay,MAL,SINGLE,SPM,0,RENTING,Manager,Professional Services,0,6154,8045,96540,96540,36,42,16.18,2435,51,57,2,N,N,0,20251003,20250926,12255.5,9000,3255.5,780.38,Sabah,Y,0,350,3,No Score,GD,V3
9/2/2026,1000000000000071,24398276613,Approve,50773548,Infinite,Master,S,T1,0,0,94850000,A,A, ,M,64,Malay,MAL,MARRIED,SPM,14,RENTING,Supervisor,Education,17,21350,28356,340282,340282,27,32,10.98,1262,20,31,1,Y,Y,20251110,20251025,20251014,56821.55,47000,9821.55,433.55,Selangor,0,0,763,1,Very Good,CL,GD
9/2/2026,1000000000000072,25079238155,Approve,66497402,Gold,Master,P,U3,0,0,94850000,A,-, ,M,46,Malay,MAL,MARRIED,Diploma,16,OWNED,Self-Employed,Government,12,23254,28829,345951,345951,21,25,5.43,3385,18,29,3,Y,N,20260512,20260510,20260411,65323.81,48500,16823.81,272.89,Kelantan,1,0,819,1,Very Good,MG,V3
9/2/2026,1000000000000073,24076117684,Approve,23724194,Gold,Master,S,B2,0,0,94850000,A,A,N,F,54,Malay,MAL,MARRIED,SPM,10,OWNED,Manager,Food & Beverage,21,7322,9748,116987,116987,12,20,0.2,2450,7,16,1,Y,N,20260618,20260608,20260605,39398.32,29500,9898.32,1191.97,Selangor,N,0,652,4,Very Good,GD,MG
9/2/2026,1000000000000074,21423557537,Approve,99508850,Classic,Master,S,U2,0,0,94850000,A,A, ,M,55,Chinese,MAL,MARRIED,STPM,4,OWNED,Teacher,Agriculture,33,3088,3912,46950,46950,35,45,5.78,6463,40,52,3,Y,Y,20260107,20251226,20251216,22069.02,16000,6069.02,523.41,Kuala Lumpur,0,0,466,4,Fair,IN,MG
9/2/2026,1000000000000075,28203227785,Approve,71524281,Gold,Visa,P,U1,0,0,1,A,H,D,M,56,Chinese,MAL,MARRIED,Certificate,15,MORTGAGE,Clerk,Real Estate,14,17695,21704,260451,260451,23,30,1.76,6806,26,36,2,Y,Y,20260118,20260104,20251219,46654.36,33500,13154.36,1975.73,Kelantan,0,0,714,3,Low,GD,C2
9/2/2026,1000000000000076,22129639543,Approve,55470218,Infinite,Visa,S,B6,0,0,0,A,H,D,F,35,Chinese,MAL,SINGLE,Bachelor Degree,12,FAMILY OWNED,Army Personnel,Oil & Gas,8,12940,16075,192900,192900,12,23,8.82,2595,11,19,1,Y,Y,20260306,20260220,20260206,44501.66,30500,14001.66,1744.31,Sabah,Y,0,806,2,Good,GD,IN
9/2/2026,1000000000000077,29993516538,Approve,24561005,Infinite,Visa,P,R5,0,0,88,A,A,D,M,42,Malay,MAL,MARRIED,Bachelor Degree,8,RENTING,Police Officer,Government,11,22716,29935,359230,359230,17,19,14.33,3104,15,23,5,N,N,0,20260709,20260615,65111.93,46500,18611.93,1850.48,Negeri Sembilan,0,0,754,1,Very Good,GD,MG
9/2/2026,1000000000000078,29914059198,Approve,46093287,Gold,Visa,P,B2,0,0,0,A,-,N,F,22,Malay,MAL,DIVORCED,Diploma,1,RENTING,Sales Executive,Government,3,19839,23794,285534,285534,32,42,7.27,1187,42,49,1,N,Y,0,20260907,20260901,36623.33,28500,8123.33,1489.54,Pahang,0,0,519,4,Low,CL,V3
9/2/2026,1000000000000079,21481159681,Approve,17298381,Gold,Visa,S,B1,0,0,94850000,A,H, ,M,40,Malay,MAL,MARRIED,SPM,0,OWNED,Doctor,Manufacturing,12,21386,26717,320611,320611,22,28,2.93,6177,28,33,1,N,Y,0,20260220,20260126,43775.09,30000,13775.09,1312.74,Selangor,Y,0,694,3,Good,CL,GD
9/2/2026,1000000000000080,23474929751,Approve,47101348,Platinum,Visa,P,R2,0,0,1,A,B,A,F,45,Malay,MAL,SINGLE,SPM,9,RENTING,Sales Executive,Government,24,22381,26688,320257,320257,16,17,3.98,757,22,27,5,Y,N,20260109,20251228,20251220,53676.95,44500,9176.95,503.07,Selangor,Y,0,833,3,No Score,CL,V3
9/2/2026,1000000000000081,24055826553,Approve,40212304,Gold,Visa,S,U3,0,0,94850000,A,H,A,M,26,Chinese,MAL,WIDOWED,Bachelor Degree,0,RENTING,Nurse,Plantation,7,19931,24636,295640,295640,14,22,3.29,955,16,21,1,Y,Y,20260313,20260305,20260213,43315.86,31000,12315.86,1874.45,Melaka,1,0,651,1,No Score,MG,CL
9/2/2026,1000000000000082,24934296510,Approve,48668446,Classic,Master,S,B2,0,0,94850000,A,B,A,F,45,Chinese,MAL,MARRIED,SPM,11,RENTING,Sales Executive,Oil & Gas,6,8895,11977,143734,143734,44,48,7.44,7061,42,52,2,N,Y,0,20260425,20260327,13285.27,11000,2285.27,1845.13,Johor,Y,0,428,2,Low,PL,GD
9/2/2026,1000000000000083,26229132242,Approve,95380264,Infinite,Visa,P,R1,0,0,1,A,-,A,F,47,Others,MAL,SINGLE,Bachelor Degree,29,EMPLOYER PROVIDED,Security Guard,Manufacturing,6,20420,26338,316065,316065,21,32,1.9,2061,25,28,3,N,N,0,20260217,20260208,47363.11,38000,9363.11,712.15,Selangor,Y,0,790,3,Excellent,V3,PL
9/2/2026,1000000000000084,27098529668,Approve,24051169,Gold,Master,S,O5,0,0,0,A,H, ,F,53,Malay,MAL,MARRIED,STPM,21,FAMILY OWNED,Army Personnel,Agriculture,5,8487,10350,124204,124204,27,29,15.2,3544,26,32,3,N,Y,0,20260310,20260303,32950.68,22500,10450.68,803.2,Johor,1,0,585,2,Good,PL,V3
9/2/2026,1000000000000085,26595340586,Approve,57865055,Gold,Master,P,R5,0,0,0,A,-,D,M,43,Chinese,MAL,SINGLE,SPM,6,RENTING,Civil Servant,Telecommunications,20,16854,20972,251674,251674,23,28,14.14,2913,32,36,5,Y,N,20260306,20260301,20260208,59060.18,43000,16060.18,1652.45,Terengganu,0,0,699,3,Fair,V3,C2
9/2/2026,1000000000000086,24737584688,Approve,64646168,Platinum,Visa,S,T2,0,0,88,A,D,A,F,38,Malay,MAL,MARRIED,STPM,20,OWNED,Sales Executive,Food & Beverage,16,24858,31259,375112,375112,17,18,17.95,6264,18,23,5,Y,N,20260512,20260510,20260413,78198.07,54000,24198.07,306.18,Selangor,1,0,836,4,Good,BC,GD
9/2/2026,1000000000000087,29533107628,Approve,74802325,Classic,Master,S,R5,0,0,94850000,A,H, ,F,58,Malay,MAL,SINGLE,STPM,9,OWNED,Teacher,Food & Beverage,12,3085,3583,42996,42996,38,49,2.25,3778,38,49,1,Y,Y,20260608,20260607,20260518,22736.03,17000,5736.03,46.78,Sabah,1,0,599,4,Excellent,MG,PL
9/2/2026,1000000000000088,21562733041,Approve,93305188,Infinite,Master,P,B6,0,0,0,A,A,D,F,25,Malay,MAL,MARRIED,Master Degree,2,OWNED,Police Officer,Professional Services,7,24624,28531,342383,342383,9,13,9.11,5701,11,13,3,N,N,0,20260111,20251230,67948.46,47000,20948.46,849.26,Kuala Lumpur,Y,0,807,1,No Score,GD,V3
9/2/2026,1000000000000089,21612303584,Approve,29750059,Infinite,Master,P,T1,0,0,94850000,A,D,N,M,41,Chinese,MAL,MARRIED,SPM,9,MORTGAGE,Lecturer,Hospitality,20,15061,19525,234306,234306,26,33,7.94,2767,37,38,1,Y,N,20260515,20260513,20260502,44338.18,33500,10838.18,1282.66,Pulau Pinang,Y,0,659,3,Fair,BC,MG
9/2/2026,1000000000000090,20371070495,Approve,13414017,Infinite,Visa,P,R5,0,0,94850000,A,D,N,F,46,Malay,MAL,MARRIED,Bachelor Degree,18,EMPLOYER PROVIDED,Factory Worker,Government,25,20347,26533,318396,318396,20,29,1.24,1632,14,25,5,Y,N,20251220,20251212,20251209,63912.07,52000,11912.07,340.09,Sabah,1,0,709,2,Very Good,CL,MG
9/2/2026,1000000000000091,26184894559,Approve,73073898,Gold,Master,S,U2,0,0,88,A,B,A,M,39,Malay,MAL,SINGLE,SPM,20,OWNED,Supervisor,Construction,17,11175,13666,164001,164001,23,24,12.43,2464,31,35,5,Y,Y,20261005,20260923,20260829,30202.34,24000,6202.34,1383.1,Johor,0,0,666,4,No Score,CL,GD
9/2/2026,1000000000000092,29929154658,Approve,41715154,Gold,Visa,P,O3,0,0,94850000,A,B,N,F,34,Malay,MAL,DIVORCED,Diploma,14,FAMILY OWNED,Civil Servant,Manufacturing,9,4804,6077,72925,72925,37,39,0.45,3444,43,44,5,Y,N,20260211,20260127,20260121,31035.51,21000,10035.51,1496.7,Sarawak,0,0,546,3,No Score,MG,GD
9/2/2026,1000000000000093,26470781369,Approve,56739546,Classic,Visa,P,U2,0,0,1,A,D,N,F,24,Chinese,MAL,SINGLE,PhD,5,RENTING,Supervisor,Healthcare,1,8147,9560,114729,114729,36,43,2.66,3638,43,45,1,N,N,0,20260228,20260204,22895.11,16500,6395.11,1711.76,Selangor,1,0,559,2,Good,BC,GD
9/2/2026,1000000000000094,24989484623,Approve,60185867,Platinum,Visa,S,B2,0,0,1,A,H,A,M,45,Chinese,MAL,SINGLE,Bachelor Degree,6,MORTGAGE,Civil Servant,Agriculture,26,11273,14756,177072,177072,15,24,3.52,6190,16,22,5,Y,Y,20260908,20260824,20260731,60661.53,45000,15661.53,1289.04,Selangor,1,0,752,3,Good,CL,GD
9/2/2026,1000000000000095,28174121667,Approve,99064042,Platinum,Visa,P,U1,0,0,88,A,B,D,F,64,Malay,MAL,MARRIED,Diploma,25,OWNED,Clerk,Financial Services,32,20886,26094,313128,313128,18,28,1.6,1205,18,25,3,Y,N,20260828,20260824,20260823,51097.17,38000,13097.17,492.14,Perak,1,0,803,3,Excellent,V3,BC
9/2/2026,1000000000000096,22696704351,Approve,59987316,Platinum,Master,P,R2,0,0,0,A,-, ,M,31,Malay,MAL,MARRIED,SPM,3,OWNED,Retail Assistant,Healthcare,10,14430,18001,216016,216016,23,30,15.05,5297,30,38,1,N,Y,0,20251004,20250909,45024.33,32500,12524.33,656.7,Perlis,Y,0,728,3,Good,GD,BC
9/2/2026,1000000000000097,28543090527,Approve,65180948,Platinum,Visa,P,B6,0,0,88,A,D,A,M,54,Chinese,MAL,MARRIED,Bachelor Degree,1,FAMILY OWNED,Army Personnel,Food & Beverage,14,24060,27766,333202,333202,22,23,1.17,7711,28,32,3,Y,Y,20260702,20260626,20260530,72489.17,51000,21489.17,1557.04,Sabah,0,0,753,4,Low,BC,V3
9/2/2026,1000000000000098,21555729629,Approve,44323784,Gold,Visa,P,T2,0,0,94850000,A,H, ,F,59,Chinese,MAL,SINGLE,Bachelor Degree,15,OWNED,Contractor,Transportation,23,19983,26107,313293,313293,18,21,13.71,590,23,27,1,Y,N,20251206,20251118,20251113,60354.79,47000,13354.79,1834.88,Kelantan,0,0,724,4,Excellent,V3,V3
9/2/2026,1000000000000099,27124695116,Approve,35578773,Gold,Visa,P,R2,0,0,88,A,H,N,F,50,Malay,MAL,DIVORCED,Diploma,10,RENTING,Civil Servant,Agriculture,3,24483,31200,374407,374407,23,33,10.53,4761,25,30,2,N,Y,0,20260721,20260625,59230.75,49000,10230.75,255.77,Kuala Lumpur,Y,0,732,1,Low,IN,C2
9/2/2026,1000000000000100,22888593526,Approve,52209421,Platinum,Visa,P,B6,0,0,88,A,H,D,M,26,Chinese,MAL,MARRIED,SPM,1,FAMILY OWNED,Manager,Telecommunications,8,22975,30185,362223,362223,20,22,13.28,3979,24,26,2,N,N,0,20260207,20260122,61246.7,47000,14246.7,441.67,Kuala Lumpur,0,0,827,1,Good,PL,V3
9/2/2026,1000000000000101,20770214564,Approve,86273803,Gold,Visa,P,B2,0,0,0,A,H, ,F,23,Malay,MAL,SINGLE,Master Degree,3,OWNED,Doctor,Food & Beverage,1,10487,13055,156663,156663,25,28,10.22,7690,22,34,2,Y,N,20250922,20250911,20250819,32384,24000,8384,1683.84,Selangor,0,0,602,2,Good,GD,GD
9/2/2026,1000000000000102,23330604853,Approve,51460853,Gold,Master,S,R2,0,0,1,A,D,A,M,45,Chinese,MAL,MARRIED,Master Degree,16,RENTING,Self-Employed,Government,21,3560,4520,54251,54251,36,42,9.32,636,51,53,1,Y,Y,20250921,20250912,20250828,25900.9,19000,6900.9,1964.91,Johor,N,0,508,4,Fair,MG,GD
9/2/2026,1000000000000103,23037003333,Approve,91041439,Gold,Master,S,U3,0,0,94850000,A,A,A,F,64,Malay,MAL,MARRIED,SPM,32,RENTING,Contractor,Telecommunications,29,13596,16600,199204,199204,21,33,8.79,4732,26,36,3,Y,Y,20260504,20260502,20260417,24603.85,20000,4603.85,1913.09,Kedah,Y,0,516,3,Fair,BC,C2
9/2/2026,1000000000000104,26432022213,Approve,58255231,Gold,Visa,P,B1,0,0,0,A,-, ,M,25,Malay,MAL,SINGLE,Bachelor Degree,5,FAMILY OWNED,Retail Assistant,Hospitality,0,24988,29822,357864,357864,15,19,10.54,5794,17,25,5,N,N,0,20260708,20260707,57119.5,38500,18619.5,1043.15,Melaka,N,0,777,3,Excellent,V3,GD
9/2/2026,1000000000000105,22684121826,Approve,33827142,Gold,Visa,S,T2,0,0,94850000,A,B,D,F,30,Chinese,MAL,SINGLE,Bachelor Degree,3,OWNED,Manager,Professional Services,11,19738,26390,316689,316689,23,33,4.44,6809,16,27,1,N,Y,0,20251218,20251120,73909.78,53000,20909.78,121.79,Sarawak,Y,0,780,4,Very Good,CL,CL
9/2/2026,1000000000000106,21998454115,Approve,62570183,Platinum,Visa,P,U3,0,0,0,A,B,N,F,26,Malay,MAL,SINGLE,Diploma,4,MORTGAGE,Chef,Plantation,7,23414,31436,377243,377243,13,19,13.23,7831,8,17,5,Y,N,20260921,20260904,20260816,49802.61,40000,9802.61,1187.18,Kelantan,1,0,795,3,Good,IN,CL
9/2/2026,1000000000000107,26072824156,Approve,61655958,Classic,Visa,P,B6,0,0,1,A,A,N,F,21,Chinese,MAL,MARRIED,SPM,1,OWNED,Lecturer,Wholesale,3,14076,16327,195924,195924,29,37,16.51,7663,28,37,3,Y,Y,20251226,20251208,20251206,35347.56,26500,8847.56,1378.77,Kuala Lumpur,Y,0,635,3,Fair,IN,MG
9/2/2026,1000000000000108,25616345389,Approve,15081624,Platinum,Visa,P,O1,0,0,1,A,-,N,F,60,Malay,MAL,WIDOWED,SPM,35,OWNED,IT Executive,Plantation,25,12174,14438,173256,173256,18,20,5.91,2054,14,23,5,N,Y,0,20251202,20251124,53139.91,41500,11639.91,18.74,Perlis,Y,0,732,3,Fair,CL,PL
9/2/2026,1000000000000109,26385891447,Approve,43792654,Gold,Master,S,B6,0,0,1,A,H,D,F,22,Chinese,MAL,SINGLE,Bachelor Degree,0,FAMILY OWNED,Manager,Manufacturing,2,18594,25064,300776,300776,8,10,16.77,1046,5,10,2,N,Y,0,20260623,20260525,42832.8,34000,8832.8,261.68,Perak,0,0,741,3,Fair,V3,MG
9/2/2026,1000000000000110,22777101069,Approve,96574438,Platinum,Master,S,U1,0,0,1,A,-,A,F,53,Chinese,MAL,MARRIED,SPM,17,FAMILY OWNED,Businessman,Wholesale,16,23555,31020,372249,372249,20,21,15.22,3223,15,26,1,N,Y,0,20260617,20260529,65348.01,45500,19848.01,1201.25,Sarawak,N,0,752,4,Fair,GD,C2
9/2/2026,1000000000000111,24294073364,Approve,44184054,Platinum,Visa,S,T2,0,0,0,A,D,D,F,54,Others,MAL,SINGLE,SPM,22,OWNED,Army Personnel,Food & Beverage,27,14734,17790,213486,213486,25,26,14.25,933,29,36,1,N,Y,0,20260117,20260115,30812.83,23500,7312.83,543.46,Pulau Pinang,1,0,582,4,Fair,CL,PL
9/2/2026,1000000000000112,27937093952,Approve,57814619,Platinum,Master,S,R2,0,0,94850000,A,B,A,M,43,Chinese,MAL,SINGLE,Bachelor Degree,25,MORTGAGE,Retail Assistant,Healthcare,24,24669,30594,367133,367133,17,23,4.54,1273,22,26,2,Y,Y,20260216,20260128,20260124,65313.38,52500,12813.38,624.23,Sarawak,1,0,786,3,Very Good,V3,GD
9/2/2026,1000000000000113,25513682874,Approve,91979982,Platinum,Master,P,B6,0,0,88,A,-, ,M,43,Malay,MAL,MARRIED,Diploma,24,OWNED,Teacher,Plantation,0,23015,30206,362482,362482,25,34,16.14,4270,33,39,2,Y,Y,20260908,20260831,20260804,53273.12,40000,13273.12,91.07,Selangor,Y,0,680,4,No Score,GD,IN
9/2/2026,1000000000000114,24497438499,Approve,80889684,Classic,Visa,S,R5,0,0,1,A,D,N,F,60,Chinese,MAL,SINGLE,SPM,14,FAMILY OWNED,Driver,Education,40,7278,9731,116773,116773,33,42,2.71,3468,38,48,3,Y,N,20260422,20260404,20260403,22077.32,16500,5577.32,1359.2,Pahang,Y,0,605,3,Very Good,GD,V3
9/2/2026,1000000000000115,25039026470,Approve,31450764,Platinum,Visa,P,R5,0,0,0,A,B,A,F,26,Malay,MAL,SINGLE,Master Degree,6,OWNED,Retail Assistant,Government,1,22135,26870,322450,322450,24,27,8.44,1379,24,33,3,N,Y,0,20260312,20260311,70277.45,48000,22277.45,690.79,Negeri Sembilan,0,0,791,2,Fair,MG,BC
9/2/2026,1000000000000116,28309753736,Approve,13852508,Gold,Visa,P,B6,0,0,1,A,D,N,F,21,Malay,MAL,SINGLE,Diploma,3,FAMILY OWNED,Police Officer,Real Estate,3,10264,12605,151269,151269,17,21,5.03,5472,21,23,2,Y,N,20261004,20260928,20260829,40741.66,30000,10741.66,770.48,Kuala Lumpur,Y,0,711,2,Excellent,BC,BC
9/2/2026,1000000000000117,20923167547,Approve,43562313,Infinite,Master,P,R1,0,0,88,A,A,N,F,34,Malay,MAL,MARRIED,Diploma,4,OWNED,Supervisor,Government,0,23694,27274,327293,327293,7,9,2.12,2927,5,9,1,Y,Y,20260512,20260501,20260407,50465.16,41000,9465.16,99.92,Kedah,Y,0,777,4,Fair,C2,MG
9/2/2026,1000000000000118,22957623536,Approve,40757252,Infinite,Master,P,O1,0,0,1,A,D,D,M,40,Indian,MAL,MARRIED,Bachelor Degree,19,OWNED,Driver,Food & Beverage,22,20517,25371,304454,304454,24,27,7.15,1472,23,30,1,Y,Y,20260621,20260604,20260601,74759.87,51000,23759.87,1451.87,Kedah,1,0,850,4,Low,V3,PL
9/2/2026,1000000000000119,22101782646,Approve,79550585,Classic,Visa,S,R5,0,0,1,A,-,A,M,35,Malay,MAL,MARRIED,SPM,7,MORTGAGE,Doctor,Real Estate,12,9652,11565,138785,138785,29,35,3.9,5990,34,37,5,N,Y,0,20250904,20250819,44640.46,30500,14140.46,740.09,Terengganu,0,0,629,2,Low,PL,V3
9/2/2026,1000000000000120,21261074936,Approve,88295121,Gold,Master,P,B2,0,0,94850000,A,B,N,F,51,Chinese,MAL,SINGLE,SPM,33,OWNED,Doctor,Retail Trade,3,7289,9763,117156,117156,23,26,3.22,3658,29,37,1,Y,Y,20260129,20260113,20251227,29381.39,24000,5381.39,1290.24,Selangor,N,0,638,1,Fair,V3,V3
9/2/2026,1000000000000121,27357085891,Approve,64162221,Gold,Master,P,T2,0,0,88,A,-,A,F,44,Malay,MAL,MARRIED,SPM,15,MORTGAGE,Doctor,Professional Services,22,17009,21171,254062,254062,16,28,10.62,2818,24,26,2,Y,N,20251223,20251222,20251209,57816.1,45500,12316.1,1046.22,Johor,Y,0,782,4,Very Good,C2,V3
9/2/2026,1000000000000122,25798417000,Approve,82712656,Gold,Visa,P,R5,0,0,0,A,B,A,F,27,Chinese,MAL,SINGLE,Diploma,2,RENTING,Army Personnel,Food & Beverage,4,16270,20982,251791,251791,34,37,12.86,6632,39,42,5,N,N,0,20251209,20251122,35863.68,26000,9863.68,1633.18,Kedah,N,0,576,3,Low,GD,V3
9/2/2026,1000000000000123,28000408602,Approve,45411876,Gold,Visa,P,O3,0,0,94850000,A,A,A,M,29,Indian,MAL,SINGLE,SPM,5,RENTING,Chef,Transportation,5,3913,4667,56015,56015,35,41,13.95,6651,40,50,1,Y,Y,20260512,20260427,20260422,24351.99,20000,4351.99,1080.65,Sarawak,1,0,513,2,Excellent,C2,BC
9/2/2026,1000000000000124,26138915579,Approve,49423056,Classic,Master,S,T3,0,0,1,A,H,N,M,22,Malay,MAL,MARRIED,Certificate,0,OWNED,Retail Assistant,Education,0,14445,17045,204540,204540,51,62,4.78,3367,49,60,1,Y,Y,20260113,20251231,20251204,27137.51,22000,5137.51,1234.02,Sabah,Y,0,468,3,Low,GD,IN
9/2/2026,1000000000000125,26545422300,Approve,28528338,Classic,Master,S,B1,0,0,88,A,A,N,F,27,Malay,MAL,SINGLE,Bachelor Degree,1,EMPLOYER PROVIDED,Police Officer,Retail Trade,1,6100,7384,88612,88612,42,53,10.55,4844,49,50,2,Y,Y,20260807,20260720,20260719,21979.46,17000,4979.46,1931.57,Kuala Lumpur,1,0,556,4,Very Good,C2,C2
9/2/2026,1000000000000126,25835143466,Approve,13003845,Classic,Master,S,R2,0,0,1,A,H,D,M,26,Malay,MAL,MARRIED,SPM,2,MORTGAGE,Administrator,Food & Beverage,5,14619,18989,227876,227876,35,47,13.84,588,42,49,1,Y,Y,20260506,20260419,20260404,22070.81,17500,4570.81,1942.01,Selangor,Y,0,472,1,Good,CL,V3
9/2/2026,1000000000000127,24461290350,Approve,40055302,Platinum,Master,P,O5,0,0,88,A,B, ,F,54,Malay,MAL,MARRIED,STPM,23,MORTGAGE,Teacher,Healthcare,23,11779,14954,179449,179449,16,19,14.63,1256,14,20,1,Y,Y,20260706,20260619,20260616,38482.61,30000,8482.61,89.07,Kuala Lumpur,Y,0,766,2,No Score,CL,V3
9/2/2026,1000000000000128,20226653846,Approve,95689443,Gold,Visa,S,O1,0,0,94850000,A,-, ,F,25,Malay,MAL,MARRIED,Master Degree,2,RENTING,Chef,Food & Beverage,5,22925,27890,334686,334686,19,23,7.96,855,26,29,5,Y,N,20260518,20260506,20260421,40745.49,33000,7745.49,1429.46,Selangor,Y,0,709,3,Excellent,GD,PL
9/2/2026,1000000000000129,23102430370,Approve,72992763,Platinum,Master,P,R5,0,0,88,A,-, ,F,58,Malay,MAL,MARRIED,Certificate,6,OWNED,Accountant,Food & Beverage,38,9692,13001,156015,156015,16,27,16.77,1283,17,26,3,Y,Y,20251122,20251104,20251015,33728.29,28000,5728.29,1645.28,Johor,1,0,708,3,Low,MG,C2
9/2/2026,1000000000000130,26961038986,Approve,41154021,Infinite,Master,P,B6,0,0,94850000,A,B,D,F,43,Chinese,MAL,SINGLE,SPM,3,OWNED,Contractor,Construction,20,18092,23414,280975,280975,24,36,6.78,4165,30,31,5,Y,N,20260403,20260318,20260226,61721.14,45500,16221.14,941.57,Perak,N,0,844,3,Low,GD,C2
9/2/2026,1000000000000131,28681988547,Approve,20159556,Platinum,Master,P,U2,0,0,94850000,A,A, ,M,35,Chinese,MAL,MARRIED,Bachelor Degree,13,OWNED,Contractor,Wholesale,16,21217,27280,327360,327360,28,37,15.96,5468,23,32,2,Y,N,20260831,20260823,20260809,75713.82,50500,25213.82,1995.25,Kedah,N,0,850,4,No Score,MG,IN
9/2/2026,1000000000000132,28572948287,Approve,79241651,Classic,Master,S,B6,0,0,1,A,-, ,M,34,Malay,MAL,DIVORCED,Diploma,6,FAMILY OWNED,Technician,Retail Trade,0,7592,10177,122129,122129,34,42,3.07,5767,37,45,2,N,N,0,20260427,20260331,32064.31,23000,9064.31,1129.07,Kuala Lumpur,N,0,554,4,Low,IN,CL
9/2/2026,1000000000000133,24267373264,Approve,62215999,Infinite,Master,S,R2,0,0,0,A,A,A,F,50,Malay,MAL,SINGLE,SPM,28,OWNED,Contractor,Plantation,26,24496,29046,348552,348552,19,21,15.38,4367,31,32,5,Y,N,20260216,20260207,20260203,76529.94,52000,24529.94,1787.6,Selangor,1,0,791,4,Good,C2,BC
9/2/2026,1000000000000134,20258241247,Approve,31368427,Gold,Master,P,U2,0,0,88,A,A, ,F,51,Indian,MAL,SINGLE,Certificate,31,MORTGAGE,Nurse,Retail Trade,33,21339,25938,311261,311261,13,18,15.17,2030,15,17,2,N,Y,0,20260627,20260626,54793.69,40500,14293.69,226.21,Sabah,Y,0,836,4,Excellent,C2,C2
9/2/2026,1000000000000135,22926003967,Approve,60525308,Gold,Visa,S,R1,0,0,1,A,H, ,F,63,Malay,MAL,MARRIED,Diploma,24,RENTING,Police Officer,Financial Services,14,22761,27092,325106,325106,30,38,2.34,5159,25,35,1,Y,N,20260418,20260413,20260331,55087.88,38500,16587.88,1299.36,Johor,Y,0,752,2,Low,V3,MG
9/2/2026,1000000000000136,21293815063,Approve,61104210,Platinum,Master,S,O1,0,0,88,A,B,A,M,56,Malay,MAL,WIDOWED,Diploma,12,OWNED,Civil Servant,Government,21,18370,23071,276860,276860,18,25,2.34,519,15,26,2,Y,N,20260211,20260208,20260124,46810.88,34500,12310.88,1429.17,Sabah,N,0,780,3,No Score,CL,C2
9/2/2026,1000000000000137,23051231809,Approve,96596388,Classic,Master,S,R1,0,0,1,A,-,D,F,23,Malay,MAL,SINGLE,SPM,2,OWNED,Supervisor,Oil & Gas,0,6758,7938,95263,95263,34,46,3.67,656,39,46,2,Y,Y,20251010,20250926,20250922,25337.03,20000,5337.03,1864.7,Kedah,1,0,553,1,No Score,CL,V3
9/2/2026,1000000000000138,22691017647,Approve,93805780,Platinum,Master,S,T1,0,0,1,A,B,N,M,59,Chinese,MAL,SINGLE,Bachelor Degree,27,OWNED,Lecturer,Retail Trade,25,22904,30749,368996,368996,13,23,13.4,1109,14,21,1,Y,Y,20251030,20251013,20250923,58838.2,49000,9838.2,338.41,Perak,1,0,818,3,Low,C2,MG
9/2/2026,1000000000000139,29922337747,Approve,18809485,Gold,Visa,S,U3,0,0,88,A,A,D,M,32,Malay,MAL,SINGLE,PhD,0,EMPLOYER PROVIDED,Accountant,Education,12,21464,26994,323929,323929,20,26,14.08,6241,22,25,2,Y,Y,20251126,20251116,20251106,64654.24,52500,12154.24,1757.53,Terengganu,N,0,749,2,Very Good,IN,PL
9/2/2026,1000000000000140,26813460825,Approve,72796578,Platinum,Visa,P,T1,0,0,0,A,D,N,M,54,Indian,MAL,SINGLE,SPM,24,RENTING,Accountant,Manufacturing,2,15470,20334,244011,244011,22,33,13.41,7416,28,31,1,N,N,0,20260413,20260407,56244.42,41000,15244.42,1385.06,Melaka,1,0,706,1,Good,PL,CL
9/2/2026,1000000000000141,22051667323,Approve,35553337,Gold,Master,S,U1,0,0,1,A,-,D,M,27,Malay,MAL,SINGLE,SPM,5,MORTGAGE,Supervisor,Telecommunications,7,18406,23046,276552,276552,18,30,10.08,3735,20,25,3,Y,N,20250930,20250929,20250919,43621.59,34000,9621.59,1841.97,Selangor,0,0,819,1,Very Good,BC,V3
9/2/2026,1000000000000142,21973440325,Approve,12895539,Infinite,Master,S,B2,0,0,94850000,A,-,D,F,57,Others,MAL,DIVORCED,STPM,19,RENTING,Chef,Construction,35,18788,23137,277652,277652,23,30,12.33,4419,26,29,5,Y,Y,20251101,20251022,20251006,49080.46,38500,10580.46,1828.11,Sarawak,0,0,736,2,Very Good,BC,C2
9/2/2026,1000000000000143,29869850316,Approve,97441279,Gold,Master,S,O3,0,0,94850000,A,H,D,F,63,Malay,MAL,MARRIED,PhD,33,OWNED,Security Guard,Oil & Gas,31,17935,21985,263825,263825,21,25,0.72,6224,21,27,3,N,N,0,20250922,20250917,59680.46,47000,12680.46,43.74,Sarawak,0,0,804,3,Low,MG,MG
9/2/2026,1000000000000144,22192997607,Approve,98842638,Platinum,Visa,P,B2,0,0,94850000,A,B,D,M,54,Indian,MAL,SINGLE,Diploma,29,RENTING,Businessman,Wholesale,30,19606,26155,313863,313863,13,20,2.86,3632,17,21,5,Y,Y,20251230,20251218,20251122,60589.93,47000,13589.93,1592,Kedah,1,0,706,2,Low,PL,C2
9/2/2026,1000000000000145,26119379977,Approve,43274275,Platinum,Master,P,U3,0,0,88,A,D,D,M,63,Malay,MAL,MARRIED,Diploma,15,MORTGAGE,Clerk,Oil & Gas,28,24809,29139,349679,349679,6,15,7.19,4555,5,11,1,N,N,0,20250923,20250914,55553.64,40000,15553.64,1924.68,Johor,Y,0,768,1,Good,PL,V3
9/2/2026,1000000000000146,20944685562,Approve,62974395,Gold,Visa,S,B1,0,0,1,A,A,A,F,21,Malay,MAL,MARRIED,Diploma,1,MORTGAGE,Security Guard,Construction,3,2593,3269,39235,39235,40,50,10.89,5414,42,53,1,Y,N,20260412,20260411,20260325,13927.86,10000,3927.86,1666.77,Johor,1,0,506,4,No Score,C2,PL
9/2/2026,1000000000000147,29664888511,Approve,52812494,Infinite,Visa,S,T1,0,0,0,A,-,N,M,48,Malay,MAL,SINGLE,STPM,5,RENTING,Retail Assistant,Government,25,21743,25740,308887,308887,24,31,4.64,6823,19,31,1,Y,N,20260808,20260730,20260710,64105.64,43000,21105.64,991.36,Kuala Lumpur,1,0,779,4,No Score,PL,IN
9/2/2026,1000000000000148,27577494392,Approve,77484308,Infinite,Master,S,B2,0,0,1,A,H,D,F,30,Indian,MAL,SINGLE,SPM,4,OWNED,Technician,Government,2,19155,23635,283630,283630,26,30,5.65,5753,35,37,5,Y,Y,20251216,20251202,20251106,40190.77,33000,7190.77,1364.09,Sabah,N,0,729,2,Excellent,C2,GD
9/2/2026,1000000000000149,23108157828,Approve,98242071,Infinite,Visa,S,R2,0,0,88,A,H,N,F,34,Chinese,MAL,MARRIED,SPM,11,RENTING,Businessman,Transportation,13,16885,20421,245056,245056,22,33,12.39,5206,27,31,1,Y,N,20251021,20251010,20250921,36810.65,26000,10810.65,1244.64,Melaka,N,0,673,3,Very Good,BC,MG
9/2/2026,1000000000000150,29223111121,Approve,48112097,Gold,Visa,P,T2,0,0,0,A,-,A,M,28,Others,MAL,SINGLE,Bachelor Degree,2,FAMILY OWNED,Nurse,Manufacturing,0,7595,9737,116855,116855,33,40,1.71,7211,43,47,3,Y,N,20260815,20260806,20260717,25830.6,19000,6830.6,898.46,Pulau Pinang,Y,0,595,4,Low,IN,GD
9/2/2026,1000000000000151,23024445022,Approve,49885623,Classic,Visa,P,O5,0,0,0,A,-, ,M,48,Chinese,MAL,SINGLE,Bachelor Degree,12,OWNED,Technician,Government,14,4249,5642,67714,67714,41,47,13.59,6027,46,48,2,Y,N,20251227,20251216,20251117,27830.36,22000,5830.36,1294.03,Kelantan,0,0,578,2,No Score,V3,CL
9/2/2026,1000000000000152,26034286517,Approve,93302663,Platinum,Visa,P,R2,0,0,0,A,H,N,F,29,Indian,MAL,MARRIED,STPM,6,FAMILY OWNED,Army Personnel,Professional Services,11,18971,25228,302737,302737,10,18,16.87,3551,13,16,1,Y,N,20260113,20251231,20251202,63284.19,45000,18284.19,1640.56,Pulau Pinang,N,0,815,1,No Score,BC,GD
9/2/2026,1000000000000153,24424571354,Approve,87267518,Infinite,Visa,S,U1,0,0,94850000,A,-,A,M,45,Chinese,MAL,MARRIED,Master Degree,14,FAMILY OWNED,Army Personnel,Manufacturing,23,20531,26661,319932,319932,12,19,5.88,3882,12,20,3,Y,Y,20260520,20260506,20260425,54172.66,38500,15672.66,345.79,Melaka,0,0,689,1,Good,MG,IN
9/2/2026,1000000000000154,26362427245,Approve,10344739,Classic,Master,S,O5,0,0,0,A,-,A,F,53,Malay,MAL,MARRIED,SPM,18,RENTING,Accountant,Government,15,17571,21746,260963,260963,33,43,0.17,525,41,47,5,Y,N,20251004,20250922,20250912,32624.88,22500,10124.88,196.2,Sabah,0,0,610,3,Good,C2,V3
9/2/2026,1000000000000155,23417580704,Approve,77125394,Gold,Visa,P,U1,0,0,0,A,B,D,F,31,Malay,MAL,SINGLE,Diploma,4,RENTING,Supervisor,Transportation,8,21844,28353,340238,340238,16,25,1.64,2945,12,23,2,Y,N,20251031,20251017,20251010,47285.44,37000,10285.44,1940.95,Kelantan,N,0,830,1,Fair,IN,MG
9/2/2026,1000000000000156,26113833020,Approve,28853237,Platinum,Visa,P,T3,0,0,94850000,A,-,N,M,29,Others,MAL,SINGLE,SPM,10,MORTGAGE,Supervisor,Wholesale,3,16795,21753,261039,261039,22,27,6.42,4761,31,33,1,N,Y,0,20260212,20260115,45915.68,31500,14415.68,431.25,Pulau Pinang,0,0,688,4,Excellent,MG,C2
9/2/2026,1000000000000157,23567960298,Approve,65921495,Classic,Visa,P,T2,0,0,1,A,H,D,F,29,Others,MAL,DIVORCED,SPM,8,RENTING,Army Personnel,Manufacturing,10,12648,14996,179963,179963,48,56,4.84,4961,56,62,3,Y,Y,20260709,20260625,20260615,19729.48,16000,3729.48,1491.42,Selangor,1,0,562,4,Very Good,MG,BC
9/2/2026,1000000000000158,20059306448,Approve,65692507,Classic,Visa,S,T3,0,0,0,A,D, ,F,30,Malay,MAL,SINGLE,Bachelor Degree,0,RENTING,Technician,Hospitality,6,8336,10326,123915,123915,36,47,10.84,4358,39,43,2,Y,Y,20260117,20260106,20260105,31076.52,21500,9576.52,844.36,Johor,0,0,485,1,Good,MG,V3
9/2/2026,1000000000000159,22507113182,Approve,75972463,Infinite,Visa,P,T2,0,0,0,A,-,A,F,65,Chinese,MAL,WIDOWED,Diploma,1,FAMILY OWNED,Technician,Professional Services,35,15172,20137,241653,241653,28,35,7.6,1277,25,32,2,Y,N,20260419,20260404,20260322,37801.73,29500,8301.73,715.23,Selangor,Y,0,802,3,No Score,MG,C2
9/2/2026,1000000000000160,28158834891,Approve,80314738,Platinum,Master,S,T1,0,0,0,A,A,N,F,51,Indian,MAL,SINGLE,Diploma,0,OWNED,Retail Assistant,Education,22,9175,12380,148570,148570,19,31,16.81,3941,21,29,2,N,Y,0,20260325,20260302,41956.19,34500,7456.19,1128.55,Perak,0,0,769,3,Good,BC,MG
9/2/2026,1000000000000161,24505104657,Approve,78555983,Gold,Master,S,B1,0,0,88,A,-, ,F,24,Malay,MAL,SINGLE,SPM,1,RENTING,Contractor,Transportation,2,14049,18125,217511,217511,38,43,8.3,5957,39,48,3,Y,N,20260102,20251226,20251222,20425.22,14500,5925.22,1002.16,Sarawak,0,0,441,4,Excellent,BC,BC
9/2/2026,1000000000000162,25087270185,Approve,41913701,Infinite,Visa,S,R5,0,0,1,A,H,A,F,42,Malay,MAL,MARRIED,SPM,10,RENTING,Police Officer,Plantation,24,8591,10187,122246,122246,24,30,2.35,6250,25,29,1,N,N,0,20260915,20260823,31249.88,23000,8249.88,292.74,Selangor,1,0,768,4,Low,GD,GD
9/2/2026,1000000000000163,23805420444,Approve,97011596,Infinite,Master,S,T3,0,0,88,A,A, ,M,54,Indian,MAL,MARRIED,Certificate,21,RENTING,Engineer,Telecommunications,18,12236,16318,195824,195824,20,26,2.97,7355,15,23,2,N,Y,0,20250827,20250821,45018.72,35000,10018.72,1996.81,Sarawak,Y,0,686,1,Good,PL,PL
9/2/2026,1000000000000164,20038519628,Approve,77684507,Classic,Master,S,R5,0,0,94850000,A,H,D,M,24,Chinese,MAL,MARRIED,Bachelor Degree,1,OWNED,Police Officer,Professional Services,5,12023,15315,183781,183781,30,33,13.48,2284,34,39,1,N,Y,0,20251102,20251006,34193.21,27000,7193.21,1653.87,Selangor,0,0,526,3,Low,GD,BC
9/2/2026,1000000000000165,22490285087,Approve,13971694,Platinum,Master,S,U2,0,0,88,A,-,A,M,34,Chinese,MAL,MARRIED,Diploma,9,FAMILY OWNED,Supervisor,Food & Beverage,10,13690,18204,218451,218451,30,35,5.06,5426,42,45,3,Y,N,20260910,20260830,20260812,33292.22,26500,6792.22,173.98,Negeri Sembilan,0,0,672,1,Good,C2,PL
9/2/2026,1000000000000166,23045011390,Approve,85374852,Infinite,Master,P,O1,0,0,1,A,D, ,M,53,Chinese,MAL,MARRIED,Bachelor Degree,10,RENTING,Retail Assistant,Government,22,15792,19182,230192,230192,19,29,8.97,7076,15,24,3,Y,N,20260113,20251226,20251207,50037.33,34000,16037.33,1837.6,Pulau Pinang,N,0,689,1,Very Good,CL,GD
9/2/2026,1000000000000167,26961264736,Approve,96078953,Platinum,Visa,P,T1,0,0,88,A,A,N,F,42,Chinese,MAL,MARRIED,SPM,17,RENTING,Technician,Agriculture,1,19766,24970,299645,299645,26,34,17.28,3122,27,38,2,Y,N,20251125,20251111,20251022,51855.56,41500,10355.56,1678.65,Perak,0,0,757,1,Fair,CL,V3
9/2/2026,1000000000000168,22595729925,Approve,51088896,Gold,Master,S,U1,0,0,94850000,A,D, ,M,52,Malay,MAL,SINGLE,PhD,11,OWNED,Engineer,Real Estate,24,17233,22287,267449,267449,24,34,17.3,7615,18,29,2,Y,N,20260311,20260306,20260219,46992.64,34000,12992.64,37.31,Perak,0,0,760,4,Fair,C2,PL
9/2/2026,1000000000000169,26618309188,Approve,30112846,Gold,Master,P,B2,0,0,1,A,A,D,F,22,Chinese,MAL,SINGLE,Bachelor Degree,4,OWNED,Technician,Financial Services,3,8382,10532,126387,126387,24,26,8.29,3690,26,38,3,N,N,0,20260810,20260718,30867.68,25500,5367.68,1334.69,Kedah,Y,0,669,1,Excellent,PL,BC
9/2/2026,1000000000000170,29604760244,Approve,93100528,Platinum,Master,P,B6,0,0,0,A,B,A,M,53,Chinese,MAL,SINGLE,Master Degree,2,RENTING,Engineer,Plantation,18,15638,21109,253314,253314,37,46,0.41,763,39,44,5,Y,N,20260618,20260607,20260515,28635.1,20500,8135.1,480.71,Selangor,N,0,562,3,Good,PL,GD
9/2/2026,1000000000000171,25883643507,Approve,57853401,Gold,Master,P,R2,0,0,88,A,H,N,M,44,Indian,MAL,SINGLE,Master Degree,6,RENTING,Chef,Telecommunications,22,14801,19492,233908,233908,14,25,0.99,3789,12,23,1,Y,N,20260112,20260109,20251211,54467.79,36500,17967.79,1660.29,Johor,0,0,764,2,No Score,V3,GD
9/2/2026,1000000000000172,20636202512,Approve,67494251,Classic,Master,P,R5,0,0,94850000,A,H,N,M,61,Malay,MAL,MARRIED,SPM,33,RENTING,Businessman,Healthcare,4,21917,26049,312591,312591,42,47,3.53,2290,42,48,5,Y,Y,20260418,20260401,20260329,31123.68,25500,5623.68,1431.15,Terengganu,1,0,539,3,Low,C2,V3
9/2/2026,1000000000000173,26187983739,Approve,39621339,Infinite,Visa,S,R1,0,0,1,A,D,N,M,56,Malay,MAL,SINGLE,SPM,32,OWNED,IT Executive,Retail Trade,1,9398,12197,146369,146369,24,36,3.57,5804,29,36,3,Y,N,20260905,20260826,20260825,51604.51,36000,15604.51,40.98,Johor,0,0,708,2,No Score,V3,BC
9/2/2026,1000000000000174,22472739396,Approve,22840776,Infinite,Visa,S,U1,0,0,0,A,-,D,F,46,Malay,MAL,MARRIED,Bachelor Degree,19,MORTGAGE,Lecturer,Food & Beverage,13,23383,29835,358031,358031,22,34,12.8,2946,20,28,1,N,Y,0,20260807,20260717,61778.9,44500,17278.9,1423.53,Selangor,N,0,743,3,Fair,BC,CL
9/2/2026,1000000000000175,22025162458,Approve,48215197,Infinite,Visa,S,B6,0,0,1,A,B, ,F,46,Malay,MAL,MARRIED,SPM,2,OWNED,Accountant,Government,16,23048,30710,368531,368531,15,22,2.13,5307,18,24,5,Y,N,20260528,20260521,20260514,65070.31,49500,15570.31,1751.94,Selangor,1,0,817,4,No Score,CL,IN
9/2/2026,1000000000000176,21714706207,Approve,45020235,Platinum,Visa,P,B6,0,0,1,A,B,A,F,32,Malay,MAL,DIVORCED,SPM,4,RENTING,Doctor,Real Estate,7,22172,29441,353300,353300,24,26,17.87,7475,27,32,3,Y,Y,20251127,20251124,20251109,69870.82,50500,19370.82,366.93,Kedah,1,0,749,3,Very Good,PL,CL
9/2/2026,1000000000000177,25409750971,Approve,66785928,Platinum,Visa,S,U1,0,0,88,A,B,A,F,22,Malay,MAL,SINGLE,STPM,0,RENTING,Driver,Plantation,3,14346,16710,200520,200520,29,32,10.54,6766,38,48,2,Y,Y,20260216,20260127,20260116,47144.53,33500,13644.53,1958.12,Selangor,1,0,627,1,Very Good,IN,C2
9/2/2026,1000000000000178,24860660841,Approve,45929474,Gold,Master,P,R2,0,0,0,A,D,A,F,44,Others,MAL,SINGLE,Diploma,10,FAMILY OWNED,Factory Worker,Healthcare,13,16380,21595,259140,259140,30,35,11.68,526,32,43,3,Y,Y,20260118,20260101,20251229,39303.38,29000,10303.38,813.85,Sabah,0,0,595,3,Good,IN,PL
9/2/2026,1000000000000179,24388838121,Approve,14957087,Platinum,Visa,S,T3,0,0,94850000,A,A,N,M,60,Malay,MAL,SINGLE,Master Degree,16,MORTGAGE,Doctor,Healthcare,29,20979,26467,317612,317612,13,18,7.73,7773,11,15,5,N,N,0,20251002,20250912,39300.15,32500,6800.15,926.69,Sabah,1,0,775,3,Excellent,PL,MG
9/2/2026,1000000000000180,26860386238,Approve,72982807,Platinum,Master,S,B1,0,0,88,A,D,N,M,51,Chinese,MAL,SINGLE,Bachelor Degree,8,FAMILY OWNED,Sales Executive,Transportation,11,15334,18135,217624,217624,22,28,0.04,7104,17,27,5,Y,N,20260806,20260719,20260718,33203.77,26500,6703.77,709.12,Sarawak,Y,0,697,4,Good,IN,CL
9/2/2026,1000000000000181,21821858955,Approve,91640944,Classic,Visa,P,U2,0,0,88,A,B,N,M,24,Malay,MAL,MARRIED,Master Degree,1,RENTING,Engineer,Construction,1,5754,7495,89940,89940,42,45,8.61,5438,53,62,1,Y,N,20260205,20260123,20260109,11467.52,9000,2467.52,1430.75,Perak,Y,0,412,1,No Score,CL,PL
9/2/2026,1000000000000182,25345230967,Approve,65796147,Platinum,Master,S,U1,0,0,1,A,D,A,F,42,Indian,MAL,MARRIED,Certificate,15,FAMILY OWNED,Manager,Government,17,23966,29181,350173,350173,26,36,7.98,506,33,37,1,Y,N,20260331,20260311,20260303,70105.41,53000,17105.41,255.83,Pulau Pinang,0,0,686,4,Low,GD,MG
9/2/2026,1000000000000183,20038588652,Approve,83465365,Classic,Master,S,R1,0,0,88,A,A, ,M,59,Malay,MAL,SINGLE,SPM,15,OWNED,Engineer,Healthcare,12,10969,13724,164698,164698,44,46,10.02,6728,43,50,5,Y,Y,20260203,20260116,20251226,24710.56,16500,8210.56,1873.9,Kuala Lumpur,N,0,550,2,Very Good,MG,PL
9/2/2026,1000000000000184,29410429253,Approve,74914236,Classic,Master,P,O3,0,0,0,A,-,D,F,23,Chinese,MAL,MARRIED,SPM,0,RENTING,IT Executive,Education,3,14105,16383,196597,196597,43,45,17.54,890,41,52,3,N,N,0,20250918,20250914,33183.51,26500,6683.51,73.05,Perak,0,0,492,4,Good,CL,GD
9/2/2026,1000000000000185,23176462808,Approve,79983564,Gold,Master,P,U3,0,0,88,A,A,D,M,65,Chinese,MAL,WIDOWED,Bachelor Degree,8,OWNED,Factory Worker,Financial Services,5,21906,27942,335309,335309,14,15,4.89,5183,14,22,2,Y,N,20260303,20260216,20260201,51733.76,43000,8733.76,1615.29,Kedah,0,0,755,3,Fair,BC,V3
9/2/2026,1000000000000186,20809960733,Approve,63940074,Infinite,Visa,P,T1,0,0,94850000,A,B,N,F,38,Malay,MAL,MARRIED,Diploma,9,RENTING,Factory Worker,Telecommunications,18,21768,29127,349525,349525,22,31,3.48,7750,21,32,2,N,N,0,20260314,20260312,46465.46,35000,11465.46,1286.6,Selangor,1,0,663,1,Excellent,CL,BC
9/2/2026,1000000000000187,28123892653,Approve,36907194,Platinum,Master,P,B1,0,0,0,A,B,N,F,52,Malay,MAL,MARRIED,Bachelor Degree,6,MORTGAGE,Self-Employed,Hospitality,26,20005,25649,307797,307797,16,19,4.41,4986,17,24,5,Y,N,20260502,20260417,20260403,42837.56,35000,7837.56,1015.61,Negeri Sembilan,0,0,789,3,Low,MG,MG
9/2/2026,1000000000000188,22638759194,Approve,42772218,Platinum,Visa,S,U2,0,0,94850000,A,-,A,F,49,Chinese,MAL,SINGLE,Bachelor Degree,29,RENTING,Police Officer,Food & Beverage,5,14946,18892,226705,226705,27,36,3.44,5847,40,44,1,N,Y,0,20251023,20251012,39785.48,30000,9785.48,814.72,Pahang,N,0,647,2,Good,V3,PL
9/2/2026,1000000000000189,29936145502,Approve,68278926,Platinum,Master,P,U2,0,0,1,A,D,A,F,52,Malay,MAL,SINGLE,Diploma,21,FAMILY OWNED,Supervisor,Construction,29,15645,20204,242455,242455,13,16,16.56,3668,17,19,1,Y,Y,20251019,20250929,20250920,44966.94,30000,14966.94,504.22,Kuala Lumpur,0,0,779,2,Low,CL,PL
9/2/2026,1000000000000190,28772788632,Approve,49500612,Platinum,Master,P,T3,0,0,88,A,H, ,F,50,Malay,MAL,MARRIED,No Formal Education,32,RENTING,Security Guard,Education,12,17177,21097,253167,253167,24,34,9.81,2878,22,33,3,Y,Y,20250828,20250825,20250729,55429.47,37000,18429.47,1757.43,Negeri Sembilan,0,0,724,4,Low,IN,IN
9/2/2026,1000000000000191,29225829398,Approve,71443076,Infinite,Visa,P,B1,0,0,0,A,D,A,F,52,Chinese,MAL,MARRIED,Diploma,8,OWNED,Manager,Food & Beverage,31,15275,19392,232705,232705,14,20,12.61,5111,12,19,2,Y,Y,20260327,20260308,20260302,49566.33,35000,14566.33,1973.31,Selangor,N,0,850,3,Fair,V3,CL
9/2/2026,1000000000000192,21956287902,Approve,97577092,Platinum,Visa,P,T2,0,0,94850000,A,D,N,M,64,Chinese,MAL,SINGLE,SPM,1,RENTING,Nurse,Wholesale,39,19571,26070,312848,312848,16,26,7.35,5931,14,22,1,Y,Y,20260430,20260414,20260317,58112.75,43500,14612.75,600.57,Terengganu,N,0,757,1,No Score,IN,C2
9/2/2026,1000000000000193,27923539953,Approve,91113368,Platinum,Master,P,R2,0,0,1,A,D,D,F,54,Chinese,MAL,SINGLE,SPM,15,FAMILY OWNED,Contractor,Retail Trade,13,23705,31372,376469,376469,19,26,16.79,6575,22,32,5,N,Y,0,20251111,20251108,41995.21,29000,12995.21,1373.15,Selangor,1,0,648,1,No Score,IN,CL
9/2/2026,1000000000000194,24876149079,Approve,54779565,Gold,Visa,P,U3,0,0,0,A,A,A,M,40,Chinese,MAL,SINGLE,SPM,15,OWNED,Engineer,Oil & Gas,18,8546,10894,130737,130737,18,26,17.57,3784,18,27,5,Y,Y,20260125,20260112,20260104,37077.85,30500,6577.85,1005.4,Kuala Lumpur,0,0,677,4,Fair,IN,V3
9/2/2026,1000000000000195,26048967845,Approve,31554962,Platinum,Visa,P,B6,0,0,1,A,-,A,M,49,Chinese,MAL,SINGLE,Certificate,14,OWNED,Supervisor,Oil & Gas,19,15350,19675,236105,236105,14,24,6.09,982,18,20,1,Y,Y,20260529,20260512,20260414,57438.88,38500,18938.88,425.06,Melaka,N,0,811,1,Excellent,C2,IN
9/2/2026,1000000000000196,27357957551,Approve,72535301,Platinum,Master,P,U2,0,0,88,A,A,D,M,60,Chinese,MAL,SINGLE,Bachelor Degree,0,OWNED,Administrator,Transportation,32,20436,27077,324929,324929,21,26,8.56,3234,25,35,5,Y,N,20260302,20260220,20260130,69470.25,49500,19970.25,1260.61,Terengganu,N,0,757,2,Very Good,V3,IN
9/2/2026,1000000000000197,28832660487,Approve,77563757,Platinum,Visa,S,T3,0,0,88,A,D,D,F,45,Chinese,MAL,MARRIED,Bachelor Degree,12,OWNED,Sales Executive,Plantation,11,18329,23223,278678,278678,21,30,6.49,3432,21,28,5,N,Y,0,20260709,20260627,74241.04,51500,22741.04,682.1,Pahang,Y,0,804,3,Very Good,IN,MG
9/2/2026,1000000000000198,27945714358,Approve,93858663,Platinum,Master,S,O3,0,0,94850000,A,A,A,M,43,Malay,MAL,SINGLE,Certificate,17,OWNED,IT Executive,Telecommunications,19,23683,31598,379183,379183,18,28,2.96,856,12,22,5,N,N,0,20260625,20260530,73431.7,56000,17431.7,652.8,Johor,0,0,850,1,Fair,IN,GD
9/2/2026,1000000000000199,27134356284,Approve,89231027,Gold,Visa,P,B6,0,0,1,A,B,A,M,21,Chinese,MAL,MARRIED,Bachelor Degree,1,OWNED,Security Guard,Healthcare,0,23704,27806,333674,333674,27,39,17.31,3947,21,33,2,N,N,0,20260603,20260505,44928.74,36500,8428.74,1219.59,Sabah,0,0,849,1,Fair,GD,IN
9/2/2026,1000000000000200,23506850876,Approve,28208520,Platinum,Visa,P,T2,0,0,0,A,B,D,F,39,Malay,MAL,MARRIED,Diploma,18,OWNED,Supervisor,Financial Services,20,11233,13944,167338,167338,24,27,12.9,5891,31,39,1,Y,N,20260224,20260210,20260122,51055.98,37500,13555.98,1034.88,Selangor,Y,0,701,2,Very Good,V3,C2
9/2/2026,1000000000000201,20575297554,Approve,86132626,Infinite,Master,P,O1,0,0,0,A,H,A,F,53,Indian,MAL,SINGLE,Bachelor Degree,2,OWNED,Security Guard,Oil & Gas,20,7328,8635,103629,103629,30,33,17.62,5720,34,36,5,Y,Y,20260222,20260206,20260121,41177.42,34000,7177.42,116.66,Selangor,1,0,724,1,Excellent,PL,IN
9/2/2026,1000000000000202,22637703905,Approve,78509294,Classic,Master,P,T3,0,0,0,A,H,D,F,59,Malay,MAL,MARRIED,No Formal Education,8,OWNED,Sales Executive,Retail Trade,5,16971,20756,249080,249080,45,46,11.4,5155,48,52,2,N,Y,0,20260604,20260518,39367.82,30500,8867.82,968.24,Kedah,N,0,599,4,Very Good,CL,BC
9/2/2026,1000000000000203,23468624606,Approve,65888148,Platinum,Visa,S,U1,0,0,94850000,A,-,N,F,41,Malay,MAL,SINGLE,SPM,21,FAMILY OWNED,Doctor,Plantation,3,11484,13522,162267,162267,32,33,12.74,5987,27,37,2,Y,Y,20251213,20251212,20251123,43909.64,34000,9909.64,1741,Selangor,Y,0,665,1,Fair,GD,V3
9/2/2026,1000000000000204,26204185174,Approve,42271567,Platinum,Master,P,R5,0,0,88,A,A,A,F,44,Malay,MAL,MARRIED,Master Degree,2,RENTING,Chef,Government,20,21252,28561,342733,342733,23,28,12.58,4687,28,33,2,Y,Y,20251016,20250926,20250908,35164.1,29000,6164.1,535.83,Selangor,0,0,718,3,No Score,GD,IN
9/2/2026,1000000000000205,29905501559,Approve,35752970,Infinite,Visa,S,R1,0,0,0,A,-,D,M,55,Chinese,MAL,DIVORCED,Master Degree,31,MORTGAGE,Administrator,Transportation,32,24443,31411,376940,376940,9,11,6.79,6826,10,14,5,N,N,0,20260211,20260112,70503.49,52500,18003.49,1445.22,Sarawak,N,0,813,1,Good,PL,MG
9/2/2026,1000000000000206,22004447528,Approve,38000749,Infinite,Visa,P,O1,0,0,88,A,A,A,M,53,Chinese,MAL,SINGLE,Master Degree,30,FAMILY OWNED,Sales Executive,Manufacturing,21,21630,25660,307931,307931,22,31,6.89,1888,23,33,5,N,Y,0,20260418,20260322,64026.42,49000,15026.42,868.06,Sabah,Y,0,768,4,Good,MG,BC
9/2/2026,1000000000000207,27397091345,Approve,60138147,Gold,Visa,P,B2,0,0,94850000,A,-, ,F,21,Malay,MAL,SINGLE,Diploma,3,FAMILY OWNED,Self-Employed,Oil & Gas,2,7054,8511,102139,102139,27,30,12.72,6884,31,37,5,Y,Y,20260330,20260327,20260323,22120.82,16500,5620.82,230.4,Selangor,0,0,563,3,No Score,IN,MG
9/2/2026,1000000000000208,25092515703,Approve,37789808,Classic,Master,S,R1,0,0,1,A,B, ,M,59,Indian,MAL,MARRIED,Master Degree,25,MORTGAGE,Security Guard,Healthcare,8,1904,2448,29386,29386,39,41,15.59,4830,45,57,3,Y,Y,20250902,20250823,20250807,9673.21,7500,2173.21,45.75,Pahang,N,0,365,4,No Score,MG,GD
9/2/2026,1000000000000209,27064330789,Approve,23785264,Gold,Master,P,O3,0,0,0,A,D,N,M,47,Malay,MAL,SINGLE,STPM,7,OWNED,Businessman,Construction,15,13671,16855,202264,202264,23,31,4.49,3866,28,30,2,Y,Y,20251122,20251120,20251021,44182.37,34000,10182.37,1753.29,Johor,1,0,691,2,Very Good,IN,IN
9/2/2026,1000000000000210,22794825579,Approve,58898211,Platinum,Visa,S,T3,0,0,0,A,H,N,M,53,Chinese,MAL,DIVORCED,STPM,14,OWNED,Lecturer,Education,35,20734,25705,308468,308468,28,30,17.94,1469,23,35,3,N,Y,0,20260108,20251221,65572.67,46000,19572.67,393.39,Selangor,1,0,849,2,Good,V3,MG
9/2/2026,1000000000000211,24066067725,Approve,12760674,Platinum,Visa,P,U2,0,0,0,A,H, ,M,42,Chinese,MAL,MARRIED,Diploma,8,OWNED,Administrator,Professional Services,18,24308,29691,356300,356300,6,14,7.3,4360,5,9,5,Y,Y,20260207,20260202,20260119,79207.51,54000,25207.51,1480.49,Selangor,1,0,822,1,Very Good,PL,BC
9/2/2026,1000000000000212,25541534956,Approve,98227915,Infinite,Master,P,T2,0,0,88,A,H,N,M,56,Chinese,MAL,MARRIED,No Formal Education,4,OWNED,Businessman,Education,31,17063,22781,273376,273376,25,34,13.13,7353,29,34,1,Y,Y,20251209,20251206,20251112,53025.07,36000,17025.07,1479.69,Perak,1,0,616,2,No Score,C2,C2
9/2/2026,1000000000000213,29141320204,Approve,27893746,Platinum,Master,S,O5,0,0,94850000,A,D, ,M,56,Chinese,MAL,SINGLE,SPM,16,FAMILY OWNED,Clerk,Real Estate,36,3028,3892,46711,46711,36,38,2.41,7039,46,48,1,N,N,0,20250911,20250827,18475.36,15000,3475.36,1483.52,Pulau Pinang,Y,0,483,2,Very Good,GD,GD
9/2/2026,1000000000000214,29635902935,Approve,46552130,Gold,Master,S,U1,0,0,1,A,B, ,M,44,Malay,MAL,SINGLE,SPM,8,OWNED,Engineer,Wholesale,9,8864,10309,123708,123708,30,40,9.86,7685,35,47,3,N,Y,0,20251124,20251117,34439.55,28000,6439.55,1748.87,Sabah,N,0,544,1,Excellent,IN,MG
9/2/2026,1000000000000215,29774619239,Approve,13027878,Gold,Master,P,R2,0,0,1,A,D, ,M,22,Malay,MAL,SINGLE,Diploma,0,FAMILY OWNED,IT Executive,Food & Beverage,3,2784,3346,40159,40159,35,38,0.13,6242,39,42,2,Y,Y,20260821,20260814,20260807,20298.35,15500,4798.35,320.13,Johor,Y,0,517,3,No Score,V3,V3
9/2/2026,1000000000000216,26553886887,Approve,48832971,Platinum,Visa,S,R2,0,0,94850000,A,B, ,M,29,Malay,MAL,MARRIED,SPM,3,RENTING,Supervisor,Government,6,17978,22817,273813,273813,19,20,13.41,1333,18,25,1,N,Y,0,20251223,20251214,40334.48,31500,8834.48,1543.18,Negeri Sembilan,N,0,758,3,Low,GD,MG
9/2/2026,1000000000000217,27689290993,Approve,28451000,Classic,Master,P,O1,0,0,94850000,A,A,A,F,33,Malay,MAL,MARRIED,SPM,12,RENTING,Accountant,Agriculture,3,23938,30140,361684,361684,45,49,17.07,3089,46,51,5,N,Y,0,20250818,20250816,33618.02,26000,7618.02,652.12,Selangor,N,0,608,1,Fair,CL,CL
9/2/2026,1000000000000218,28624507389,Approve,71771191,Infinite,Master,P,O5,0,0,0,A,A,A,M,26,Chinese,MAL,DIVORCED,Master Degree,1,MORTGAGE,Army Personnel,Telecommunications,3,13531,15616,187401,187401,35,39,0.94,1651,42,49,1,Y,N,20260327,20260315,20260218,23161.06,17000,6161.06,1413.82,Pahang,0,0,565,4,Very Good,MG,IN
9/2/2026,1000000000000219,20966387030,Approve,49765631,Platinum,Visa,P,T1,0,0,0,A,-,A,M,43,Chinese,MAL,MARRIED,Bachelor Degree,20,RENTING,Factory Worker,Retail Trade,5,24041,28323,339877,339877,16,18,16.88,3858,23,27,3,Y,N,20260226,20260218,20260202,71281.05,57000,14281.05,539.25,Sarawak,N,0,766,1,Low,C2,PL
9/2/2026,1000000000000220,20381777654,Approve,17612531,Classic,Visa,P,R5,0,0,1,A,A,D,M,52,Chinese,MAL,MARRIED,SPM,23,FAMILY OWNED,Manager,Agriculture,12,14039,17457,209487,209487,47,48,7.24,2844,52,61,3,Y,Y,20260226,20260218,20260126,24116.51,19000,5116.51,294.35,Negeri Sembilan,Y,0,532,4,Very Good,BC,CL
9/2/2026,1000000000000221,24579998693,Approve,40218464,Platinum,Master,P,O3,0,0,1,A,-,N,F,54,Chinese,MAL,MARRIED,Bachelor Degree,24,FAMILY OWNED,Nurse,Professional Services,16,14042,17701,212422,212422,26,35,7.59,7262,31,39,1,N,Y,0,20260822,20260727,53556.8,44000,9556.8,461.99,Johor,1,0,738,1,No Score,V3,IN
9/2/2026,1000000000000222,29313119604,Approve,18167678,Gold,Master,S,B2,0,0,94850000,A,D,A,F,62,Malay,MAL,SINGLE,SPM,9,FAMILY OWNED,Engineer,Construction,16,15820,21010,252121,252121,27,35,1.08,1537,38,41,5,Y,N,20260906,20260902,20260824,39814.26,32500,7314.26,1191.15,Sarawak,N,0,621,3,Fair,GD,CL
9/2/2026,1000000000000223,24509908118,Approve,84669791,Gold,Visa,S,U3,0,0,94850000,A,D,D,F,58,Malay,MAL,MARRIED,Diploma,3,RENTING,Chef,Professional Services,35,10502,13252,159034,159034,43,49,11.57,7041,42,52,1,Y,N,20251105,20251018,20251007,24597.78,19500,5097.78,387.98,Terengganu,Y,0,493,1,Low,V3,PL
9/2/2026,1000000000000224,25213970524,Approve,11994033,Gold,Master,P,T3,0,0,94850000,A,B,D,F,64,Indian,MAL,DIVORCED,SPM,15,OWNED,Lecturer,Plantation,9,9042,11291,135501,135501,29,38,11.8,7001,39,47,5,Y,Y,20260702,20260616,20260530,24913.93,18500,6413.93,1849.11,Pulau Pinang,1,0,588,3,No Score,CL,CL
9/2/2026,1000000000000225,27609253156,Approve,93114754,Platinum,Visa,P,U1,0,0,88,A,B,A,F,23,Chinese,MAL,SINGLE,Bachelor Degree,3,FAMILY OWNED,Self-Employed,Plantation,5,22620,26586,319038,319038,18,19,6.29,6303,19,25,5,N,Y,0,20251119,20251110,41260.46,32500,8760.46,0.34,Kuala Lumpur,Y,0,731,4,Fair,GD,IN
9/2/2026,1000000000000226,20332232030,Approve,32968631,Infinite,Visa,S,R2,0,0,88,A,D,D,M,65,Chinese,MAL,MARRIED,SPM,11,OWNED,Civil Servant,Wholesale,23,20705,24668,296027,296027,20,23,3.04,2156,31,34,5,N,N,0,20251005,20250911,49428.57,36500,12928.57,866.76,Perak,Y,0,778,1,Low,GD,C2
9/2/2026,1000000000000227,28341450451,Approve,65660855,Platinum,Visa,S,O1,0,0,1,A,A,A,F,56,Malay,MAL,SINGLE,Diploma,23,MORTGAGE,Retail Assistant,Plantation,18,12809,16717,200607,200607,27,28,10.83,6153,26,32,1,N,Y,0,20260616,20260603,53383.34,39000,14383.34,906.85,Johor,N,0,744,3,No Score,MG,V3
9/2/2026,1000000000000228,21607440492,Approve,76473996,Platinum,Master,P,T2,0,0,1,A,-,A,F,34,Malay,MAL,MARRIED,SPM,5,OWNED,Supervisor,Professional Services,15,19040,24793,297522,297522,15,16,12.57,6895,22,25,5,Y,Y,20260122,20260112,20251223,39788.41,33000,6788.41,741.08,Kelantan,N,0,776,3,Very Good,C2,BC
9/2/2026,1000000000000229,24172947513,Approve,15758374,Platinum,Master,S,U1,0,0,94850000,A,-,N,F,56,Malay,MAL,MARRIED,SPM,33,OWNED,Factory Worker,Hospitality,10,21711,25246,302952,302952,26,38,3.74,3283,29,39,3,N,Y,0,20251127,20251110,62257.77,47500,14757.77,793.4,Selangor,0,0,675,3,Good,CL,CL
9/2/2026,1000000000000230,29473929345,Approve,80121606,Gold,Visa,P,B6,0,0,1,A,A, ,F,51,Malay,MAL,SINGLE,Bachelor Degree,32,RENTING,Administrator,Financial Services,0,18761,24716,296603,296603,26,33,7.15,6056,31,34,2,Y,Y,20260114,20251229,20251129,36656.01,25000,11656.01,764.91,Kedah,N,0,645,1,No Score,PL,BC
9/2/2026,1000000000000231,23961283285,Approve,75937854,Gold,Master,S,U2,0,0,1,A,-, ,M,41,Indian,MAL,MARRIED,Diploma,11,MORTGAGE,Lecturer,Agriculture,18,9947,11605,139271,139271,17,29,10.42,3870,20,22,1,N,N,0,20260815,20260727,35582.39,24000,11582.39,950.08,Melaka,1,0,576,3,Good,CL,IN
9/2/2026,1000000000000232,21302218258,Approve,19338435,Infinite,Master,P,R5,0,0,94850000,A,B, ,M,35,Malay,MAL,SINGLE,SPM,9,MORTGAGE,Police Officer,Agriculture,11,23659,27941,335292,335292,5,11,13.44,6747,5,8,1,Y,Y,20260211,20260130,20260126,64138.03,43500,20638.03,783.32,Perak,1,0,804,3,Good,BC,C2
9/2/2026,1000000000000233,20000989463,Approve,26537057,Infinite,Visa,S,O3,0,0,88,A,A,D,F,56,Malay,MAL,MARRIED,Diploma,30,OWNED,Clerk,Retail Trade,26,17339,23308,279702,279702,7,11,11.47,7691,5,9,3,Y,Y,20260810,20260725,20260625,59477.87,40500,18977.87,1225.6,Johor,N,0,760,1,Very Good,CL,CL
9/2/2026,1000000000000234,23648891095,Approve,43597595,Classic,Master,S,U1,0,0,94850000,A,A,N,F,23,Others,MAL,MARRIED,STPM,0,OWNED,Driver,Education,1,15562,20275,243306,243306,27,34,3.5,3956,31,39,5,Y,Y,20250922,20250920,20250915,30169.08,23500,6669.08,1779.25,Selangor,Y,0,634,4,Low,CL,MG
9/2/2026,1000000000000235,27185802447,Approve,61548700,Gold,Visa,S,U1,0,0,88,A,A, ,M,60,Malay,MAL,WIDOWED,SPM,3,FAMILY OWNED,Technician,Transportation,37,22549,27532,330389,330389,16,20,17.67,5288,16,24,2,N,N,0,20260831,20260811,56505.01,45500,11005.01,623.78,Johor,0,0,819,3,Fair,BC,CL
9/2/2026,1000000000000236,22809747423,Approve,77928050,Platinum,Master,S,U1,0,0,94850000,A,-,N,M,60,Chinese,MAL,MARRIED,Bachelor Degree,8,OWNED,Sales Executive,Healthcare,17,3250,4181,50174,50174,37,41,11.64,830,42,47,3,Y,Y,20260503,20260416,20260415,28190.75,22000,6190.75,680.91,Terengganu,0,0,601,3,Excellent,IN,CL
9/2/2026,1000000000000237,29516777234,Approve,29711133,Platinum,Visa,P,R1,0,0,1,A,B,A,M,28,Chinese,MAL,SINGLE,Bachelor Degree,6,FAMILY OWNED,Supervisor,Oil & Gas,10,20929,27550,330602,330602,20,25,9.8,1590,27,34,5,N,N,0,20260210,20260130,43121.53,33500,9621.53,1860.99,Johor,N,0,761,3,Very Good,MG,CL
9/2/2026,1000000000000238,29679115550,Approve,60673912,Platinum,Visa,S,O1,0,0,1,A,-,A,M,43,Indian,MAL,WIDOWED,SPM,7,OWNED,IT Executive,Healthcare,13,18575,23828,285945,285945,6,14,6.01,3114,5,8,2,N,Y,0,20260524,20260513,62632.16,47500,15132.16,731.59,Perak,1,0,746,4,Low,CL,PL
9/2/2026,1000000000000239,29584092848,Approve,11137995,Infinite,Master,P,T3,0,0,88,A,A,D,M,62,Malay,MAL,MARRIED,SPM,8,FAMILY OWNED,Contractor,Oil & Gas,39,15307,18604,223250,223250,34,43,6.32,3375,34,42,2,Y,N,20260413,20260401,20260321,36688.63,25000,11688.63,358.91,Johor,1,0,623,4,Low,GD,V3
9/2/2026,1000000000000240,28617118269,Approve,33525469,Gold,Visa,P,T1,0,0,94850000,A,-,D,M,37,Malay,MAL,MARRIED,SPM,12,FAMILY OWNED,Supervisor,Telecommunications,15,23973,29667,356010,356010,25,37,12.21,3590,23,34,2,Y,Y,20260626,20260621,20260620,70412.94,48500,21912.94,135.93,Kuala Lumpur,Y,0,769,1,Excellent,V3,BC
9/2/2026,1000000000000241,29440970224,Approve,77042902,Gold,Master,S,B6,0,0,1,A,A,D,F,36,Malay,MAL,WIDOWED,Bachelor Degree,7,RENTING,Self-Employed,Financial Services,6,20193,24866,298399,298399,30,31,13.78,3787,43,46,3,Y,Y,20260217,20260207,20260206,29796.97,24000,5796.97,1668.09,Selangor,0,0,593,4,No Score,IN,MG
9/2/2026,1000000000000242,29392258464,Approve,71765956,Platinum,Visa,S,T1,0,0,0,A,H,D,M,42,Malay,MAL,MARRIED,Bachelor Degree,23,FAMILY OWNED,Retail Assistant,Government,17,14594,17666,212000,212000,21,24,1.68,4898,23,30,1,Y,N,20260524,20260517,20260502,48130.82,32500,15630.82,173.19,Kelantan,0,0,704,4,Low,V3,PL
9/2/2026,1000000000000243,24019703708,Approve,12401865,Gold,Visa,P,O3,0,0,1,A,A,A,F,50,Chinese,MAL,MARRIED,Master Degree,26,OWNED,Army Personnel,Agriculture,19,21142,27077,324934,324934,18,20,7.93,1323,15,22,5,Y,Y,20260803,20260715,20260712,59543.09,41500,18043.09,279.26,Perak,0,0,795,2,No Score,GD,MG
9/2/2026,1000000000000244,26019089991,Approve,62511584,Classic,Visa,S,B1,0,0,88,A,B,A,M,31,Others,MAL,MARRIED,SPM,3,RENTING,Accountant,Transportation,7,5045,6728,80739,80739,48,55,5.66,3069,52,59,1,N,Y,0,20250910,20250908,12966.21,10000,2966.21,1534.73,Kuala Lumpur,N,0,439,4,Very Good,GD,BC
9/2/2026,1000000000000245,24899149191,Approve,83016039,Platinum,Visa,S,U2,0,0,88,A,-, ,F,34,Malay,MAL,SINGLE,SPM,8,MORTGAGE,Clerk,Telecommunications,7,17925,23504,282056,282056,30,37,15.42,4316,32,41,3,Y,N,20260313,20260307,20260228,62500.37,45500,17000.37,164.07,Perak,N,0,736,3,Fair,BC,V3
9/2/2026,1000000000000246,27561142513,Approve,93884706,Classic,Visa,S,T1,0,0,94850000,A,A,D,F,26,Indian,MAL,SINGLE,STPM,1,EMPLOYER PROVIDED,Clerk,Plantation,1,6907,9059,108708,108708,40,51,9.11,5571,57,58,3,Y,Y,20260716,20260711,20260618,21473.8,17500,3973.8,940.57,Selangor,1,0,455,2,No Score,BC,PL
9/2/2026,1000000000000247,28341069087,Approve,43725117,Gold,Visa,S,R1,0,0,94850000,A,H,N,F,21,Malay,MAL,MARRIED,SPM,1,OWNED,Clerk,Retail Trade,3,19965,24723,296684,296684,21,29,14.62,6379,24,29,2,N,N,0,20260211,20260125,65837.24,47000,18837.24,1107.29,Selangor,1,0,682,2,Good,GD,IN
9/2/2026,1000000000000248,26619915999,Approve,88388417,Gold,Visa,S,T2,0,0,1,A,D,N,M,59,Chinese,MAL,SINGLE,SPM,8,RENTING,Supervisor,Government,2,12702,16711,200535,200535,29,35,3.26,4702,35,46,1,N,Y,0,20260502,20260429,32041.39,26000,6041.39,1524.51,Selangor,N,0,607,4,Fair,MG,C2
9/2/2026,1000000000000249,26304592464,Approve,66343204,Gold,Visa,P,U1,0,0,1,A,B,A,M,44,Malay,MAL,MARRIED,STPM,7,RENTING,Accountant,Retail Trade,22,1768,2036,24438,24438,29,31,9.87,4513,27,35,1,N,Y,0,20260725,20260719,22191.65,16000,6191.65,19,Perlis,0,0,571,1,Fair,CL,BC
9/2/2026,1000000000000250,25762584876,Approve,69922335,Platinum,Master,P,U3,0,0,88,A,D,A,F,36,Others,MAL,MARRIED,Master Degree,11,MORTGAGE,Lecturer,Manufacturing,17,24207,30066,360801,360801,21,26,1.41,3875,16,28,5,Y,Y,20260918,20260903,20260810,63585.15,43500,20085.15,54.71,Selangor,0,0,828,1,Good,MG,V3
9/2/2026,1000000000000251,28811564307,Approve,77796914,Infinite,Visa,S,U1,0,0,0,A,A,A,F,36,Malay,MAL,MARRIED,Bachelor Degree,8,OWNED,Civil Servant,Food & Beverage,3,23357,28029,336352,336352,19,31,6.51,985,20,26,3,N,Y,0,20251214,20251119,52524.37,41500,11024.37,1392,Perak,0,0,830,1,No Score,BC,GD
9/2/2026,1000000000000252,28984034757,Approve,53047104,Gold,Visa,S,T2,0,0,94850000,A,-,A,M,51,Indian,MAL,MARRIED,Diploma,18,FAMILY OWNED,Manager,Financial Services,29,12179,16355,196271,196271,24,30,15.09,4465,32,35,1,N,Y,0,20251228,20251201,27163.12,21000,6163.12,1283.22,Sabah,Y,0,573,4,No Score,C2,PL
9/2/2026,1000000000000253,26056691883,Approve,73847325,Platinum,Master,P,B6,0,0,0,A,H,A,F,23,Malay,MAL,MARRIED,Master Degree,2,OWNED,Manager,Healthcare,3,18688,23135,277629,277629,21,22,6.23,5679,16,25,2,N,Y,0,20260304,20260224,55447.26,40000,15447.26,670.62,Kelantan,N,0,834,4,Good,MG,IN
9/2/2026,1000000000000254,23605785486,Approve,41596688,Infinite,Master,S,O3,0,0,0,A,D,A,M,35,Indian,MAL,MARRIED,SPM,2,FAMILY OWNED,Chef,Manufacturing,10,21239,24678,296141,296141,30,41,1.6,5901,30,40,3,Y,N,20260502,20260426,20260412,48341.86,34500,13841.86,50.55,Terengganu,1,0,670,4,No Score,PL,CL
9/2/2026,1000000000000255,25522875642,Approve,18955224,Platinum,Visa,P,T3,0,0,1,A,D, ,M,29,Indian,MAL,SINGLE,Diploma,10,RENTING,Lecturer,Government,0,17785,22759,273109,273109,16,17,16.79,5045,16,21,3,Y,N,20260217,20260210,20260121,46572.1,37500,9072.1,1624.34,Negeri Sembilan,N,0,685,4,Fair,C2,V3
9/2/2026,1000000000000256,20677608609,Approve,51505175,Infinite,Visa,P,U1,0,0,1,A,D, ,M,32,Malay,MAL,MARRIED,Bachelor Degree,3,OWNED,Doctor,Agriculture,13,18169,24273,291282,291282,11,18,3.56,2188,15,17,5,N,Y,0,20260225,20260216,53599.12,40500,13099.12,415.56,Negeri Sembilan,N,0,787,4,Good,BC,PL
9/2/2026,1000000000000257,27606979128,Approve,91146290,Infinite,Master,S,B6,0,0,1,A,H, ,M,28,Chinese,MAL,SINGLE,Diploma,3,RENTING,Retail Assistant,Construction,10,9848,13025,156305,156305,27,39,15.42,6966,28,35,2,Y,Y,20250905,20250827,20250803,36210.22,28000,8210.22,20.91,Pulau Pinang,Y,0,695,1,Fair,GD,IN
9/2/2026,1000000000000258,23359197529,Approve,27198990,Platinum,Master,P,O3,0,0,0,A,-, ,M,55,Indian,MAL,MARRIED,Primary,3,MORTGAGE,Accountant,Manufacturing,12,12577,14905,178860,178860,30,42,9.87,6093,35,44,1,N,N,0,20260318,20260303,32826.51,22500,10326.51,1639.75,Kelantan,N,0,637,1,Very Good,BC,MG
9/2/2026,1000000000000259,22363449691,Approve,66678771,Gold,Visa,P,B1,0,0,1,A,A,A,F,47,Indian,MAL,MARRIED,Diploma,13,MORTGAGE,Factory Worker,Oil & Gas,21,20356,24716,296595,296595,9,10,12.01,6654,5,14,5,Y,Y,20260427,20260413,20260324,47737.51,38500,9237.51,1953.11,Selangor,Y,0,772,1,Excellent,CL,C2
9/2/2026,1000000000000260,26523815984,Approve,91938786,Infinite,Visa,P,O1,0,0,1,A,D, ,M,46,Chinese,MAL,SINGLE,Bachelor Degree,7,RENTING,Driver,Professional Services,23,15847,20255,243064,243064,23,28,3.07,3637,30,35,5,Y,Y,20250913,20250910,20250827,46510.53,35000,11510.53,1721.75,Kedah,N,0,780,1,Excellent,V3,PL
9/2/2026,1000000000000261,27463049496,Approve,82606072,Platinum,Master,P,U1,0,0,94850000,A,D,N,M,59,Malay,MAL,SINGLE,SPM,35,MORTGAGE,Sales Executive,Financial Services,27,24489,28890,346682,346682,23,29,3.45,2154,22,29,3,N,N,0,20250813,20250809,72684.44,51000,21684.44,1500.01,Selangor,N,0,698,2,No Score,BC,C2
9/2/2026,1000000000000262,28811190970,Approve,52358308,Classic,Visa,S,B1,0,0,1,A,H,D,M,30,Chinese,MAL,SINGLE,STPM,2,FAMILY OWNED,Accountant,Agriculture,12,18517,23954,287457,287457,25,37,17.11,1471,28,39,2,N,Y,0,20251108,20251015,41720.08,30500,11220.08,1687.59,Terengganu,1,0,639,4,Excellent,CL,PL
9/2/2026,1000000000000263,21714013315,Approve,76080806,Gold,Master,S,B2,0,0,0,A,H,N,M,36,Malay,MAL,MARRIED,Bachelor Degree,1,MORTGAGE,Factory Worker,Healthcare,15,6586,8369,100430,100430,29,30,12.67,4025,36,46,3,N,N,0,20251018,20250925,17624.68,13500,4124.68,1056.35,Kelantan,0,0,511,4,Low,C2,BC
9/2/2026,1000000000000264,28612159869,Approve,70606217,Platinum,Master,P,U1,0,0,1,A,-,A,F,44,Indian,MAL,WIDOWED,Diploma,9,OWNED,IT Executive,Real Estate,13,19876,24131,289579,289579,15,19,15.25,1130,14,24,3,N,Y,0,20260211,20260116,50772.85,34000,16772.85,1369.32,Selangor,0,0,792,1,Fair,IN,MG
9/2/2026,1000000000000265,28265918759,Approve,77869489,Platinum,Master,S,B6,0,0,0,A,D,A,F,33,Malay,MAL,SINGLE,SPM,4,OWNED,Factory Worker,Telecommunications,5,18016,20994,251938,251938,18,22,16.66,5160,18,26,2,Y,Y,20260331,20260328,20260318,75222.39,51500,23722.39,1194.02,Perak,1,0,811,4,Fair,IN,BC
9/2/2026,1000000000000266,29667335427,Approve,82956480,Platinum,Master,P,B1,0,0,94850000,A,-, ,F,56,Indian,MAL,MARRIED,Bachelor Degree,27,OWNED,Factory Worker,Agriculture,36,22311,28496,341952,341952,6,13,11.53,4459,7,8,2,Y,N,20260812,20260729,20260705,80575.25,55000,25575.25,288.7,Sarawak,0,0,783,4,No Score,BC,IN
9/2/2026,1000000000000267,29427695421,Approve,13576520,Platinum,Visa,P,U1,0,0,1,A,H, ,M,43,Others,MAL,MARRIED,STPM,21,OWNED,Factory Worker,Manufacturing,14,14963,18223,218677,218677,10,12,4.86,5633,10,17,5,N,Y,0,20260507,20260423,43138.17,29000,14138.17,555.4,Kuala Lumpur,1,0,721,2,Excellent,BC,C2
9/2/2026,1000000000000268,27710492777,Approve,35730441,Gold,Master,S,U1,0,0,88,A,D, ,F,60,Malay,MAL,MARRIED,Bachelor Degree,23,OWNED,Driver,Retail Trade,6,1723,2309,27708,27708,46,48,7.05,7804,60,62,2,N,Y,0,20251107,20251018,6601.5,5500,1101.5,857.55,Sarawak,1,0,350,2,Good,V3,V3
9/2/2026,1000000000000269,23459100392,Approve,14635678,Infinite,Visa,S,T2,0,0,94850000,A,D, ,F,49,Chinese,MAL,SINGLE,Diploma,27,FAMILY OWNED,Supervisor,Manufacturing,22,2664,3296,39555,39555,42,51,17.21,919,36,48,2,Y,N,20260829,20260814,20260730,21058.03,17000,4058.03,1653.69,Selangor,Y,0,535,4,Very Good,GD,IN
9/2/2026,1000000000000270,29745366465,Approve,26111256,Platinum,Visa,P,U2,0,0,88,A,B,D,F,55,Malay,MAL,SINGLE,Bachelor Degree,18,MORTGAGE,Retail Assistant,Construction,33,16200,20912,250946,250946,17,25,7.1,6071,14,22,1,N,N,0,20260722,20260711,52758.92,37500,15258.92,1727.23,Kuala Lumpur,0,0,672,1,Very Good,MG,GD
9/2/2026,1000000000000271,21333722413,Approve,53176515,Platinum,Master,P,U3,0,0,94850000,A,H,A,F,30,Chinese,MAL,SINGLE,Certificate,3,OWNED,Factory Worker,Agriculture,4,20520,24424,293094,293094,28,40,15.69,3724,22,32,3,Y,N,20260816,20260802,20260731,42267.69,35000,7267.69,1061.15,Johor,0,0,753,1,No Score,BC,PL
9/2/2026,1000000000000272,26307495750,Approve,37026210,Platinum,Visa,S,R2,0,0,88,A,B, ,M,54,Chinese,MAL,MARRIED,Bachelor Degree,27,OWNED,Factory Worker,Financial Services,1,11318,14850,178204,178204,20,21,5.03,4896,30,33,3,Y,N,20251204,20251127,20251031,30736.16,22000,8736.16,1713.54,Selangor,0,0,629,1,Fair,GD,V3
9/2/2026,1000000000000273,27568223308,Approve,70416623,Platinum,Visa,S,R1,0,0,1,A,D,N,F,40,Indian,MAL,SINGLE,STPM,13,MORTGAGE,Accountant,Professional Services,12,16133,19328,231944,231944,29,38,5.54,5365,30,34,2,Y,N,20260827,20260813,20260725,44632.51,31000,13632.51,1223.04,Pulau Pinang,N,0,768,1,Good,V3,MG
9/2/2026,1000000000000274,24671233925,Approve,11709239,Classic,Visa,P,R2,0,0,88,A,B,A,F,49,Malay,MAL,MARRIED,Diploma,22,OWNED,Contractor,Oil & Gas,9,5574,7273,87285,87285,30,39,11.57,5753,31,40,1,Y,N,20251206,20251205,20251119,22191.71,18000,4191.71,878.07,Selangor,1,0,619,3,Good,IN,C2
9/2/2026,1000000000000275,20247607588,Approve,17159313,Classic,Master,S,B1,0,0,94850000,A,A,A,M,23,Indian,MAL,MARRIED,SPM,3,RENTING,Businessman,Government,3,17351,21116,253399,253399,43,46,15.56,5951,56,58,5,Y,Y,20260527,20260522,20260510,47194.09,34000,13194.09,1916.38,Kelantan,0,0,557,4,Fair,IN,IN
9/2/2026,1000000000000276,27874447325,Approve,39380829,Classic,Master,P,U2,0,0,88,A,A, ,M,36,Malay,MAL,MARRIED,Master Degree,0,MORTGAGE,Sales Executive,Telecommunications,14,11688,14401,172813,172813,31,43,13.44,3868,35,39,3,Y,N,20260413,20260406,20260316,37756.01,30000,7756.01,580.07,Sarawak,1,0,584,1,Very Good,GD,GD
9/2/2026,1000000000000277,29076642807,Approve,20741296,Platinum,Visa,P,U3,0,0,0,A,D, ,M,49,Malay,MAL,SINGLE,Bachelor Degree,3,FAMILY OWNED,Sales Executive,Real Estate,16,16133,20999,251998,251998,17,27,4.46,4651,15,23,2,N,Y,0,20260624,20260616,59612.43,40500,19112.43,1655.61,Kelantan,N,0,696,1,No Score,V3,PL
9/2/2026,1000000000000278,24897118206,Approve,70116087,Platinum,Master,S,T1,0,0,1,A,H,N,M,52,Chinese,MAL,MARRIED,Diploma,8,RENTING,Sales Executive,Telecommunications,21,3351,4241,50903,50903,37,42,2.82,2795,30,42,3,Y,N,20250918,20250829,20250806,24888.29,18000,6888.29,536.59,Selangor,N,0,483,3,Good,IN,PL
9/2/2026,1000000000000279,21564293710,Approve,35808537,Infinite,Master,P,T1,0,0,94850000,A,B,D,M,58,Malay,MAL,MARRIED,Bachelor Degree,6,RENTING,Nurse,Retail Trade,33,18902,24125,289509,289509,28,37,10.54,7789,29,32,2,Y,Y,20251023,20251014,20250918,42913.09,33000,9913.09,1677.05,Perak,N,0,797,2,Good,MG,C2
9/2/2026,1000000000000280,28990793756,Approve,37653004,Platinum,Visa,S,B6,0,0,94850000,A,H,A,F,37,Indian,MAL,SINGLE,Certificate,3,FAMILY OWNED,Teacher,Retail Trade,13,12625,16733,200806,200806,29,34,15.72,5981,36,43,5,N,Y,0,20260524,20260514,42647.89,31000,11647.89,1528.68,Kuala Lumpur,N,0,650,3,Excellent,IN,V3
9/2/2026,1000000000000281,29078451839,Approve,50902313,Gold,Master,S,R5,0,0,94850000,A,B,N,M,56,Malay,MAL,MARRIED,Bachelor Degree,22,FAMILY OWNED,Retail Assistant,Financial Services,23,3327,4418,53027,53027,42,47,8.4,2852,44,49,1,N,N,0,20260602,20260520,22224.19,15000,7224.19,89.4,Perak,N,0,599,3,No Score,GD,CL
9/2/2026,1000000000000282,21492432399,Approve,23624482,Platinum,Master,S,U1,0,0,1,A,D,N,F,60,Malay,MAL,MARRIED,Bachelor Degree,5,RENTING,Lecturer,Real Estate,40,23784,28927,347124,347124,25,37,12.5,7273,27,37,2,Y,Y,20260114,20260109,20251225,54920.05,42000,12920.05,793.76,Kuala Lumpur,N,0,654,4,Very Good,PL,C2
9/2/2026,1000000000000283,24140438099,Approve,68199184,Gold,Visa,P,B6,0,0,1,A,H,N,M,31,Malay,MAL,MARRIED,Diploma,9,RENTING,Nurse,Wholesale,3,21155,25317,303812,303812,12,22,4.6,1157,7,18,3,Y,N,20260722,20260714,20260622,54158.69,37500,16658.69,413.37,Sabah,N,0,682,3,Very Good,IN,IN
9/2/2026,1000000000000284,20203559433,Approve,33141106,Platinum,Master,S,T1,0,0,94850000,A,A,D,F,51,Malay,MAL,SINGLE,Bachelor Degree,28,OWNED,Nurse,Education,14,19600,24263,291165,291165,22,25,16.09,3415,23,32,3,Y,N,20251103,20251102,20251004,45822.88,31500,14322.88,1640.74,Labuan,1,0,742,4,Good,C2,V3
9/2/2026,1000000000000285,27180614448,Approve,64591401,Platinum,Master,S,B2,0,0,88,A,B,N,F,36,Malay,MAL,MARRIED,SPM,8,OWNED,IT Executive,Financial Services,18,9332,12407,148895,148895,31,40,2.83,4467,47,50,1,Y,Y,20250814,20250813,20250730,36744.82,29000,7744.82,637.98,Johor,0,0,713,1,Excellent,CL,CL
9/2/2026,1000000000000286,20173923763,Approve,42251899,Infinite,Master,P,O1,0,0,88,A,A,A,F,40,Malay,MAL,SINGLE,SPM,2,OWNED,Lecturer,Plantation,3,22965,27368,328426,328426,16,19,8.94,5426,12,22,1,N,Y,0,20250923,20250906,49124.41,39500,9624.41,1615.7,Sabah,Y,0,734,2,Very Good,GD,BC
9/2/2026,1000000000000287,24963404052,Approve,46779653,Classic,Master,P,O3,0,0,88,A,B,N,M,47,Indian,MAL,MARRIED,SPM,2,FAMILY OWNED,Accountant,Real Estate,12,9971,12113,145361,145361,35,41,5.25,829,47,48,3,Y,Y,20251028,20251013,20250925,26330.33,19500,6830.33,813.14,Perlis,1,0,633,3,Excellent,MG,V3
9/2/2026,1000000000000288,25179508013,Approve,87942217,Classic,Visa,S,R5,0,0,0,A,D,N,M,47,Malay,MAL,SINGLE,SPM,18,RENTING,Chef,Manufacturing,12,4475,5490,65882,65882,34,45,16.22,2610,43,49,5,Y,N,20260315,20260306,20260205,27836.09,20000,7836.09,527.78,Negeri Sembilan,0,0,630,2,No Score,V3,BC
9/2/2026,1000000000000289,24581749064,Approve,57281846,Platinum,Master,P,U1,0,0,88,A,A,N,M,46,Chinese,MAL,MARRIED,STPM,10,OWNED,Chef,Education,15,2973,3879,46557,46557,28,34,9.95,3671,31,33,2,Y,Y,20260119,20260118,20251226,33419.18,26500,6919.18,1335.41,Selangor,0,0,731,3,Excellent,PL,PL
9/2/2026,1000000000000290,23405085283,Approve,52328756,Gold,Master,P,R2,0,0,0,A,-,A,M,44,Chinese,MAL,SINGLE,Bachelor Degree,8,MORTGAGE,Administrator,Telecommunications,5,5570,6806,81681,81681,26,33,9.02,1743,36,38,3,Y,Y,20251014,20251001,20250929,32067.92,26500,5567.92,1233.24,Johor,N,0,603,1,Fair,GD,IN
9/2/2026,1000000000000291,27155002755,Approve,79732104,Infinite,Visa,S,U1,0,0,0,A,B,D,M,53,Malay,MAL,SINGLE,SPM,22,OWNED,Doctor,Financial Services,0,20196,26841,322099,322099,22,30,8,7297,19,28,5,N,Y,0,20260118,20251223,45075.39,34000,11075.39,1252.27,Pahang,Y,0,792,1,Very Good,IN,IN
9/2/2026,1000000000000292,27880149459,Approve,14147507,Infinite,Master,P,R1,0,0,94850000,A,B, ,F,34,Chinese,MAL,MARRIED,Bachelor Degree,14,OWNED,Security Guard,Plantation,9,24359,30912,370955,370955,8,17,14.54,6874,5,10,2,Y,Y,20260922,20260903,20260819,48198.57,40000,8198.57,1627.94,Sarawak,N,0,787,2,Good,BC,BC
9/2/2026,1000000000000293,29172824849,Approve,81468290,Platinum,Visa,S,B6,0,0,0,A,-,D,F,42,Malay,MAL,SINGLE,SPM,3,OWNED,Engineer,Wholesale,13,7829,9379,112553,112553,24,27,15.31,6329,32,36,5,N,N,0,20250905,20250829,34709.1,26000,8709.1,426.94,Kuala Lumpur,Y,0,739,3,Low,PL,GD
9/2/2026,1000000000000294,22108642700,Approve,72571790,Infinite,Master,P,B6,0,0,0,A,D,A,M,61,Malay,MAL,MARRIED,Diploma,23,OWNED,Nurse,Wholesale,7,24733,29373,352483,352483,19,21,1.02,5184,13,23,3,N,N,0,20260712,20260612,55776.09,38000,17776.09,1812.99,Pulau Pinang,1,0,814,2,Very Good,MG,V3
9/2/2026,1000000000000295,29645226746,Approve,99482460,Gold,Visa,P,T1,0,0,88,A,A,A,F,62,Chinese,MAL,MARRIED,STPM,21,OWNED,Administrator,Professional Services,16,23429,27940,335289,335289,22,23,7.98,2714,28,31,2,N,Y,0,20260727,20260708,50578.03,37500,13078.03,1081.2,Kedah,1,0,773,4,Fair,MG,CL
9/2/2026,1000000000000296,24529334029,Approve,19147043,Platinum,Visa,S,O5,0,0,0,A,H,N,M,43,Malay,MAL,SINGLE,Bachelor Degree,21,FAMILY OWNED,Factory Worker,Construction,15,14317,16770,201243,201243,24,36,5.03,5273,29,30,1,Y,N,20260307,20260306,20260210,36280.45,26500,9780.45,1499.24,Kuala Lumpur,N,0,650,4,Low,MG,V3
9/2/2026,1000000000000297,27675404456,Approve,63051354,Infinite,Master,P,R2,0,0,0,A,B,N,F,22,Malay,MAL,SINGLE,SPM,3,OWNED,Driver,Financial Services,3,18696,25238,302863,302863,21,22,5.48,744,22,31,5,Y,Y,20250818,20250730,20250729,63302.4,42500,20802.4,1.67,Kelantan,Y,0,662,1,Good,IN,V3
9/2/2026,1000000000000298,26386556080,Approve,74653058,Infinite,Visa,P,B6,0,0,1,A,-, ,F,29,Malay,MAL,SINGLE,Diploma,3,OWNED,Police Officer,Professional Services,2,22603,27391,328701,328701,22,24,14.97,1490,22,29,2,N,Y,0,20251105,20251013,45732.39,35000,10732.39,1904.25,Kuala Lumpur,0,0,739,4,Very Good,CL,V3
9/2/2026,1000000000000299,22383564895,Approve,19485174,Platinum,Visa,P,B1,0,0,0,A,D,D,F,44,Malay,MAL,MARRIED,SPM,21,RENTING,Engineer,Oil & Gas,18,19946,24384,292609,292609,32,34,13.03,2071,39,41,5,Y,Y,20260104,20251220,20251120,43277.57,35500,7777.57,1444.5,Terengganu,0,0,697,2,Very Good,V3,CL
9/2/2026,1000000000000300,26456976347,Approve,17871573,Gold,Master,S,R1,0,0,1,A,D,A,F,44,Malay,MAL,MARRIED,No Formal Education,18,RENTING,Civil Servant,Financial Services,13,3214,4294,51529,51529,34,38,9.32,1134,41,51,3,Y,N,20260803,20260726,20260723,7304.01,5500,1804.01,424.61,Sarawak,N,0,364,2,Very Good,GD,C2
9/2/2026,1000000000000301,20684185413,Approve,76147579,Platinum,Visa,P,O3,0,0,88,A,-,A,M,30,Malay,MAL,MARRIED,Diploma,1,FAMILY OWNED,Administrator,Agriculture,11,14988,17523,210286,210286,22,31,16.7,728,19,27,3,Y,N,20250927,20250915,20250828,36973.87,29000,7973.87,570.04,Perak,0,0,763,3,Good,GD,BC
9/2/2026,1000000000000302,24155935506,Approve,19751809,Gold,Master,S,O3,0,0,1,A,H, ,M,60,Indian,MAL,SINGLE,Bachelor Degree,4,MORTGAGE,Driver,Real Estate,34,14290,16749,200997,200997,26,35,0.64,6803,21,32,2,Y,N,20260830,20260829,20260821,53466.34,37500,15966.34,1561.08,Kedah,N,0,647,2,Fair,IN,MG
9/2/2026,1000000000000303,28793649517,Approve,68350056,Infinite,Master,S,R2,0,0,1,A,-,D,F,59,Malay,MAL,SINGLE,SPM,35,OWNED,Civil Servant,Education,13,8070,9861,118335,118335,39,48,15.02,5419,55,59,3,Y,N,20260302,20260214,20260213,25985.94,18000,7985.94,749.4,Sabah,0,0,507,3,Very Good,CL,V3
9/2/2026,1000000000000304,25423947363,Approve,11736679,Platinum,Visa,P,R1,0,0,88,A,H,N,M,29,Malay,MAL,MARRIED,Diploma,4,OWNED,Civil Servant,Hospitality,9,12790,15854,190248,190248,27,31,1.99,3809,28,38,2,Y,N,20260804,20260715,20260707,49493.08,36000,13493.08,793.81,Selangor,Y,0,683,4,Fair,V3,MG
9/2/2026,1000000000000305,24428203852,Approve,64340604,Gold,Visa,S,B2,0,0,1,A,-, ,F,30,Malay,MAL,MARRIED,SPM,5,MORTGAGE,Technician,Healthcare,7,14904,18922,227074,227074,23,26,15.37,6832,16,26,5,Y,N,20260331,20260319,20260309,43329.54,31000,12329.54,1152.73,Selangor,1,0,729,3,Excellent,V3,C2
9/2/2026,1000000000000306,20784565911,Approve,52118748,Infinite,Master,P,B2,0,0,1,A,B,N,F,38,Malay,MAL,SINGLE,Master Degree,4,RENTING,Driver,Agriculture,15,19084,25202,302428,302428,16,20,13.27,7718,8,19,1,N,Y,0,20250928,20250901,48668.22,39500,9168.22,119.49,Sarawak,Y,0,756,2,Fair,MG,V3
9/2/2026,1000000000000307,25910885997,Approve,80767121,Gold,Visa,S,B1,0,0,1,A,-,D,M,50,Malay,MAL,SINGLE,Bachelor Degree,21,RENTING,Doctor,Government,28,22185,29455,353462,353462,23,31,13.43,7370,25,32,5,N,N,0,20250829,20250816,51120.54,36000,15120.54,914.67,Selangor,N,0,777,2,Good,BC,MG
9/2/2026,1000000000000308,27696060518,Approve,94061862,Platinum,Visa,S,T3,0,0,94850000,A,-,A,F,46,Chinese,MAL,SINGLE,STPM,26,RENTING,Administrator,Construction,17,24517,31247,374968,374968,13,15,1.24,6597,11,21,5,Y,Y,20251213,20251202,20251123,66755.76,51000,15755.76,574.52,Perak,0,0,782,4,Excellent,IN,IN
9/2/2026,1000000000000309,27345876277,Approve,76393065,Infinite,Visa,S,T2,0,0,1,A,B, ,M,45,Malay,MAL,MARRIED,Diploma,25,MORTGAGE,Clerk,Construction,19,18663,22338,268066,268066,11,18,4.8,5347,10,17,5,N,Y,0,20260126,20260106,59076.42,39500,19576.42,1658.46,Pahang,Y,0,820,2,Low,V3,C2
9/2/2026,1000000000000310,26674294053,Approve,20298660,Platinum,Master,S,B1,0,0,94850000,A,H,N,F,25,Chinese,MAL,MARRIED,SPM,1,OWNED,IT Executive,Agriculture,2,21804,26807,321688,321688,26,33,6.72,3080,25,36,5,Y,Y,20260509,20260505,20260504,42157.61,35000,7157.61,882.23,Melaka,1,0,746,4,Low,CL,V3
9/2/2026,1000000000000311,20863135128,Approve,94289287,Gold,Visa,S,R5,0,0,1,A,A,D,M,35,Chinese,MAL,SINGLE,SPM,0,RENTING,Lecturer,Manufacturing,8,20254,26588,319062,319062,15,27,10.3,3326,16,25,5,N,N,0,20260113,20251214,69878.1,51500,18378.1,1366.37,Sabah,Y,0,757,4,Fair,V3,C2
9/2/2026,1000000000000312,23401798213,Approve,44143101,Platinum,Visa,P,O3,0,0,94850000,A,A, ,M,34,Malay,MAL,SINGLE,SPM,2,OWNED,Retail Assistant,Oil & Gas,7,22766,30074,360891,360891,17,21,10.33,6579,17,20,1,N,N,0,20260905,20260807,78601.34,53000,25601.34,167.44,Selangor,0,0,834,3,Low,MG,V3
9/2/2026,1000000000000313,25584191054,Approve,17356680,Infinite,Visa,P,O3,0,0,94850000,A,D,N,M,51,Chinese,MAL,DIVORCED,SPM,5,OWNED,Engineer,Hospitality,11,11992,15621,187463,187463,17,18,3.87,4967,16,25,2,Y,N,20251111,20251026,20251001,41247.49,30500,10747.49,1309.45,Sabah,1,0,727,3,Fair,GD,V3
9/2/2026,1000000000000314,25319265146,Approve,83287085,Platinum,Master,P,O5,0,0,1,A,D,N,F,28,Chinese,MAL,MARRIED,Bachelor Degree,5,OWNED,Police Officer,Retail Trade,3,14341,18042,216507,216507,19,27,5.36,6013,23,26,5,Y,Y,20260614,20260528,20260501,42772.58,32000,10772.58,188.02,Sabah,N,0,750,3,Good,V3,GD
9/2/2026,1000000000000315,27413723271,Approve,79013190,Infinite,Visa,S,T1,0,0,94850000,A,D, ,F,27,Malay,MAL,DIVORCED,Bachelor Degree,2,OWNED,Teacher,Oil & Gas,1,21213,26244,314937,314937,15,16,7.73,7264,18,20,2,Y,N,20260805,20260802,20260712,64392.59,43500,20892.59,1340.71,Perak,Y,0,704,1,Very Good,GD,CL
9/2/2026,1000000000000316,29001775163,Approve,34673455,Infinite,Master,P,B1,0,0,0,A,D,A,F,41,Malay,MAL,SINGLE,PhD,21,RENTING,Nurse,Food & Beverage,1,20574,23661,283943,283943,7,17,10.69,5641,5,9,2,N,N,0,20260810,20260715,45204.13,33500,11704.13,1324.35,Johor,Y,0,780,4,Very Good,C2,CL
9/2/2026,1000000000000317,25940320378,Approve,67718032,Gold,Visa,S,R5,0,0,1,A,D,N,M,34,Chinese,MAL,SINGLE,Bachelor Degree,3,OWNED,Chef,Hospitality,7,21171,25829,309950,309950,26,27,3.18,5552,21,30,2,Y,N,20260502,20260417,20260321,52793.81,39000,13793.81,1171.08,Sarawak,Y,0,740,1,Excellent,MG,C2
9/2/2026,1000000000000318,20510600862,Approve,97347561,Platinum,Visa,P,U2,0,0,88,A,A,N,F,45,Chinese,MAL,MARRIED,Bachelor Degree,0,OWNED,Contractor,Government,4,19353,22587,271054,271054,17,22,9.15,2259,19,22,2,N,N,0,20260223,20260208,59928.59,44000,15928.59,1403.45,Perak,0,0,779,1,Low,BC,MG
9/2/2026,1000000000000319,24820145290,Approve,73257925,Gold,Visa,S,R1,0,0,0,A,D,N,M,26,Malay,MAL,SINGLE,SPM,3,FAMILY OWNED,Driver,Transportation,3,10014,12234,146813,146813,50,55,6.15,3060,53,58,1,N,Y,0,20250920,20250831,34531.61,23500,11031.61,1220.52,Selangor,Y,0,503,4,Very Good,V3,IN
9/2/2026,1000000000000320,23684422906,Approve,56541891,Platinum,Master,S,T1,0,0,1,A,-,N,M,41,Malay,MAL,SINGLE,Certificate,4,RENTING,Retail Assistant,Food & Beverage,5,23296,30200,362400,362400,20,25,9.52,4594,20,27,2,N,N,0,20251230,20251203,57076.14,38500,18576.14,180.49,Perlis,0,0,726,4,Excellent,C2,MG
9/2/2026,1000000000000321,28082791263,Approve,88659013,Platinum,Master,P,R5,0,0,0,A,B,N,F,44,Chinese,MAL,MARRIED,Certificate,23,OWNED,Administrator,Education,14,10821,13438,161256,161256,22,24,6.65,2591,21,31,5,N,Y,0,20260609,20260515,38609.01,29500,9109.01,799.46,Selangor,1,0,717,4,Fair,MG,CL
9/2/2026,1000000000000322,21555751601,Approve,73145218,Gold,Master,P,R5,0,0,94850000,A,D,D,M,38,Indian,MAL,SINGLE,Diploma,11,MORTGAGE,Supervisor,Plantation,18,19444,24628,295538,295538,12,16,2.81,2584,12,17,3,Y,N,20250923,20250903,20250807,46054.3,38000,8054.3,1053.56,Melaka,1,0,850,3,Excellent,PL,IN
9/2/2026,1000000000000323,20052425716,Approve,22515069,Platinum,Master,S,O1,0,0,94850000,A,A, ,F,58,Malay,MAL,SINGLE,SPM,29,RENTING,Security Guard,Hospitality,9,13134,17349,208190,208190,30,42,2.04,2823,31,35,5,Y,N,20251115,20251031,20251029,48632.35,38500,10132.35,1047.65,Johor,N,0,656,3,No Score,GD,MG
9/2/2026,1000000000000324,24522680487,Approve,57327826,Classic,Master,S,U1,0,0,1,A,H,A,M,29,Others,MAL,MARRIED,Diploma,4,MORTGAGE,Nurse,Real Estate,2,10669,14227,170732,170732,27,32,3.57,6755,35,39,1,Y,N,20250829,20250828,20250801,25252.48,20500,4752.48,680.42,Negeri Sembilan,0,0,514,2,No Score,CL,MG
9/2/2026,1000000000000325,27405494844,Approve,14452939,Gold,Visa,S,U3,0,0,88,A,-,N,M,54,Indian,MAL,SINGLE,SPM,5,RENTING,Accountant,Professional Services,33,21079,24269,291230,291230,16,26,1.33,5741,22,23,3,Y,Y,20260723,20260720,20260628,48727.4,36500,12227.4,173.53,Sarawak,N,0,764,4,Good,CL,PL
9/2/2026,1000000000000326,28658399716,Approve,97571512,Platinum,Visa,S,U2,0,0,1,A,-,D,F,52,Chinese,MAL,SINGLE,SPM,21,RENTING,Factory Worker,Transportation,23,11424,14235,170828,170828,11,14,7.85,1530,7,17,3,N,Y,0,20260808,20260728,51801.54,35000,16801.54,487.34,Negeri Sembilan,Y,0,806,3,No Score,PL,BC
9/2/2026,1000000000000327,21585022598,Approve,14777311,Platinum,Master,P,O5,0,0,94850000,A,H, ,M,52,Malay,MAL,SINGLE,Bachelor Degree,16,FAMILY OWNED,IT Executive,Transportation,31,23756,29386,352642,352642,21,27,17.4,5687,21,25,2,Y,Y,20260907,20260825,20260813,52434.1,37000,15434.1,46.08,Sabah,1,0,846,4,Good,CL,C2
9/2/2026,1000000000000328,22122781374,Approve,10096613,Gold,Master,S,U2,0,0,0,A,A,N,M,55,Chinese,MAL,MARRIED,Diploma,5,RENTING,Lecturer,Education,20,3042,3535,42423,42423,29,40,12.52,4159,32,43,5,Y,Y,20251112,20251103,20251009,22598.57,15500,7098.57,508.26,Johor,0,0,563,2,Good,CL,GD
9/2/2026,1000000000000329,20287121151,Approve,61176016,Infinite,Visa,S,T3,0,0,88,A,-,A,M,24,Malay,MAL,SINGLE,Master Degree,3,MORTGAGE,Administrator,Manufacturing,4,12125,16126,193519,193519,32,35,4.44,4185,38,43,1,Y,Y,20251014,20250925,20250908,55875.19,39500,16375.19,1906.95,Kedah,N,0,731,4,Very Good,IN,BC
9/2/2026,1000000000000330,26608780741,Approve,69552653,Gold,Master,P,R2,0,0,0,A,B,A,F,62,Indian,MAL,SINGLE,Certificate,9,RENTING,Technician,Transportation,33,20433,27105,325262,325262,31,40,6.98,3799,33,37,3,N,Y,0,20251122,20251025,71301.63,49000,22301.63,1422.43,Johor,1,0,756,1,Low,CL,GD
9/2/2026,1000000000000331,26323553777,Approve,80516816,Platinum,Visa,P,B2,0,0,88,A,D,N,M,50,Malay,MAL,SINGLE,Diploma,9,OWNED,Driver,Agriculture,14,6502,7545,90545,90545,19,23,8.14,7908,13,25,1,Y,N,20260705,20260619,20260601,48499.98,36500,11999.98,1018.45,Melaka,N,0,728,1,Fair,GD,PL
9/2/2026,1000000000000332,21100577420,Approve,17374681,Platinum,Master,S,T1,0,0,88,A,H,D,M,61,Malay,MAL,DIVORCED,STPM,18,RENTING,Lecturer,Telecommunications,21,23681,27423,329087,329087,21,33,4.84,1963,23,27,3,Y,Y,20260523,20260519,20260421,46817.86,38500,8317.86,370.46,Sarawak,Y,0,766,4,Good,PL,PL
9/2/2026,1000000000000333,22990551050,Approve,39278399,Platinum,Visa,S,U3,0,0,1,A,B,D,F,58,Indian,MAL,MARRIED,Diploma,2,OWNED,Police Officer,Hospitality,32,2319,2962,35555,35555,25,31,5.5,6641,21,31,1,Y,N,20251226,20251223,20251215,36844.02,30500,6344.02,1956.04,Selangor,N,0,687,2,Good,PL,MG
9/2/2026,1000000000000334,24690960374,Approve,84533976,Platinum,Visa,P,U1,0,0,88,A,H, ,M,44,Malay,MAL,MARRIED,Certificate,3,MORTGAGE,Sales Executive,Agriculture,26,12931,17125,205507,205507,25,36,16.45,5048,34,38,5,Y,N,20260601,20260523,20260503,52447.78,35000,17447.78,1870.91,Selangor,0,0,612,2,No Score,C2,GD
9/2/2026,1000000000000335,21902879997,Approve,72253751,Gold,Master,P,B2,0,0,88,A,D, ,F,44,Malay,MAL,SINGLE,Diploma,15,RENTING,Teacher,Real Estate,21,15628,18793,225526,225526,26,29,16.45,1541,34,37,3,Y,Y,20260302,20260223,20260131,55213.12,42000,13213.12,390.29,Pulau Pinang,0,0,721,3,Excellent,C2,CL
9/2/2026,1000000000000336,27780361466,Approve,45798991,Infinite,Visa,S,B1,0,0,94850000,A,-,D,M,60,Chinese,MAL,SINGLE,Diploma,26,OWNED,Teacher,Healthcare,1,22952,30806,369675,369675,14,21,10.27,6751,9,17,3,Y,Y,20260214,20260204,20260111,74875.44,56000,18875.44,1847.91,Selangor,1,0,729,1,No Score,PL,CL
9/2/2026,1000000000000337,21825053355,Approve,61909143,Platinum,Visa,S,T1,0,0,1,A,A,D,F,34,Chinese,MAL,MARRIED,Diploma,12,OWNED,Police Officer,Food & Beverage,9,13718,16838,202057,202057,17,20,13.24,2977,24,26,3,N,Y,0,20250822,20250820,47007.08,38000,9007.08,1288.66,Pulau Pinang,Y,0,682,2,Good,C2,CL
9/2/2026,1000000000000338,24282721350,Approve,79861397,Gold,Visa,P,U3,0,0,1,A,-,A,M,37,Malay,MAL,MARRIED,STPM,17,MORTGAGE,Supervisor,Construction,11,14087,16450,197410,197410,25,34,5.22,4460,21,30,1,Y,Y,20251212,20251205,20251122,59153.5,44000,15153.5,1809.67,Selangor,0,0,680,3,No Score,GD,PL
9/2/2026,1000000000000339,27109782825,Approve,42666924,Platinum,Master,P,O5,0,0,1,A,D, ,M,61,Chinese,MAL,SINGLE,Diploma,2,MORTGAGE,Driver,Hospitality,22,11212,14752,177034,177034,29,34,14.92,7962,22,34,5,Y,Y,20261013,20260924,20260831,43959.72,30000,13959.72,776.96,Pulau Pinang,1,0,790,1,Fair,GD,C2
9/2/2026,1000000000000340,27127711460,Approve,62644474,Gold,Master,S,R1,0,0,1,A,B,D,F,56,Indian,MAL,MARRIED,Certificate,19,FAMILY OWNED,Retail Assistant,Hospitality,3,6990,8932,107193,107193,47,51,11.68,1956,57,58,1,Y,Y,20260719,20260706,20260614,20530.98,14000,6530.98,1826.86,Sarawak,0,0,532,2,Good,BC,MG
9/2/2026,1000000000000341,22727243933,Approve,83103396,Platinum,Visa,S,U1,0,0,94850000,A,H,A,F,54,Malay,MAL,SINGLE,Bachelor Degree,1,RENTING,IT Executive,Retail Trade,9,7717,9123,109478,109478,31,40,5.35,4301,41,49,1,N,N,0,20260726,20260724,22303.86,15500,6803.86,1734.03,Johor,0,0,534,4,Excellent,C2,CL
9/2/2026,1000000000000342,26168402566,Approve,78728528,Platinum,Master,P,U3,0,0,94850000,A,H,D,F,57,Malay,MAL,MARRIED,SPM,27,RENTING,Manager,Transportation,32,22502,26413,316961,316961,16,22,10.86,5376,9,20,5,N,N,0,20251114,20251104,58098.8,39000,19098.8,410.1,Sarawak,N,0,811,1,Low,MG,PL
9/2/2026,1000000000000343,21233838684,Approve,62723273,Platinum,Master,P,O1,0,0,88,A,B,D,F,38,Others,MAL,MARRIED,Master Degree,19,OWNED,Lecturer,Hospitality,0,21491,26192,314311,314311,16,22,5.27,6755,18,21,2,Y,N,20260115,20260103,20251228,43229.08,35500,7729.08,606.65,Perak,Y,0,699,4,Very Good,BC,GD
9/2/2026,1000000000000344,24525961288,Approve,42744490,Platinum,Master,S,B1,0,0,94850000,A,B,D,M,63,Chinese,MAL,MARRIED,Diploma,12,OWNED,Security Guard,Financial Services,40,22330,29161,349940,349940,7,15,13.53,5289,9,11,5,Y,Y,20260227,20260207,20260111,52234.62,35500,16734.62,1345.58,Selangor,1,0,818,2,Very Good,IN,C2
9/2/2026,1000000000000345,27097691008,Approve,71895093,Classic,Visa,P,R5,0,0,94850000,A,-,A,F,44,Chinese,MAL,SINGLE,SPM,3,RENTING,Sales Executive,Real Estate,24,2001,2671,32053,32053,53,63,9.57,5487,54,61,5,Y,Y,20251108,20251029,20251028,8082.52,6500,1582.52,362.64,Pahang,N,0,423,1,Low,GD,GD
9/2/2026,1000000000000346,23024064124,Approve,20087808,Platinum,Visa,P,U3,0,0,0,A,D,D,F,26,Indian,MAL,SINGLE,Bachelor Degree,8,OWNED,Engineer,Real Estate,7,6590,8282,99392,99392,25,37,5.45,4035,21,29,2,Y,N,20260617,20260613,20260531,41467.3,33500,7967.3,1551.23,Terengganu,1,0,763,2,Excellent,MG,MG
9/2/2026,1000000000000347,21324831665,Approve,63566423,Infinite,Master,S,B1,0,0,1,A,D,D,M,31,Malay,MAL,SINGLE,SPM,10,OWNED,Retail Assistant,Government,10,16619,20479,245757,245757,15,21,17.59,3998,9,21,2,Y,N,20260103,20251214,20251212,53370.57,43000,10370.57,1111.28,Pulau Pinang,N,0,710,3,Fair,GD,BC
9/2/2026,1000000000000348,22069165503,Approve,48501080,Platinum,Master,P,O1,0,0,88,A,H,D,F,64,Malay,MAL,MARRIED,Diploma,0,FAMILY OWNED,Manager,Real Estate,29,21576,25831,309975,309975,22,23,4.48,3631,32,34,3,Y,Y,20260328,20260319,20260302,54819,40000,14819,1201.3,Selangor,Y,0,750,4,No Score,PL,C2
9/2/2026,1000000000000349,26934850050,Approve,27096116,Infinite,Visa,S,U2,0,0,1,A,A,A,F,22,Malay,MAL,WIDOWED,Diploma,3,EMPLOYER PROVIDED,IT Executive,Wholesale,2,20450,25099,301195,301195,25,36,8.13,6581,18,29,2,Y,N,20260802,20260724,20260716,45776.85,37000,8776.85,1159.71,Sarawak,0,0,682,1,No Score,GD,MG
9/2/2026,1000000000000350,29677983380,Approve,79703656,Gold,Master,P,O1,0,0,0,A,B,A,F,45,Malay,MAL,SINGLE,Certificate,17,MORTGAGE,IT Executive,Retail Trade,12,10671,12927,155127,155127,10,15,3.89,5596,13,16,5,Y,Y,20260116,20251228,20251201,48687.75,36500,12187.75,192.1,Selangor,1,0,774,1,Low,MG,PL
9/2/2026,1000000000000351,22392978470,Approve,84758440,Infinite,Visa,S,R5,0,0,1,A,B,N,M,56,Chinese,MAL,SINGLE,Diploma,11,RENTING,Businessman,Food & Beverage,23,21244,26752,321035,321035,33,39,14.7,1463,27,38,3,Y,N,20251204,20251201,20251109,34963.54,29000,5963.54,231.1,Kuala Lumpur,0,0,679,1,Fair,IN,BC
9/2/2026,1000000000000352,29987833484,Approve,37061888,Gold,Master,S,R1,0,0,0,A,A, ,F,22,Malay,MAL,MARRIED,Diploma,4,RENTING,Businessman,Government,3,24263,29144,349732,349732,40,43,15.37,3349,47,54,5,Y,N,20251107,20251031,20251005,35266.87,29000,6266.87,490.3,Sarawak,Y,0,551,1,Low,GD,MG
9/2/2026,1000000000000353,26410463524,Approve,57414455,Platinum,Visa,P,B6,0,0,88,A,H,N,F,43,Malay,MAL,MARRIED,Diploma,17,OWNED,Engineer,Transportation,19,9805,11660,139920,139920,30,42,11.57,2644,34,45,5,Y,Y,20260808,20260805,20260727,28060.7,21500,6560.7,1298.73,Sabah,Y,0,504,2,Good,BC,CL
9/2/2026,1000000000000354,20806423708,Approve,29829822,Gold,Master,P,T1,0,0,94850000,A,-,N,F,57,Malay,MAL,WIDOWED,SPM,6,RENTING,Accountant,Agriculture,30,5018,6013,72157,72157,40,45,3.18,3300,49,51,5,Y,Y,20260516,20260515,20260424,22213.04,15000,7213.04,1264.87,Kuala Lumpur,1,0,466,4,No Score,IN,MG
9/2/2026,1000000000000355,20789272667,Approve,22874023,Infinite,Master,S,T1,0,0,88,A,-,A,M,55,Malay,MAL,WIDOWED,STPM,4,OWNED,IT Executive,Healthcare,13,18950,24326,291920,291920,16,20,8.98,7514,14,20,5,Y,N,20260919,20260902,20260814,77937.75,52000,25937.75,1777.08,Kuala Lumpur,Y,0,795,4,Low,C2,MG
9/2/2026,1000000000000356,24497809003,Approve,36566437,Platinum,Visa,S,U3,0,0,94850000,A,B, ,M,44,Malay,MAL,SINGLE,Bachelor Degree,22,OWNED,Factory Worker,Professional Services,21,8676,11039,132479,132479,26,33,8.78,1063,28,32,1,N,N,0,20260407,20260327,46914.42,32000,14914.42,1126.23,Johor,Y,0,670,4,Very Good,BC,CL
9/2/2026,1000000000000357,26297455381,Approve,49954382,Gold,Master,S,O3,0,0,1,A,H,D,M,32,Malay,MAL,SINGLE,SPM,13,OWNED,Driver,Education,13,24642,32940,395287,395287,27,30,17.2,3066,28,32,5,Y,Y,20260513,20260509,20260506,48123.61,37500,10623.61,1304.03,Selangor,Y,0,767,2,Excellent,CL,GD
9/2/2026,1000000000000358,22951688612,Approve,70851317,Infinite,Visa,P,T1,0,0,1,A,D,D,M,65,Malay,MAL,MARRIED,SPM,29,RENTING,Lecturer,Wholesale,30,21463,25335,304029,304029,30,36,11.76,951,33,39,5,N,N,0,20260622,20260523,54618.77,40000,14618.77,320.76,Johor,N,0,682,1,Excellent,C2,GD
9/2/2026,1000000000000359,28816010049,Approve,55541542,Infinite,Master,P,U1,0,0,0,A,H,N,F,41,Chinese,MAL,SINGLE,SPM,12,RENTING,Factory Worker,Education,4,24369,28122,337468,337468,12,14,17.26,6423,16,19,1,N,Y,0,20260722,20260718,61998.28,45500,16498.28,996.34,Sabah,0,0,718,4,Fair,GD,PL
9/2/2026,1000000000000360,28859948341,Approve,12195460,Platinum,Master,S,B6,0,0,1,A,B,A,M,50,Malay,MAL,SINGLE,Master Degree,20,OWNED,Technician,Retail Trade,30,15718,19263,231164,231164,12,18,4.25,4255,11,15,2,Y,Y,20260909,20260905,20260828,66605.58,47000,19605.58,997.33,Sabah,1,0,800,1,No Score,BC,IN
9/2/2026,1000000000000361,27862537134,Approve,98388886,Gold,Master,P,U2,0,0,94850000,A,-, ,M,57,Malay,MAL,SINGLE,SPM,8,OWNED,IT Executive,Education,10,17990,23378,280545,280545,18,21,5.08,3595,21,30,1,Y,N,20251216,20251213,20251122,59717.46,41000,18717.46,1143.11,Pahang,0,0,768,4,Very Good,MG,CL
9/2/2026,1000000000000362,25641013451,Approve,57978862,Gold,Master,P,O1,0,0,0,A,H,D,F,56,Malay,MAL,SINGLE,Diploma,10,RENTING,Lecturer,Hospitality,17,17474,22295,267548,267548,15,16,9.15,2648,11,20,2,Y,Y,20260930,20260912,20260826,55723.39,43500,12223.39,140.42,Kelantan,N,0,784,1,Very Good,V3,V3
9/2/2026,1000000000000363,21939117898,Approve,79625715,Platinum,Visa,S,O3,0,0,1,A,A, ,F,56,Chinese,MAL,DIVORCED,No Formal Education,7,MORTGAGE,Retail Assistant,Professional Services,38,21855,28095,337147,337147,18,22,3.56,1432,11,21,5,N,N,0,20251114,20251026,47455.07,35000,12455.07,436.97,Kuala Lumpur,0,0,785,2,Low,PL,C2
9/2/2026,1000000000000364,25331378647,Approve,22828128,Gold,Master,P,B1,0,0,94850000,A,D,D,M,57,Indian,MAL,MARRIED,Diploma,18,MORTGAGE,Accountant,Food & Beverage,11,15042,19779,237357,237357,22,25,0.3,6191,33,34,3,Y,N,20260501,20260412,20260325,46275.48,33500,12775.48,485.69,Johor,N,0,661,3,Very Good,PL,IN
9/2/2026,1000000000000365,22498029746,Approve,22330471,Platinum,Visa,P,U2,0,0,94850000,A,A, ,M,55,Malay,MAL,SINGLE,SPM,30,MORTGAGE,Driver,Government,13,23865,29688,356258,356258,13,15,17.54,4615,16,19,5,N,N,0,20260605,20260517,51080.38,34500,16580.38,472.57,Selangor,Y,0,742,2,No Score,C2,CL
9/2/2026,1000000000000366,29037585891,Approve,58180863,Gold,Visa,P,O5,0,0,1,A,B,A,M,55,Malay,MAL,SINGLE,STPM,21,MORTGAGE,Supervisor,Oil & Gas,35,8728,10374,124499,124499,21,26,1.8,6915,26,27,2,Y,N,20260414,20260413,20260325,45638.99,37000,8638.99,1017.22,Kuala Lumpur,0,0,773,1,Very Good,BC,BC
9/2/2026,1000000000000367,27576579570,Approve,31727977,Classic,Visa,P,R2,0,0,88,A,D,D,F,46,Malay,MAL,MARRIED,SPM,13,OWNED,Police Officer,Construction,27,10719,13630,163560,163560,26,34,0.16,2920,31,43,5,Y,Y,20260428,20260426,20260402,32883.51,27000,5883.51,1264.59,Selangor,0,0,591,3,Excellent,GD,V3
9/2/2026,1000000000000368,27628101132,Approve,38022091,Gold,Master,P,U1,0,0,94850000,A,B,D,M,50,Indian,MAL,SINGLE,SPM,12,RENTING,Lecturer,Financial Services,15,17401,20149,241791,241791,23,33,3.57,6057,24,30,3,Y,N,20260710,20260702,20260625,60524.03,41500,19024.03,414.82,Pulau Pinang,N,0,743,4,Low,IN,CL
9/2/2026,1000000000000369,27222203314,Approve,92455201,Classic,Visa,S,O5,0,0,0,A,B,A,M,61,Malay,MAL,MARRIED,SPM,31,FAMILY OWNED,Contractor,Healthcare,7,17532,21731,260778,260778,32,44,17.82,6756,29,40,3,Y,N,20251218,20251209,20251130,37835.36,28000,9835.36,1431.74,Pahang,Y,0,554,2,Good,GD,CL
9/2/2026,1000000000000370,24357941836,Approve,26283037,Platinum,Visa,S,O1,0,0,88,A,-,N,M,55,Malay,MAL,MARRIED,SPM,13,MORTGAGE,Administrator,Education,11,2276,2881,34574,34574,51,62,16.91,6293,59,67,2,N,Y,0,20260122,20260113,14877.12,12000,2877.12,372.66,Negeri Sembilan,Y,0,508,4,Good,IN,IN
9/2/2026,1000000000000371,24354622740,Approve,42797531,Gold,Visa,P,U3,0,0,88,A,H, ,M,32,Chinese,MAL,MARRIED,SPM,2,RENTING,Civil Servant,Telecommunications,5,15825,21339,256078,256078,22,29,8.39,4742,33,35,2,N,Y,0,20260617,20260612,21141.74,15000,6141.74,1792.14,Pulau Pinang,0,0,439,2,Fair,BC,IN
9/2/2026,1000000000000372,28903355358,Approve,33264613,Gold,Master,P,R1,0,0,0,A,A,D,M,31,Indian,MAL,SINGLE,Diploma,8,OWNED,Security Guard,Agriculture,3,24241,28476,341712,341712,11,22,4.18,528,12,17,3,Y,N,20251001,20250918,20250910,54854.66,40500,14354.66,476.29,Kuala Lumpur,N,0,850,1,Good,V3,BC
9/2/2026,1000000000000373,26543008441,Approve,66179571,Platinum,Master,P,O5,0,0,88,A,B,N,F,40,Chinese,MAL,SINGLE,Bachelor Degree,11,RENTING,Administrator,Wholesale,2,23305,31268,375224,375224,19,20,0.37,7292,23,26,3,Y,N,20260720,20260703,20260611,54152.25,40500,13652.25,457.65,Sarawak,Y,0,822,4,Low,MG,BC
9/2/2026,1000000000000374,26707013182,Approve,40310459,Platinum,Visa,P,T3,0,0,88,A,-,N,M,41,Chinese,MAL,SINGLE,Diploma,22,OWNED,Sales Executive,Food & Beverage,2,11282,14657,175884,175884,14,21,3.7,7330,19,21,2,Y,N,20250909,20250908,20250902,38867.76,29000,9867.76,157.76,Sabah,0,0,690,4,Very Good,BC,BC
9/2/2026,1000000000000375,28407697524,Approve,94737304,Platinum,Master,S,B2,0,0,0,A,A, ,M,60,Indian,MAL,MARRIED,Bachelor Degree,9,OWNED,Army Personnel,Manufacturing,6,16475,20036,240435,240435,22,34,1.22,2293,17,26,2,Y,N,20251101,20251016,20251001,48800.18,37500,11300.18,1671.2,Johor,1,0,778,3,Fair,C2,V3
9/2/2026,1000000000000376,21036526008,Approve,66250899,Gold,Master,P,R1,0,0,1,A,A,D,F,65,Malay,MAL,MARRIED,Bachelor Degree,7,FAMILY OWNED,Manager,Real Estate,6,23813,28111,337340,337340,20,21,6.74,6563,24,30,5,Y,Y,20251214,20251205,20251113,59151.13,40000,19151.13,1737.73,Melaka,N,0,727,1,No Score,V3,CL
9/2/2026,1000000000000377,21646138087,Approve,10406906,Gold,Visa,P,B1,0,0,1,A,D,A,M,56,Indian,MAL,SINGLE,SPM,32,MORTGAGE,Nurse,Retail Trade,3,12669,16341,196100,196100,44,50,14.37,7144,44,54,5,N,Y,0,20251124,20251115,36453.38,26500,9953.38,1075.24,Kelantan,1,0,587,1,Very Good,C2,GD
9/2/2026,1000000000000378,27966372523,Approve,40930568,Infinite,Master,S,R1,0,0,0,A,H,A,M,41,Malay,MAL,MARRIED,Diploma,9,MORTGAGE,Clerk,Professional Services,8,11637,14081,168977,168977,20,25,17.61,5489,16,27,2,Y,Y,20260430,20260423,20260417,30262.12,23500,6762.12,1721.32,Terengganu,0,0,672,4,Good,MG,GD
9/2/2026,1000000000000379,21913909370,Approve,97322542,Platinum,Visa,P,T2,0,0,94850000,A,B,A,M,44,Chinese,MAL,WIDOWED,Bachelor Degree,25,OWNED,Clerk,Government,26,22753,29791,357501,357501,17,24,2.68,5195,24,28,3,Y,Y,20260731,20260725,20260717,54565.7,37500,17065.7,413.96,Johor,0,0,823,3,Low,BC,C2
9/2/2026,1000000000000380,29712874928,Approve,97614538,Gold,Visa,P,B6,0,0,94850000,A,H,N,M,54,Malay,MAL,SINGLE,SPM,13,RENTING,Retail Assistant,Retail Trade,10,24790,30326,363915,363915,25,33,15.47,4971,21,29,5,Y,N,20260409,20260329,20260313,63719.07,51500,12219.07,1545.53,Sabah,N,0,628,4,Low,CL,CL
9/2/2026,1000000000000381,25052770458,Approve,29068207,Platinum,Master,S,B2,0,0,88,A,D,A,M,30,Malay,MAL,SINGLE,Bachelor Degree,5,FAMILY OWNED,Retail Assistant,Agriculture,4,18299,21697,260372,260372,22,26,9.58,4495,24,32,1,N,N,0,20251108,20251014,48970.62,37000,11970.62,1303.48,Melaka,N,0,730,1,Fair,V3,BC
9/2/2026,1000000000000382,29949512167,Approve,37448319,Gold,Visa,P,U2,0,0,0,A,B,A,F,62,Chinese,MAL,SINGLE,STPM,29,RENTING,Chef,Government,9,5663,7352,88225,88225,52,53,6.74,3278,56,59,2,Y,Y,20251010,20251002,20250923,17641.72,13000,4641.72,1003.45,Kelantan,N,0,503,1,Good,BC,C2
9/2/2026,1000000000000383,21012887560,Approve,80166551,Platinum,Visa,P,U2,0,0,1,A,H, ,M,39,Chinese,MAL,MARRIED,Bachelor Degree,12,RENTING,Manager,Hospitality,13,1899,2536,30443,30443,43,48,3.85,2217,57,63,3,Y,N,20260104,20260101,20251225,7075.44,5500,1575.44,1741.69,Johor,Y,0,360,2,Low,CL,CL
9/2/2026,1000000000000384,26076081797,Approve,89509411,Platinum,Visa,P,B1,0,0,0,A,B, ,M,58,Malay,MAL,SINGLE,Bachelor Degree,24,OWNED,Chef,Food & Beverage,20,9014,11268,135224,135224,35,43,16.42,4825,39,41,5,Y,N,20260111,20260101,20251224,44878.16,35000,9878.16,494.25,Negeri Sembilan,1,0,684,3,Excellent,IN,GD
9/2/2026,1000000000000385,27786754717,Approve,99019649,Gold,Visa,P,U3,0,0,0,A,B, ,F,28,Indian,MAL,SINGLE,STPM,3,RENTING,Accountant,Plantation,0,19925,22996,275954,275954,38,46,3.2,1738,43,47,5,Y,N,20260320,20260319,20260314,34199.24,26500,7699.24,1428,Selangor,0,0,509,2,Very Good,BC,V3
9/2/2026,1000000000000386,24636644054,Approve,39670530,Classic,Visa,S,B2,0,0,1,A,H,A,M,29,Malay,MAL,MARRIED,Bachelor Degree,7,OWNED,Manager,Plantation,10,5816,7105,85261,85261,45,53,11.04,5365,63,66,1,Y,Y,20260506,20260421,20260409,26199.39,18000,8199.39,1191.74,Sabah,1,0,516,2,Fair,V3,CL
9/2/2026,1000000000000387,22815022174,Approve,73791320,Classic,Visa,P,T2,0,0,1,A,B,D,F,24,Malay,MAL,SINGLE,SPM,4,RENTING,Administrator,Construction,5,2465,3185,38229,38229,38,41,14.83,5423,45,53,5,N,Y,0,20260411,20260315,5804.58,4500,1304.58,1285.66,Selangor,1,0,350,2,No Score,MG,C2
9/2/2026,1000000000000388,26928276634,Approve,71970673,Infinite,Visa,P,T1,0,0,88,A,D,N,F,56,Malay,MAL,SINGLE,SPM,28,OWNED,Factory Worker,Hospitality,4,10367,12064,144774,144774,26,28,0.47,5729,25,33,3,N,N,0,20260204,20260109,27172.03,22000,5172.03,1424.33,Sabah,N,0,671,4,Excellent,GD,BC
9/2/2026,1000000000000389,23610604981,Approve,35573950,Gold,Master,S,O3,0,0,88,A,-,D,M,45,Chinese,MAL,SINGLE,Certificate,26,MORTGAGE,IT Executive,Financial Services,21,6449,8334,100015,100015,26,36,10.84,6436,28,30,3,Y,N,20260421,20260417,20260322,31042.93,22000,9042.93,893.25,Pulau Pinang,0,0,661,4,Good,CL,MG
9/2/2026,1000000000000390,27422384314,Approve,84252324,Infinite,Master,P,R2,0,0,1,A,-,D,M,52,Malay,MAL,MARRIED,SPM,12,OWNED,IT Executive,Healthcare,17,11747,15675,188109,188109,27,35,10.88,1346,30,32,2,Y,N,20260526,20260525,20260522,50674.02,34000,16674.02,1402.91,Johor,Y,0,734,4,Low,C2,CL
9/2/2026,1000000000000391,21163060554,Approve,63073432,Infinite,Visa,P,T3,0,0,94850000,A,B,D,M,59,Malay,MAL,DIVORCED,SPM,35,FAMILY OWNED,Administrator,Retail Trade,9,21450,26092,313104,313104,14,26,16.44,4730,10,22,3,N,N,0,20260811,20260728,60575.73,42500,18075.73,700.78,Selangor,0,0,745,2,Low,PL,IN
9/2/2026,1000000000000392,26030143466,Approve,34136369,Platinum,Visa,S,U1,0,0,88,A,D,N,F,40,Chinese,MAL,MARRIED,Bachelor Degree,2,OWNED,IT Executive,Plantation,12,19354,24122,289472,289472,22,31,16.08,7493,30,32,3,N,N,0,20260622,20260602,65910.39,45500,20410.39,1304.04,Kedah,Y,0,834,3,Fair,MG,BC
9/2/2026,1000000000000393,26200362995,Approve,55637492,Gold,Visa,S,B1,0,0,1,A,H, ,F,60,Chinese,MAL,MARRIED,Master Degree,9,FAMILY OWNED,IT Executive,Wholesale,3,11420,14190,170281,170281,27,37,9.58,2648,30,40,2,Y,N,20260419,20260331,20260313,35909.9,24000,11909.9,39.52,Kelantan,1,0,553,1,Excellent,MG,C2
9/2/2026,1000000000000394,25490493598,Approve,88240769,Platinum,Master,P,B2,0,0,0,A,D,N,M,21,Chinese,MAL,MARRIED,SPM,2,FAMILY OWNED,Manager,Retail Trade,0,21874,27512,330151,330151,31,35,16.16,4665,33,36,2,Y,N,20251215,20251210,20251116,65313.17,44000,21313.17,156.97,Kuala Lumpur,N,0,786,1,Excellent,BC,V3
9/2/2026,1000000000000395,20559025084,Approve,55252462,Platinum,Visa,S,O3,0,0,88,A,-,N,M,62,Malay,MAL,MARRIED,SPM,2,OWNED,Civil Servant,Government,21,16169,19209,230515,230515,21,33,17.85,2351,20,24,3,Y,N,20260702,20260616,20260607,60724.35,43000,17724.35,220.57,Johor,Y,0,748,3,No Score,GD,V3
9/2/2026,1000000000000396,27159223999,Approve,78770890,Gold,Visa,P,T1,0,0,94850000,A,H,D,M,25,Malay,MAL,MARRIED,Bachelor Degree,6,OWNED,Factory Worker,Telecommunications,0,9085,11122,133465,133465,37,45,9.74,7569,48,57,3,N,Y,0,20250909,20250825,24204.1,19000,5204.1,1642.64,Johor,1,0,512,3,Fair,BC,V3
9/2/2026,1000000000000397,22969242916,Approve,23082350,Gold,Master,S,R5,0,0,1,A,B,A,M,49,Chinese,MAL,MARRIED,SPM,29,MORTGAGE,Contractor,Wholesale,29,7866,10215,122590,122590,37,42,2.85,2117,40,48,2,Y,N,20260821,20260813,20260804,35234.77,24000,11234.77,483.14,Kelantan,N,0,627,3,Excellent,CL,GD
9/2/2026,1000000000000398,20174568885,Approve,54220000,Platinum,Master,S,B6,0,0,94850000,A,H,A,M,48,Malay,MAL,SINGLE,Bachelor Degree,24,FAMILY OWNED,Technician,Agriculture,28,15141,20274,243297,243297,18,19,8.74,3513,20,21,2,Y,N,20260417,20260406,20260401,51772.73,42000,9772.73,426.11,Kuala Lumpur,0,0,766,3,Very Good,MG,BC
9/2/2026,1000000000000399,27269541133,Approve,44086060,Platinum,Master,P,U3,0,0,88,A,D,N,M,42,Chinese,MAL,MARRIED,Certificate,21,FAMILY OWNED,Police Officer,Healthcare,9,20722,25348,304178,304178,14,18,12.18,1547,19,24,3,N,N,0,20260316,20260308,68796.2,47000,21796.2,1769.13,Kuala Lumpur,Y,0,788,1,Good,MG,MG
9/2/2026,1000000000000400,29460135464,Approve,50199913,Platinum,Master,S,B1,0,0,94850000,A,A,N,M,26,Malay,MAL,SINGLE,SPM,4,OWNED,Manager,Food & Beverage,0,14812,17458,209497,209497,22,23,0.89,1809,24,25,1,N,Y,0,20251010,20251003,40488.75,31000,9488.75,804.73,Negeri Sembilan,Y,0,665,4,Fair,CL,BC
9/2/2026,1000000000000401,20736256902,Approve,66269520,Gold,Master,S,B2,0,0,1,A,D, ,F,65,Indian,MAL,SINGLE,Bachelor Degree,24,RENTING,Engineer,Wholesale,26,17430,20611,247332,247332,23,31,5.48,6438,31,33,3,Y,Y,20260207,20260131,20260115,37994.31,30500,7494.31,1378.37,Kedah,Y,0,720,2,Fair,V3,IN
9/2/2026,1000000000000402,23438279433,Approve,12670558,Infinite,Visa,P,U3,0,0,94850000,A,A,N,F,63,Chinese,MAL,SINGLE,Diploma,19,RENTING,Civil Servant,Agriculture,8,19784,24567,294811,294811,16,26,12.03,2610,16,23,5,Y,N,20260122,20260112,20251220,42320.73,30500,11820.73,1649.73,Kuala Lumpur,Y,0,662,3,Fair,IN,MG
9/2/2026,1000000000000403,20853591654,Approve,52265790,Gold,Master,P,O3,0,0,94850000,A,D, ,F,36,Chinese,MAL,MARRIED,Certificate,12,MORTGAGE,Driver,Real Estate,16,16440,20454,245452,245452,21,28,9.26,6768,31,35,1,Y,N,20250902,20250827,20250812,55753.11,42500,13253.11,1933.83,Kuala Lumpur,N,0,710,2,Very Good,GD,GD
9/2/2026,1000000000000404,22317965609,Approve,48137561,Platinum,Visa,S,B1,0,0,1,A,-, ,M,21,Malay,MAL,MARRIED,SPM,0,OWNED,Lecturer,Food & Beverage,0,20460,24864,298376,298376,18,24,9.09,2050,21,24,3,Y,N,20260320,20260302,20260214,48254.33,40000,8254.33,1601.87,Pulau Pinang,Y,0,564,2,Excellent,IN,V3
9/2/2026,1000000000000405,20462895484,Approve,63882408,Gold,Visa,P,R5,0,0,94850000,A,-,D,M,40,Malay,MAL,SINGLE,Diploma,1,MORTGAGE,Lecturer,Agriculture,19,24367,28935,347224,347224,27,34,13.71,3128,26,31,1,Y,N,20260301,20260225,20260212,60050.24,46500,13550.24,454.33,Selangor,0,0,762,4,Very Good,CL,V3
9/2/2026,1000000000000406,20293413424,Approve,26550554,Platinum,Master,P,R2,0,0,88,A,-, ,F,53,Malay,MAL,MARRIED,Bachelor Degree,31,FAMILY OWNED,Manager,Hospitality,0,18935,23005,276061,276061,13,15,2.37,1810,14,19,2,N,Y,0,20260221,20260214,57764.43,41000,16764.43,1522.44,Pahang,N,0,752,1,Low,CL,C2
9/2/2026,1000000000000407,22471820239,Approve,31458327,Gold,Visa,P,T1,0,0,88,A,H,D,F,28,Chinese,MAL,MARRIED,PhD,9,FAMILY OWNED,Sales Executive,Retail Trade,1,24077,31794,381533,381533,11,16,3.49,5702,5,14,5,Y,N,20251003,20250925,20250902,51255.71,35500,15755.71,1293.6,Sarawak,N,0,746,1,Good,IN,MG
9/2/2026,1000000000000408,26766076016,Approve,83242696,Gold,Master,P,T1,0,0,94850000,A,D,A,M,64,Malay,MAL,MARRIED,Diploma,29,MORTGAGE,Administrator,Telecommunications,7,8069,9752,117024,117024,34,41,2.57,3026,41,50,3,N,N,0,20260628,20260624,27353.04,22000,5353.04,1787.97,Negeri Sembilan,Y,0,507,2,No Score,BC,C2
9/2/2026,1000000000000409,26592560752,Approve,15491199,Platinum,Visa,P,T3,0,0,88,A,D,A,M,25,Chinese,MAL,MARRIED,SPM,2,RENTING,Police Officer,Wholesale,1,24021,29216,350598,350598,16,25,12.29,1575,14,20,2,Y,N,20251110,20251105,20251027,56648.2,39000,17648.2,225.94,Terengganu,N,0,736,4,Very Good,C2,IN
9/2/2026,1000000000000410,26670597523,Approve,57473757,Platinum,Master,S,R5,0,0,0,A,B,N,M,27,Indian,MAL,SINGLE,Bachelor Degree,9,EMPLOYER PROVIDED,Clerk,Construction,2,22914,27109,325312,325312,25,27,1.95,6399,27,36,3,N,N,0,20251016,20250930,71809.28,50000,21809.28,108.05,Perak,0,0,694,2,No Score,GD,PL
9/2/2026,1000000000000411,28335489194,Approve,85433047,Infinite,Visa,P,T1,0,0,0,A,D, ,F,42,Chinese,MAL,DIVORCED,Bachelor Degree,23,OWNED,Administrator,Real Estate,7,13289,16447,197365,197365,21,33,0.49,6924,25,35,2,Y,Y,20251208,20251118,20251115,48902.85,38500,10402.85,1081.77,Sarawak,N,0,806,1,Good,V3,C2
9/2/2026,1000000000000412,21039599316,Approve,79891321,Platinum,Master,P,U2,0,0,94850000,A,A,D,F,54,Indian,MAL,MARRIED,STPM,32,FAMILY OWNED,Lecturer,Food & Beverage,8,15486,19319,231838,231838,32,44,0.24,3714,26,38,1,N,Y,0,20251204,20251126,53027.64,43500,9527.64,944.95,Kelantan,N,0,635,1,Fair,C2,BC
9/2/2026,1000000000000413,26601657084,Approve,72665203,Platinum,Master,S,U1,0,0,1,A,D,A,M,61,Malay,MAL,MARRIED,SPM,4,OWNED,Driver,Real Estate,39,21352,24857,298293,298293,14,17,7.19,1656,7,17,3,Y,N,20261008,20260921,20260823,73949.87,56500,17449.87,1164.27,Pahang,1,0,850,3,Low,V3,IN
9/2/2026,1000000000000414,22877831097,Approve,25203340,Classic,Master,S,T3,0,0,1,A,A,N,M,35,Chinese,MAL,MARRIED,Bachelor Degree,10,RENTING,Businessman,Wholesale,13,8563,10354,124256,124256,24,32,13.1,3414,33,38,5,Y,N,20251217,20251213,20251118,34979.11,23500,11479.11,579.65,Pahang,N,0,539,2,No Score,CL,V3
9/2/2026,1000000000000415,20866043430,Approve,62248036,Gold,Visa,S,U1,0,0,0,A,B, ,F,59,Chinese,MAL,MARRIED,STPM,4,OWNED,Accountant,Manufacturing,12,15465,20314,243773,243773,14,20,6.75,630,12,23,2,Y,Y,20260127,20260124,20260107,46470.25,32000,14470.25,44.23,Pulau Pinang,0,0,710,3,Good,V3,IN
9/2/2026,1000000000000416,23628137146,Approve,57303591,Platinum,Master,P,T2,0,0,1,A,-,N,F,21,Malay,MAL,MARRIED,Master Degree,3,RENTING,Sales Executive,Hospitality,0,15447,18373,220478,220478,18,22,5.94,4208,19,24,5,N,Y,0,20260602,20260504,57808.68,39000,18808.68,1834.37,Selangor,1,0,627,4,Excellent,BC,CL
9/2/2026,1000000000000417,26986856991,Approve,77259613,Classic,Visa,P,T2,0,0,1,A,A,D,M,58,Malay,MAL,SINGLE,SPM,32,OWNED,Factory Worker,Government,9,4250,5300,63600,63600,33,34,6.5,882,36,42,3,Y,N,20260217,20260130,20260119,17098.43,11500,5598.43,1938.27,Kuala Lumpur,Y,0,447,2,Low,PL,C2
9/2/2026,1000000000000418,28689053678,Approve,36726532,Infinite,Master,S,O3,0,0,1,A,-, ,M,32,Malay,MAL,SINGLE,Bachelor Degree,14,OWNED,Administrator,Government,3,24053,30780,369369,369369,13,25,13.2,1816,11,17,1,Y,Y,20251010,20250929,20250905,56688.61,38500,18188.61,1634.9,Kuala Lumpur,Y,0,785,3,No Score,BC,IN
9/2/2026,1000000000000419,20378339111,Approve,86670571,Gold,Master,S,B1,0,0,0,A,D,N,M,51,Malay,MAL,SINGLE,SPM,9,OWNED,Clerk,Education,29,15522,17925,215107,215107,25,37,13.83,1984,24,31,2,Y,Y,20251017,20250930,20250909,54149.23,39000,15149.23,1302.65,Selangor,N,0,781,1,Good,IN,MG
9/2/2026,1000000000000420,25997212240,Approve,91117376,Platinum,Master,S,T3,0,0,94850000,A,H, ,M,44,Indian,MAL,MARRIED,Bachelor Degree,12,OWNED,Doctor,Agriculture,21,9104,12177,146135,146135,26,38,14.09,6532,18,30,3,Y,Y,20260919,20260914,20260831,43215.09,33000,10215.09,254.44,Terengganu,N,0,666,3,Very Good,GD,IN
9/2/2026,1000000000000421,25053894014,Approve,72336444,Gold,Visa,S,O5,0,0,94850000,A,H,N,F,46,Indian,MAL,SINGLE,Primary,2,OWNED,Businessman,Plantation,19,12405,16678,200137,200137,31,41,1.67,774,36,41,5,Y,N,20260203,20260114,20251218,35548.46,27000,8548.46,124.64,Selangor,0,0,572,1,Good,CL,CL
9/2/2026,1000000000000422,22984292273,Approve,27511429,Platinum,Visa,S,B2,0,0,88,A,B,N,M,63,Chinese,MAL,MARRIED,STPM,1,RENTING,Lecturer,Manufacturing,10,20914,25326,303916,303916,26,33,9.27,2746,27,37,5,Y,N,20260806,20260728,20260717,44269.56,30000,14269.56,720.86,Sabah,0,0,606,1,Good,V3,MG
9/2/2026,1000000000000423,25357554534,Approve,82353670,Platinum,Visa,P,O3,0,0,0,A,-,D,M,65,Indian,MAL,SINGLE,Bachelor Degree,34,RENTING,Civil Servant,Wholesale,21,2523,3011,36140,36140,34,36,17.29,3293,46,51,1,N,Y,0,20260530,20260510,11233.04,8000,3233.04,45.17,Perak,0,0,480,3,Good,MG,C2
9/2/2026,1000000000000424,26095404913,Approve,76992183,Infinite,Visa,S,O5,0,0,1,A,D,D,F,52,Malay,MAL,MARRIED,SPM,17,MORTGAGE,Army Personnel,Retail Trade,7,23140,27723,332686,332686,42,45,1.12,4200,39,48,2,N,Y,0,20260603,20260512,43108.97,32000,11108.97,1162.77,Selangor,0,0,690,1,Very Good,V3,V3
9/2/2026,1000000000000425,27601708403,Approve,84621602,Platinum,Visa,P,O5,0,0,94850000,A,B,D,F,30,Malay,MAL,SINGLE,STPM,8,OWNED,Driver,Retail Trade,0,18952,22769,273234,273234,15,21,6.65,7542,15,22,3,N,N,0,20251203,20251125,79343.75,55000,24343.75,1333.97,Kedah,1,0,766,4,Low,BC,BC
9/2/2026,1000000000000426,22419943684,Approve,21041247,Gold,Master,P,O5,0,0,94850000,A,A, ,M,49,Malay,MAL,MARRIED,SPM,24,OWNED,Teacher,Construction,21,3677,4482,53795,53795,25,29,17.16,3858,28,29,3,N,N,0,20260318,20260225,29280.47,24000,5280.47,185.75,Pulau Pinang,Y,0,720,2,Low,BC,V3
9/2/2026,1000000000000427,26152869105,Approve,26730079,Platinum,Master,P,U3,0,0,1,A,H,D,M,65,Indian,MAL,MARRIED,Diploma,12,FAMILY OWNED,Driver,Professional Services,18,12909,16556,198682,198682,29,33,1.14,4041,31,39,2,Y,Y,20260417,20260329,20260328,39935.29,30500,9435.29,425.66,Kuala Lumpur,0,0,655,2,Low,PL,MG
9/2/2026,1000000000000428,26733798023,Approve,75630349,Platinum,Visa,P,T1,0,0,88,A,B,N,M,49,Chinese,MAL,DIVORCED,Diploma,10,RENTING,Retail Assistant,Education,24,19220,24597,295173,295173,21,24,0.2,7230,23,34,3,Y,Y,20260704,20260625,20260624,63219.63,48000,15219.63,1878.85,Kedah,N,0,752,3,Low,CL,MG
9/2/2026,1000000000000429,22310518580,Approve,53826571,Gold,Master,P,B6,0,0,0,A,-,A,F,61,Chinese,MAL,MARRIED,STPM,22,OWNED,Teacher,Government,21,21167,25213,302560,302560,24,36,3.28,6791,24,27,2,Y,Y,20250902,20250827,20250826,71413.28,55500,15913.28,240.76,Terengganu,N,0,801,1,No Score,GD,GD
9/2/2026,1000000000000430,23947803475,Approve,95771994,Platinum,Master,S,R5,0,0,1,A,B,D,M,52,Malay,MAL,WIDOWED,Bachelor Degree,2,OWNED,IT Executive,Professional Services,14,20749,27930,335161,335161,17,19,5.79,4793,15,20,2,Y,Y,20260926,20260909,20260816,66853.04,54500,12353.04,82.85,Perak,N,0,787,2,Low,MG,IN
9/2/2026,1000000000000431,27483452930,Approve,30929060,Platinum,Visa,S,R5,0,0,88,A,H, ,M,63,Malay,MAL,MARRIED,Bachelor Degree,23,RENTING,IT Executive,Hospitality,8,23250,26867,322409,322409,25,31,3.64,3695,29,36,3,Y,N,20251107,20251019,20250930,45428.43,36000,9428.43,1232.69,Terengganu,N,0,679,3,Very Good,BC,IN
9/2/2026,1000000000000432,27887955081,Approve,55464764,Gold,Master,S,B6,0,0,0,A,D, ,F,57,Chinese,MAL,MARRIED,Bachelor Degree,35,RENTING,Clerk,Retail Trade,30,18341,22288,267457,267457,25,35,15.6,1330,21,31,3,Y,Y,20260416,20260329,20260227,51834.67,42000,9834.67,218.22,Pahang,1,0,772,2,Fair,BC,BC
9/2/2026,1000000000000433,28669206245,Approve,60676241,Platinum,Master,P,T1,0,0,94850000,A,H,A,F,21,Malay,MAL,DIVORCED,Diploma,1,OWNED,Accountant,Real Estate,3,24456,32084,385008,385008,11,23,1.69,2581,6,15,3,N,N,0,20251112,20251105,65109.84,48000,17109.84,1670.97,Sabah,0,0,832,4,No Score,C2,PL
9/2/2026,1000000000000434,28622124359,Approve,65380076,Classic,Master,P,U3,0,0,94850000,A,A,A,M,39,Malay,MAL,MARRIED,Diploma,12,OWNED,Driver,Real Estate,18,6340,8244,98938,98938,47,58,14.36,1437,56,60,2,Y,N,20260329,20260323,20260311,15983.19,11500,4483.19,865.65,Kelantan,0,0,476,4,Very Good,BC,BC
9/2/2026,1000000000000435,28294271717,Approve,58616740,Infinite,Visa,S,R5,0,0,94850000,A,-,N,F,48,Chinese,MAL,MARRIED,Diploma,14,MORTGAGE,Manager,Education,24,15946,18540,222491,222491,19,22,13.82,3244,21,28,5,Y,N,20251006,20250917,20250822,57140.07,40500,16640.07,228.33,Kedah,N,0,742,4,Very Good,BC,BC
9/2/2026,1000000000000436,20365439657,Approve,63603995,Infinite,Visa,P,T2,0,0,0,A,D, ,F,24,Chinese,MAL,WIDOWED,PhD,3,MORTGAGE,Accountant,Construction,0,24185,28427,341124,341124,17,19,4.28,3672,23,29,2,N,N,0,20250908,20250812,54287.49,44500,9787.49,1677.94,Kedah,Y,0,822,4,No Score,CL,V3
9/2/2026,1000000000000437,27312725737,Approve,30625229,Gold,Visa,P,O1,0,0,88,A,D,N,M,62,Indian,MAL,MARRIED,SPM,16,RENTING,Clerk,Telecommunications,0,24663,31604,379250,379250,23,31,14.78,875,36,39,3,Y,N,20251029,20251027,20251010,54927.55,43500,11427.55,866.27,Sarawak,N,0,650,3,Excellent,C2,V3
9/2/2026,1000000000000438,20615878339,Approve,46281375,Platinum,Visa,S,R1,0,0,1,A,D, ,F,37,Malay,MAL,MARRIED,SPM,6,FAMILY OWNED,Technician,Education,12,9688,11215,134581,134581,25,36,15.51,6401,30,40,2,N,Y,0,20260101,20251215,40497.53,28000,12497.53,602.29,Melaka,0,0,618,4,Very Good,C2,IN
9/2/2026,1000000000000439,24531632271,Approve,60443793,Platinum,Visa,P,R1,0,0,1,A,H, ,M,39,Malay,MAL,SINGLE,Bachelor Degree,9,OWNED,Supervisor,Construction,21,11396,13140,157681,157681,24,32,8.43,1888,27,31,5,Y,N,20250927,20250925,20250915,46575.89,35000,11575.89,217.76,Kuala Lumpur,0,0,765,1,Good,V3,CL
9/2/2026,1000000000000440,25842040074,Approve,73318176,Gold,Master,P,U2,0,0,0,A,A,A,F,53,Malay,MAL,SINGLE,Master Degree,27,OWNED,Nurse,Government,21,15298,18877,226532,226532,21,30,15.31,5400,15,25,5,N,Y,0,20260709,20260616,67928.64,48500,19428.64,31.32,Johor,Y,0,814,1,Excellent,PL,C2
9/2/2026,1000000000000441,28476933061,Approve,33288072,Gold,Master,P,O5,0,0,88,A,-,D,M,36,Indian,MAL,SINGLE,Diploma,3,OWNED,Self-Employed,Transportation,17,23649,27378,328536,328536,28,32,2.36,2157,24,34,1,Y,N,20251128,20251115,20251030,42063.02,34500,7563.02,328.95,Selangor,0,0,706,2,Excellent,IN,MG
9/2/2026,1000000000000442,26514538971,Approve,31281703,Platinum,Visa,S,B1,0,0,94850000,A,-,D,M,35,Others,MAL,MARRIED,Bachelor Degree,9,OWNED,Driver,Hospitality,12,22812,28900,346809,346809,13,15,17.76,1423,12,18,3,Y,Y,20260419,20260414,20260403,52238.09,42000,10238.09,70.65,Selangor,N,0,795,4,Fair,BC,MG
9/2/2026,1000000000000443,21218502521,Approve,13537149,Platinum,Visa,S,B6,0,0,88,A,A,A,M,33,Malay,MAL,SINGLE,SPM,4,OWNED,Factory Worker,Wholesale,13,17803,21447,257369,257369,14,21,5.13,2073,18,23,5,N,Y,0,20251022,20251006,55214.73,38000,17214.73,823.27,Perak,Y,0,718,1,Fair,BC,PL
9/2/2026,1000000000000444,24050022317,Approve,81398863,Platinum,Master,S,U1,0,0,94850000,A,D,A,M,40,Malay,MAL,MARRIED,Master Degree,2,EMPLOYER PROVIDED,Clerk,Agriculture,20,5607,7465,89580,89580,26,35,0.05,7654,18,30,1,N,N,0,20251126,20251113,30029.67,24000,6029.67,551.8,Pulau Pinang,0,0,663,1,Fair,CL,V3
9/2/2026,1000000000000445,23745059644,Approve,16241172,Platinum,Master,P,R1,0,0,0,A,A,D,M,38,Malay,MAL,MARRIED,Diploma,12,EMPLOYER PROVIDED,Driver,Hospitality,14,20544,25890,310689,310689,29,34,10.16,1010,41,44,3,N,N,0,20250921,20250824,49880.99,38500,11380.99,1898.59,Johor,Y,0,654,1,Fair,GD,BC
9/2/2026,1000000000000446,28078767080,Approve,70454821,Classic,Visa,S,R2,0,0,0,A,A,A,M,21,Chinese,MAL,MARRIED,Diploma,3,OWNED,Police Officer,Wholesale,3,6020,7770,93250,93250,23,27,12.3,2576,22,29,3,Y,N,20250814,20250811,20250803,23916.04,16000,7916.04,1041.02,Johor,Y,0,694,1,Good,BC,PL
9/2/2026,1000000000000447,28108700358,Approve,16310272,Platinum,Visa,P,B2,0,0,1,A,A,D,F,47,Indian,MAL,MARRIED,SPM,10,FAMILY OWNED,Clerk,Telecommunications,6,20576,24987,299845,299845,32,40,6.47,6529,35,38,1,Y,N,20260627,20260626,20260530,42049.19,34500,7549.19,203.61,Selangor,1,0,704,2,Low,C2,PL
9/2/2026,1000000000000448,29412827620,Approve,54795481,Gold,Master,S,R2,0,0,1,A,D, ,F,58,Chinese,MAL,SINGLE,Bachelor Degree,1,MORTGAGE,IT Executive,Government,23,23234,29830,357960,357960,18,19,3.83,1084,18,21,1,Y,Y,20260404,20260320,20260224,80230.98,57000,23230.98,1007.86,Sarawak,Y,0,850,1,Fair,GD,V3
9/2/2026,1000000000000449,25568868171,Approve,65456043,Gold,Visa,S,R2,0,0,0,A,D,A,F,63,Chinese,MAL,MARRIED,SPM,11,RENTING,Administrator,Retail Trade,30,24410,29484,353813,353813,19,24,12,5309,18,25,2,N,Y,0,20260315,20260304,40231.66,32000,8231.66,1803.41,Pahang,0,0,640,3,Good,PL,MG
9/2/2026,1000000000000450,29740972427,Approve,27878463,Platinum,Visa,P,O5,0,0,1,A,B, ,F,31,Malay,MAL,MARRIED,Diploma,3,MORTGAGE,Lecturer,Food & Beverage,4,19628,25364,304368,304368,14,17,14.3,5636,17,20,1,N,Y,0,20251127,20251105,58074.22,44500,13574.22,144.09,Perak,1,0,756,4,Good,IN,BC
9/2/2026,1000000000000451,26682359068,Approve,68008368,Platinum,Master,P,R1,0,0,88,A,H,N,M,41,Chinese,MAL,MARRIED,Diploma,8,MORTGAGE,Factory Worker,Oil & Gas,9,14850,19661,235938,235938,16,27,14.35,6840,13,24,3,N,Y,0,20260715,20260708,42129.15,30000,12129.15,1127.24,Kuala Lumpur,Y,0,757,2,Fair,GD,BC
9/2/2026,1000000000000452,26264626657,Approve,49565649,Classic,Master,S,T2,0,0,0,A,H,D,M,48,Chinese,MAL,MARRIED,SPM,1,MORTGAGE,Lecturer,Agriculture,9,6090,7752,93027,93027,50,62,3.43,3371,65,68,3,N,N,0,20260529,20260509,10208.87,8000,2208.87,129.37,Sabah,0,0,398,4,Low,BC,IN
9/2/2026,1000000000000453,29469075802,Approve,29020912,Platinum,Visa,S,U1,0,0,0,A,H,A,F,48,Malay,MAL,MARRIED,Bachelor Degree,1,EMPLOYER PROVIDED,Civil Servant,Financial Services,13,24335,31178,374136,374136,13,24,11.92,4895,10,18,1,N,N,0,20260202,20260109,46186.39,38000,8186.39,238.98,Kuala Lumpur,0,0,771,4,Low,GD,GD
9/2/2026,1000000000000454,29389474988,Approve,18606206,Gold,Visa,S,O1,0,0,0,A,B,D,F,64,Malay,MAL,WIDOWED,SPM,21,RENTING,Clerk,Manufacturing,30,24079,29314,351768,351768,14,26,14.2,2846,13,23,1,N,N,0,20251111,20251026,47898.6,39000,8898.6,54.97,Johor,0,0,660,1,Good,C2,GD
9/2/2026,1000000000000455,21431477818,Approve,99295379,Platinum,Visa,P,R5,0,0,1,A,-, ,M,26,Chinese,MAL,MARRIED,SPM,6,OWNED,Teacher,Wholesale,2,22288,27026,324317,324317,13,20,8.77,573,19,23,1,Y,N,20250928,20250913,20250814,57258.16,39000,18258.16,886.2,Sarawak,N,0,754,4,Excellent,CL,PL
9/2/2026,1000000000000456,23465370884,Approve,47276960,Platinum,Visa,S,B2,0,0,0,A,D, ,F,52,Others,MAL,DIVORCED,SPM,4,FAMILY OWNED,Technician,Professional Services,25,20768,27587,331051,331051,11,18,8.39,7866,14,18,1,N,Y,0,20260826,20260824,56078.38,45000,11078.38,123.96,Sabah,Y,0,794,1,Low,V3,C2
9/2/2026,1000000000000457,21320471033,Approve,78308735,Platinum,Master,P,R2,0,0,88,A,D, ,F,45,Malay,MAL,SINGLE,Master Degree,0,OWNED,Chef,Financial Services,20,8531,10492,125907,125907,17,24,0.31,6912,12,21,3,N,Y,0,20250908,20250903,43304.7,33500,9804.7,1252.67,Selangor,Y,0,813,4,Good,BC,MG
9/2/2026,1000000000000458,29805183614,Approve,99182706,Gold,Master,S,O5,0,0,94850000,A,B,A,F,41,Malay,MAL,MARRIED,STPM,2,FAMILY OWNED,Teacher,Construction,13,11805,15739,188872,188872,19,24,10.21,7556,17,22,3,N,Y,0,20260424,20260325,44187.09,30500,13687.09,1190.81,Kedah,1,0,763,1,Good,BC,PL
9/2/2026,1000000000000459,24330327577,Approve,98276697,Platinum,Master,P,R1,0,0,94850000,A,A, ,M,53,Chinese,MAL,MARRIED,SPM,26,OWNED,Accountant,Food & Beverage,9,22740,28406,340874,340874,18,30,7.58,1830,20,27,2,Y,Y,20250907,20250905,20250815,72517.09,54500,18017.09,1515.44,Kuala Lumpur,N,0,729,3,No Score,CL,C2
9/2/2026,1000000000000460,26902626775,Approve,94858086,Gold,Master,S,T3,0,0,88,A,B, ,F,50,Chinese,MAL,MARRIED,Certificate,14,FAMILY OWNED,Accountant,Agriculture,14,13420,18034,216412,216412,34,38,13.32,5474,38,47,1,Y,Y,20260118,20260102,20251220,42640.1,28500,14140.1,872.1,Perak,1,0,557,4,Low,BC,MG
9/2/2026,1000000000000461,26254370493,Approve,28902357,Gold,Visa,P,B1,0,0,94850000,A,H,A,F,27,Indian,MAL,SINGLE,Bachelor Degree,6,FAMILY OWNED,Manager,Professional Services,7,21759,28116,337394,337394,23,34,2.7,1247,27,37,2,Y,Y,20260328,20260310,20260301,66966.76,49000,17966.76,969.21,Sarawak,Y,0,803,3,No Score,IN,PL
9/2/2026,1000000000000462,27483710945,Approve,26002695,Platinum,Master,S,U3,0,0,0,A,D,N,M,26,Chinese,MAL,SINGLE,Master Degree,0,OWNED,Retail Assistant,Real Estate,3,24897,30600,367200,367200,16,25,7.81,5875,9,19,2,Y,N,20260516,20260507,20260412,66529.69,45500,21029.69,80.23,Pahang,Y,0,780,2,Good,MG,C2
9/2/2026,1000000000000463,24765341573,Approve,94535600,Platinum,Master,S,B6,0,0,1,A,B, ,F,50,Malay,MAL,MARRIED,SPM,13,OWNED,IT Executive,Transportation,29,21751,27470,329642,329642,19,26,8.52,1051,19,29,3,N,Y,0,20251114,20251029,48374.89,33000,15374.89,576.4,Selangor,0,0,745,3,Low,C2,GD
9/2/2026,1000000000000464,24691195635,Approve,72872905,Infinite,Visa,S,O1,0,0,0,A,B,A,M,55,Malay,MAL,SINGLE,Diploma,26,RENTING,Nurse,Oil & Gas,14,17548,22052,264625,264625,20,25,14.41,2260,27,30,2,Y,Y,20251202,20251125,20251027,54200.68,40000,14200.68,821.62,Kuala Lumpur,Y,0,713,4,Excellent,MG,GD
9/2/2026,1000000000000465,28876967573,Approve,65768929,Gold,Master,S,B1,0,0,1,A,H, ,F,46,Malay,MAL,MARRIED,Bachelor Degree,5,FAMILY OWNED,Clerk,Agriculture,22,4670,5568,66820,66820,30,31,15.84,5197,33,40,1,Y,Y,20250827,20250817,20250731,14744.7,11500,3244.7,866.11,Selangor,0,0,460,4,Fair,GD,GD
9/2/2026,1000000000000466,28381940360,Approve,22571942,Gold,Master,P,R2,0,0,1,A,-,N,F,54,Chinese,MAL,SINGLE,Master Degree,33,OWNED,Doctor,Plantation,32,20968,25087,301046,301046,25,36,6.83,2939,26,30,5,Y,N,20250909,20250824,20250812,79657.12,57500,22157.12,1009.37,Terengganu,0,0,850,4,Good,IN,GD
9/2/2026,1000000000000467,28017733860,Approve,33265233,Infinite,Visa,P,O3,0,0,0,A,H, ,F,51,Malay,MAL,SINGLE,Diploma,4,MORTGAGE,Businessman,Transportation,15,23669,28800,345601,345601,22,30,7.64,4379,26,33,2,Y,Y,20260131,20260116,20260110,49198.71,35500,13698.71,1552.4,Selangor,1,0,765,3,Low,C2,CL
9/2/2026,1000000000000468,25662859292,Approve,97581747,Gold,Master,S,B6,0,0,1,A,B,N,F,44,Malay,MAL,MARRIED,Certificate,3,RENTING,Accountant,Professional Services,4,22002,27586,331032,331032,28,30,8.94,3484,31,37,5,N,Y,0,20251023,20250928,56446.31,39500,16946.31,1624.1,Sarawak,0,0,747,2,Very Good,IN,C2
9/2/2026,1000000000000469,27106943269,Approve,59137176,Platinum,Master,S,T2,0,0,88,A,B,A,M,43,Chinese,MAL,MARRIED,Bachelor Degree,23,OWNED,Accountant,Healthcare,15,7558,8773,105281,105281,21,29,17.5,7972,18,25,5,Y,Y,20260105,20251223,20251203,37145.05,29000,8145.05,1964.93,Sabah,Y,0,765,4,Fair,V3,V3
9/2/2026,1000000000000470,27444242891,Approve,75727209,Platinum,Master,P,T3,0,0,1,A,-,N,F,44,Chinese,MAL,DIVORCED,Bachelor Degree,5,OWNED,Technician,Retail Trade,9,16388,20863,250358,250358,31,34,3.58,4263,26,37,2,Y,N,20260904,20260901,20260825,44370.89,36500,7870.89,837.73,Sabah,1,0,633,1,Excellent,GD,BC
9/2/2026,1000000000000471,21323215484,Approve,22863109,Platinum,Master,S,R2,0,0,0,A,A, ,M,28,Malay,MAL,SINGLE,SPM,6,OWNED,Nurse,Food & Beverage,8,19319,25515,306185,306185,18,30,0.86,1205,19,25,2,Y,Y,20260514,20260510,20260411,47003.9,34500,12503.9,260.76,Kuala Lumpur,0,0,790,1,Good,CL,V3
9/2/2026,1000000000000472,25631382971,Approve,87023282,Infinite,Master,P,T2,0,0,1,A,-, ,F,42,Chinese,MAL,SINGLE,Bachelor Degree,0,RENTING,Lecturer,Food & Beverage,1,18824,23988,287864,287864,24,32,1.34,549,28,34,2,N,N,0,20251229,20251210,58955.92,40500,18455.92,642.86,Sabah,N,0,710,1,Excellent,CL,GD
9/2/2026,1000000000000473,22527099535,Approve,15700938,Gold,Master,P,O1,0,0,1,A,H, ,M,33,Malay,MAL,MARRIED,No Formal Education,4,RENTING,Manager,Financial Services,11,16332,20321,243852,243852,34,46,10.82,1838,40,50,2,Y,Y,20251208,20251203,20251108,32486.9,23500,8986.9,1045.56,Putrajaya,N,0,461,3,No Score,PL,BC
9/2/2026,1000000000000474,24968779816,Approve,75248523,Platinum,Master,P,T1,0,0,1,A,-,A,M,46,Malay,MAL,MARRIED,SPM,27,RENTING,Police Officer,Construction,1,17300,20473,245683,245683,24,27,5.11,3125,33,37,2,Y,Y,20260626,20260614,20260529,45592.51,34000,11592.51,807.42,Selangor,0,0,559,4,Very Good,MG,PL
9/2/2026,1000000000000475,25670368826,Approve,51294087,Infinite,Visa,P,U2,0,0,94850000,A,H,D,F,24,Chinese,MAL,SINGLE,Certificate,3,MORTGAGE,Factory Worker,Food & Beverage,2,14663,18487,221855,221855,29,37,3.67,6358,24,34,1,N,N,0,20260227,20260219,37029.78,27000,10029.78,721.56,Perak,0,0,759,2,Good,PL,PL
9/2/2026,1000000000000476,29754682807,Approve,12681552,Gold,Master,P,R2,0,0,0,A,H, ,M,30,Malay,MAL,MARRIED,SPM,8,FAMILY OWNED,Engineer,Wholesale,5,17131,19730,236765,236765,22,33,1.28,2132,34,36,1,Y,N,20260422,20260418,20260405,54650.87,36500,18150.87,331.25,Kuala Lumpur,1,0,567,1,Very Good,PL,C2
9/2/2026,1000000000000477,23598758495,Approve,60992202,Gold,Visa,S,O3,0,0,88,A,D,N,M,59,Malay,MAL,MARRIED,SPM,26,OWNED,Retail Assistant,Hospitality,9,19941,23363,280366,280366,21,22,11.54,1904,23,31,3,Y,Y,20250913,20250907,20250813,68703.81,51000,17703.81,1278.76,Selangor,0,0,770,2,Very Good,GD,BC
9/2/2026,1000000000000478,27400659311,Approve,40581366,Gold,Master,P,R1,0,0,0,A,-,A,F,56,Malay,MAL,SINGLE,Bachelor Degree,14,OWNED,Police Officer,Professional Services,24,19466,23005,276063,276063,25,26,1.89,4194,29,34,2,N,Y,0,20260102,20260101,53642.47,43500,10142.47,1739.85,Selangor,Y,0,791,1,Fair,IN,MG
9/2/2026,1000000000000479,21643217612,Approve,66455962,Gold,Master,S,O3,0,0,1,A,D,N,M,52,Malay,MAL,SINGLE,Master Degree,25,FAMILY OWNED,Civil Servant,Wholesale,21,21514,27656,331877,331877,20,21,4.95,5586,19,28,5,Y,Y,20251018,20251001,20250930,54390.68,38500,15890.68,1042.51,Perak,1,0,840,3,No Score,IN,BC
9/2/2026,1000000000000480,22530722038,Approve,24406372,Infinite,Visa,S,O3,0,0,1,A,A,A,F,23,Chinese,MAL,SINGLE,SPM,3,OWNED,Engineer,Government,0,15549,19760,237120,237120,30,42,13.85,2914,26,35,5,N,N,0,20250812,20250810,52151.71,37000,15151.71,1124.81,Pahang,N,0,664,4,Good,IN,C2
9/2/2026,1000000000000481,26451128090,Approve,49569133,Platinum,Master,P,T3,0,0,0,A,-, ,M,54,Malay,MAL,SINGLE,Bachelor Degree,13,RENTING,Administrator,Healthcare,33,19220,22960,275524,275524,14,19,2.47,6470,15,23,1,Y,Y,20251016,20251004,20250922,63267.54,43000,20267.54,704.35,Sabah,Y,0,767,2,No Score,V3,C2
9/2/2026,1000000000000482,29520201069,Approve,16224977,Infinite,Master,P,T3,0,0,94850000,A,B, ,M,36,Malay,MAL,SINGLE,SPM,0,FAMILY OWNED,Lecturer,Wholesale,5,23467,31404,376851,376851,20,32,5.34,5609,27,28,1,Y,Y,20250907,20250820,20250808,65334.62,44000,21334.62,1702.16,Pulau Pinang,1,0,709,3,Very Good,V3,GD
9/2/2026,1000000000000483,28225859197,Approve,65186005,Platinum,Master,S,U1,0,0,88,A,-,D,M,52,Chinese,MAL,SINGLE,Diploma,29,OWNED,Clerk,Construction,2,14011,18218,218625,218625,25,33,4.18,5873,29,32,5,Y,N,20260811,20260806,20260715,52354.82,35000,17354.82,687.68,Selangor,Y,0,712,3,No Score,GD,IN
9/2/2026,1000000000000484,29455357970,Approve,68800797,Classic,Visa,P,O1,0,0,0,A,H,D,F,41,Chinese,MAL,DIVORCED,Bachelor Degree,4,RENTING,Chef,Professional Services,10,13289,15422,185071,185071,20,24,8.11,4134,18,24,2,N,Y,0,20251130,20251113,26156.12,21500,4656.12,1892.49,Sarawak,1,0,625,4,Good,C2,MG
9/2/2026,1000000000000485,27188701389,Approve,96672678,Gold,Visa,S,O1,0,0,0,A,D, ,M,41,Chinese,MAL,MARRIED,Diploma,17,MORTGAGE,Contractor,Plantation,20,21531,26185,314229,314229,12,13,11.2,7660,9,14,5,Y,N,20260726,20260717,20260712,49372.81,34000,15372.81,1976.42,Selangor,Y,0,754,3,Low,C2,GD
9/2/2026,1000000000000486,28103906849,Approve,45499094,Gold,Visa,S,B6,0,0,0,A,B,D,M,58,Malay,MAL,SINGLE,Bachelor Degree,33,RENTING,Driver,Education,27,24511,30360,364326,364326,15,21,7.92,1992,20,22,1,Y,Y,20250905,20250827,20250813,44494.83,36000,8494.83,1272.98,Selangor,N,0,821,1,Excellent,GD,IN
9/2/2026,1000000000000487,26823790455,Approve,21681090,Infinite,Visa,S,R5,0,0,88,A,A, ,F,40,Indian,MAL,MARRIED,Bachelor Degree,18,MORTGAGE,Nurse,Food & Beverage,4,12375,15922,191066,191066,34,46,10.57,2550,29,39,5,N,N,0,20260413,20260411,42150.22,32500,9650.22,1013.9,Selangor,Y,0,768,2,Excellent,V3,GD
9/2/2026,1000000000000488,22908120579,Approve,89118492,Platinum,Visa,S,T2,0,0,94850000,A,B,N,M,37,Chinese,MAL,SINGLE,Bachelor Degree,13,FAMILY OWNED,Supervisor,Oil & Gas,8,9999,12509,150115,150115,24,30,3.24,1349,32,34,2,N,Y,0,20251222,20251207,35774.62,27000,8774.62,360.25,Kedah,0,0,699,3,Very Good,BC,CL
9/2/2026,1000000000000489,20711269146,Approve,95456010,Platinum,Visa,S,U2,0,0,0,A,A,D,M,39,Others,MAL,MARRIED,SPM,18,FAMILY OWNED,Driver,Retail Trade,3,22609,28772,345271,345271,15,17,10.92,5548,19,23,1,Y,Y,20260522,20260520,20260510,59171.79,42000,17171.79,15.94,Melaka,N,0,734,2,Excellent,C2,BC
9/2/2026,1000000000000490,28100031375,Approve,46906305,Platinum,Visa,S,O5,0,0,1,A,B, ,F,60,Chinese,MAL,SINGLE,Certificate,18,MORTGAGE,Accountant,Plantation,27,6917,8964,107575,107575,44,55,13.83,3961,56,61,3,Y,Y,20260503,20260418,20260402,19368.4,13500,5868.4,73.6,Johor,1,0,458,1,Low,MG,IN
9/2/2026,1000000000000491,24083668943,Approve,22146359,Gold,Visa,P,U1,0,0,88,A,D,D,M,48,Malay,MAL,WIDOWED,Bachelor Degree,22,OWNED,Lecturer,Transportation,11,10864,14452,173431,173431,17,26,13.41,817,14,22,1,Y,Y,20260501,20260415,20260405,48673.5,40500,8173.5,1582.05,Johor,Y,0,794,2,Good,CL,IN
9/2/2026,1000000000000492,21614832070,Approve,22628163,Platinum,Master,P,T1,0,0,0,A,-,A,F,56,Malay,MAL,SINGLE,Diploma,12,MORTGAGE,Businessman,Healthcare,35,16836,19752,237026,237026,22,25,15.23,6633,26,35,2,Y,N,20251225,20251216,20251215,47310.76,36000,11310.76,552.81,Perak,N,0,730,4,Good,V3,CL
9/2/2026,1000000000000493,27851769804,Approve,91298909,Platinum,Visa,S,T1,0,0,0,A,B, ,M,29,Chinese,MAL,WIDOWED,STPM,8,OWNED,Technician,Retail Trade,3,7731,9185,110231,110231,25,33,4.46,7105,23,33,3,Y,N,20260423,20260406,20260403,39860.04,29500,10360.04,1403.96,Negeri Sembilan,0,0,617,2,No Score,IN,MG
9/2/2026,1000000000000494,27293878549,Approve,17488610,Infinite,Master,S,U2,0,0,94850000,A,H, ,M,30,Indian,MAL,SINGLE,Diploma,4,RENTING,Police Officer,Wholesale,7,24747,30323,363887,363887,9,19,10.56,7485,6,15,1,N,N,0,20251007,20250911,61053.51,42500,18553.51,1869.32,Selangor,N,0,850,4,Excellent,C2,BC
9/2/2026,1000000000000495,25316474542,Approve,85341065,Platinum,Master,P,U1,0,0,94850000,A,B,A,F,33,Indian,MAL,MARRIED,Bachelor Degree,4,MORTGAGE,Factory Worker,Professional Services,12,20568,26295,315540,315540,17,27,8.23,2627,17,23,1,Y,Y,20260403,20260324,20260302,67420.95,53000,14420.95,980.98,Negeri Sembilan,0,0,759,2,No Score,GD,BC
9/2/2026,1000000000000496,29272840820,Approve,96024494,Infinite,Master,S,B1,0,0,1,A,H, ,M,34,Chinese,MAL,SINGLE,Diploma,11,MORTGAGE,Retail Assistant,Healthcare,6,16798,19649,235788,235788,13,25,1.88,2685,14,22,3,Y,N,20260625,20260610,20260520,47363.17,36000,11363.17,212.25,Kedah,Y,0,745,2,No Score,MG,CL
9/2/2026,1000000000000497,23492215937,Approve,13346501,Gold,Visa,P,T1,0,0,94850000,A,D,A,M,43,Malay,MAL,SINGLE,Bachelor Degree,8,FAMILY OWNED,Chef,Hospitality,3,20858,27759,333109,333109,26,34,7.34,6059,24,30,5,Y,Y,20260530,20260528,20260508,41511.18,34500,7011.18,355.98,Terengganu,1,0,820,2,Good,PL,IN
9/2/2026,1000000000000498,20425889237,Approve,87713623,Infinite,Visa,S,O1,0,0,0,A,A,N,M,56,Indian,MAL,SINGLE,SPM,10,EMPLOYER PROVIDED,Factory Worker,Food & Beverage,33,11797,13634,163619,163619,20,31,14.1,6495,17,25,2,N,Y,0,20251108,20251026,51640.27,38000,13640.27,836.49,Perak,0,0,751,4,No Score,IN,C2
9/2/2026,1000000000000499,29302697906,Approve,11866548,Platinum,Master,S,U2,0,0,88,A,-,D,F,44,Malay,MAL,MARRIED,SPM,17,RENTING,Manager,Financial Services,11,18378,23341,280096,280096,24,26,5.39,4707,28,34,5,N,Y,0,20250813,20250802,54883.61,40500,14383.61,222.55,Johor,Y,0,643,3,Good,IN,GD
9/2/2026,1000000000000500,26873822188,Approve,19908724,Platinum,Master,S,R2,0,0,94850000,A,H, ,F,34,Malay,MAL,DIVORCED,SPM,13,RENTING,Engineer,Wholesale,3,15608,20634,247617,247617,20,27,5.3,4645,18,30,1,N,Y,0,20260804,20260729,30884.86,24500,6384.86,1009.47,Kedah,N,0,604,3,Excellent,BC,MG
9/2/2026,1000000000000501,23828502640,Approve,71779636,Platinum,Visa,S,O3,0,0,1,A,A,A,M,27,Indian,MAL,MARRIED,SPM,4,RENTING,Contractor,Plantation,1,24612,32795,393543,393543,27,31,14.7,770,39,41,3,Y,Y,20260514,20260430,20260412,28307.02,22500,5807.02,1209.49,Negeri Sembilan,Y,0,605,3,Very Good,IN,BC
9/2/2026,1000000000000502,28026039935,Approve,19717327,Platinum,Master,S,U2,0,0,88,A,B,D,F,58,Malay,MAL,MARRIED,Diploma,20,RENTING,Factory Worker,Plantation,0,21742,26072,312871,312871,24,28,11.04,6206,28,35,2,Y,Y,20260802,20260726,20260709,61397.36,48000,13397.36,1784.42,Kedah,Y,0,680,2,No Score,V3,IN
9/2/2026,1000000000000503,29233038819,Approve,60101289,Gold,Master,P,O1,0,0,88,A,D, ,M,54,Chinese,MAL,DIVORCED,Bachelor Degree,12,MORTGAGE,Army Personnel,Plantation,32,13340,16584,199011,199011,16,24,2.45,7561,19,22,2,N,Y,0,20260607,20260515,46267.07,37000,9267.07,174.39,Kuala Lumpur,1,0,826,4,Very Good,PL,V3
9/2/2026,1000000000000504,23802965013,Approve,10226999,Platinum,Master,P,R2,0,0,1,A,D, ,F,52,Malay,MAL,SINGLE,SPM,17,OWNED,Driver,Transportation,29,8025,9837,118052,118052,21,24,3.52,5389,22,25,5,N,N,0,20260324,20260306,45461.39,33000,12461.39,1514.67,Sabah,Y,0,698,3,Low,C2,CL
9/2/2026,1000000000000505,24713376914,Approve,59853452,Platinum,Master,S,T1,0,0,0,A,A,N,F,26,Malay,MAL,MARRIED,STPM,0,OWNED,Factory Worker,Plantation,6,18677,22438,269267,269267,25,26,8.36,1439,19,30,5,Y,Y,20251121,20251118,20251027,51278.41,42000,9278.41,1687.37,Sabah,Y,0,741,1,No Score,MG,CL
9/2/2026,1000000000000506,24410922809,Approve,90022258,Classic,Visa,P,T1,0,0,88,A,H,D,M,23,Indian,MAL,SINGLE,SPM,1,FAMILY OWNED,Retail Assistant,Agriculture,1,7505,9404,112851,112851,27,32,7.72,4668,33,44,2,Y,N,20260310,20260218,20260202,35454.43,24000,11454.43,674.78,Sabah,N,0,628,4,Excellent,V3,CL
9/2/2026,1000000000000507,25283273302,Approve,96455660,Gold,Visa,P,U3,0,0,88,A,D, ,F,62,Indian,MAL,SINGLE,Diploma,25,MORTGAGE,Driver,Hospitality,39,17008,22294,267538,267538,20,25,11.39,4103,16,24,2,N,N,0,20251225,20251206,62531.61,48500,14031.61,1882.02,Johor,1,0,768,1,Low,GD,MG
9/2/2026,1000000000000508,23377727755,Approve,16115184,Gold,Master,P,U2,0,0,1,A,D,N,F,27,Malay,MAL,SINGLE,Diploma,0,OWNED,Supervisor,Professional Services,4,2219,2686,32239,32239,29,33,10.14,7651,36,46,1,N,N,0,20260622,20260605,25563.21,20000,5563.21,1289.71,Sarawak,0,0,618,3,Excellent,BC,V3
9/2/2026,1000000000000509,22068074296,Approve,90137990,Infinite,Visa,S,U3,0,0,1,A,H, ,F,25,Chinese,MAL,MARRIED,SPM,5,MORTGAGE,Chef,Telecommunications,6,20485,25949,311388,311388,14,21,10.98,5633,17,23,3,Y,Y,20250930,20250922,20250901,46333.89,33000,13333.89,1602.95,Johor,Y,0,750,2,Low,BC,C2
9/2/2026,1000000000000510,29778981659,Approve,14614633,Infinite,Visa,P,T2,0,0,88,A,H,D,M,63,Malay,MAL,SINGLE,SPM,13,RENTING,Factory Worker,Healthcare,18,22803,26337,316044,316044,7,13,14.34,594,7,10,3,N,N,0,20260911,20260828,61665.86,42500,19165.86,1965.57,Perak,N,0,759,2,Good,C2,BC
9/2/2026,1000000000000511,22734768274,Approve,89520597,Gold,Visa,S,R2,0,0,94850000,A,A,N,M,62,Indian,MAL,SINGLE,Diploma,24,FAMILY OWNED,Police Officer,Food & Beverage,11,24146,28346,340153,340153,16,25,3.57,3857,16,26,5,N,Y,0,20260419,20260418,55108.28,43000,12108.28,1695.54,Pulau Pinang,Y,0,749,2,Excellent,IN,GD
9/2/2026,1000000000000512,20740763210,Approve,39308629,Platinum,Visa,P,B6,0,0,0,A,H,A,M,27,Chinese,MAL,MARRIED,SPM,5,MORTGAGE,Driver,Telecommunications,4,22203,27392,328710,328710,32,40,9.25,1723,26,37,2,Y,N,20260702,20260618,20260614,41329.62,32000,9329.62,367.42,Perlis,1,0,707,4,Fair,V3,MG
9/2/2026,1000000000000513,29476960706,Approve,96622608,Gold,Master,S,U3,0,0,1,A,A,D,M,27,Chinese,MAL,MARRIED,SPM,3,FAMILY OWNED,Retail Assistant,Government,5,12608,16109,193315,193315,29,38,3.12,676,38,48,3,Y,Y,20260720,20260705,20260607,42865.79,35000,7865.79,598.02,Sabah,1,0,668,4,Good,GD,PL
9/2/2026,1000000000000514,22558375768,Approve,47165431,Platinum,Master,S,R1,0,0,88,A,A,D,M,33,Chinese,MAL,SINGLE,Certificate,14,OWNED,Clerk,Construction,8,3366,4144,49735,49735,34,45,13.62,3137,37,41,1,Y,Y,20251013,20250928,20250918,20183.56,15000,5183.56,1431.54,Sabah,N,0,545,4,Excellent,C2,V3
9/2/2026,1000000000000515,26432642484,Approve,89233275,Gold,Visa,S,U1,0,0,1,A,B,A,F,41,Chinese,MAL,SINGLE,SPM,18,RENTING,Police Officer,Food & Beverage,22,20423,25808,309697,309697,24,28,9.31,2150,27,33,2,Y,Y,20260826,20260807,20260720,49773.03,38500,11273.03,139.45,Johor,Y,0,756,3,Fair,IN,PL
9/2/2026,1000000000000516,20573907524,Approve,32381057,Infinite,Visa,P,R2,0,0,88,A,D,D,F,49,Indian,MAL,MARRIED,SPM,21,OWNED,Driver,Telecommunications,30,11742,15418,185022,185022,28,40,10.64,5151,32,36,1,N,N,0,20260721,20260704,46491.63,34000,12491.63,586.96,Pahang,Y,0,681,4,Very Good,CL,MG
9/2/2026,1000000000000517,20850426686,Approve,54898716,Platinum,Master,P,T3,0,0,0,A,A,N,F,58,Indian,MAL,SINGLE,SPM,13,MORTGAGE,Driver,Plantation,7,14804,17387,208649,208649,38,47,6.88,1669,41,50,1,Y,N,20260723,20260706,20260609,33334.85,23000,10334.85,1848.37,Pulau Pinang,N,0,582,1,Good,MG,BC
9/2/2026,1000000000000518,24800600336,Approve,49585094,Classic,Visa,P,B1,0,0,88,A,B,N,M,28,Indian,MAL,MARRIED,Diploma,2,RENTING,Driver,Agriculture,1,14215,18659,223919,223919,53,61,15.46,751,57,60,1,Y,N,20251218,20251202,20251109,20305.24,16500,3805.24,162.43,Selangor,0,0,443,2,Excellent,GD,MG
9/2/2026,1000000000000519,25966553528,Approve,23439803,Infinite,Master,P,R1,0,0,88,A,A,A,M,44,Chinese,MAL,MARRIED,Diploma,0,OWNED,Driver,Government,7,15026,17517,210206,210206,17,20,7.08,2290,17,25,3,Y,Y,20260817,20260804,20260706,45448.31,37000,8448.31,595.37,Perlis,Y,0,782,1,Very Good,GD,BC
9/2/2026,1000000000000520,22168459088,Approve,37805454,Gold,Visa,S,B6,0,0,94850000,A,D, ,F,53,Malay,MAL,MARRIED,Bachelor Degree,21,RENTING,Nurse,Food & Beverage,12,21882,25968,311623,311623,21,32,9.44,6617,27,32,1,Y,Y,20251025,20251022,20251021,68744.17,47500,21244.17,1000.55,Kuala Lumpur,Y,0,752,4,Excellent,V3,C2
9/2/2026,1000000000000521,25156946456,Approve,78085419,Infinite,Master,P,T1,0,0,1,A,B,A,M,45,Chinese,MAL,SINGLE,SPM,15,RENTING,Technician,Wholesale,11,17535,22297,267574,267574,22,33,4.43,1327,26,32,3,Y,N,20250928,20250916,20250818,57796.7,41000,16796.7,1384.42,Kelantan,N,0,710,3,Excellent,C2,BC
9/2/2026,1000000000000522,22155957368,Approve,84938854,Platinum,Master,S,R1,0,0,88,A,A,N,F,61,Malay,MAL,WIDOWED,Bachelor Degree,5,OWNED,Supervisor,Hospitality,31,22512,27541,330497,330497,14,21,10.04,816,8,19,1,Y,Y,20260317,20260226,20260217,72749.73,50000,22749.73,1983.93,Sarawak,Y,0,785,3,Very Good,IN,MG
9/2/2026,1000000000000523,28549049026,Approve,81533615,Infinite,Visa,S,B2,0,0,0,A,D,A,F,36,Chinese,MAL,SINGLE,SPM,7,OWNED,Technician,Education,18,24549,30947,371370,371370,11,12,4.74,1595,13,16,1,Y,Y,20251119,20251031,20251009,48170.92,39000,9170.92,1421.16,Selangor,1,0,779,1,Fair,GD,C2
9/2/2026,1000000000000524,28786956044,Approve,33575893,Platinum,Master,P,T3,0,0,0,A,H,D,F,34,Indian,MAL,WIDOWED,Bachelor Degree,0,RENTING,Self-Employed,Healthcare,7,22988,29667,356013,356013,26,29,0.45,3195,33,37,1,Y,Y,20260323,20260303,20260222,45474.99,35000,10474.99,111.83,Kuala Lumpur,0,0,690,1,Very Good,GD,GD
9/2/2026,1000000000000525,24112075240,Approve,14639771,Gold,Visa,P,O5,0,0,0,A,-, ,F,51,Chinese,MAL,MARRIED,SPM,21,OWNED,Engineer,Agriculture,17,2941,3394,40736,40736,37,48,3.08,3204,39,42,2,Y,N,20260118,20251230,20251213,23795.21,18000,5795.21,1497.77,Kedah,Y,0,628,4,Very Good,MG,MG
9/2/2026,1000000000000526,20257558747,Approve,80232438,Infinite,Master,S,U1,0,0,94850000,A,D, ,M,47,Malay,MAL,MARRIED,Diploma,21,MORTGAGE,Businessman,Telecommunications,26,19082,22820,273851,273851,10,17,0.49,2948,14,16,5,Y,N,20260419,20260407,20260406,74112.29,49500,24612.29,1433.27,Kedah,1,0,842,3,Fair,PL,GD
9/2/2026,1000000000000527,27141358437,Approve,46235719,Platinum,Visa,S,U3,0,0,0,A,B, ,F,57,Malay,MAL,SINGLE,Bachelor Degree,20,OWNED,Chef,Telecommunications,32,10070,11703,140443,140443,27,39,14.06,7298,29,40,2,N,Y,0,20260601,20260515,40164.76,28000,12164.76,97.71,Perak,N,0,748,3,Low,PL,GD
9/2/2026,1000000000000528,21638598054,Approve,60094372,Platinum,Master,P,B1,0,0,1,A,D,D,F,42,Indian,MAL,SINGLE,Diploma,19,OWNED,Army Personnel,Transportation,17,19363,23503,282040,282040,18,28,14.99,3828,20,22,3,Y,N,20260128,20260116,20251230,70776.63,51500,19276.63,994.96,Pahang,1,0,778,2,Low,CL,GD
9/2/2026,1000000000000529,29877073465,Approve,14236689,Platinum,Master,P,U1,0,0,88,A,-, ,M,36,Chinese,MAL,SINGLE,SPM,14,RENTING,Army Personnel,Education,15,22846,27947,335372,335372,14,26,17.77,6966,6,16,2,N,N,0,20260821,20260819,64950.96,44000,20950.96,596.38,Perak,0,0,779,1,Low,BC,C2
9/2/2026,1000000000000530,23147182207,Approve,60455173,Infinite,Visa,P,R2,0,0,1,A,B,D,F,58,Indian,MAL,SINGLE,Diploma,10,MORTGAGE,Retail Assistant,Manufacturing,26,15886,18424,221090,221090,26,31,14.89,1963,40,41,3,Y,Y,20260929,20260909,20260813,36900.48,27000,9900.48,433.34,Pahang,0,0,636,3,No Score,MG,CL
9/2/2026,1000000000000531,23574347779,Approve,26360425,Platinum,Master,S,R2,0,0,1,A,A,A,M,63,Chinese,MAL,MARRIED,Bachelor Degree,15,RENTING,Chef,Manufacturing,26,4264,5373,64479,64479,38,40,6.62,7815,48,53,3,N,N,0,20260114,20260108,19305.82,15500,3805.82,1501.58,Selangor,0,0,563,3,Fair,C2,IN
9/2/2026,1000000000000532,28493433312,Approve,67262776,Classic,Master,S,O1,0,0,88,A,D,N,M,64,Malay,MAL,MARRIED,Diploma,4,OWNED,Teacher,Wholesale,19,8232,10219,122638,122638,42,48,14.26,1634,46,55,1,Y,Y,20260811,20260727,20260706,24043.89,17500,6543.89,685.75,Melaka,0,0,509,3,Fair,C2,MG
9/2/2026,1000000000000533,27635261580,Approve,70896570,Platinum,Visa,P,U1,0,0,88,A,B, ,M,31,Malay,MAL,SINGLE,Master Degree,4,RENTING,Engineer,Real Estate,9,15317,17892,214713,214713,20,23,1.17,2191,27,29,2,N,N,0,20260503,20260421,61982.08,45000,16982.08,1878.79,Selangor,1,0,738,4,Good,IN,BC
9/2/2026,1000000000000534,27672705536,Approve,28165150,Classic,Master,P,R1,0,0,94850000,A,H,D,F,57,Malay,MAL,MARRIED,SPM,35,RENTING,Engineer,Financial Services,31,12236,15046,180553,180553,32,43,5.36,1904,31,36,1,N,N,0,20250905,20250828,43915.18,30000,13915.18,469.55,Selangor,0,0,663,3,Fair,V3,IN
9/2/2026,1000000000000535,25617462174,Approve,60259012,Classic,Visa,S,R1,0,0,1,A,H, ,F,58,Chinese,MAL,SINGLE,Diploma,25,MORTGAGE,IT Executive,Telecommunications,11,1881,2348,28185,28185,50,59,17.42,4259,65,66,3,Y,N,20260117,20260108,20260101,15342.35,10500,4842.35,1147.42,Terengganu,Y,0,457,1,No Score,C2,C2
9/2/2026,1000000000000536,22723261874,Approve,81723698,Platinum,Visa,P,T1,0,0,94850000,A,B,A,M,25,Malay,MAL,MARRIED,SPM,6,RENTING,Supervisor,Healthcare,7,22289,29483,353807,353807,27,28,8.85,3264,28,38,3,Y,N,20260429,20260427,20260402,47900.66,33000,14900.66,412.38,Johor,N,0,763,2,No Score,C2,BC
9/2/2026,1000000000000537,20246297481,Approve,30135246,Platinum,Master,S,U1,0,0,94850000,A,A,A,M,60,Indian,MAL,SINGLE,Bachelor Degree,13,OWNED,IT Executive,Agriculture,21,18569,24816,297793,297793,11,20,10.42,1549,7,17,2,Y,N,20251225,20251207,20251124,47678.37,37500,10178.37,258.64,Sarawak,Y,0,753,2,Very Good,C2,PL
9/2/2026,1000000000000538,27327764817,Approve,72980385,Platinum,Visa,S,T2,0,0,88,A,A,A,F,43,Chinese,MAL,DIVORCED,SPM,0,MORTGAGE,Self-Employed,Food & Beverage,21,16422,19158,229899,229899,15,25,2.24,5281,14,21,1,Y,Y,20260606,20260529,20260503,44093.44,35500,8593.44,313.37,Negeri Sembilan,1,0,757,4,No Score,CL,GD
9/2/2026,1000000000000539,22818390727,Approve,76152956,Infinite,Visa,P,O3,0,0,94850000,A,A,N,F,42,Malay,MAL,SINGLE,PhD,16,RENTING,Accountant,Real Estate,13,22226,26167,314010,314010,14,23,9.93,7359,17,21,1,Y,Y,20260628,20260613,20260603,63000.58,51500,11500.58,793.65,Selangor,N,0,733,2,No Score,C2,MG
9/2/2026,1000000000000540,22943621176,Approve,49951665,Infinite,Visa,S,B6,0,0,0,A,B,N,M,24,Malay,MAL,SINGLE,Diploma,6,FAMILY OWNED,Civil Servant,Retail Trade,3,20308,24345,292143,292143,23,31,16.73,6395,19,28,5,N,Y,0,20260731,20260716,56209.98,41000,15209.98,1772.95,Sarawak,Y,0,637,2,No Score,PL,V3
9/2/2026,1000000000000541,21468828143,Approve,33994037,Platinum,Visa,S,R5,0,0,94850000,A,D, ,M,41,Malay,MAL,MARRIED,Certificate,14,RENTING,Nurse,Agriculture,21,23593,29072,348871,348871,11,12,12.02,4285,10,18,5,N,N,0,20251016,20251009,58285.35,41000,17285.35,924.26,Sarawak,1,0,850,3,Fair,C2,CL
9/2/2026,1000000000000542,27266450067,Approve,74132366,Platinum,Master,P,T3,0,0,1,A,D,D,M,48,Malay,MAL,MARRIED,Certificate,20,OWNED,Police Officer,Plantation,2,17533,22637,271651,271651,19,27,0.99,924,15,27,1,Y,Y,20260910,20260826,20260728,42978.24,33000,9978.24,1389.75,Kelantan,0,0,697,3,Very Good,BC,GD
9/2/2026,1000000000000543,20874294704,Approve,12478488,Platinum,Master,S,B2,0,0,1,A,-,N,M,39,Others,MAL,SINGLE,Certificate,13,RENTING,Civil Servant,Plantation,8,13785,16629,199550,199550,15,21,9.78,7794,15,19,2,Y,N,20260319,20260318,20260222,40538.59,30500,10038.59,1033.54,Sarawak,N,0,769,1,Excellent,CL,MG
9/2/2026,1000000000000544,24337132252,Approve,65683336,Platinum,Visa,S,O1,0,0,88,A,A,N,M,31,Chinese,MAL,MARRIED,SPM,12,OWNED,Nurse,Real Estate,3,21794,28589,343078,343078,17,25,8.12,1965,18,28,5,N,N,0,20251226,20251202,71082.3,48500,22582.3,1858.39,Kuala Lumpur,1,0,738,3,Excellent,PL,MG
9/2/2026,1000000000000545,27488096701,Approve,51971760,Platinum,Visa,P,B1,0,0,94850000,A,H,A,M,46,Malay,MAL,SINGLE,Bachelor Degree,22,RENTING,Doctor,Agriculture,22,21300,25405,304860,304860,17,27,9.38,6348,18,20,2,Y,N,20251110,20251027,20251015,48246.07,32500,15746.07,1526.91,Kuala Lumpur,Y,0,795,2,No Score,GD,CL
9/2/2026,1000000000000546,24462523636,Approve,70871468,Platinum,Visa,S,O5,0,0,1,A,A,D,M,65,Indian,MAL,MARRIED,Bachelor Degree,25,FAMILY OWNED,Supervisor,Oil & Gas,6,15540,19476,233718,233718,25,28,15.78,6549,36,40,2,N,Y,0,20250929,20250831,46478.37,36500,9978.37,1915.72,Johor,Y,0,686,4,Low,GD,IN
9/2/2026,1000000000000547,20894642483,Approve,24711415,Gold,Master,P,U1,0,0,88,A,A,N,F,53,Chinese,MAL,SINGLE,SPM,19,MORTGAGE,Engineer,Wholesale,32,23927,28101,337217,337217,20,23,17.39,3777,16,28,1,Y,Y,20260806,20260724,20260704,64264.8,49000,15264.8,1299.62,Selangor,0,0,798,1,Low,PL,C2
9/2/2026,1000000000000548,28504654095,Approve,24431124,Gold,Master,S,O1,0,0,94850000,A,-,N,F,23,Malay,MAL,MARRIED,Diploma,5,RENTING,Chef,Financial Services,0,19102,25165,301985,301985,18,21,1.16,5919,19,23,3,Y,N,20261005,20260920,20260901,51967.83,38000,13967.83,1495.59,Melaka,N,0,647,4,Excellent,BC,CL
9/2/2026,1000000000000549,21165957874,Approve,36530970,Platinum,Visa,S,U3,0,0,0,A,D,A,M,43,Indian,MAL,WIDOWED,Bachelor Degree,25,OWNED,Nurse,Manufacturing,1,14044,17206,206483,206483,14,19,12.11,668,15,21,1,Y,N,20251225,20251214,20251210,49521.29,37000,12521.29,1435.78,Johor,N,0,763,1,Very Good,IN,GD
9/2/2026,1000000000000550,26490702815,Approve,42222061,Platinum,Visa,S,U3,0,0,0,A,-,D,M,58,Chinese,MAL,SINGLE,Diploma,2,MORTGAGE,Retail Assistant,Telecommunications,25,22555,26036,312435,312435,16,28,0.66,7339,21,22,1,N,Y,0,20260320,20260318,68012.21,47500,20512.21,903.27,Perak,N,0,691,4,Very Good,V3,CL
9/2/2026,1000000000000551,28083327373,Approve,27160025,Platinum,Visa,S,B6,0,0,0,A,H,D,M,31,Malay,MAL,MARRIED,Diploma,1,FAMILY OWNED,Supervisor,Agriculture,10,5001,5937,71245,71245,36,44,10.89,4548,38,47,3,Y,Y,20260626,20260608,20260531,13217.65,9500,3717.65,1710.92,Sabah,N,0,445,1,Excellent,GD,C2
9/2/2026,1000000000000552,22908650412,Approve,49726725,Platinum,Master,P,U1,0,0,94850000,A,D,N,F,61,Malay,MAL,MARRIED,Diploma,6,OWNED,Doctor,Education,39,22741,28536,342437,342437,18,28,16.87,6844,29,31,3,Y,Y,20251023,20251006,20251003,58817.96,47500,11317.96,1104.6,Kedah,1,0,843,1,Excellent,IN,PL
9/2/2026,1000000000000553,29573422120,Approve,74363493,Gold,Visa,S,B2,0,0,88,A,D,N,M,33,Malay,MAL,SINGLE,SPM,10,OWNED,Manager,Financial Services,4,14678,17348,208185,208185,11,22,16.14,1447,9,18,1,Y,Y,20251121,20251101,20251019,55360.37,41500,13860.37,631.48,Johor,N,0,825,1,Fair,PL,V3
9/2/2026,1000000000000554,25936836842,Approve,20291302,Platinum,Master,P,O3,0,0,0,A,-,N,F,28,Malay,MAL,MARRIED,SPM,8,FAMILY OWNED,Accountant,Hospitality,5,21502,27543,330527,330527,31,33,12.76,5166,44,49,2,Y,Y,20260919,20260906,20260808,56726.78,41000,15726.78,1392.92,Selangor,1,0,633,3,Low,IN,IN
9/2/2026,1000000000000555,24490401809,Approve,64231470,Classic,Visa,P,B6,0,0,94850000,A,A, ,M,55,Malay,MAL,SINGLE,Diploma,19,RENTING,Technician,Construction,33,4445,5355,64262,64262,38,44,12.43,1766,45,47,5,N,N,0,20260807,20260724,25022.14,17500,7522.14,1502.69,Sarawak,0,0,493,2,Good,MG,V3
9/2/2026,1000000000000556,23337263826,Approve,48238507,Platinum,Visa,P,T1,0,0,94850000,A,B,D,F,64,Chinese,MAL,SINGLE,SPM,34,OWNED,IT Executive,Wholesale,34,19473,24610,295322,295322,21,28,5.14,769,17,28,5,N,Y,0,20260812,20260810,60934.36,45500,15434.36,991.6,Putrajaya,N,0,797,2,Good,MG,PL
9/2/2026,1000000000000557,28665379678,Approve,54614565,Gold,Visa,P,T3,0,0,88,A,D,A,M,51,Indian,MAL,SINGLE,SPM,7,OWNED,Police Officer,Oil & Gas,8,13017,17317,207809,207809,22,29,11.23,7258,25,32,1,N,Y,0,20260706,20260610,57365.92,43000,14365.92,694.41,Selangor,1,0,806,4,Very Good,GD,GD
9/2/2026,1000000000000558,29227664441,Approve,70974192,Gold,Master,P,O1,0,0,1,A,D, ,F,31,Malay,MAL,SINGLE,No Formal Education,6,OWNED,Chef,Transportation,10,23374,28660,343924,343924,21,31,7.69,5068,16,28,3,N,Y,0,20260227,20260202,78967.94,56000,22967.94,294.9,Sabah,0,0,773,4,Low,C2,BC
9/2/2026,1000000000000559,22631062489,Approve,58942697,Gold,Visa,P,O1,0,0,94850000,A,-,D,F,25,Malay,MAL,SINGLE,PhD,5,FAMILY OWNED,Contractor,Real Estate,5,22891,27536,330439,330439,28,33,4.71,1823,26,37,3,Y,Y,20260224,20260222,20260213,36537,28500,8037,300.79,Pulau Pinang,1,0,683,1,Excellent,C2,IN
9/2/2026,1000000000000560,23222376589,Approve,33077059,Platinum,Visa,P,O1,0,0,1,A,A,D,F,63,Chinese,MAL,SINGLE,Diploma,17,MORTGAGE,Factory Worker,Wholesale,10,18880,22501,270017,270017,29,31,15.25,2692,35,46,3,Y,N,20260426,20260414,20260321,38482.66,28500,9982.66,1653.73,Kelantan,Y,0,666,1,Excellent,V3,PL
9/2/2026,1000000000000561,23884100613,Approve,67297823,Gold,Visa,S,R1,0,0,1,A,B,N,M,35,Malay,MAL,SINGLE,SPM,0,EMPLOYER PROVIDED,Self-Employed,Telecommunications,13,23288,27722,332674,332674,32,41,2.87,4351,34,37,5,N,Y,0,20260722,20260708,61583.04,42000,19583.04,560.35,Perak,N,0,631,3,Good,CL,MG
9/2/2026,1000000000000562,25280796120,Approve,96966890,Classic,Master,P,O5,0,0,1,A,H,N,M,47,Malay,MAL,MARRIED,Diploma,23,RENTING,Contractor,Real Estate,2,22430,29705,356464,356464,35,40,3.77,7437,31,40,2,N,Y,0,20260306,20260227,42633.61,30000,12633.61,1676.79,Terengganu,Y,0,609,3,Fair,GD,C2
9/2/2026,1000000000000563,24226555938,Approve,18456179,Classic,Master,P,U3,0,0,94850000,A,D,D,F,38,Indian,MAL,SINGLE,Diploma,12,RENTING,IT Executive,Retail Trade,5,4693,5902,70831,70831,35,40,1.85,2728,47,54,1,Y,Y,20260318,20260228,20260204,14105.79,10000,4105.79,1651.62,Perak,1,0,451,2,Good,CL,GD
9/2/2026,1000000000000564,24219780572,Approve,38317637,Platinum,Master,S,O1,0,0,1,A,H,A,F,58,Indian,MAL,WIDOWED,SPM,23,MORTGAGE,Factory Worker,Retail Trade,30,23982,30942,371309,371309,15,25,5.64,2632,18,23,1,Y,Y,20260108,20260104,20251219,59063.71,48500,10563.71,175.65,Perak,1,0,821,2,Very Good,BC,IN
9/2/2026,1000000000000565,27842703471,Approve,51989206,Classic,Master,S,B1,0,0,0,A,-, ,M,51,Malay,MAL,SINGLE,Certificate,13,FAMILY OWNED,Army Personnel,Real Estate,15,12245,14373,172479,172479,31,33,11.23,6196,43,49,5,N,Y,0,20260419,20260329,30245.23,23500,6745.23,793.09,Kelantan,N,0,629,4,Excellent,PL,CL
9/2/2026,1000000000000566,23128236946,Approve,14657496,Gold,Master,P,R1,0,0,88,A,A,N,F,41,Malay,MAL,DIVORCED,Diploma,15,OWNED,Security Guard,Healthcare,22,18890,24814,297778,297778,22,30,5.05,7845,27,31,2,Y,Y,20251004,20250922,20250913,60809.85,41500,19309.85,1763.97,Terengganu,N,0,832,4,Fair,C2,CL
9/2/2026,1000000000000567,27437843736,Approve,53335744,Platinum,Visa,S,U3,0,0,94850000,A,-,N,F,52,Indian,MAL,SINGLE,Bachelor Degree,12,MORTGAGE,Driver,Telecommunications,4,20006,25628,307539,307539,30,37,9.92,6697,34,38,3,Y,Y,20260817,20260802,20260703,51587.09,34500,17087.09,1651.49,Johor,N,0,774,3,Very Good,BC,MG
9/2/2026,1000000000000568,20739012127,Approve,42559072,Infinite,Visa,S,B6,0,0,0,A,H,N,F,51,Malay,MAL,MARRIED,Bachelor Degree,32,FAMILY OWNED,Driver,Transportation,27,8244,10038,120463,120463,24,29,5.77,1168,34,35,3,Y,N,20260902,20260819,20260805,35474.43,28500,6974.43,1644.43,Kedah,0,0,742,1,Good,V3,MG
9/2/2026,1000000000000569,22662928583,Approve,22133336,Gold,Master,S,R1,0,0,1,A,H,D,M,38,Indian,MAL,MARRIED,Bachelor Degree,4,MORTGAGE,Civil Servant,Government,5,23498,27058,324706,324706,13,20,4.21,7373,16,20,5,N,N,0,20260619,20260526,62879.63,47500,15379.63,1475.95,Selangor,Y,0,814,2,Very Good,CL,C2
9/2/2026,1000000000000570,22829193404,Approve,66661351,Gold,Visa,P,U3,0,0,1,A,D, ,M,63,Malay,MAL,SINGLE,Diploma,15,OWNED,Sales Executive,Telecommunications,8,9637,12089,145079,145079,15,23,15.21,5964,15,23,1,Y,Y,20260114,20251227,20251211,43805.61,33000,10805.61,1658.1,Sabah,N,0,672,2,Excellent,GD,BC
9/2/2026,1000000000000571,29076728158,Approve,55731485,Platinum,Visa,P,T2,0,0,0,A,B,N,M,56,Malay,MAL,MARRIED,SPM,25,FAMILY OWNED,Self-Employed,Real Estate,36,24297,30624,367492,367492,25,32,17.31,958,23,33,5,Y,N,20260715,20260709,20260630,55932.1,44500,11432.1,1372.92,Johor,1,0,806,3,No Score,IN,GD
9/2/2026,1000000000000572,28117849109,Approve,58302092,Infinite,Master,P,T3,0,0,1,A,D, ,M,40,Malay,MAL,SINGLE,Bachelor Degree,16,RENTING,Technician,Healthcare,11,21645,26345,316143,316143,10,17,7.03,4755,12,17,2,Y,Y,20251027,20251015,20250925,68538.34,51000,17538.34,868.53,Terengganu,1,0,734,2,Excellent,CL,V3
9/2/2026,1000000000000573,27443289272,Approve,28208190,Gold,Master,P,B2,0,0,0,A,A, ,M,34,Chinese,MAL,SINGLE,Diploma,9,OWNED,IT Executive,Real Estate,3,22075,25842,310115,310115,12,17,16.66,7720,6,17,3,N,N,0,20260919,20260824,47992.25,38000,9992.25,7.99,Kuala Lumpur,N,0,767,2,Excellent,IN,C2
9/2/2026,1000000000000574,25576351764,Approve,52870052,Infinite,Visa,S,B1,0,0,94850000,A,D, ,M,50,Malay,MAL,SINGLE,Diploma,21,FAMILY OWNED,Self-Employed,Wholesale,24,21930,28646,343759,343759,32,40,15.53,5827,41,50,1,Y,N,20260915,20260905,20260827,49203.62,40500,8703.62,1846.62,Kuala Lumpur,1,0,642,3,Low,BC,IN
9/2/2026,1000000000000575,24923022915,Approve,77738909,Classic,Visa,S,B2,0,0,1,A,H,A,F,32,Malay,MAL,SINGLE,Bachelor Degree,13,OWNED,Administrator,Oil & Gas,2,11646,15280,183367,183367,30,38,10.97,7120,34,39,3,N,N,0,20251120,20251024,43022.66,31500,11522.66,793.72,Selangor,Y,0,648,2,Very Good,C2,C2
9/2/2026,1000000000000576,24551859230,Approve,65647128,Platinum,Master,P,R1,0,0,1,A,-,D,F,58,Chinese,MAL,SINGLE,SPM,14,FAMILY OWNED,Manager,Food & Beverage,37,22151,26277,315332,315332,11,19,13.64,3129,7,14,1,N,Y,0,20260321,20260314,46556.15,37500,9056.15,91.18,Melaka,N,0,848,3,Excellent,BC,C2
9/2/2026,1000000000000577,20016337978,Approve,10484377,Infinite,Visa,S,T1,0,0,0,A,A,A,M,40,Chinese,MAL,MARRIED,SPM,9,OWNED,Lecturer,Wholesale,19,23673,30351,364212,364212,14,19,5.53,6018,9,18,2,Y,Y,20251111,20251104,20251021,74389.33,59000,15389.33,1232.88,Negeri Sembilan,Y,0,850,2,Good,MG,MG
9/2/2026,1000000000000578,20024583769,Approve,24140492,Gold,Master,S,U2,0,0,0,A,B,N,F,45,Chinese,MAL,SINGLE,SPM,6,RENTING,Army Personnel,Education,23,19765,25098,301185,301185,20,31,1.4,6545,24,26,3,Y,Y,20260625,20260617,20260526,61680.62,41500,20180.62,1434.5,Selangor,0,0,755,3,Very Good,PL,CL
9/2/2026,1000000000000579,28693205960,Approve,96237148,Infinite,Visa,P,O5,0,0,94850000,A,D, ,F,41,Malay,MAL,MARRIED,Diploma,11,MORTGAGE,Self-Employed,Oil & Gas,22,21105,26826,321913,321913,31,38,4.03,3796,35,36,3,N,Y,0,20260201,20260104,64168.43,47500,16668.43,387.58,Selangor,1,0,769,4,Excellent,BC,C2
9/2/2026,1000000000000580,26156845026,Approve,16408122,Platinum,Visa,P,B6,0,0,0,A,D, ,M,22,Malay,MAL,SINGLE,Bachelor Degree,2,OWNED,Sales Executive,Oil & Gas,1,23065,28279,339359,339359,16,18,5.85,7591,13,22,3,Y,N,20260125,20260117,20260107,57871.08,45000,12871.08,1322.94,Kuala Lumpur,1,0,784,2,Low,MG,C2
9/2/2026,1000000000000581,27858244196,Approve,98350253,Infinite,Visa,P,T3,0,0,88,A,-,A,F,56,Chinese,MAL,MARRIED,Bachelor Degree,33,EMPLOYER PROVIDED,Manager,Education,17,18170,23241,278898,278898,17,21,8.64,3716,18,28,2,Y,Y,20251105,20251020,20250930,57560.73,42000,15560.73,1901.46,Kuala Lumpur,1,0,760,2,No Score,MG,GD
9/2/2026,1000000000000582,26585280183,Approve,27940113,Classic,Visa,P,B2,0,0,88,A,B,N,F,55,Indian,MAL,MARRIED,STPM,32,RENTING,Army Personnel,Transportation,36,13125,15158,181907,181907,22,26,9,2449,18,30,5,Y,N,20260308,20260219,20260206,47906.4,32500,15406.4,332.22,Selangor,Y,0,621,1,Low,IN,C2
9/2/2026,1000000000000583,27975168758,Approve,15507572,Platinum,Visa,P,B6,0,0,1,A,B, ,F,44,Chinese,MAL,MARRIED,SPM,12,MORTGAGE,Sales Executive,Government,12,23541,29455,353467,353467,24,28,13.84,7284,30,31,2,N,N,0,20260804,20260729,49681.67,38500,11181.67,1102.74,Pahang,Y,0,794,1,Very Good,CL,MG
9/2/2026,1000000000000584,28376281413,Approve,10784780,Gold,Visa,P,R2,0,0,88,A,B,N,F,26,Malay,MAL,MARRIED,STPM,3,EMPLOYER PROVIDED,Doctor,Telecommunications,4,7990,10481,125780,125780,41,47,14.85,3628,45,57,1,Y,Y,20260521,20260517,20260512,18471.41,12500,5971.41,1310.81,Johor,0,0,358,4,No Score,V3,C2
9/2/2026,1000000000000585,21725370012,Approve,13534686,Classic,Visa,P,T3,0,0,0,A,B, ,M,50,Malay,MAL,DIVORCED,Master Degree,20,MORTGAGE,Businessman,Agriculture,19,3842,4557,54692,54692,32,36,16.04,828,48,53,5,N,N,0,20251226,20251216,16708.21,12500,4208.21,565.77,Kelantan,Y,0,455,4,Good,MG,BC
9/2/2026,1000000000000586,24438106914,Approve,90838861,Gold,Master,S,R2,0,0,94850000,A,H, ,M,48,Malay,MAL,SINGLE,STPM,29,OWNED,Technician,Government,15,6791,8123,97481,97481,23,24,2.37,4377,36,38,5,Y,Y,20260529,20260524,20260517,30047.96,21000,9047.96,1183.82,Sarawak,0,0,742,3,Fair,CL,PL
9/2/2026,1000000000000587,27787769571,Approve,62376099,Classic,Master,P,O5,0,0,1,A,H, ,F,28,Chinese,MAL,MARRIED,Master Degree,5,FAMILY OWNED,Civil Servant,Telecommunications,10,11242,14233,170805,170805,36,48,4.87,522,46,48,2,Y,Y,20260630,20260610,20260518,32196.47,25000,7196.47,1660.87,Pulau Pinang,1,0,488,1,Excellent,MG,C2
9/2/2026,1000000000000588,28477758641,Approve,56241881,Platinum,Visa,P,T3,0,0,88,A,-, ,M,29,Malay,MAL,SINGLE,SPM,1,RENTING,Driver,Real Estate,1,24159,28375,340505,340505,17,28,15.68,6848,18,26,1,N,N,0,20260722,20260629,56707.47,46500,10207.47,1173.97,Kelantan,0,0,772,3,Excellent,PL,BC
9/2/2026,1000000000000589,24808502353,Approve,52702125,Platinum,Visa,S,B1,0,0,0,A,-,N,M,48,Chinese,MAL,SINGLE,No Formal Education,11,MORTGAGE,Doctor,Hospitality,17,24338,30146,361753,361753,9,10,11.5,3353,5,14,5,Y,Y,20260701,20260623,20260524,55958.87,41500,14458.87,1054.14,Selangor,0,0,781,2,Fair,BC,MG
9/2/2026,1000000000000590,28188021418,Approve,83618872,Platinum,Visa,P,O3,0,0,88,A,A, ,F,57,Chinese,MAL,DIVORCED,SPM,13,RENTING,Clerk,Oil & Gas,20,5209,6293,75526,75526,33,40,10.91,1077,39,47,3,Y,Y,20260904,20260828,20260811,14135.61,10000,4135.61,1212.69,Pahang,N,0,417,2,Good,MG,BC
9/2/2026,1000000000000591,21268624646,Approve,26381483,Platinum,Visa,S,O1,0,0,88,A,H,N,M,35,Malay,MAL,DIVORCED,SPM,0,OWNED,Police Officer,Professional Services,2,2774,3251,39023,39023,38,40,14.59,4452,49,56,5,Y,Y,20260709,20260702,20260619,14689.85,10000,4689.85,435.41,Pahang,0,0,557,4,Low,PL,GD
9/2/2026,1000000000000592,24049383037,Approve,16633753,Gold,Master,S,B1,0,0,88,A,D,N,F,56,Chinese,MAL,MARRIED,Master Degree,12,RENTING,Doctor,Healthcare,19,23718,31174,374091,374091,11,21,11.9,6802,10,18,3,Y,Y,20260419,20260410,20260402,42237.75,32500,9737.75,121.06,Sarawak,0,0,730,2,Very Good,CL,IN
9/2/2026,1000000000000593,25461779733,Approve,79888222,Platinum,Master,S,B1,0,0,1,A,B,N,M,47,Malay,MAL,SINGLE,Diploma,18,MORTGAGE,Driver,Food & Beverage,16,19942,23021,276263,276263,22,24,15.44,6519,30,33,1,N,N,0,20260902,20260814,47667.98,37000,10667.98,144.67,Sabah,1,0,720,1,Very Good,CL,MG
9/2/2026,1000000000000594,28125541849,Approve,47352869,Platinum,Visa,P,O5,0,0,1,A,A,A,F,32,Malay,MAL,SINGLE,STPM,10,EMPLOYER PROVIDED,Supervisor,Wholesale,11,23432,27155,325866,325866,30,35,16.16,2909,28,38,3,N,N,0,20260313,20260301,61708.73,48500,13208.73,134.6,Kedah,1,0,774,2,Excellent,MG,MG
9/2/2026,1000000000000595,23400734802,Approve,12305591,Platinum,Master,P,U1,0,0,88,A,-,N,M,28,Chinese,MAL,SINGLE,Bachelor Degree,0,OWNED,IT Executive,Construction,9,20422,23487,281845,281845,13,22,3.9,4679,12,22,5,N,N,0,20260311,20260303,60930.72,42000,18930.72,463.3,Sarawak,N,0,842,2,Very Good,BC,IN
9/2/2026,1000000000000596,23664884905,Approve,84437458,Platinum,Master,P,T2,0,0,1,A,-, ,F,56,Chinese,MAL,MARRIED,Bachelor Degree,34,RENTING,Engineer,Transportation,23,10138,11944,143338,143338,32,40,11.57,7594,31,38,3,N,N,0,20251014,20250927,38040.31,31000,7040.31,1122.39,Negeri Sembilan,Y,0,697,2,Fair,CL,C2
9/2/2026,1000000000000597,24382659156,Approve,20088018,Gold,Master,P,R5,0,0,0,A,H, ,M,25,Chinese,MAL,WIDOWED,Bachelor Degree,0,OWNED,Self-Employed,Manufacturing,4,22651,29339,352074,352074,38,46,12.69,6071,43,46,2,N,Y,0,20260815,20260718,44517.16,33000,11517.16,590.84,Negeri Sembilan,1,0,542,1,Very Good,GD,V3
9/2/2026,1000000000000598,28999451532,Approve,45588047,Platinum,Visa,P,O3,0,0,94850000,A,-,D,M,59,Malay,MAL,SINGLE,SPM,27,OWNED,Businessman,Professional Services,38,7167,8693,104325,104325,15,25,0.97,5032,16,18,3,Y,Y,20260617,20260605,20260523,50025.46,35500,14525.46,184.41,Melaka,Y,0,732,4,Low,GD,MG
9/2/2026,1000000000000599,23657401514,Approve,42084122,Platinum,Master,P,U3,0,0,88,A,D, ,M,32,Others,MAL,MARRIED,SPM,7,EMPLOYER PROVIDED,Driver,Oil & Gas,7,12594,15179,182148,182148,24,26,1.34,3701,31,36,5,N,Y,0,20260730,20260713,33146.9,26500,6646.9,1089.82,Sarawak,N,0,681,1,Fair,IN,MG
9/2/2026,1000000000000600,20396756146,Approve,41558317,Platinum,Visa,P,B2,0,0,0,A,A, ,F,48,Chinese,MAL,SINGLE,Diploma,2,EMPLOYER PROVIDED,Police Officer,Healthcare,16,19818,25781,309376,309376,18,26,9.04,3481,16,28,1,Y,N,20260323,20260321,20260309,58606.83,43000,15606.83,1817.34,Kelantan,Y,0,751,3,Fair,CL,IN
9/2/2026,1000000000000601,25451412712,Approve,19391350,Gold,Master,P,B6,0,0,94850000,A,A,A,M,59,Malay,MAL,MARRIED,Certificate,24,RENTING,Contractor,Plantation,20,17432,20772,249275,249275,16,19,16.24,744,19,24,1,Y,Y,20260118,20260102,20251231,40680.93,29500,11180.93,1826.4,Sarawak,0,0,682,2,No Score,PL,PL
9/2/2026,1000000000000602,27250592078,Approve,66811657,Classic,Visa,P,U3,0,0,1,A,D,D,F,34,Malay,MAL,SINGLE,Diploma,10,RENTING,Supervisor,Education,0,3341,3928,47147,47147,49,50,14.31,6828,52,57,5,N,N,0,20251021,20251017,12733.56,9500,3233.56,131.77,Kuala Lumpur,Y,0,446,4,Low,C2,CL
9/2/2026,1000000000000603,27615553386,Approve,47955215,Infinite,Master,S,B1,0,0,1,A,B, ,M,54,Malay,MAL,DIVORCED,Diploma,28,OWNED,Businessman,Government,33,11624,13977,167724,167724,16,28,13.98,4914,14,22,5,Y,N,20251209,20251125,20251029,53769.97,44000,9769.97,1039.82,Selangor,0,0,765,1,No Score,MG,MG
9/2/2026,1000000000000604,28182355695,Approve,79393610,Platinum,Visa,P,O3,0,0,94850000,A,-,D,F,63,Malay,MAL,MARRIED,STPM,9,OWNED,Police Officer,Telecommunications,14,22668,26656,319883,319883,17,25,8.35,2967,24,29,2,Y,Y,20251014,20251010,20250922,58440.36,43500,14940.36,912.68,Kelantan,N,0,748,4,Low,MG,MG
9/2/2026,1000000000000605,28694896414,Approve,48502168,Gold,Visa,S,R1,0,0,0,A,H,A,F,40,Chinese,MAL,MARRIED,Bachelor Degree,17,OWNED,Retail Assistant,Transportation,21,23620,28321,339852,339852,18,28,8.62,588,21,24,3,N,N,0,20260722,20260715,83895.91,58500,25395.91,1811.57,Sarawak,N,0,833,2,Excellent,PL,V3
9/2/2026,1000000000000606,24182937092,Approve,22563758,Platinum,Master,P,U2,0,0,94850000,A,B, ,M,42,Malay,MAL,SINGLE,SPM,5,OWNED,Teacher,Hospitality,11,13088,16466,197596,197596,22,34,7.66,3570,25,28,2,N,N,0,20260824,20260813,43099.7,30000,13099.7,95.75,Selangor,1,0,607,3,Fair,PL,C2
9/2/2026,1000000000000607,24910867969,Approve,76558294,Platinum,Visa,S,U3,0,0,1,A,D,D,M,30,Others,MAL,DIVORCED,Bachelor Degree,0,RENTING,Businessman,Education,8,12958,16876,202519,202519,22,23,14.37,7826,23,29,2,N,N,0,20251005,20250921,47131.3,39000,8131.3,282.57,Pulau Pinang,1,0,704,2,Very Good,BC,CL
9/2/2026,1000000000000608,25178222557,Approve,93280761,Platinum,Visa,S,O3,0,0,88,A,H, ,F,63,Chinese,MAL,MARRIED,Diploma,15,FAMILY OWNED,Driver,Wholesale,14,10990,13845,166150,166150,41,53,11.51,7876,40,49,1,N,Y,0,20251013,20250926,37634.31,28000,9634.31,193.6,Pahang,0,0,634,2,Very Good,MG,CL
9/2/2026,1000000000000609,28231610435,Approve,50157434,Platinum,Visa,P,B2,0,0,94850000,A,H, ,M,30,Chinese,MAL,SINGLE,Bachelor Degree,6,RENTING,Technician,Manufacturing,3,17593,22566,270793,270793,18,30,0.42,1295,16,28,1,Y,N,20260114,20260111,20251225,58310.78,42500,15810.78,635.48,Selangor,N,0,624,1,Very Good,CL,BC
9/2/2026,1000000000000610,28653951990,Approve,84855588,Infinite,Visa,S,T3,0,0,88,A,A, ,F,65,Malay,MAL,MARRIED,SPM,29,RENTING,Engineer,Government,31,9062,10979,131751,131751,51,62,14.32,4147,55,61,2,N,N,0,20250927,20250913,13818.86,10500,3318.86,35.62,Johor,N,0,421,4,Very Good,C2,IN
9/2/2026,1000000000000611,21614101627,Approve,66178935,Platinum,Visa,P,T2,0,0,0,A,A, ,F,45,Malay,MAL,SINGLE,Bachelor Degree,8,MORTGAGE,Chef,Transportation,15,19183,22776,273314,273314,16,25,3.53,7815,23,26,1,N,Y,0,20260731,20260711,43044.63,35500,7544.63,1916.63,Perak,N,0,790,2,Excellent,IN,GD
9/2/2026,1000000000000612,29124508564,Approve,57036738,Gold,Visa,P,B2,0,0,88,A,-,A,M,56,Indian,MAL,SINGLE,SPM,6,RENTING,Businessman,Plantation,34,17349,20338,244065,244065,30,35,13.17,3888,28,37,5,Y,N,20260531,20260529,20260524,46422.69,33500,12922.69,1465.75,Pulau Pinang,1,0,597,3,Very Good,IN,C2
9/2/2026,1000000000000613,22337117550,Approve,74373458,Infinite,Master,P,T3,0,0,94850000,A,B,N,F,25,Malay,MAL,SINGLE,Diploma,2,OWNED,Civil Servant,Construction,7,23450,29046,348556,348556,27,33,9.91,6750,25,32,2,Y,N,20251121,20251112,20251020,48793.87,34500,14293.87,647.3,Kedah,1,0,817,3,Good,GD,MG
9/2/2026,1000000000000614,23015213026,Approve,68429076,Platinum,Master,S,T2,0,0,0,A,D,N,F,39,Chinese,MAL,SINGLE,SPM,19,FAMILY OWNED,Businessman,Real Estate,9,13758,17083,205002,205002,35,46,7.04,6618,30,42,3,N,Y,0,20251005,20250913,49364.26,39500,9864.26,1035.64,Pulau Pinang,Y,0,644,2,Good,BC,MG
9/2/2026,1000000000000615,25682641446,Approve,91749533,Gold,Visa,P,R1,0,0,0,A,D,A,F,42,Malay,MAL,SINGLE,SPM,1,RENTING,Nurse,Professional Services,1,13134,15553,186636,186636,15,18,16.72,3987,22,24,3,Y,N,20251030,20251014,20250928,44373.6,35500,8873.6,1183.87,Kuala Lumpur,N,0,756,2,Good,GD,IN
9/2/2026,1000000000000616,24628303818,Approve,50276314,Platinum,Master,S,B2,0,0,0,A,B,N,F,37,Malay,MAL,SINGLE,Master Degree,5,MORTGAGE,Accountant,Education,8,24502,28182,338191,338191,23,26,17.23,4519,24,36,2,N,N,0,20251121,20251120,61639.65,47500,14139.65,1630.15,Kuala Lumpur,1,0,757,4,Fair,PL,C2
9/2/2026,1000000000000617,25465072710,Approve,35395282,Platinum,Visa,P,U2,0,0,0,A,B,D,F,40,Malay,MAL,MARRIED,Master Degree,4,OWNED,Sales Executive,Transportation,20,21915,29119,349430,349430,11,19,5.37,4017,5,15,5,Y,N,20260721,20260704,20260622,60543.41,40500,20043.41,1692.72,Negeri Sembilan,1,0,817,1,Low,GD,BC
9/2/2026,1000000000000618,28040384050,Approve,30317654,Platinum,Visa,P,U3,0,0,1,A,H,D,F,57,Malay,MAL,MARRIED,STPM,5,RENTING,Doctor,Food & Beverage,21,22109,26092,313115,313115,33,38,2.68,3482,26,37,5,Y,Y,20260711,20260630,20260614,43800.51,36500,7300.51,1237.96,Kuala Lumpur,1,0,747,1,Very Good,BC,BC
9/2/2026,1000000000000619,28349466005,Approve,42402412,Gold,Visa,S,T2,0,0,0,A,H,N,F,37,Chinese,MAL,MARRIED,SPM,8,OWNED,Factory Worker,Financial Services,3,24186,29360,352326,352326,18,30,7.26,4618,18,22,3,N,N,0,20260419,20260322,48276.41,36000,12276.41,1955.54,Johor,N,0,776,4,Good,MG,CL
9/2/2026,1000000000000620,25898515614,Approve,49067384,Gold,Master,S,T2,0,0,0,A,A, ,M,49,Chinese,MAL,MARRIED,Diploma,7,MORTGAGE,Teacher,Food & Beverage,23,13182,17592,211108,211108,14,26,6.22,4117,22,24,2,Y,Y,20260115,20260110,20251229,58242.68,48000,10242.68,156.29,Kuala Lumpur,Y,0,799,1,Very Good,BC,C2
9/2/2026,1000000000000621,27120685138,Approve,13156518,Gold,Master,P,U2,0,0,1,A,H,D,M,37,Chinese,MAL,MARRIED,Diploma,7,MORTGAGE,Manager,Wholesale,1,11176,12941,155294,155294,29,39,2,5127,40,46,5,Y,Y,20260211,20260201,20260113,29720.07,24000,5720.07,195.92,Sarawak,N,0,567,4,Fair,BC,BC
9/2/2026,1000000000000622,25181047074,Approve,45630292,Gold,Master,S,T3,0,0,88,A,A,D,F,46,Malay,MAL,DIVORCED,SPM,14,MORTGAGE,Clerk,Government,10,17938,22985,275820,275820,25,29,6.56,4352,35,41,5,Y,N,20251030,20251023,20251010,51452,39000,12452,416.08,Sabah,1,0,703,4,Excellent,CL,BC
9/2/2026,1000000000000623,27773492046,Approve,12531331,Classic,Master,P,B1,0,0,88,A,-,N,M,33,Malay,MAL,SINGLE,SPM,4,FAMILY OWNED,Contractor,Manufacturing,7,22381,27866,334398,334398,47,48,3.6,2442,48,54,3,Y,Y,20260227,20260221,20260123,49669.63,33500,16169.63,470.16,Johor,N,0,649,3,Excellent,C2,BC
9/2/2026,1000000000000624,25238813826,Approve,61046056,Infinite,Master,S,B6,0,0,1,A,D,N,M,47,Malay,MAL,MARRIED,Diploma,15,OWNED,Driver,Telecommunications,12,4868,5950,71405,71405,49,53,12.41,4095,48,56,5,Y,N,20260124,20260120,20260117,23985.1,16500,7485.1,1565.9,Selangor,Y,0,505,4,Low,MG,C2
9/2/2026,1000000000000625,23911195187,Approve,44701050,Infinite,Master,P,U3,0,0,88,A,B,N,F,52,Chinese,MAL,WIDOWED,STPM,30,RENTING,Supervisor,Hospitality,2,24909,32753,393039,393039,11,13,7.14,2559,15,18,1,Y,Y,20260301,20260228,20260203,55131.81,41000,14131.81,525.37,Johor,Y,0,774,2,No Score,MG,PL
9/2/2026,1000000000000626,28070990213,Approve,42986080,Gold,Master,P,T2,0,0,1,A,-, ,F,43,Indian,MAL,MARRIED,STPM,8,EMPLOYER PROVIDED,Clerk,Real Estate,13,10404,13684,164218,164218,24,32,3.37,1673,20,29,2,Y,Y,20260215,20260129,20260110,31277.83,25500,5777.83,830.91,Perak,Y,0,533,4,Excellent,C2,IN
9/2/2026,1000000000000627,23255519856,Approve,98133285,Platinum,Visa,S,R1,0,0,1,A,A, ,F,26,Chinese,MAL,SINGLE,Diploma,5,FAMILY OWNED,IT Executive,Real Estate,5,12719,15458,185496,185496,28,32,9.27,2807,45,47,5,Y,Y,20251119,20251106,20251025,24057.79,20000,4057.79,286.99,Kedah,1,0,517,2,Good,V3,BC
9/2/2026,1000000000000628,22642551788,Approve,93812015,Platinum,Visa,P,O3,0,0,94850000,A,-,A,M,53,Chinese,MAL,MARRIED,SPM,23,RENTING,Sales Executive,Transportation,26,4893,6012,72151,72151,36,44,13.9,6279,32,41,2,Y,N,20251107,20251024,20251018,24441.93,19500,4941.93,1655.77,Negeri Sembilan,0,0,554,2,Excellent,MG,C2
9/2/2026,1000000000000629,25166150507,Approve,53827529,Gold,Master,S,T3,0,0,1,A,-,D,M,41,Malay,MAL,SINGLE,PhD,17,MORTGAGE,Security Guard,Hospitality,10,15928,19079,228957,228957,18,21,1.78,7096,24,27,3,Y,N,20250916,20250903,20250828,62707.01,43000,19707.01,316.46,Sabah,0,0,739,1,No Score,IN,IN
9/2/2026,1000000000000630,29258006797,Approve,50618137,Gold,Master,S,B6,0,0,0,A,-,A,M,37,Chinese,MAL,WIDOWED,Diploma,3,OWNED,Self-Employed,Education,14,20649,25904,310852,310852,32,38,6,6277,31,43,2,Y,N,20260513,20260427,20260411,46451.6,32000,14451.6,100.38,Johor,Y,0,735,3,Low,CL,CL
9/2/2026,1000000000000631,23905178918,Approve,42242644,Gold,Master,P,U3,0,0,88,A,A,N,M,25,Malay,MAL,MARRIED,Bachelor Degree,4,RENTING,Chef,Telecommunications,1,19436,25743,308921,308921,27,32,13.84,7431,26,35,2,N,N,0,20260318,20260314,47661.91,36500,11161.91,982.17,Pulau Pinang,0,0,672,1,Very Good,PL,IN
9/2/2026,1000000000000632,26102032928,Approve,42247395,Platinum,Visa,S,U2,0,0,94850000,A,H,N,F,43,Indian,MAL,SINGLE,STPM,15,MORTGAGE,Lecturer,Financial Services,25,15706,20997,251964,251964,26,28,8.38,2955,29,37,2,N,N,0,20260530,20260519,38157.56,30000,8157.56,1892.96,Sabah,Y,0,616,1,Very Good,GD,BC
9/2/2026,1000000000000633,26960293421,Approve,95093837,Classic,Master,P,R2,0,0,1,A,D, ,F,44,Chinese,MAL,DIVORCED,SPM,26,FAMILY OWNED,Doctor,Wholesale,11,13172,15224,182688,182688,40,49,2.89,6138,52,53,3,Y,Y,20260716,20260710,20260615,44220.04,33000,11220.04,411.44,Kedah,N,0,643,2,Low,CL,MG
9/2/2026,1000000000000634,24915651334,Approve,61925466,Gold,Master,S,B2,0,0,1,A,D,N,M,42,Chinese,MAL,MARRIED,SPM,7,FAMILY OWNED,Contractor,Oil & Gas,7,18690,24115,289386,289386,46,58,12.81,800,59,64,3,Y,Y,20260627,20260620,20260609,24034.21,19500,4534.21,1444.83,Terengganu,Y,0,430,2,Excellent,IN,CL
9/2/2026,1000000000000635,22386156437,Approve,81467508,Infinite,Master,P,T2,0,0,94850000,A,D,N,M,42,Chinese,MAL,MARRIED,Master Degree,10,OWNED,Nurse,Manufacturing,20,14946,18515,222182,222182,16,19,5.32,5624,21,25,3,Y,N,20251217,20251204,20251117,41646.13,31000,10646.13,800.23,Kuala Lumpur,Y,0,724,4,No Score,BC,V3
9/2/2026,1000000000000636,24882610621,Approve,84583388,Infinite,Visa,P,R2,0,0,88,A,B,N,M,60,Malay,MAL,SINGLE,Bachelor Degree,34,RENTING,Businessman,Education,28,22266,28021,336252,336252,26,38,11.23,1718,29,31,3,Y,Y,20260612,20260611,20260607,63267.61,47500,15767.61,1296.39,Melaka,1,0,636,4,Low,PL,MG
9/2/2026,1000000000000637,27336477271,Approve,73133836,Infinite,Visa,S,R2,0,0,1,A,-,N,F,41,Others,MAL,SINGLE,Bachelor Degree,21,RENTING,Chef,Hospitality,16,19157,22618,271416,271416,16,25,16.06,810,19,25,1,Y,N,20260302,20260227,20260221,57070.36,39500,17570.36,1097.47,Johor,Y,0,689,4,Excellent,IN,IN
9/2/2026,1000000000000638,27133283191,Approve,64914197,Gold,Master,S,O3,0,0,0,A,H, ,M,45,Malay,MAL,MARRIED,SPM,19,RENTING,Police Officer,Manufacturing,27,10960,14449,173395,173395,17,22,9.89,5910,15,23,1,N,Y,0,20260509,20260413,52087.37,35500,16587.37,1475.84,Sarawak,1,0,698,1,Good,GD,PL
9/2/2026,1000000000000639,20422091313,Approve,98150338,Gold,Visa,P,U3,0,0,88,A,H, ,F,53,Chinese,MAL,MARRIED,Bachelor Degree,0,OWNED,Manager,Telecommunications,33,22302,28901,346821,346821,12,23,6.02,2925,13,17,2,N,Y,0,20260719,20260628,69622.71,53500,16122.71,336.71,Johor,Y,0,769,4,No Score,V3,C2
9/2/2026,1000000000000640,23425119355,Approve,83509785,Gold,Master,S,O5,0,0,0,A,B,N,M,57,Malay,MAL,MARRIED,Bachelor Degree,11,OWNED,Lecturer,Hospitality,34,2636,3068,36823,36823,26,36,5.6,3857,32,33,5,Y,Y,20260801,20260713,20260711,26488.37,19500,6988.37,1653.44,Perak,Y,0,606,3,Excellent,IN,CL
9/2/2026,1000000000000641,26145455931,Approve,35171649,Gold,Visa,P,R1,0,0,88,A,B,A,F,40,Indian,MAL,MARRIED,Diploma,2,MORTGAGE,Doctor,Hospitality,13,20086,26656,319882,319882,23,28,12.02,7356,23,30,1,Y,N,20260420,20260418,20260417,58121.04,40500,17621.04,1238.37,Sarawak,1,0,742,3,No Score,V3,V3
9/2/2026,1000000000000642,25819638051,Approve,21034618,Platinum,Visa,P,U2,0,0,88,A,A,N,F,64,Chinese,MAL,DIVORCED,STPM,12,FAMILY OWNED,Lecturer,Professional Services,19,15427,18709,224518,224518,29,30,6.26,2649,35,43,1,Y,N,20260714,20260630,20260625,59197.5,40500,18697.5,1533.58,Kedah,Y,0,664,2,Very Good,BC,CL
9/2/2026,1000000000000643,23541796003,Approve,52838356,Gold,Master,P,B1,0,0,94850000,A,B,N,F,57,Malay,MAL,MARRIED,SPM,35,OWNED,Doctor,Food & Beverage,23,17074,22540,270484,270484,27,31,4.87,4480,25,32,5,Y,Y,20251127,20251112,20251110,61309.6,42000,19309.6,1848.02,Kelantan,Y,0,736,1,Good,GD,IN
9/2/2026,1000000000000644,28684968325,Approve,20724388,Platinum,Visa,P,U2,0,0,94850000,A,B,D,M,33,Malay,MAL,MARRIED,SPM,6,OWNED,Clerk,Hospitality,14,11843,14607,175294,175294,18,30,14.17,5380,19,23,1,Y,Y,20261007,20260921,20260823,36019.69,30000,6019.69,1953.94,Perak,N,0,693,4,Excellent,V3,V3
9/2/2026,1000000000000645,29621750591,Approve,60716325,Infinite,Master,S,B2,0,0,1,A,D,N,M,37,Indian,MAL,SINGLE,Diploma,14,OWNED,Administrator,Government,8,17973,24133,289606,289606,21,26,16.43,5334,25,31,1,N,N,0,20251216,20251125,52248.11,38500,13748.11,1892.38,Selangor,N,0,773,4,Fair,GD,IN
9/2/2026,1000000000000646,24551975449,Approve,30820038,Platinum,Master,P,B2,0,0,88,A,D,D,F,62,Malay,MAL,SINGLE,Primary,3,OWNED,Security Guard,Food & Beverage,3,14624,19723,236679,236679,36,39,4.18,2312,39,42,5,Y,N,20260127,20260107,20260104,47162.18,33500,13662.18,1038.58,Perak,N,0,620,1,Excellent,MG,CL
9/2/2026,1000000000000647,25149042258,Approve,87381687,Gold,Visa,S,O5,0,0,88,A,-,A,M,52,Chinese,MAL,MARRIED,Master Degree,10,RENTING,Nurse,Real Estate,24,11743,14677,176132,176132,34,42,12.57,6921,34,39,3,Y,N,20260905,20260821,20260811,38303.34,29000,9303.34,87.24,Perak,1,0,661,1,Very Good,GD,C2
9/2/2026,1000000000000648,22237764520,Approve,90297539,Gold,Master,P,O5,0,0,0,A,H,D,F,34,Malay,MAL,MARRIED,Bachelor Degree,9,OWNED,Teacher,Plantation,1,6162,7460,89521,89521,23,35,14.34,6750,28,33,3,N,N,0,20250820,20250809,42287.9,34500,7787.9,1373.96,Kuala Lumpur,N,0,684,2,Very Good,GD,GD
9/2/2026,1000000000000649,26673601771,Approve,32892407,Platinum,Master,P,U1,0,0,94850000,A,D,N,F,26,Malay,MAL,DIVORCED,Diploma,7,OWNED,Chef,Oil & Gas,6,16059,21526,258315,258315,26,30,1.01,3068,31,38,1,N,N,0,20251225,20251216,56182.75,40500,15682.75,1486.81,Perak,Y,0,729,2,Very Good,V3,BC
9/2/2026,1000000000000650,25792150629,Approve,63747464,Gold,Master,P,B2,0,0,0,A,-,N,F,42,Chinese,MAL,MARRIED,Diploma,2,OWNED,Contractor,Hospitality,10,13943,16617,199407,199407,31,43,6.72,4207,31,40,5,N,N,0,20260427,20260426,49069.74,34000,15069.74,1966.28,Perak,0,0,604,3,Low,V3,BC
9/2/2026,1000000000000651,29778455953,Approve,28357154,Classic,Master,S,T1,0,0,88,A,-,A,F,57,Chinese,MAL,MARRIED,SPM,15,RENTING,Lecturer,Professional Services,30,17465,21902,262825,262825,40,47,6.88,2199,40,46,2,Y,N,20260713,20260708,20260608,45355.14,35000,10355.14,1931.71,Pahang,N,0,623,3,No Score,MG,V3
9/2/2026,1000000000000652,23838524254,Approve,24826090,Platinum,Visa,P,B1,0,0,94850000,A,B,A,F,55,Malay,MAL,SINGLE,SPM,17,OWNED,Army Personnel,Agriculture,19,4745,6259,75117,75117,18,25,11.06,5147,15,25,1,Y,Y,20251108,20251020,20250924,36119.7,29500,6619.7,1091.56,Kuala Lumpur,Y,0,789,2,Excellent,CL,C2
9/2/2026,1000000000000653,28079943861,Approve,44326924,Gold,Visa,P,U3,0,0,1,A,D,A,F,63,Indian,MAL,MARRIED,SPM,25,OWNED,Lecturer,Manufacturing,17,22098,28225,338700,338700,26,29,15.18,7854,28,38,5,N,Y,0,20251025,20251004,66941.9,45000,21941.9,633.73,Johor,1,0,800,1,Good,V3,PL
9/2/2026,1000000000000654,26384838735,Approve,84746474,Platinum,Master,S,B2,0,0,88,A,H,D,F,39,Chinese,MAL,MARRIED,Diploma,8,RENTING,Accountant,Telecommunications,20,14998,17891,214701,214701,28,29,15.66,2612,29,32,5,N,Y,0,20260619,20260604,30186.39,24500,5686.39,1841.41,Kuala Lumpur,N,0,591,1,Good,PL,BC
9/2/2026,1000000000000655,20884558766,Approve,68617594,Infinite,Visa,P,R5,0,0,94850000,A,-, ,M,41,Malay,MAL,SINGLE,Bachelor Degree,8,MORTGAGE,Security Guard,Professional Services,18,22962,30368,364423,364423,15,23,12.53,4615,18,21,2,Y,Y,20251027,20251017,20250926,50859.23,41500,9359.23,671.69,Selangor,N,0,772,4,Fair,BC,MG
9/2/2026,1000000000000656,28589655268,Approve,22941629,Platinum,Master,S,R5,0,0,0,A,D, ,M,39,Malay,MAL,MARRIED,Diploma,13,RENTING,Driver,Food & Beverage,15,19234,24521,294255,294255,20,29,11.31,4022,19,27,1,N,N,0,20250909,20250813,56435.59,46500,9935.59,469.8,Sabah,1,0,790,3,Excellent,BC,C2
9/2/2026,1000000000000657,24122657858,Approve,34043964,Platinum,Visa,P,O5,0,0,1,A,H,N,F,50,Chinese,MAL,SINGLE,Diploma,13,RENTING,Administrator,Plantation,29,22323,28812,345745,345745,17,18,2.25,6769,13,23,2,Y,N,20260908,20260827,20260821,52051.71,38500,13551.71,1399.36,Negeri Sembilan,N,0,806,4,No Score,BC,PL
9/2/2026,1000000000000658,26902238972,Approve,34998616,Infinite,Master,P,B2,0,0,0,A,A, ,M,62,Chinese,MAL,SINGLE,Certificate,33,OWNED,Lecturer,Agriculture,38,16253,20916,251000,251000,20,22,1.76,6989,18,25,3,Y,Y,20260315,20260303,20260217,56016.13,42000,14016.13,1345.86,Kuala Lumpur,Y,0,734,3,Low,C2,V3
9/2/2026,1000000000000659,29087231445,Approve,87787726,Classic,Visa,S,O1,0,0,1,A,A,N,M,21,Malay,MAL,MARRIED,Diploma,2,RENTING,Sales Executive,Retail Trade,0,15832,21246,254960,254960,26,38,14.42,4002,36,41,5,Y,N,20260531,20260528,20260515,47350.29,33500,13850.29,1005.63,Kuala Lumpur,Y,0,620,3,Very Good,BC,C2
9/2/2026,1000000000000660,23482354602,Approve,42700268,Infinite,Master,S,B1,0,0,88,A,H,A,M,64,Malay,MAL,SINGLE,Bachelor Degree,8,RENTING,Police Officer,Transportation,26,19115,23711,284540,284540,12,15,2.02,769,5,17,2,Y,Y,20260328,20260310,20260208,49578.9,37000,12578.9,413.44,Perak,N,0,760,1,Very Good,IN,CL
9/2/2026,1000000000000661,28359342721,Approve,86778111,Classic,Visa,P,R5,0,0,1,A,H,A,M,55,Chinese,MAL,SINGLE,STPM,0,OWNED,Driver,Telecommunications,6,7264,9721,116661,116661,24,28,12,4546,22,29,1,Y,Y,20250812,20250801,20250730,25299.61,21000,4299.61,1730.93,Perak,0,0,641,4,Good,C2,GD
9/2/2026,1000000000000662,25727531642,Approve,91211357,Platinum,Visa,S,B6,0,0,1,A,H,N,M,64,Indian,MAL,MARRIED,SPM,28,OWNED,Accountant,Plantation,27,8763,11790,141491,141491,14,22,17.32,3832,11,18,5,Y,N,20251123,20251109,20251024,44969.21,31500,13469.21,367.61,Pahang,N,0,689,3,No Score,C2,MG
9/2/2026,1000000000000663,27154138923,Approve,87851575,Gold,Master,P,B1,0,0,88,A,-,N,F,42,Chinese,MAL,SINGLE,Diploma,4,OWNED,Doctor,Government,9,19749,25418,305025,305025,10,17,7.98,1601,5,12,2,Y,Y,20260711,20260621,20260528,69129.16,52500,16629.16,296.45,Pahang,0,0,767,4,Excellent,PL,BC
9/2/2026,1000000000000664,28321525358,Approve,39442512,Platinum,Master,P,T2,0,0,1,A,-,A,F,21,Chinese,MAL,MARRIED,SPM,2,MORTGAGE,Technician,Hospitality,2,23532,31134,373610,373610,19,28,8.85,3269,20,22,2,N,N,0,20260815,20260808,73535.36,53000,20535.36,291.8,Pahang,1,0,728,3,Good,IN,IN
9/2/2026,1000000000000665,22766647403,Approve,44699521,Infinite,Master,S,T1,0,0,1,A,-,D,F,34,Chinese,MAL,MARRIED,SPM,5,OWNED,Accountant,Food & Beverage,16,16617,19211,230540,230540,24,34,13.11,1271,22,34,1,Y,Y,20260905,20260831,20260814,52635.44,42000,10635.44,359.31,Johor,Y,0,750,3,Low,PL,CL
9/2/2026,1000000000000666,22807793959,Approve,41889524,Gold,Visa,S,T3,0,0,94850000,A,-, ,M,46,Malay,MAL,SINGLE,Bachelor Degree,22,RENTING,IT Executive,Telecommunications,25,10181,12065,144790,144790,30,34,15.43,6804,34,39,5,N,Y,0,20250827,20250824,41358.48,29000,12358.48,1581.11,Selangor,N,0,753,2,Excellent,PL,C2
9/2/2026,1000000000000667,23097193813,Approve,16692519,Infinite,Master,P,T3,0,0,1,A,H,A,M,48,Malay,MAL,SINGLE,Bachelor Degree,7,FAMILY OWNED,Chef,Plantation,16,9690,11788,141461,141461,32,33,2.81,6286,33,37,3,Y,Y,20260107,20251221,20251124,39858.89,28500,11358.89,1642.44,Johor,1,0,715,2,Very Good,MG,GD
9/2/2026,1000000000000668,24730638871,Approve,47306306,Platinum,Visa,S,O1,0,0,0,A,B,A,F,53,Malay,MAL,SINGLE,SPM,16,OWNED,Security Guard,Real Estate,25,12240,15856,190278,190278,11,23,0.22,5137,9,16,2,N,N,0,20260311,20260221,54017.66,39000,15017.66,740.2,Selangor,0,0,773,4,Fair,MG,PL
9/2/2026,1000000000000669,26454358166,Approve,84512121,Infinite,Visa,P,O5,0,0,94850000,A,D,D,F,53,Indian,MAL,MARRIED,STPM,13,MORTGAGE,Security Guard,Telecommunications,32,17502,21319,255829,255829,26,27,13.7,2279,33,36,3,N,Y,0,20260721,20260708,40527.39,31500,9027.39,1172.61,Johor,1,0,697,2,Low,CL,PL
9/2/2026,1000000000000670,27022554540,Approve,62732451,Infinite,Visa,S,O1,0,0,88,A,D,N,M,45,Indian,MAL,MARRIED,SPM,16,OWNED,Army Personnel,Transportation,24,9475,10985,131823,131823,21,26,1.75,7088,26,27,3,N,N,0,20260830,20260813,51201.8,35500,15701.8,604.91,Kelantan,Y,0,705,1,Excellent,V3,IN
9/2/2026,1000000000000671,23427931801,Approve,32175759,Platinum,Master,S,O5,0,0,0,A,D, ,M,64,Chinese,MAL,DIVORCED,PhD,15,FAMILY OWNED,Manager,Healthcare,18,21681,27439,329270,329270,16,17,15.98,5158,13,23,3,Y,Y,20251014,20251004,20250905,71488.16,54000,17488.16,264.22,Perak,N,0,719,3,Fair,IN,V3
9/2/2026,1000000000000672,24749822437,Approve,68177965,Gold,Visa,P,O1,0,0,1,A,A, ,M,33,Malay,MAL,SINGLE,Master Degree,3,RENTING,Security Guard,Hospitality,14,24406,32407,388892,388892,18,26,16.67,745,20,25,1,Y,N,20260626,20260624,20260613,86204.67,57500,28704.67,1205.89,Terengganu,N,0,797,3,Fair,CL,GD
9/2/2026,1000000000000673,25657861810,Approve,30516061,Classic,Master,P,T2,0,0,0,A,B,N,F,23,Malay,MAL,MARRIED,Bachelor Degree,0,RENTING,Police Officer,Education,3,24245,29406,352878,352878,34,35,16.57,7021,42,52,1,N,N,0,20251019,20250928,50761.63,39500,11261.63,1729.34,Melaka,N,0,592,1,Low,MG,V3
9/2/2026,1000000000000674,27029507887,Approve,52106611,Platinum,Master,P,T1,0,0,0,A,B,A,F,55,Chinese,MAL,MARRIED,Bachelor Degree,21,FAMILY OWNED,Chef,Food & Beverage,34,12255,14751,177016,177016,18,21,17.52,1245,12,21,5,N,N,0,20260831,20260826,52542.61,36000,16542.61,1011.34,Kedah,N,0,767,4,Very Good,PL,PL
9/2/2026,1000000000000675,23567967308,Approve,95388938,Platinum,Master,P,U1,0,0,1,A,A,A,F,29,Indian,MAL,MARRIED,Diploma,7,FAMILY OWNED,Retail Assistant,Food & Beverage,5,20563,23759,285108,285108,17,28,12.28,969,19,24,1,Y,Y,20260603,20260531,20260512,52204.7,42500,9704.7,839.8,Kelantan,N,0,750,2,Excellent,MG,GD
9/2/2026,1000000000000676,29217441705,Approve,47856175,Infinite,Master,P,B2,0,0,0,A,A,A,M,26,Indian,MAL,WIDOWED,Bachelor Degree,1,OWNED,Contractor,Agriculture,4,15705,18661,223934,223934,23,34,10.83,1531,33,37,2,N,N,0,20260407,20260324,50717.33,35000,15717.33,99.45,Negeri Sembilan,N,0,667,3,No Score,BC,MG
9/2/2026,1000000000000677,24707492528,Approve,17077608,Gold,Master,S,U3,0,0,94850000,A,D,A,F,31,Malay,MAL,SINGLE,SPM,0,FAMILY OWNED,Doctor,Construction,2,10070,12920,155050,155050,33,45,6.04,5362,30,38,2,Y,Y,20251103,20251016,20250927,50589.58,35500,15089.58,729.81,Selangor,0,0,610,1,No Score,IN,V3
9/2/2026,1000000000000678,25595421471,Approve,91507383,Gold,Visa,P,R2,0,0,88,A,A,A,M,32,Malay,MAL,WIDOWED,Bachelor Degree,11,RENTING,Security Guard,Manufacturing,9,23111,29350,352200,352200,22,30,10.72,3375,17,28,5,N,N,0,20260202,20260130,56507.27,42500,14007.27,1591.57,Negeri Sembilan,Y,0,798,1,Fair,IN,BC
9/2/2026,1000000000000679,21999907177,Approve,62310070,Platinum,Visa,S,B2,0,0,88,A,A, ,M,27,Indian,MAL,MARRIED,Diploma,5,RENTING,Chef,Plantation,5,20715,24707,296492,296492,22,23,7.6,1989,21,28,2,Y,N,20260630,20260617,20260521,43652.65,34500,9152.65,128.57,Negeri Sembilan,N,0,644,2,Fair,CL,MG
9/2/2026,1000000000000680,21134458040,Approve,66306004,Classic,Visa,P,U3,0,0,88,A,H,D,F,40,Chinese,MAL,SINGLE,Diploma,21,RENTING,Retail Assistant,Government,13,13360,17384,208608,208608,39,50,11.4,2011,45,52,1,Y,N,20260117,20251230,20251213,41998.68,28500,13498.68,1411.45,Kuala Lumpur,N,0,592,3,Good,MG,PL
9/2/2026,1000000000000681,21509969849,Approve,28546206,Classic,Master,S,U3,0,0,1,A,D,D,M,32,Chinese,MAL,MARRIED,SPM,9,FAMILY OWNED,Police Officer,Real Estate,2,13011,16695,200346,200346,31,43,5.65,2519,33,38,3,N,Y,0,20251209,20251116,33415.8,25000,8415.8,1278.61,Selangor,Y,0,582,2,Excellent,GD,PL
9/2/2026,1000000000000682,26632934263,Approve,93037999,Gold,Master,P,T3,0,0,88,A,A, ,F,50,Indian,MAL,MARRIED,Diploma,5,MORTGAGE,Doctor,Plantation,32,10012,12856,154282,154282,34,38,17.08,4256,38,42,5,Y,Y,20251216,20251210,20251202,31340.54,23000,8340.54,29.05,Pahang,N,0,532,4,No Score,GD,V3
9/2/2026,1000000000000683,29448990145,Approve,67574548,Platinum,Master,S,O3,0,0,94850000,A,D, ,F,46,Chinese,MAL,MARRIED,Bachelor Degree,26,OWNED,Security Guard,Professional Services,22,21847,27500,330005,330005,15,19,15.59,4550,12,24,3,N,N,0,20260419,20260320,63689.44,53000,10689.44,1204.59,Selangor,1,0,802,3,Low,V3,C2
9/2/2026,1000000000000684,25731265604,Approve,82418770,Gold,Visa,S,O1,0,0,88,A,A, ,F,41,Indian,MAL,MARRIED,SPM,7,OWNED,Security Guard,Financial Services,13,13723,17758,213096,213096,26,35,16.37,3510,31,35,2,N,Y,0,20260429,20260409,44068.1,34000,10068.1,1207.63,Perak,0,0,712,3,Low,BC,MG
9/2/2026,1000000000000685,24174337675,Approve,78277135,Platinum,Master,P,R5,0,0,88,A,-,N,M,22,Malay,MAL,MARRIED,Certificate,3,OWNED,Factory Worker,Real Estate,1,12079,14146,169762,169762,16,27,1.3,2743,16,26,1,Y,Y,20251014,20251004,20250913,42988.35,29500,13488.35,244.68,Johor,0,0,632,4,No Score,CL,CL
9/2/2026,1000000000000686,27101054643,Approve,83192493,Infinite,Visa,P,U2,0,0,88,A,A,A,M,35,Others,MAL,MARRIED,Bachelor Degree,2,RENTING,Doctor,Healthcare,9,17835,22879,274550,274550,21,28,0.35,4805,26,29,2,Y,N,20260721,20260718,20260712,42560.94,30000,12560.94,1973.47,Terengganu,1,0,675,2,No Score,PL,CL
9/2/2026,1000000000000687,24995545530,Approve,71868638,Gold,Visa,S,R5,0,0,94850000,A,A,D,F,58,Chinese,MAL,SINGLE,Diploma,10,FAMILY OWNED,Civil Servant,Transportation,39,7264,8764,105178,105178,27,28,11.28,945,23,31,1,Y,Y,20260219,20260206,20260201,35438.74,26500,8938.74,371.06,Pahang,N,0,609,2,Fair,V3,CL
9/2/2026,1000000000000688,20940180352,Approve,46006451,Classic,Visa,S,U1,0,0,1,A,A,A,F,58,Malay,MAL,SINGLE,SPM,17,FAMILY OWNED,Clerk,Manufacturing,5,6566,8402,100835,100835,36,41,7.87,3254,38,49,2,Y,N,20251102,20251017,20250928,18465.88,15000,3465.88,1443.73,Pulau Pinang,1,0,489,1,Very Good,GD,IN
9/2/2026,1000000000000689,29422215816,Approve,25558733,Infinite,Visa,P,B6,0,0,1,A,-, ,F,32,Malay,MAL,DIVORCED,Diploma,7,RENTING,Self-Employed,Manufacturing,0,23090,30953,371440,371440,16,18,10.56,3137,17,27,3,Y,Y,20251202,20251129,20251103,42484.57,29000,13484.57,691.17,Kedah,Y,0,642,3,Fair,CL,V3
9/2/2026,1000000000000690,26225362062,Approve,43430688,Gold,Visa,P,U3,0,0,0,A,H,D,F,50,Indian,MAL,SINGLE,SPM,21,OWNED,Retail Assistant,Plantation,1,10328,13854,166258,166258,38,49,12.19,1769,41,43,1,Y,N,20250901,20250816,20250809,49193.58,34500,14693.58,966.36,Selangor,Y,0,767,4,Fair,IN,GD
9/2/2026,1000000000000691,23472453468,Approve,76993613,Gold,Master,P,O5,0,0,1,A,H, ,M,31,Malay,MAL,MARRIED,Diploma,13,RENTING,Manager,Government,4,16956,22830,273962,273962,26,38,3.95,2419,42,43,1,Y,Y,20260513,20260430,20260412,43349.6,35500,7849.6,820.03,Sabah,N,0,764,3,Fair,PL,C2
9/2/2026,1000000000000692,22580674587,Approve,11041851,Gold,Visa,P,B1,0,0,94850000,A,-,D,M,47,Malay,MAL,SINGLE,SPM,10,RENTING,Lecturer,Agriculture,4,9256,11696,140352,140352,42,49,8.3,6761,42,53,3,N,Y,0,20260828,20260809,24735.64,20500,4235.64,749.69,Sabah,N,0,579,3,Very Good,CL,C2
9/2/2026,1000000000000693,26140186143,Approve,67690164,Classic,Master,P,R1,0,0,88,A,-,N,F,64,Malay,MAL,MARRIED,SPM,2,RENTING,Engineer,Hospitality,31,7189,9136,109633,109633,38,39,12.03,1641,40,49,1,Y,N,20260215,20260131,20260121,29731.71,20000,9731.71,753.42,Selangor,Y,0,543,4,Very Good,MG,IN
9/2/2026,1000000000000694,20422695385,Approve,44376042,Platinum,Visa,S,U2,0,0,0,A,A,D,F,40,Chinese,MAL,SINGLE,PhD,9,RENTING,Engineer,Plantation,18,9370,12199,146393,146393,18,21,7.64,6407,13,24,2,Y,N,20260204,20260115,20251220,48940.19,37500,11440.19,306.34,Pahang,1,0,743,2,Very Good,GD,PL
9/2/2026,1000000000000695,20297237844,Approve,88606838,Gold,Master,P,U1,0,0,0,A,H,A,F,31,Malay,MAL,DIVORCED,Bachelor Degree,12,MORTGAGE,Administrator,Professional Services,10,8281,10277,123332,123332,28,38,17.6,621,31,36,2,Y,Y,20260604,20260515,20260509,19083.55,15500,3583.55,593.04,Kuala Lumpur,1,0,549,4,Fair,IN,V3
9/2/2026,1000000000000696,28503091498,Approve,99389920,Platinum,Visa,P,B6,0,0,94850000,A,H,D,F,41,Malay,MAL,MARRIED,Diploma,3,MORTGAGE,Engineer,Telecommunications,3,24434,32237,386849,386849,29,36,16.18,902,35,37,3,N,N,0,20251006,20250909,69619.62,48500,21119.62,1875.92,Selangor,0,0,743,3,No Score,C2,IN
9/2/2026,1000000000000697,21996438870,Approve,86435527,Platinum,Master,S,B2,0,0,0,A,H,A,M,41,Malay,MAL,MARRIED,Bachelor Degree,19,OWNED,IT Executive,Healthcare,21,18627,25130,301566,301566,21,23,11.76,2608,16,25,1,Y,Y,20251120,20251114,20251029,74579.18,53000,21579.18,1875.53,Selangor,1,0,803,3,Excellent,MG,C2
9/2/2026,1000000000000698,24119286826,Approve,28063312,Gold,Master,S,B2,0,0,94850000,A,-, ,F,33,Malay,MAL,SINGLE,Diploma,2,FAMILY OWNED,Retail Assistant,Education,8,23363,30260,363125,363125,31,33,13.87,6777,31,38,3,Y,Y,20250916,20250905,20250822,44498.8,30500,13998.8,222.21,Perak,1,0,575,3,Low,V3,IN
9/2/2026,1000000000000699,26741864314,Approve,69401015,Platinum,Master,S,B1,0,0,94850000,A,B,A,M,44,Chinese,MAL,SINGLE,SPM,17,RENTING,Engineer,Healthcare,22,18720,21983,263801,263801,9,21,4.73,1330,11,12,1,N,Y,0,20260912,20260831,50467.24,40500,9967.24,1689.39,Perlis,1,0,760,2,No Score,PL,MG
9/2/2026,1000000000000700,26796179843,Approve,20180118,Platinum,Master,S,U3,0,0,94850000,A,H,N,M,57,Malay,MAL,SINGLE,Bachelor Degree,35,FAMILY OWNED,Self-Employed,Wholesale,35,3250,4045,48545,48545,35,41,13.92,4377,46,52,2,N,N,0,20260530,20260502,21282.28,15500,5782.28,714.93,Sarawak,Y,0,495,4,Very Good,PL,MG
9/2/2026,1000000000000701,21274253171,Approve,16889727,Infinite,Visa,S,R2,0,0,1,A,-,D,M,21,Malay,MAL,DIVORCED,Diploma,2,OWNED,Administrator,Plantation,0,19167,22644,271733,271733,16,27,4.12,5598,18,21,2,N,Y,0,20260705,20260703,55179.6,41500,13679.6,524.58,Pulau Pinang,Y,0,718,1,Very Good,CL,MG
9/2/2026,1000000000000702,27493516025,Approve,98399595,Gold,Master,P,T1,0,0,0,A,D, ,F,27,Chinese,MAL,MARRIED,SPM,8,MORTGAGE,Engineer,Education,5,5700,6743,80921,80921,21,32,14.38,4801,32,35,1,Y,N,20260420,20260409,20260330,24976.88,19000,5976.88,249.82,Perak,0,0,553,3,No Score,MG,CL
9/2/2026,1000000000000703,20248559710,Approve,45111825,Infinite,Master,P,O3,0,0,88,A,A,D,M,51,Chinese,MAL,MARRIED,SPM,10,RENTING,Chef,Plantation,27,19864,26328,315938,315938,19,24,8.33,4737,18,27,1,Y,N,20250905,20250824,20250813,48130.45,33000,15130.45,548.44,Sarawak,N,0,718,2,Low,MG,CL
9/2/2026,1000000000000704,21088431158,Approve,51844232,Infinite,Visa,S,O3,0,0,88,A,H,N,M,59,Malay,MAL,MARRIED,Bachelor Degree,7,MORTGAGE,Lecturer,Food & Beverage,0,17930,21143,253724,253724,14,19,10.56,4763,19,23,1,Y,Y,20251225,20251209,20251203,72466.67,48500,23966.67,1604.44,Kuala Lumpur,Y,0,805,3,Very Good,PL,BC
9/2/2026,1000000000000705,21953952642,Approve,97253697,Classic,Master,P,R1,0,0,1,A,-,D,F,40,Chinese,MAL,MARRIED,SPM,15,OWNED,Accountant,Manufacturing,17,8326,11050,132602,132602,36,45,2.76,5948,42,44,5,N,Y,0,20260128,20260114,32071.84,22000,10071.84,128.8,Negeri Sembilan,N,0,563,2,Excellent,IN,PL
9/2/2026,1000000000000706,24271527045,Approve,64652792,Gold,Master,S,R1,0,0,94850000,A,H,N,F,50,Chinese,MAL,MARRIED,SPM,28,FAMILY OWNED,Lecturer,Retail Trade,25,7786,9842,118113,118113,30,34,1.22,5249,41,44,5,Y,N,20251011,20250922,20250903,26582.61,19500,7082.61,338.24,Johor,1,0,517,3,Low,GD,GD
9/2/2026,1000000000000707,29854792829,Approve,51753517,Classic,Visa,P,R1,0,0,0,A,-,N,M,43,Indian,MAL,DIVORCED,SPM,7,RENTING,Doctor,Education,2,3566,4548,54587,54587,39,45,9.43,2801,51,60,2,Y,N,20251103,20251017,20250921,6717.3,4500,2217.3,563.35,Sarawak,1,0,353,3,Good,IN,MG
9/2/2026,1000000000000708,20470064209,Approve,81139216,Platinum,Master,S,R5,0,0,88,A,H, ,M,61,Malay,MAL,SINGLE,SPM,19,RENTING,Police Officer,Construction,36,12528,15128,181538,181538,25,27,1.52,1783,33,36,2,N,Y,0,20260426,20260407,41691.1,28000,13691.1,1749.05,Sarawak,Y,0,678,3,Very Good,IN,V3
9/2/2026,1000000000000709,22796625511,Approve,16400189,Platinum,Master,S,B1,0,0,1,A,H,D,F,51,Malay,MAL,MARRIED,SPM,26,EMPLOYER PROVIDED,Engineer,Food & Beverage,7,8334,10562,126751,126751,21,26,16.55,6619,28,31,1,Y,Y,20260914,20260910,20260830,44539.49,32500,12039.49,1334.18,Sabah,0,0,736,1,Low,BC,IN
9/2/2026,1000000000000710,28508659559,Approve,31819100,Platinum,Visa,P,O5,0,0,94850000,A,A,D,M,47,Chinese,MAL,MARRIED,Diploma,26,MORTGAGE,Civil Servant,Professional Services,10,23502,31656,379876,379876,16,22,17.52,4306,11,19,3,N,Y,0,20260327,20260325,61040.17,42000,19040.17,1430.44,Sarawak,1,0,770,2,Good,V3,GD
9/2/2026,1000000000000711,22328588327,Approve,10737255,Platinum,Master,P,R5,0,0,94850000,A,D, ,F,50,Malay,MAL,DIVORCED,SPM,18,FAMILY OWNED,Contractor,Government,6,22641,27355,328267,328267,27,31,9.05,2309,25,32,5,Y,N,20260510,20260426,20260331,39671.02,31500,8171.02,43.53,Perak,0,0,559,3,Excellent,BC,PL
9/2/2026,1000000000000712,24622485756,Approve,29588118,Platinum,Visa,P,U2,0,0,0,A,A, ,M,28,Chinese,MAL,MARRIED,Diploma,4,MORTGAGE,Lecturer,Agriculture,10,13854,16625,199502,199502,19,30,4.6,1829,30,33,1,Y,N,20251107,20251029,20251020,47934.88,37000,10934.88,1987.73,Kelantan,0,0,712,1,No Score,CL,CL
9/2/2026,1000000000000713,24869105705,Approve,79048566,Infinite,Master,P,B2,0,0,88,A,-,N,F,63,Chinese,MAL,SINGLE,SPM,30,RENTING,Police Officer,Healthcare,33,12590,15610,187330,187330,27,29,7.8,5886,30,39,5,Y,N,20260509,20260507,20260504,38086.44,28000,10086.44,1022.42,Selangor,0,0,720,3,Low,MG,IN
9/2/2026,1000000000000714,20004878447,Approve,41546825,Infinite,Visa,P,R5,0,0,94850000,A,D, ,M,32,Indian,MAL,DIVORCED,Diploma,14,FAMILY OWNED,Police Officer,Professional Services,7,21610,27268,327217,327217,26,37,7.58,4066,19,31,3,Y,Y,20260815,20260730,20260714,56919.33,42000,14919.33,996.6,Kedah,0,0,674,4,Very Good,C2,V3
9/2/2026,1000000000000715,24671553938,Approve,61086917,Gold,Master,P,U3,0,0,94850000,A,B, ,F,61,Malay,MAL,SINGLE,Bachelor Degree,4,OWNED,Police Officer,Plantation,4,23176,27188,326257,326257,12,18,2.9,6385,14,17,1,Y,Y,20251002,20250922,20250830,59695.42,46500,13195.42,465.68,Selangor,Y,0,765,4,Fair,MG,CL
9/2/2026,1000000000000716,26799159407,Approve,40056261,Platinum,Master,S,O5,0,0,88,A,-,N,F,58,Malay,MAL,SINGLE,Diploma,27,OWNED,Factory Worker,Financial Services,9,15886,20755,249061,249061,21,26,9.57,707,32,36,2,Y,Y,20251016,20251010,20251007,40200.22,28000,12200.22,1195.44,Pulau Pinang,N,0,658,2,No Score,BC,GD
9/2/2026,1000000000000717,29517122576,Approve,11494105,Gold,Master,S,B6,0,0,0,A,H,D,F,39,Malay,MAL,MARRIED,SPM,17,OWNED,IT Executive,Agriculture,4,5410,7137,85646,85646,30,41,12.76,4427,38,41,1,N,N,0,20260425,20260414,25236.48,17000,8236.48,1362.76,Johor,1,0,606,1,Low,V3,BC
9/2/2026,1000000000000718,22601911274,Approve,85834657,Infinite,Visa,P,U2,0,0,1,A,-,N,F,63,Malay,MAL,MARRIED,Bachelor Degree,13,FAMILY OWNED,Sales Executive,Healthcare,34,21555,27683,332203,332203,11,23,6.68,1993,14,16,1,Y,Y,20260722,20260706,20260615,59993.78,40000,19993.78,652.89,Sabah,1,0,705,4,Good,CL,C2
9/2/2026,1000000000000719,26079582935,Approve,54253738,Classic,Visa,S,O5,0,0,1,A,D,N,M,34,Malay,MAL,DIVORCED,Bachelor Degree,5,MORTGAGE,Engineer,Financial Services,10,6663,8214,98571,98571,51,52,5.76,2101,51,59,1,Y,N,20251020,20251011,20251009,13404.29,10000,3404.29,1701.35,Sarawak,0,0,474,3,Good,GD,IN
9/2/2026,1000000000000720,23416266922,Approve,49124616,Platinum,Visa,S,R5,0,0,1,A,D,A,M,51,Malay,MAL,MARRIED,SPM,0,RENTING,Retail Assistant,Transportation,28,20741,26239,314878,314878,20,31,13.35,5614,26,27,5,N,N,0,20251129,20251031,60728.67,45000,15728.67,1068.49,Johor,N,0,698,3,Low,GD,IN
9/2/2026,1000000000000721,24974840342,Approve,63689859,Classic,Visa,P,O1,0,0,1,A,B, ,M,62,Chinese,MAL,MARRIED,Bachelor Degree,18,RENTING,Manager,Plantation,19,18204,22805,273660,273660,27,28,17.23,7763,32,42,5,N,N,0,20251027,20251003,37954.64,30500,7454.64,1586.24,Johor,1,0,515,3,Very Good,V3,V3
9/2/2026,1000000000000722,22364907303,Approve,84630582,Classic,Master,S,O3,0,0,1,A,H,N,F,24,Chinese,MAL,SINGLE,Bachelor Degree,3,RENTING,Teacher,Real Estate,0,19642,23818,285826,285826,24,35,1.55,2799,28,30,5,Y,Y,20251214,20251124,20251115,42865.81,30500,12365.81,1104.65,Terengganu,N,0,600,4,Good,BC,PL
9/2/2026,1000000000000723,25320687421,Approve,21602842,Platinum,Master,S,B1,0,0,1,A,D, ,F,57,Chinese,MAL,MARRIED,No Formal Education,29,OWNED,Factory Worker,Hospitality,25,24510,31601,379219,379219,20,27,8.71,720,14,25,3,Y,Y,20251126,20251114,20251016,66856.04,46000,20856.04,26.18,Terengganu,1,0,765,2,Very Good,BC,GD
9/2/2026,1000000000000724,21720416970,Approve,81700044,Infinite,Visa,S,R1,0,0,88,A,D,D,M,39,Chinese,MAL,SINGLE,Bachelor Degree,6,OWNED,Sales Executive,Food & Beverage,20,7902,10109,121312,121312,24,26,14.61,6860,17,28,3,N,Y,0,20260602,20260506,44742.85,32500,12242.85,174.85,Perak,N,0,630,4,No Score,BC,MG
9/2/2026,1000000000000725,20811563134,Approve,27449362,Gold,Visa,P,T3,0,0,0,A,H, ,M,58,Malay,MAL,MARRIED,SPM,1,RENTING,Doctor,Manufacturing,25,6638,8457,101485,101485,28,38,7.35,2844,33,35,2,N,N,0,20251207,20251206,40488.93,31500,8988.93,1571.57,Perak,Y,0,689,4,Very Good,MG,C2
9/2/2026,1000000000000726,25207246524,Approve,35280282,Platinum,Visa,P,O3,0,0,1,A,H, ,M,58,Malay,MAL,SINGLE,Bachelor Degree,3,OWNED,Businessman,Plantation,9,22361,26236,314838,314838,23,24,6.82,7644,31,34,2,Y,N,20260722,20260720,20260622,50136.54,34000,16136.54,128.6,Pulau Pinang,1,0,794,4,Good,CL,PL
9/2/2026,1000000000000727,25856646091,Approve,23449648,Platinum,Visa,S,O5,0,0,1,A,B,N,F,27,Indian,MAL,MARRIED,STPM,5,MORTGAGE,Factory Worker,Financial Services,4,20066,24189,290269,290269,12,24,3.05,4971,17,21,5,Y,Y,20251207,20251127,20251109,42198.74,32000,10198.74,712.1,Sabah,Y,0,726,4,Good,CL,V3
9/2/2026,1000000000000728,28818376512,Approve,92078898,Gold,Visa,S,T2,0,0,0,A,-,A,M,30,Indian,MAL,MARRIED,SPM,11,FAMILY OWNED,Sales Executive,Real Estate,11,18712,23395,280747,280747,10,11,17.75,6078,6,17,3,N,Y,0,20251211,20251113,59943.73,49000,10943.73,397.88,Selangor,Y,0,711,2,Fair,BC,C2
9/2/2026,1000000000000729,20203427670,Approve,55950194,Infinite,Visa,S,B2,0,0,0,A,D,D,F,59,Indian,MAL,SINGLE,Diploma,33,OWNED,Civil Servant,Telecommunications,21,20882,24743,296923,296923,6,10,2.85,3000,5,8,2,Y,N,20260520,20260515,20260429,76811.07,54500,22311.07,536.48,Perak,0,0,753,1,Low,IN,V3
9/2/2026,1000000000000730,29663039919,Approve,78087370,Classic,Visa,P,U2,0,0,1,A,A, ,F,65,Malay,MAL,MARRIED,SPM,21,OWNED,Security Guard,Transportation,30,4330,5259,63118,63118,36,40,1.19,5686,58,60,5,N,N,0,20260106,20251207,17617.99,12500,5117.99,754.8,Kedah,N,0,453,4,Fair,GD,GD
9/2/2026,1000000000000731,28603347069,Approve,50793082,Platinum,Visa,P,T2,0,0,0,A,B, ,M,54,Malay,MAL,MARRIED,PhD,32,MORTGAGE,Accountant,Transportation,26,5655,6820,81846,81846,21,27,9.22,2595,22,26,3,Y,Y,20250909,20250829,20250803,50257.51,35000,15257.51,622.33,Sabah,N,0,683,2,Excellent,IN,PL
9/2/2026,1000000000000732,23805377715,Approve,68264870,Infinite,Visa,P,T1,0,0,0,A,B,N,M,26,Chinese,MAL,MARRIED,Bachelor Degree,5,FAMILY OWNED,Police Officer,Government,2,9768,11356,136273,136273,26,37,14.23,5012,32,33,1,Y,Y,20260921,20260906,20260818,58632.04,40000,18632.04,79.9,Sabah,0,0,726,4,Fair,V3,BC
9/2/2026,1000000000000733,26871111836,Approve,52140430,Gold,Visa,S,U2,0,0,88,A,H,A,F,35,Chinese,MAL,SINGLE,SPM,17,RENTING,Factory Worker,Food & Beverage,3,17104,21554,258649,258649,31,33,5.48,1542,39,40,2,Y,Y,20260805,20260731,20260718,42156.96,32000,10156.96,882.17,Kuala Lumpur,N,0,581,4,Very Good,GD,MG
9/2/2026,1000000000000734,20847747444,Approve,68455884,Platinum,Visa,S,T3,0,0,94850000,A,H,A,M,48,Indian,MAL,MARRIED,Bachelor Degree,3,OWNED,Self-Employed,Oil & Gas,24,12425,14331,171983,171983,9,15,17,2901,10,15,1,N,Y,0,20260701,20260602,39001.36,29500,9501.36,1873.12,Johor,N,0,771,4,Low,C2,CL
9/2/2026,1000000000000735,20863785558,Approve,33422753,Gold,Master,P,T3,0,0,1,A,H,D,F,27,Indian,MAL,SINGLE,Bachelor Degree,0,RENTING,Chef,Food & Beverage,8,14851,18841,226101,226101,38,41,13.4,5129,40,44,3,Y,N,20260201,20260121,20260104,45903.56,36500,9403.56,1534.06,Selangor,0,0,663,3,Excellent,CL,BC
9/2/2026,1000000000000736,24465216329,Approve,29473245,Platinum,Visa,P,B1,0,0,1,A,A, ,F,37,Malay,MAL,DIVORCED,Bachelor Degree,11,OWNED,Nurse,Government,1,23505,29356,352272,352272,15,23,4.8,7743,13,19,1,N,N,0,20251206,20251125,75181.55,55000,20181.55,1212.3,Kedah,1,0,815,1,Very Good,C2,CL
9/2/2026,1000000000000737,25609180621,Approve,35051110,Gold,Master,P,R1,0,0,0,A,D,N,M,65,Chinese,MAL,SINGLE,SPM,17,RENTING,Nurse,Wholesale,28,6001,6905,82861,82861,21,23,2.51,7503,35,36,5,Y,Y,20260718,20260716,20260620,36470.37,24500,11970.37,1026.69,Selangor,N,0,482,2,Good,GD,GD
9/2/2026,1000000000000738,24868961676,Approve,85357498,Platinum,Visa,P,O5,0,0,1,A,-,D,M,44,Chinese,MAL,DIVORCED,SPM,22,RENTING,Teacher,Plantation,9,16247,21272,255273,255273,33,36,11.71,4884,41,50,2,Y,N,20260325,20260315,20260218,47785.77,35000,12785.77,934.83,Kuala Lumpur,0,0,615,1,No Score,BC,BC
9/2/2026,1000000000000739,28432128208,Approve,69302835,Platinum,Visa,S,U1,0,0,1,A,D,A,M,46,Indian,MAL,SINGLE,STPM,17,OWNED,Engineer,Construction,22,14730,18890,226683,226683,10,20,17.94,1247,16,18,5,Y,Y,20251224,20251207,20251122,61386.24,43500,17886.24,477.4,Sabah,0,0,754,1,Excellent,IN,PL
9/2/2026,1000000000000740,27206188904,Approve,71243805,Gold,Visa,S,T3,0,0,94850000,A,A,N,F,40,Malay,MAL,MARRIED,SPM,0,EMPLOYER PROVIDED,Army Personnel,Construction,1,19510,24019,288234,288234,22,26,14.83,644,21,28,2,Y,N,20250909,20250822,20250815,65010.2,44500,20510.2,286.11,Labuan,1,0,684,2,Excellent,IN,CL
9/2/2026,1000000000000741,24475103087,Approve,25017391,Gold,Visa,S,U2,0,0,88,A,B,A,F,21,Malay,MAL,MARRIED,Bachelor Degree,3,FAMILY OWNED,IT Executive,Oil & Gas,3,10643,13530,162360,162360,16,19,6.53,2677,18,27,1,N,Y,0,20251223,20251126,52158.34,38500,13658.34,930.38,Selangor,1,0,718,2,Fair,C2,IN
9/2/2026,1000000000000742,29958651483,Approve,27414684,Infinite,Master,S,U1,0,0,94850000,A,H,A,F,38,Malay,MAL,WIDOWED,SPM,5,OWNED,Driver,Telecommunications,14,12643,14607,175288,175288,17,21,12.01,2216,11,22,2,N,Y,0,20260604,20260513,53571.27,40000,13571.27,1417.46,Selangor,0,0,776,1,No Score,BC,C2
9/2/2026,1000000000000743,23598539265,Approve,43879275,Infinite,Master,S,B2,0,0,1,A,H, ,M,61,Chinese,MAL,SINGLE,STPM,21,OWNED,Retail Assistant,Retail Trade,6,24256,32744,392937,392937,10,19,4.45,976,9,16,1,Y,Y,20251002,20250928,20250913,78806.05,53500,25306.05,1182.97,Kuala Lumpur,0,0,793,3,Fair,GD,GD
9/2/2026,1000000000000744,25211022203,Approve,16781117,Infinite,Master,P,U3,0,0,1,A,D, ,F,59,Malay,MAL,SINGLE,Master Degree,13,MORTGAGE,Police Officer,Plantation,9,20869,25144,301734,301734,15,16,7.26,3041,11,18,3,N,Y,0,20251011,20251004,61210.45,44500,16710.45,1258.55,Melaka,1,0,752,1,Low,V3,MG
9/2/2026,1000000000000745,28831358581,Approve,85907105,Gold,Master,S,R5,0,0,0,A,D, ,F,57,Malay,MAL,MARRIED,Diploma,28,OWNED,Self-Employed,Plantation,27,17586,21968,263616,263616,22,32,14.95,4109,26,31,3,Y,Y,20260113,20260112,20260102,49453.64,38500,10953.64,804.11,Sarawak,Y,0,768,2,Low,C2,IN
9/2/2026,1000000000000746,29551904253,Approve,75270806,Platinum,Visa,P,T1,0,0,88,A,D,N,M,55,Others,MAL,MARRIED,Diploma,18,RENTING,Retail Assistant,Oil & Gas,34,24423,30975,371700,371700,16,24,13.52,4517,15,21,3,Y,N,20260220,20260211,20260205,65620.8,48000,17620.8,706.21,Johor,Y,0,832,2,Low,BC,MG
9/2/2026,1000000000000747,23796938345,Approve,50419098,Platinum,Master,P,T1,0,0,88,A,D,N,M,24,Malay,MAL,MARRIED,STPM,6,OWNED,Self-Employed,Hospitality,1,22878,28721,344653,344653,18,29,5.93,4460,18,22,3,Y,Y,20260827,20260816,20260807,54754.55,37500,17254.55,1008.27,Sabah,0,0,686,3,Excellent,CL,V3
9/2/2026,1000000000000748,29730391179,Approve,42125452,Gold,Visa,S,U3,0,0,1,A,A,A,M,32,Malay,MAL,SINGLE,Bachelor Degree,5,OWNED,Police Officer,Manufacturing,8,23032,30813,369764,369764,12,15,16.81,6282,12,17,5,N,N,0,20251109,20251010,57136.32,38500,18636.32,330.66,Selangor,0,0,712,1,Low,IN,C2
9/2/2026,1000000000000749,29263865615,Approve,46941691,Gold,Visa,S,U1,0,0,88,A,H,A,F,28,Malay,MAL,MARRIED,SPM,5,MORTGAGE,Doctor,Professional Services,0,23097,31133,373605,373605,29,31,16.35,656,29,34,5,Y,N,20260218,20260210,20260129,58675.69,40000,18675.69,856.63,Selangor,0,0,726,2,Very Good,CL,MG
9/2/2026,1000000000000750,22304672934,Approve,25177146,Gold,Master,S,B2,0,0,88,A,-,A,F,60,Malay,MAL,MARRIED,STPM,35,MORTGAGE,Engineer,Oil & Gas,9,15463,19202,230426,230426,14,21,11.2,2166,10,21,2,N,Y,0,20260512,20260420,38897.2,31000,7897.2,954.78,Pulau Pinang,0,0,745,4,Low,GD,MG
9/2/2026,1000000000000751,24782082810,Approve,55140982,Platinum,Master,P,U2,0,0,88,A,B,A,M,33,Malay,MAL,SINGLE,SPM,9,OWNED,Teacher,Telecommunications,11,17369,21308,255703,255703,18,23,10.67,3260,16,23,1,Y,N,20251004,20250914,20250913,70788.49,49500,21288.49,1498.46,Selangor,N,0,750,3,Low,IN,IN
9/2/2026,1000000000000752,27514217968,Approve,11333061,Platinum,Visa,P,R2,0,0,88,A,A,D,M,60,Malay,MAL,SINGLE,SPM,2,MORTGAGE,Administrator,Plantation,40,7180,8583,102997,102997,35,40,10.42,6503,33,41,2,Y,N,20260615,20260529,20260515,30624.26,23000,7624.26,4.43,Melaka,Y,0,627,4,Low,IN,CL
9/2/2026,1000000000000753,25124041050,Approve,44541636,Gold,Visa,S,R2,0,0,94850000,A,D,N,F,23,Chinese,MAL,MARRIED,Bachelor Degree,4,FAMILY OWNED,Engineer,Hospitality,3,17790,21071,252863,252863,33,34,12.63,1311,40,48,2,N,Y,0,20260107,20251218,42681.06,35000,7681.06,431.77,Perak,Y,0,619,1,Fair,CL,MG
9/2/2026,1000000000000754,27392735722,Approve,35636010,Platinum,Master,P,B6,0,0,1,A,-,D,F,48,Malay,MAL,MARRIED,SPM,7,OWNED,Doctor,Professional Services,25,12045,14488,173867,173867,21,31,14.69,4094,26,28,1,Y,Y,20260403,20260327,20260318,46394.62,32000,14394.62,1159.54,Kuala Lumpur,0,0,781,1,Low,C2,V3
9/2/2026,1000000000000755,26293306355,Approve,78694529,Platinum,Visa,S,T3,0,0,88,A,D,A,M,43,Malay,MAL,DIVORCED,SPM,22,OWNED,Police Officer,Retail Trade,17,21733,26434,317212,317212,22,25,3.15,3972,26,34,2,Y,N,20260613,20260609,20260603,53360.65,42500,10860.65,1331.2,Negeri Sembilan,0,0,689,1,Low,PL,MG
9/2/2026,1000000000000756,26231218124,Approve,54499160,Platinum,Master,S,O5,0,0,88,A,A, ,F,55,Chinese,MAL,SINGLE,SPM,11,RENTING,Self-Employed,Construction,30,16501,20041,240498,240498,19,27,16.89,530,20,26,5,N,N,0,20260718,20260703,39124.91,31500,7624.91,427.66,Kelantan,Y,0,738,4,Good,GD,GD
9/2/2026,1000000000000757,23568469007,Approve,68931828,Classic,Visa,S,U3,0,0,0,A,D, ,M,47,Malay,MAL,MARRIED,SPM,8,RENTING,Clerk,Telecommunications,23,5372,6876,82512,82512,53,55,5.33,6424,66,68,2,Y,N,20260620,20260604,20260521,13620.49,11000,2620.49,1725.63,Sarawak,N,0,409,1,Good,IN,PL
9/2/2026,1000000000000758,26470592668,Approve,21879410,Platinum,Visa,P,O3,0,0,88,A,B,D,F,29,Malay,MAL,DIVORCED,SPM,1,FAMILY OWNED,Accountant,Government,10,8041,9304,111655,111655,32,33,16.31,6574,33,45,5,N,N,0,20250907,20250817,38835.11,29000,9835.11,518.19,Kedah,0,0,745,2,Excellent,CL,MG
9/2/2026,1000000000000759,25010525995,Approve,79226875,Infinite,Master,P,R2,0,0,0,A,-,N,M,59,Malay,MAL,DIVORCED,Diploma,31,OWNED,Accountant,Telecommunications,39,17572,20950,251411,251411,28,35,7.69,3101,31,32,5,Y,Y,20251002,20251001,20250927,45215.01,34500,10715.01,373.68,Sabah,0,0,799,3,Fair,IN,CL
9/2/2026,1000000000000760,28802859934,Approve,30810971,Gold,Master,S,B6,0,0,94850000,A,D, ,M,65,Malay,MAL,MARRIED,SPM,1,MORTGAGE,Teacher,Retail Trade,16,18289,21766,261195,261195,28,36,16.31,4599,29,36,3,N,N,0,20260415,20260317,43054.16,30500,12554.16,798.78,Negeri Sembilan,1,0,586,3,Good,GD,MG
9/2/2026,1000000000000761,22575302704,Approve,27818576,Infinite,Visa,S,U3,0,0,0,A,-,N,M,41,Chinese,MAL,MARRIED,SPM,0,FAMILY OWNED,Security Guard,Oil & Gas,12,24659,32927,395131,395131,23,31,9.1,1491,16,27,2,Y,Y,20251227,20251224,20251128,51237.77,38500,12737.77,450.62,Pahang,N,0,735,3,Good,MG,CL
9/2/2026,1000000000000762,23178846181,Approve,33205676,Platinum,Master,S,T3,0,0,88,A,A, ,M,59,Chinese,MAL,MARRIED,SPM,21,RENTING,Security Guard,Hospitality,22,14389,19177,230133,230133,28,29,14.97,4040,39,45,1,Y,N,20260407,20260406,20260402,28984.34,20000,8984.34,702.35,Sabah,N,0,543,2,Very Good,BC,MG
9/2/2026,1000000000000763,28934472287,Approve,35661527,Gold,Visa,P,R1,0,0,94850000,A,-, ,M,56,Malay,MAL,SINGLE,SPM,12,OWNED,Security Guard,Wholesale,35,23959,32139,385675,385675,22,24,14.83,2926,21,29,1,N,N,0,20260815,20260813,52425.46,42500,9925.46,1228.73,Pulau Pinang,N,0,729,3,Good,GD,PL
9/2/2026,1000000000000764,24164656362,Approve,72126724,Platinum,Master,P,R2,0,0,0,A,H,A,F,29,Malay,MAL,SINGLE,Diploma,1,OWNED,Security Guard,Wholesale,4,13705,16952,203430,203430,22,24,10.86,1685,32,36,3,Y,Y,20260410,20260402,20260328,36422.39,26500,9922.39,1276.28,Sabah,N,0,716,2,Low,MG,MG
9/2/2026,1000000000000765,25984996981,Approve,42114448,Gold,Master,S,O5,0,0,94850000,A,A,A,M,27,Chinese,MAL,WIDOWED,Master Degree,6,OWNED,Clerk,Professional Services,9,18385,21795,261542,261542,22,32,16.31,7898,20,27,2,N,Y,0,20260815,20260718,49234.28,33500,15734.28,1906.65,Kelantan,0,0,723,1,Good,V3,MG
9/2/2026,1000000000000766,26615486713,Approve,91265470,Gold,Visa,S,B6,0,0,0,A,-,A,M,24,Chinese,MAL,SINGLE,Bachelor Degree,5,RENTING,Nurse,Oil & Gas,6,17299,22129,265548,265548,22,34,17.01,3517,31,33,5,Y,Y,20260708,20260622,20260609,36186.15,25000,11186.15,1320.45,Pahang,1,0,583,1,Very Good,BC,GD
9/2/2026,1000000000000767,21231758305,Approve,70606134,Classic,Master,S,R5,0,0,1,A,A,D,M,31,Chinese,MAL,SINGLE,SPM,4,MORTGAGE,Supervisor,Professional Services,10,3119,3599,43191,43191,39,51,7.48,6125,49,56,3,Y,Y,20260126,20260120,20251227,6771.99,5500,1271.99,1355.66,Selangor,0,0,408,2,No Score,CL,V3
9/2/2026,1000000000000768,21640714231,Approve,13785821,Gold,Master,P,B1,0,0,94850000,A,B, ,F,33,Chinese,MAL,MARRIED,Bachelor Degree,3,RENTING,Retail Assistant,Professional Services,15,19865,23708,284498,284498,29,31,6.87,1085,24,33,1,Y,Y,20251214,20251128,20251114,46156,32500,13656,689.69,Kelantan,0,0,584,4,Very Good,GD,V3
9/2/2026,1000000000000769,26663877782,Approve,39315551,Infinite,Master,S,B1,0,0,94850000,A,D, ,F,60,Malay,MAL,DIVORCED,Bachelor Degree,4,OWNED,Technician,Real Estate,36,20334,24982,299788,299788,25,29,3.74,3064,24,32,2,Y,Y,20250925,20250908,20250822,53186.85,36000,17186.85,153.02,Johor,1,0,761,2,Good,GD,V3
9/2/2026,1000000000000770,22829800783,Approve,50171196,Platinum,Master,S,R2,0,0,1,A,A,D,M,62,Chinese,MAL,MARRIED,No Formal Education,32,RENTING,Self-Employed,Wholesale,14,24065,31144,373738,373738,24,29,1.53,5344,29,33,3,Y,Y,20250910,20250902,20250806,60713.37,46000,14713.37,1234.31,Kuala Lumpur,N,0,741,2,Fair,C2,PL
9/2/2026,1000000000000771,26904291330,Approve,32925613,Gold,Master,S,B6,0,0,88,A,-, ,F,55,Chinese,MAL,MARRIED,Bachelor Degree,19,OWNED,Doctor,Construction,31,24112,31098,373182,373182,22,32,15.56,5710,21,28,3,Y,N,20260427,20260415,20260321,51594.89,37500,14094.89,76.57,Selangor,Y,0,786,2,Very Good,BC,MG
9/2/2026,1000000000000772,26705203823,Approve,41271945,Gold,Visa,S,O1,0,0,94850000,A,H,N,F,39,Malay,MAL,MARRIED,Diploma,20,RENTING,Security Guard,Government,1,16231,19105,229270,229270,34,40,2.05,1796,40,45,1,Y,Y,20260603,20260526,20260429,32649.4,23000,9649.4,149.12,Melaka,0,0,468,1,Excellent,IN,MG
9/2/2026,1000000000000773,26775276115,Approve,52373772,Infinite,Master,P,U2,0,0,88,A,H, ,M,63,Malay,MAL,SINGLE,Diploma,13,FAMILY OWNED,Sales Executive,Education,38,18998,22387,268655,268655,24,26,7.8,3113,16,27,1,Y,N,20260306,20260227,20260219,43234.25,32000,11234.25,227.8,Selangor,1,0,764,4,Good,PL,PL
9/2/2026,1000000000000774,23555501692,Approve,74589542,Platinum,Master,P,R5,0,0,94850000,A,-,D,F,43,Malay,MAL,SINGLE,Diploma,6,RENTING,Doctor,Healthcare,4,22941,29325,351901,351901,26,30,17.03,3172,19,30,5,N,Y,0,20260421,20260409,60323.19,48500,11823.19,1616.14,Melaka,1,0,789,3,Excellent,BC,PL
9/2/2026,1000000000000775,25697640538,Approve,16880874,Infinite,Master,S,T1,0,0,94850000,A,A,A,M,29,Indian,MAL,MARRIED,PhD,8,OWNED,Supervisor,Government,7,9600,11934,143214,143214,27,38,5.66,7236,25,34,1,Y,N,20260302,20260226,20260207,37787.42,27500,10287.42,51.43,Selangor,0,0,718,4,Fair,C2,PL
9/2/2026,1000000000000776,25896523952,Approve,75811941,Gold,Master,P,B6,0,0,94850000,A,H,D,M,48,Malay,MAL,MARRIED,SPM,18,MORTGAGE,Factory Worker,Wholesale,26,12758,14822,177871,177871,10,11,4.71,2910,9,15,5,N,Y,0,20260715,20260714,55122.86,40500,14622.86,451.02,Selangor,N,0,729,2,Low,PL,PL
9/2/2026,1000000000000777,20585461700,Approve,38286782,Infinite,Master,S,O3,0,0,88,A,H,N,M,50,Malay,MAL,SINGLE,SPM,3,FAMILY OWNED,Army Personnel,Real Estate,32,10525,13056,156681,156681,27,35,0.98,5319,32,42,5,N,Y,0,20250917,20250831,40330.04,33000,7330.04,1253.53,Perak,Y,0,630,3,Fair,IN,BC
9/2/2026,1000000000000778,23823007995,Approve,82748700,Classic,Visa,S,U2,0,0,0,A,A,N,F,53,Chinese,MAL,SINGLE,Diploma,16,OWNED,Accountant,Financial Services,1,4546,5801,69623,69623,43,44,9.53,6470,54,58,2,Y,N,20251221,20251208,20251126,14803.51,11000,3803.51,216.05,Pulau Pinang,0,0,441,2,Low,CL,V3
9/2/2026,1000000000000779,28482560217,Approve,94424046,Platinum,Master,S,T1,0,0,1,A,A,D,F,21,Others,MAL,MARRIED,STPM,2,OWNED,Lecturer,Healthcare,0,17253,20352,244228,244228,37,42,1.4,6696,36,46,2,Y,Y,20260115,20260106,20251214,35210.75,28000,7210.75,1579.58,Pahang,N,0,608,1,No Score,V3,GD
9/2/2026,1000000000000780,25675977168,Approve,40813626,Platinum,Master,S,T3,0,0,88,A,H,N,F,60,Malay,MAL,MARRIED,Bachelor Degree,23,FAMILY OWNED,Lecturer,Food & Beverage,36,15317,18101,217220,217220,25,27,8.89,7852,25,28,3,N,Y,0,20260110,20260104,45814.24,35500,10314.24,17.79,Johor,N,0,803,2,Good,GD,CL
9/2/2026,1000000000000781,27095863193,Approve,32088806,Classic,Visa,S,T2,0,0,1,A,-,N,M,56,Malay,MAL,SINGLE,SPM,10,FAMILY OWNED,Police Officer,Plantation,1,14010,18796,225562,225562,19,25,2.46,7415,20,30,5,Y,N,20251007,20251004,20250912,39844.62,32000,7844.62,1515.02,Melaka,Y,0,633,2,Good,V3,PL
9/2/2026,1000000000000782,25325292088,Approve,68185096,Platinum,Visa,P,O3,0,0,88,A,A,D,M,48,Malay,MAL,MARRIED,Diploma,3,OWNED,Sales Executive,Government,15,11590,13514,162171,162171,15,22,17.39,6988,14,18,5,Y,Y,20251223,20251219,20251208,63261.08,43500,19761.08,1464.76,Pulau Pinang,1,0,794,1,Fair,GD,BC
9/2/2026,1000000000000783,22427596708,Approve,85557998,Infinite,Master,P,R2,0,0,1,A,-,N,M,41,Chinese,MAL,MARRIED,Diploma,9,RENTING,Doctor,Telecommunications,6,24613,30945,371342,371342,11,21,8.58,3473,10,18,2,Y,N,20260716,20260710,20260615,74676.92,50000,24676.92,981.03,Kuala Lumpur,0,0,840,4,Low,CL,IN
9/2/2026,1000000000000784,22923262825,Approve,44514839,Gold,Master,P,U1,0,0,88,A,D,D,M,25,Chinese,MAL,SINGLE,Diploma,5,OWNED,Chef,Retail Trade,2,20064,25410,304924,304924,21,23,10.51,6567,24,26,5,N,Y,0,20260622,20260607,46448.35,36000,10448.35,220.35,Sabah,N,0,807,4,Good,MG,GD
9/2/2026,1000000000000785,24574161059,Approve,33585298,Platinum,Master,S,B6,0,0,0,A,-,N,M,43,Malay,MAL,MARRIED,SPM,18,OWNED,Retail Assistant,Wholesale,12,24938,30480,365766,365766,21,25,11.92,7543,14,26,3,Y,Y,20260510,20260506,20260412,53898.03,40000,13898.03,1155.13,Kuala Lumpur,1,0,782,2,Very Good,CL,BC
9/2/2026,1000000000000786,25198717981,Approve,50369018,Gold,Visa,P,B2,0,0,1,A,D,N,M,34,Others,MAL,DIVORCED,SPM,0,RENTING,Supervisor,Retail Trade,8,20722,24837,298054,298054,17,19,1.83,7870,20,26,2,Y,Y,20260523,20260519,20260422,51280.18,37000,14280.18,768.1,Selangor,N,0,617,3,Fair,MG,IN
9/2/2026,1000000000000787,23742918028,Approve,94068201,Infinite,Master,P,B6,0,0,88,A,-,A,F,50,Chinese,MAL,SINGLE,Bachelor Degree,7,MORTGAGE,Sales Executive,Agriculture,28,21386,24667,296009,296009,17,20,2.27,609,16,24,2,N,N,0,20260824,20260728,75512.49,51000,24512.49,256.47,Selangor,1,0,744,1,Very Good,MG,CL
9/2/2026,1000000000000788,22293558389,Approve,48923027,Platinum,Visa,P,O1,0,0,94850000,A,A,N,M,37,Malay,MAL,MARRIED,SPM,8,FAMILY OWNED,Doctor,Professional Services,18,18348,23903,286836,286836,26,32,1.87,4822,35,41,5,Y,Y,20260906,20260818,20260811,44640.01,36000,8640.01,259.54,Kedah,1,0,682,2,No Score,V3,CL
9/2/2026,1000000000000789,27600609469,Approve,98536920,Platinum,Visa,P,T2,0,0,0,A,B,N,F,65,Malay,MAL,MARRIED,Diploma,30,RENTING,Army Personnel,Telecommunications,36,23995,30141,361698,361698,13,19,10.79,2039,15,17,5,Y,Y,20260818,20260815,20260730,51633.71,35000,16633.71,624.53,Selangor,N,0,761,4,Good,GD,IN
9/2/2026,1000000000000790,21154503801,Approve,68346598,Gold,Visa,S,B1,0,0,94850000,A,D, ,M,37,Malay,MAL,MARRIED,Master Degree,11,MORTGAGE,Civil Servant,Wholesale,6,4575,6167,74010,74010,24,34,2.58,2014,21,28,1,N,Y,0,20251216,20251208,34867.54,24500,10367.54,1209.54,Pulau Pinang,N,0,761,4,Low,PL,C2
9/2/2026,1000000000000791,26041292566,Approve,85864191,Gold,Visa,S,O1,0,0,0,A,-,D,M,53,Malay,MAL,MARRIED,SPM,31,RENTING,Civil Servant,Transportation,35,11373,13439,161277,161277,18,21,7.63,1141,25,28,3,N,N,0,20260819,20260807,41732.1,30000,11732.1,613.66,Selangor,0,0,732,4,Fair,MG,V3
9/2/2026,1000000000000792,22549886361,Approve,38595377,Gold,Visa,P,U1,0,0,88,A,D,N,M,35,Chinese,MAL,MARRIED,Bachelor Degree,2,OWNED,Technician,Financial Services,17,12044,15613,187363,187363,16,26,17.01,7728,12,19,1,Y,N,20250827,20250824,20250811,51868.01,39000,12868.01,21.24,Pulau Pinang,1,0,780,2,Very Good,C2,V3
9/2/2026,1000000000000793,26922942006,Approve,90628740,Platinum,Master,S,B2,0,0,94850000,A,A,A,F,34,Malay,MAL,SINGLE,Diploma,7,MORTGAGE,Self-Employed,Government,11,18175,21559,258717,258717,25,36,6.66,3382,35,40,2,Y,N,20260109,20260108,20251218,65998.95,47000,18998.95,782.21,Kedah,Y,0,683,2,Good,C2,IN
9/2/2026,1000000000000794,28055412769,Approve,94271587,Gold,Visa,P,U2,0,0,88,A,H,N,M,24,Malay,MAL,MARRIED,SPM,6,OWNED,Technician,Education,0,13516,16492,197915,197915,45,53,1.22,6544,53,56,1,N,Y,0,20260510,20260419,30074.34,23000,7074.34,1977.01,Kuala Lumpur,N,0,488,4,Fair,GD,PL
9/2/2026,1000000000000795,20021078484,Approve,40043549,Gold,Visa,P,B1,0,0,1,A,H,D,F,38,Chinese,MAL,MARRIED,Master Degree,5,RENTING,Nurse,Oil & Gas,4,16568,22142,265712,265712,27,35,11.19,5800,21,31,3,N,N,0,20251226,20251220,68397.59,52000,16397.59,786.56,Melaka,0,0,745,4,Excellent,BC,MG
9/2/2026,1000000000000796,21330201788,Approve,28683876,Classic,Master,S,R2,0,0,94850000,A,A,D,F,47,Chinese,MAL,MARRIED,Diploma,9,FAMILY OWNED,Lecturer,Construction,4,4184,5267,63208,63208,39,49,4.65,6548,37,45,5,N,Y,0,20260718,20260702,18398.3,13500,4898.3,315.98,Pulau Pinang,0,0,476,1,Low,V3,BC
9/2/2026,1000000000000797,26882611087,Approve,35066839,Infinite,Master,P,R1,0,0,94850000,A,A,N,F,52,Chinese,MAL,MARRIED,SPM,15,FAMILY OWNED,Police Officer,Financial Services,6,22737,29874,358489,358489,31,37,16.2,6115,33,38,1,Y,N,20260626,20260625,20260531,65307.14,46500,18807.14,742.86,Pahang,Y,0,708,3,Low,PL,IN
9/2/2026,1000000000000798,22797687595,Approve,84482698,Classic,Visa,P,O5,0,0,0,A,D,D,F,21,Malay,MAL,WIDOWED,Diploma,3,RENTING,Clerk,Agriculture,3,18660,23902,286831,286831,45,46,11.82,7598,53,55,1,Y,Y,20260805,20260731,20260716,35088.4,26000,9088.4,1430.47,Selangor,Y,0,519,1,No Score,BC,IN
9/2/2026,1000000000000799,20870405441,Approve,52873862,Platinum,Visa,S,O3,0,0,1,A,-,D,F,52,Others,MAL,SINGLE,Diploma,31,OWNED,Administrator,Plantation,29,10048,12340,148086,148086,25,31,6.01,511,24,29,5,Y,Y,20260306,20260228,20260224,48062.03,35500,12562.03,1219.75,Pahang,1,0,743,2,Low,BC,IN
9/2/2026,1000000000000800,26665736207,Approve,34494007,Gold,Visa,P,O5,0,0,1,A,B,D,F,59,Malay,MAL,SINGLE,SPM,34,EMPLOYER PROVIDED,IT Executive,Financial Services,39,14335,17245,206945,206945,13,14,10.44,6834,13,20,3,N,N,0,20260905,20260813,46095.32,31000,15095.32,480.16,Terengganu,Y,0,721,3,Fair,CL,V3
9/2/2026,1000000000000801,20829476286,Approve,62352009,Infinite,Master,S,T1,0,0,88,A,A,D,M,65,Malay,MAL,SINGLE,SPM,7,RENTING,Chef,Agriculture,12,20846,27818,333827,333827,22,31,11.56,5705,22,33,1,Y,Y,20260930,20260913,20260827,37390.05,29500,7890.05,1655.77,Perak,N,0,672,2,Fair,V3,MG
9/2/2026,1000000000000802,26544859059,Approve,43051364,Gold,Visa,P,R5,0,0,1,A,B,A,F,39,Malay,MAL,MARRIED,STPM,9,OWNED,Technician,Real Estate,17,13878,17535,210427,210427,17,26,17.51,3295,11,22,2,N,Y,0,20251208,20251129,36159.66,29000,7159.66,1090.82,Sabah,N,0,730,3,Very Good,PL,C2
9/2/2026,1000000000000803,21743043719,Approve,64120743,Gold,Visa,P,U3,0,0,88,A,H,D,F,57,Malay,MAL,DIVORCED,No Formal Education,14,FAMILY OWNED,Factory Worker,Oil & Gas,4,21200,27369,328430,328430,23,31,15.6,1366,27,32,2,Y,N,20260418,20260415,20260403,54299.02,43000,11299.02,1477.4,Selangor,1,0,757,4,Fair,CL,GD
9/2/2026,1000000000000804,21735357503,Approve,97371655,Platinum,Visa,S,R5,0,0,0,A,B,D,F,43,Indian,MAL,SINGLE,Diploma,10,OWNED,Contractor,Telecommunications,5,13450,16106,193279,193279,19,29,17.25,6792,21,32,2,Y,N,20260619,20260601,20260523,52411.49,38000,14411.49,140.89,Johor,Y,0,633,2,Fair,V3,IN
9/2/2026,1000000000000805,29806722376,Approve,53908553,Classic,Visa,P,U1,0,0,1,A,A, ,F,24,Malay,MAL,MARRIED,Bachelor Degree,4,FAMILY OWNED,Nurse,Healthcare,5,13940,18786,225442,225442,21,22,10.94,3721,24,30,1,Y,N,20260208,20260121,20251230,30080.75,22500,7580.75,1967.04,Selangor,0,0,638,4,Low,C2,PL
9/2/2026,1000000000000806,29210543730,Approve,86918530,Gold,Master,P,O1,0,0,1,A,A,A,F,50,Chinese,MAL,SINGLE,SPM,8,OWNED,Doctor,Professional Services,13,10226,13454,161459,161459,28,37,10.6,1926,33,43,5,Y,N,20260124,20260106,20251219,36278.27,25500,10778.27,1284.61,Pulau Pinang,Y,0,533,1,Very Good,V3,BC
9/2/2026,1000000000000807,21878135962,Approve,46369898,Gold,Master,S,U3,0,0,88,A,H,D,M,22,Chinese,MAL,MARRIED,Certificate,0,OWNED,Army Personnel,Hospitality,0,21334,25212,302555,302555,11,14,1.12,959,5,14,1,Y,Y,20251224,20251205,20251202,54660.23,39500,15160.23,1084.52,Selangor,Y,0,783,3,Excellent,V3,IN
9/2/2026,1000000000000808,21133472718,Approve,93517460,Infinite,Visa,P,B6,0,0,94850000,A,D,A,F,50,Malay,MAL,MARRIED,Bachelor Degree,8,OWNED,Supervisor,Hospitality,15,22339,28044,336537,336537,24,29,6.41,5952,24,29,5,Y,Y,20260119,20251231,20251220,50083.73,37500,12583.73,1051.05,Kuala Lumpur,1,0,850,1,Very Good,MG,PL
9/2/2026,1000000000000809,24167717066,Approve,78428385,Gold,Visa,S,O1,0,0,1,A,B,A,F,37,Indian,MAL,SINGLE,SPM,1,MORTGAGE,Contractor,Healthcare,12,16871,19768,237221,237221,35,37,11.65,1022,40,47,1,Y,N,20260514,20260427,20260411,46212.34,32500,13712.34,1603.94,Selangor,1,0,713,1,Good,GD,IN
9/2/2026,1000000000000810,24538296379,Approve,95683609,Platinum,Master,S,T2,0,0,88,A,A, ,M,45,Indian,MAL,MARRIED,SPM,0,FAMILY OWNED,Teacher,Agriculture,27,17436,22452,269428,269428,22,31,8.52,2297,21,26,3,Y,Y,20260710,20260623,20260622,55855.45,39000,16855.45,525.03,Sabah,N,0,780,3,Very Good,CL,MG
9/2/2026,1000000000000811,25443913654,Approve,82262247,Platinum,Master,S,R1,0,0,0,A,B, ,F,48,Malay,MAL,SINGLE,Diploma,8,OWNED,Police Officer,Oil & Gas,14,17801,21211,254537,254537,14,20,17.92,6507,19,20,1,N,N,0,20260819,20260724,67281.15,51500,15781.15,1524.43,Kuala Lumpur,Y,0,782,3,Fair,BC,C2
9/2/2026,1000000000000812,24673058438,Approve,58371054,Platinum,Master,S,O3,0,0,94850000,A,D, ,M,47,Malay,MAL,MARRIED,SPM,23,RENTING,Nurse,Education,29,14924,18210,218529,218529,21,28,16.85,7177,25,30,3,Y,N,20251002,20250912,20250908,59769.61,40000,19769.61,584.41,Kelantan,0,0,761,1,Good,CL,IN
9/2/2026,1000000000000813,23732371393,Approve,39888110,Gold,Master,S,U2,0,0,0,A,H,D,M,50,Malay,MAL,SINGLE,Diploma,12,FAMILY OWNED,Nurse,Construction,22,19217,23684,284219,284219,21,23,5.94,4817,19,29,2,Y,Y,20251106,20251017,20251014,44624.42,36500,8124.42,430.28,Johor,N,0,714,4,Low,BC,GD
9/2/2026,1000000000000814,25694198996,Approve,14367672,Platinum,Master,P,U1,0,0,1,A,-,D,M,27,Chinese,MAL,MARRIED,STPM,9,RENTING,Factory Worker,Transportation,4,22710,28604,343251,343251,23,32,7.26,2399,30,34,2,N,N,0,20260616,20260519,72138.7,51000,21138.7,1091.84,Johor,0,0,678,2,Low,BC,C2
9/2/2026,1000000000000815,28424410808,Approve,22866554,Infinite,Master,S,T1,0,0,1,A,-,D,M,41,Chinese,MAL,SINGLE,Bachelor Degree,22,OWNED,Engineer,Agriculture,20,23886,29957,359487,359487,21,23,11.95,1559,24,28,1,Y,N,20260423,20260417,20260322,57272.77,46500,10772.77,1703.27,Johor,Y,0,801,4,Very Good,GD,V3
9/2/2026,1000000000000816,25422891956,Approve,58642195,Infinite,Visa,P,T2,0,0,88,A,A, ,M,38,Malay,MAL,SINGLE,Diploma,13,OWNED,Supervisor,Professional Services,14,15744,20512,246152,246152,15,26,14.87,2769,11,17,1,N,N,0,20260918,20260822,50398.12,37000,13398.12,164.7,Kelantan,0,0,737,4,No Score,PL,MG
9/2/2026,1000000000000817,24788263080,Approve,40014091,Platinum,Master,P,T3,0,0,1,A,D, ,F,40,Malay,MAL,MARRIED,Bachelor Degree,19,RENTING,Lecturer,Agriculture,0,20126,24244,290938,290938,21,23,17.77,2047,17,26,1,Y,N,20260414,20260404,20260314,57735.26,43000,14735.26,387.45,Sarawak,1,0,818,1,Excellent,IN,V3
9/2/2026,1000000000000818,21352039134,Approve,42176257,Infinite,Visa,P,R2,0,0,94850000,A,A,A,F,55,Chinese,MAL,SINGLE,SPM,15,OWNED,IT Executive,Manufacturing,33,13388,15665,187984,187984,21,26,5.31,2496,17,29,5,Y,Y,20260715,20260630,20260612,49681.15,34000,15681.15,390.4,Kuala Lumpur,1,0,799,3,No Score,IN,V3
9/2/2026,1000000000000819,22046529395,Approve,77153375,Gold,Visa,S,O1,0,0,1,A,B,D,F,50,Chinese,MAL,DIVORCED,SPM,11,MORTGAGE,Sales Executive,Financial Services,14,2771,3726,44720,44720,44,56,1.17,4688,59,68,5,Y,Y,20260320,20260308,20260305,10379.31,7500,2879.31,886.44,Kedah,Y,0,376,4,Fair,BC,PL
9/2/2026,1000000000000820,21854681146,Approve,85514956,Classic,Master,P,R5,0,0,94850000,A,B, ,F,53,Malay,MAL,MARRIED,Certificate,6,OWNED,Teacher,Hospitality,31,12558,16717,200613,200613,27,36,17.21,6835,28,31,2,Y,Y,20260511,20260508,20260505,44193.75,34500,9693.75,424.8,Kuala Lumpur,Y,0,634,3,Good,IN,C2
9/2/2026,1000000000000821,24384871969,Approve,61182036,Gold,Master,P,T3,0,0,0,A,A,A,M,27,Indian,MAL,SINGLE,Certificate,4,RENTING,Security Guard,Food & Beverage,5,9688,12425,149106,149106,41,46,15.53,3495,40,51,1,Y,Y,20260808,20260731,20260712,26159.66,21000,5159.66,589.9,Sabah,1,0,463,1,No Score,PL,BC
9/2/2026,1000000000000822,29100323629,Approve,48909287,Gold,Master,S,O1,0,0,94850000,A,H,A,F,51,Chinese,MAL,SINGLE,Bachelor Degree,11,FAMILY OWNED,Retail Assistant,Food & Beverage,11,14875,17236,206840,206840,14,23,13.28,6106,17,23,1,N,Y,0,20251013,20251005,38805.05,31000,7805.05,766.54,Kelantan,0,0,844,3,Excellent,PL,GD
9/2/2026,1000000000000823,28124731514,Approve,23149169,Infinite,Visa,S,R2,0,0,94850000,A,B,N,F,40,Indian,MAL,SINGLE,Diploma,6,RENTING,Police Officer,Telecommunications,13,22293,27912,334949,334949,21,29,16.84,7034,26,27,3,N,N,0,20260715,20260705,63187.65,43500,19687.65,181.01,Pahang,N,0,763,1,Fair,IN,MG
9/2/2026,1000000000000824,27641719342,Approve,92312475,Gold,Visa,S,B2,0,0,1,A,-,A,F,53,Malay,MAL,MARRIED,Diploma,4,OWNED,Sales Executive,Agriculture,19,11297,14924,179093,179093,22,32,1.49,4508,26,31,5,N,N,0,20260902,20260804,42086.02,28500,13586.02,1178.12,Selangor,1,0,706,4,Low,CL,PL
9/2/2026,1000000000000825,24120722603,Approve,97820518,Platinum,Visa,P,O1,0,0,0,A,-,A,F,25,Malay,MAL,MARRIED,SPM,5,OWNED,Police Officer,Food & Beverage,7,7678,8928,107138,107138,30,36,9.92,6895,26,36,2,N,N,0,20260121,20260109,46123.53,31000,15123.53,610.14,Perak,0,0,682,2,Very Good,IN,GD
9/2/2026,1000000000000826,26934138251,Approve,87545140,Platinum,Visa,S,U2,0,0,88,A,B, ,M,50,Indian,MAL,SINGLE,SPM,32,RENTING,Contractor,Wholesale,4,11804,15619,187439,187439,19,23,12.31,6222,26,31,3,Y,Y,20260730,20260723,20260623,34198.26,23500,10698.26,701.24,Kelantan,1,0,625,4,Fair,GD,GD
9/2/2026,1000000000000827,29290056699,Approve,53983693,Platinum,Visa,P,R5,0,0,0,A,H,A,M,37,Indian,MAL,SINGLE,Primary,5,MORTGAGE,Lecturer,Government,4,15198,19451,233417,233417,17,22,12.61,7715,24,26,5,Y,N,20260507,20260424,20260411,54774.46,41500,13274.46,1539.12,Johor,N,0,759,1,Fair,BC,CL
9/2/2026,1000000000000828,28211282894,Approve,51552962,Platinum,Visa,S,O5,0,0,0,A,B,N,F,24,Indian,MAL,SINGLE,Bachelor Degree,1,FAMILY OWNED,Doctor,Healthcare,5,23919,32138,385663,385663,10,16,2.75,1168,5,15,1,N,Y,0,20251020,20250923,56673.81,39500,17173.81,609.05,Negeri Sembilan,Y,0,773,1,Excellent,BC,IN
9/2/2026,1000000000000829,21272553627,Approve,65251338,Gold,Visa,P,R2,0,0,1,A,H,N,F,55,Chinese,MAL,MARRIED,STPM,24,MORTGAGE,Administrator,Healthcare,20,20503,27150,325808,325808,25,31,13.65,1548,20,30,1,Y,N,20260125,20260120,20260102,55520.9,44500,11020.9,1476.8,Perak,N,0,673,2,Low,V3,GD
9/2/2026,1000000000000830,24714345763,Approve,13717556,Platinum,Master,P,O3,0,0,88,A,B, ,F,23,Malay,MAL,MARRIED,Certificate,3,MORTGAGE,Teacher,Construction,5,24481,30458,365506,365506,12,23,15.89,1216,17,21,1,Y,N,20251008,20251006,20250929,39533.37,31000,8533.37,1958.77,Pulau Pinang,N,0,691,3,Good,PL,V3
9/2/2026,1000000000000831,24682729516,Approve,71088548,Gold,Visa,S,B1,0,0,1,A,-,A,F,45,Malay,MAL,MARRIED,Diploma,8,RENTING,Nurse,Wholesale,2,17176,22825,273903,273903,21,25,0.15,2651,28,33,2,Y,Y,20251019,20251013,20250916,61737.51,41500,20237.51,1303.28,Pulau Pinang,1,0,774,1,Low,IN,C2
9/2/2026,1000000000000832,21534785017,Approve,48749076,Platinum,Master,S,R1,0,0,88,A,B,N,F,40,Chinese,MAL,SINGLE,SPM,1,OWNED,Supervisor,Transportation,12,15330,19669,236037,236037,10,13,5.98,7204,12,17,2,N,Y,0,20251030,20251008,47987.43,37000,10987.43,310.38,Kedah,Y,0,748,2,Very Good,MG,GD
9/2/2026,1000000000000833,27490217250,Approve,82763265,Gold,Master,P,R1,0,0,1,A,B,D,M,28,Malay,MAL,MARRIED,Diploma,4,MORTGAGE,Teacher,Financial Services,3,11814,14479,173754,173754,15,17,17.01,7027,17,25,3,Y,N,20251221,20251203,20251118,48033.35,37500,10533.35,1721.24,Negeri Sembilan,N,0,729,3,Fair,IN,CL
9/2/2026,1000000000000834,28571704791,Approve,74856374,Platinum,Visa,P,T2,0,0,1,A,A,N,M,58,Chinese,MAL,MARRIED,Diploma,11,OWNED,Chef,Construction,17,14522,19274,231288,231288,23,33,5.74,3852,25,27,3,Y,N,20260313,20260221,20260210,57910.05,43000,14910.05,1364.74,Selangor,N,0,731,4,Fair,PL,MG
9/2/2026,1000000000000835,29015168097,Approve,31026386,Gold,Master,P,B2,0,0,88,A,A, ,F,62,Chinese,MAL,MARRIED,Diploma,6,MORTGAGE,Lecturer,Telecommunications,30,22211,27090,325083,325083,15,21,11.94,685,13,18,1,Y,Y,20260727,20260718,20260707,45224.82,36000,9224.82,1418.23,Terengganu,0,0,761,3,Very Good,MG,IN
9/2/2026,1000000000000836,27900667802,Approve,43314826,Gold,Visa,P,T3,0,0,94850000,A,H,D,M,59,Chinese,MAL,MARRIED,SPM,2,RENTING,Driver,Agriculture,12,16142,19195,230347,230347,40,48,2.24,2318,49,53,3,N,Y,0,20260901,20260813,19451.2,14000,5451.2,1713.79,Johor,Y,0,417,3,Good,GD,BC
9/2/2026,1000000000000837,28657540599,Approve,93804267,Infinite,Master,S,O5,0,0,88,A,B, ,F,59,Chinese,MAL,MARRIED,Bachelor Degree,15,OWNED,Police Officer,Professional Services,9,20437,26389,316669,316669,23,25,0.09,6869,25,29,1,N,Y,0,20260522,20260515,68554.48,49500,19054.48,1435.37,Perak,0,0,737,2,Fair,CL,GD
9/2/2026,1000000000000838,21892387481,Approve,24450270,Gold,Visa,P,B6,0,0,0,A,H,N,M,37,Malay,MAL,SINGLE,SPM,0,MORTGAGE,Nurse,Oil & Gas,0,3655,4803,57643,57643,36,48,5.7,4483,41,45,3,N,Y,0,20251106,20251014,20030.62,14000,6030.62,565.63,Sarawak,Y,0,488,4,No Score,IN,C2
9/2/2026,1000000000000839,22218706029,Approve,39491385,Platinum,Master,S,U2,0,0,1,A,A,D,F,35,Malay,MAL,MARRIED,SPM,6,RENTING,IT Executive,Hospitality,11,16617,22108,265297,265297,20,24,1.16,4669,16,23,2,N,N,0,20260709,20260705,43849.05,30000,13849.05,1371.2,Johor,1,0,600,3,Fair,GD,PL
9/2/2026,1000000000000840,22296172243,Approve,43311504,Classic,Master,S,O5,0,0,88,A,H, ,F,50,Malay,MAL,DIVORCED,SPM,19,OWNED,Contractor,Oil & Gas,32,8390,10925,131103,131103,35,47,11.21,1250,38,47,3,Y,N,20260708,20260622,20260528,25457.25,18000,7457.25,888.17,Johor,N,0,603,3,Fair,PL,IN
9/2/2026,1000000000000841,20595262143,Approve,42210400,Platinum,Master,S,B1,0,0,88,A,A,D,F,35,Indian,MAL,MARRIED,Bachelor Degree,16,EMPLOYER PROVIDED,Supervisor,Manufacturing,1,23541,29023,348286,348286,16,28,10.93,1306,18,21,3,Y,Y,20261002,20260914,20260826,67339.75,51000,16339.75,834.69,Kuala Lumpur,N,0,823,4,Fair,CL,V3
9/2/2026,1000000000000842,23535369472,Approve,86668481,Platinum,Master,S,O5,0,0,94850000,A,H, ,M,37,Indian,MAL,SINGLE,SPM,4,OWNED,IT Executive,Telecommunications,17,20885,25631,307576,307576,35,44,11.3,5336,36,40,1,Y,N,20251216,20251214,20251211,39611.05,30500,9111.05,1502,Johor,Y,0,724,3,Very Good,C2,CL
9/2/2026,1000000000000843,27325352262,Approve,38000735,Gold,Master,P,O1,0,0,1,A,-, ,M,31,Chinese,MAL,SINGLE,SPM,4,FAMILY OWNED,IT Executive,Oil & Gas,4,7946,9381,112573,112573,47,54,1.26,2344,48,57,5,Y,Y,20260409,20260324,20260225,24236.28,16500,7736.28,1162.24,Kedah,1,0,580,2,No Score,GD,IN
9/2/2026,1000000000000844,28921533090,Approve,46537819,Gold,Master,P,R2,0,0,94850000,A,B,N,F,46,Malay,MAL,MARRIED,Diploma,23,OWNED,Clerk,Transportation,1,15129,17421,209053,209053,28,34,3.16,5309,32,33,5,N,N,0,20250824,20250815,48616.29,39500,9116.29,998.92,Selangor,1,0,734,4,Excellent,IN,CL
9/2/2026,1000000000000845,26908744164,Approve,33883134,Gold,Visa,P,O3,0,0,88,A,D,N,F,27,Malay,MAL,MARRIED,SPM,0,OWNED,Lecturer,Food & Beverage,1,22411,28854,346258,346258,27,30,15.55,6090,30,32,1,Y,N,20251126,20251112,20251103,53137.5,37000,16137.5,273.15,Kuala Lumpur,0,0,759,4,No Score,GD,CL
9/2/2026,1000000000000846,21473708590,Approve,86804278,Gold,Master,S,U1,0,0,0,A,D,D,F,23,Malay,MAL,MARRIED,Bachelor Degree,5,MORTGAGE,Teacher,Healthcare,3,23524,27127,325530,325530,16,28,1.1,5797,22,25,1,Y,Y,20260722,20260704,20260608,70554.87,49500,21054.87,1655.99,Selangor,0,0,823,1,No Score,V3,BC
9/2/2026,1000000000000847,29226446755,Approve,16736637,Infinite,Master,S,O1,0,0,94850000,A,A,A,M,37,Indian,MAL,DIVORCED,Diploma,17,OWNED,Retail Assistant,Oil & Gas,1,12040,15938,191263,191263,24,29,5.16,4154,26,31,1,Y,N,20260513,20260502,20260421,44656.46,36500,8156.46,23.43,Selangor,0,0,711,4,Excellent,GD,CL
9/2/2026,1000000000000848,23752165972,Approve,98521410,Gold,Visa,S,U1,0,0,0,A,A,A,M,33,Chinese,MAL,MARRIED,STPM,3,FAMILY OWNED,Security Guard,Construction,0,20665,24721,296654,296654,27,31,12.79,2409,25,36,2,N,N,0,20260428,20260409,32576.87,25000,7576.87,1904.34,Kuala Lumpur,N,0,571,4,Fair,CL,V3
9/2/2026,1000000000000849,21640389730,Approve,18374594,Platinum,Visa,P,T3,0,0,0,A,H,D,F,24,Indian,MAL,WIDOWED,SPM,6,FAMILY OWNED,Driver,Construction,0,20179,23711,284543,284543,16,22,5.18,5601,17,25,3,Y,N,20251022,20251013,20251008,66272.24,51500,14772.24,72.68,Terengganu,N,0,783,4,No Score,PL,C2
9/2/2026,1000000000000850,20936517995,Approve,53978063,Gold,Visa,P,R2,0,0,0,A,A,A,F,47,Malay,MAL,MARRIED,SPM,12,RENTING,Chef,Food & Beverage,23,4962,6492,77915,77915,37,40,12.02,5841,34,43,3,N,N,0,20260528,20260524,15356.84,11500,3856.84,1499.3,Kuala Lumpur,N,0,424,2,Fair,MG,CL
9/2/2026,1000000000000851,21962058867,Approve,48218265,Platinum,Visa,P,T3,0,0,94850000,A,-,N,F,43,Malay,MAL,MARRIED,Diploma,8,OWNED,Doctor,Government,8,23693,30197,362368,362368,26,32,2.06,1261,30,34,1,N,Y,0,20260527,20260512,56562.48,41000,15562.48,1400.95,Pulau Pinang,Y,0,768,2,Excellent,BC,PL
9/2/2026,1000000000000852,22366728371,Approve,37855677,Gold,Visa,P,U2,0,0,0,A,-,A,F,58,Chinese,MAL,SINGLE,Diploma,12,OWNED,Nurse,Education,2,5649,6830,81970,81970,19,31,12.21,5941,18,24,2,N,Y,0,20260316,20260307,34201.27,28500,5701.27,1687.44,Pulau Pinang,0,0,674,4,Good,BC,V3
9/2/2026,1000000000000853,24116077954,Approve,11082139,Platinum,Visa,P,B2,0,0,1,A,B,D,M,37,Malay,MAL,MARRIED,STPM,5,OWNED,Businessman,Food & Beverage,16,16172,19423,233083,233083,25,36,10.1,842,34,39,1,Y,N,20260903,20260820,20260805,39795.69,31500,8295.69,265.38,Perak,N,0,635,2,Very Good,C2,GD
9/2/2026,1000000000000854,24373114281,Approve,19805359,Platinum,Visa,S,B2,0,0,1,A,B, ,F,55,Malay,MAL,SINGLE,Diploma,29,FAMILY OWNED,IT Executive,Education,33,19026,22446,269362,269362,11,12,8.79,1561,9,15,3,N,N,0,20251013,20250926,61426.29,48000,13426.29,211.9,Perak,0,0,799,4,Good,C2,IN
9/2/2026,1000000000000855,24642193775,Approve,70475414,Gold,Master,S,R2,0,0,94850000,A,B,D,M,23,Chinese,MAL,SINGLE,SPM,2,OWNED,Clerk,Retail Trade,3,22342,30013,360162,360162,19,31,10.7,5304,15,26,5,Y,N,20251208,20251123,20251109,68666.91,54500,14166.91,357.35,Selangor,0,0,763,2,No Score,GD,BC
9/2/2026,1000000000000856,29753986591,Approve,34140889,Classic,Master,S,U1,0,0,88,A,H,D,M,27,Malay,MAL,MARRIED,SPM,7,RENTING,Manager,Construction,7,21381,25861,310335,310335,37,40,11.88,3580,37,42,2,Y,Y,20260103,20251227,20251208,32501.87,24500,8001.87,179.41,Kedah,Y,0,580,2,Very Good,PL,MG
9/2/2026,1000000000000857,21503225845,Approve,79618389,Gold,Master,P,U2,0,0,94850000,A,-,D,M,46,Indian,MAL,MARRIED,SPM,7,OWNED,Factory Worker,Plantation,7,12322,14837,178044,178044,33,35,15.95,6541,34,38,3,N,N,0,20260609,20260525,30689.32,24500,6189.32,1431.42,Terengganu,1,0,601,4,Excellent,C2,C2
9/2/2026,1000000000000858,25595544489,Approve,58573820,Platinum,Master,S,U2,0,0,1,A,-,A,F,62,Malay,MAL,MARRIED,SPM,32,OWNED,Driver,Hospitality,26,21920,26326,315922,315922,27,31,11.82,5063,24,31,2,Y,Y,20260810,20260809,20260722,46736.62,36500,10236.62,1044.75,Kuala Lumpur,Y,0,768,4,Good,BC,C2
9/2/2026,1000000000000859,24014720550,Approve,56013742,Gold,Master,S,U2,0,0,88,A,D,D,M,22,Chinese,MAL,MARRIED,SPM,2,OWNED,IT Executive,Government,4,23543,29769,357239,357239,19,25,10.07,2592,24,27,1,Y,Y,20260730,20260729,20260715,62114.18,43500,18614.18,535.64,Johor,Y,0,729,2,Fair,C2,GD
9/2/2026,1000000000000860,26570605000,Approve,73115555,Gold,Visa,P,R1,0,0,0,A,-, ,F,22,Malay,MAL,MARRIED,SPM,0,MORTGAGE,Police Officer,Oil & Gas,4,22350,30019,360229,360229,43,50,15.2,2678,48,55,5,Y,Y,20260812,20260731,20260726,52026.97,37500,14526.97,1724.53,Selangor,Y,0,492,3,No Score,BC,IN
9/2/2026,1000000000000861,29350974425,Approve,87446468,Infinite,Master,P,U2,0,0,88,A,H, ,M,37,Indian,MAL,MARRIED,Certificate,17,FAMILY OWNED,Doctor,Education,13,14147,18114,217377,217377,13,25,1.26,2870,11,21,2,N,Y,0,20251013,20251005,46403.41,35000,11403.41,711.66,Pahang,Y,0,709,3,Good,MG,IN
9/2/2026,1000000000000862,20538544857,Approve,65909157,Gold,Visa,S,U3,0,0,94850000,A,H,N,F,55,Chinese,MAL,WIDOWED,Certificate,7,RENTING,Security Guard,Professional Services,27,14582,19420,233045,233045,34,41,5.33,7408,45,52,5,Y,Y,20260128,20260114,20251229,45165.6,33000,12165.6,313.5,Kuala Lumpur,0,0,565,4,No Score,MG,IN
9/2/2026,1000000000000863,28092047635,Approve,62921716,Platinum,Visa,P,B6,0,0,0,A,-,N,F,63,Malay,MAL,SINGLE,SPM,20,RENTING,Chef,Healthcare,19,24157,30566,366795,366795,18,21,13.42,5244,16,22,5,N,N,0,20251021,20251011,45277.19,35000,10277.19,1905.36,Negeri Sembilan,N,0,785,3,Very Good,MG,V3
9/2/2026,1000000000000864,27681057749,Approve,78976511,Platinum,Visa,P,R5,0,0,94850000,A,A,N,F,25,Malay,MAL,MARRIED,Diploma,1,OWNED,Doctor,Plantation,2,17460,22704,272459,272459,14,19,3.5,3125,13,18,2,Y,Y,20260531,20260511,20260508,52281.89,39500,12781.89,1689.29,Kuala Lumpur,0,0,745,3,Low,IN,PL
9/2/2026,1000000000000865,24926966380,Approve,58833445,Infinite,Master,P,R1,0,0,0,A,B, ,M,62,Indian,MAL,MARRIED,Diploma,5,OWNED,Civil Servant,Agriculture,30,11406,13650,163806,163806,42,53,1.79,7657,47,54,3,N,Y,0,20260223,20260124,31540.37,21500,10040.37,1.04,Johor,0,0,546,2,Low,V3,V3
9/2/2026,1000000000000866,25220152071,Approve,34286300,Classic,Master,S,O1,0,0,94850000,A,-,A,F,21,Malay,MAL,SINGLE,SPM,0,EMPLOYER PROVIDED,Supervisor,Financial Services,0,18648,22681,272172,272172,30,37,2.14,3713,39,48,1,Y,N,20260331,20260320,20260318,45327.55,31000,14327.55,1241.53,Sarawak,N,0,672,4,No Score,PL,PL
9/2/2026,1000000000000867,22983594162,Approve,58737349,Platinum,Master,P,T2,0,0,94850000,A,H,D,M,46,Malay,MAL,SINGLE,Diploma,18,OWNED,Lecturer,Professional Services,20,4813,5632,67591,67591,22,29,9.14,2529,29,34,2,Y,N,20260602,20260513,20260416,30600.34,24500,6100.34,1335.88,Sarawak,Y,0,672,2,Fair,IN,CL
9/2/2026,1000000000000868,22474479216,Approve,91399865,Platinum,Visa,P,T2,0,0,94850000,A,D, ,M,25,Malay,MAL,SINGLE,SPM,2,RENTING,Doctor,Oil & Gas,4,21150,25934,311218,311218,39,51,10.93,2177,44,49,3,N,N,0,20260221,20260207,31944.57,24000,7944.57,819.38,Pulau Pinang,1,0,579,4,Good,CL,MG
9/2/2026,1000000000000869,29250681495,Approve,75169509,Gold,Visa,P,B2,0,0,88,A,D, ,F,42,Malay,MAL,SINGLE,Diploma,13,OWNED,Doctor,Retail Trade,19,14518,18347,220170,220170,29,34,0.3,6958,31,38,5,Y,N,20260822,20260812,20260716,54938.02,42500,12438.02,1075.82,Pulau Pinang,1,0,710,4,Excellent,C2,BC
9/2/2026,1000000000000870,24438299131,Approve,55525661,Platinum,Master,P,T2,0,0,1,A,A,D,M,62,Malay,MAL,WIDOWED,Bachelor Degree,11,OWNED,IT Executive,Hospitality,30,13393,17486,209841,209841,11,12,16.46,5011,8,15,3,Y,Y,20260312,20260303,20260222,59995.65,47000,12995.65,1415.17,Kedah,N,0,759,4,Low,GD,MG
9/2/2026,1000000000000871,28452597943,Approve,38171713,Infinite,Visa,S,B6,0,0,88,A,-,N,F,56,Malay,MAL,MARRIED,Bachelor Degree,23,MORTGAGE,Businessman,Hospitality,36,7154,8532,102384,102384,21,25,2.86,781,24,33,5,Y,Y,20251031,20251012,20250929,36082,30000,6082,760.72,Selangor,0,0,732,1,Low,IN,IN
9/2/2026,1000000000000872,22663965505,Approve,16264821,Infinite,Master,P,T1,0,0,1,A,D,A,F,28,Malay,MAL,MARRIED,Diploma,1,OWNED,Chef,Transportation,5,20517,24632,295591,295591,15,27,4.39,3985,14,18,2,Y,N,20251019,20251014,20250929,53816.66,39000,14816.66,998.66,Perak,Y,0,806,4,No Score,V3,MG
9/2/2026,1000000000000873,27861380120,Approve,88655491,Gold,Master,S,O3,0,0,94850000,A,A,A,F,48,Chinese,MAL,SINGLE,Bachelor Degree,17,OWNED,Contractor,Hospitality,24,4176,5288,63467,63467,35,46,2.57,1017,51,53,2,Y,N,20251229,20251222,20251130,17132.15,12500,4632.15,1566.78,Pulau Pinang,1,0,520,1,Very Good,MG,GD
9/2/2026,1000000000000874,27404772513,Approve,44134172,Gold,Master,S,B2,0,0,1,A,B, ,M,38,Malay,MAL,SINGLE,Bachelor Degree,18,OWNED,Businessman,Healthcare,8,6013,6952,83432,83432,46,56,4.96,590,49,60,1,Y,Y,20260328,20260308,20260220,19454.31,14500,4954.31,35.52,Kuala Lumpur,Y,0,512,2,Low,GD,CL
9/2/2026,1000000000000875,21513958268,Approve,26975638,Platinum,Visa,S,U2,0,0,1,A,H,A,M,48,Malay,MAL,SINGLE,SPM,16,OWNED,Technician,Agriculture,17,18476,21634,259614,259614,15,22,4.63,4767,17,23,1,Y,N,20260514,20260501,20260402,46512.25,32500,14012.25,1620.64,Pahang,N,0,767,2,Excellent,CL,PL
9/2/2026,1000000000000876,20907241009,Approve,10764014,Platinum,Master,P,U2,0,0,1,A,B,N,F,54,Malay,MAL,SINGLE,STPM,16,OWNED,Accountant,Construction,15,15383,17876,214513,214513,15,26,14.96,7700,18,23,2,N,Y,0,20251114,20251025,42692.17,31000,11692.17,1502.28,Kuala Lumpur,0,0,767,1,Very Good,PL,BC
9/2/2026,1000000000000877,23773836538,Approve,45808508,Gold,Master,S,O5,0,0,88,A,A,A,M,38,Malay,MAL,SINGLE,Certificate,2,OWNED,Security Guard,Telecommunications,6,19134,22428,269147,269147,32,35,4.32,5083,31,41,3,Y,Y,20250930,20250921,20250830,61365.3,44000,17365.3,1101.67,Selangor,0,0,634,1,Good,V3,CL
9/2/2026,1000000000000878,25153821357,Approve,23317762,Infinite,Master,P,U3,0,0,94850000,A,H,D,F,54,Malay,MAL,MARRIED,Diploma,7,RENTING,Sales Executive,Transportation,6,18580,23591,283103,283103,31,41,9.8,1920,27,38,5,Y,N,20260805,20260731,20260724,33700.07,27500,6200.07,1739.35,Sabah,Y,0,716,4,Fair,V3,PL
9/2/2026,1000000000000879,23897759349,Approve,11688637,Platinum,Visa,P,R1,0,0,0,A,D,D,F,64,Chinese,MAL,SINGLE,Diploma,23,FAMILY OWNED,IT Executive,Wholesale,37,23204,30127,361530,361530,18,22,11.8,7296,20,23,5,Y,N,20251027,20251023,20251007,58167.04,42500,15667.04,1115.06,Pulau Pinang,0,0,803,2,No Score,BC,IN
9/2/2026,1000000000000880,28061962514,Approve,81363574,Gold,Master,P,B6,0,0,88,A,B, ,F,22,Indian,MAL,MARRIED,SPM,1,RENTING,Contractor,Education,2,16754,20216,242600,242600,42,49,1.04,1037,41,53,1,N,N,0,20260717,20260707,30659.53,22500,8159.53,207.15,Pahang,Y,0,654,1,No Score,BC,IN
9/2/2026,1000000000000881,24071841931,Approve,46436564,Gold,Master,S,R2,0,0,88,A,H,A,F,30,Malay,MAL,MARRIED,SPM,11,RENTING,Technician,Agriculture,3,3457,4325,51907,51907,33,41,17.14,5093,43,47,5,Y,Y,20250906,20250903,20250831,23711.4,18000,5711.4,1209.51,Selangor,1,0,592,2,Fair,BC,GD
9/2/2026,1000000000000882,26814285836,Approve,50258354,Gold,Visa,S,R5,0,0,0,A,B,N,M,35,Malay,MAL,MARRIED,Diploma,13,RENTING,Lecturer,Hospitality,11,18867,24986,299834,299834,32,42,8.81,7979,38,47,3,Y,Y,20250905,20250831,20250822,36094.77,26500,9594.77,720.48,Sabah,Y,0,631,2,Fair,CL,PL
9/2/2026,1000000000000883,21459709864,Approve,30012341,Platinum,Visa,P,O3,0,0,1,A,-, ,M,56,Malay,MAL,MARRIED,SPM,1,OWNED,IT Executive,Real Estate,27,16888,19990,239884,239884,25,28,10.6,6182,24,30,5,Y,Y,20260917,20260916,20260820,40466.07,30000,10466.07,1785.73,Selangor,N,0,752,4,Very Good,BC,MG
9/2/2026,1000000000000884,21556185532,Approve,62478133,Platinum,Master,S,O3,0,0,0,A,D,A,M,35,Chinese,MAL,MARRIED,SPM,8,MORTGAGE,Clerk,Food & Beverage,10,14421,18713,224562,224562,26,38,3.58,7000,26,33,1,Y,Y,20260912,20260901,20260827,36094.28,30000,6094.28,874.76,Selangor,1,0,647,1,Low,BC,C2
9/2/2026,1000000000000885,28548814442,Approve,39013376,Gold,Visa,P,T3,0,0,0,A,H, ,M,60,Malay,MAL,SINGLE,STPM,12,OWNED,Teacher,Real Estate,28,14170,18371,220456,220456,19,25,2.53,3909,29,31,5,Y,N,20260607,20260522,20260423,51119.26,40000,11119.26,737.93,Sabah,1,0,707,4,Fair,GD,IN
9/2/2026,1000000000000886,29525294129,Approve,74744964,Platinum,Master,S,O1,0,0,0,A,-, ,M,49,Chinese,MAL,DIVORCED,SPM,30,OWNED,Sales Executive,Telecommunications,31,8224,10255,123064,123064,13,21,4.84,5692,9,21,3,N,N,0,20260822,20260801,49994.66,39000,10994.66,960.33,Selangor,N,0,775,2,No Score,PL,MG
9/2/2026,1000000000000887,24385510063,Approve,87561404,Platinum,Master,P,T3,0,0,1,A,-,N,F,64,Malay,MAL,MARRIED,SPM,5,MORTGAGE,Technician,Retail Trade,15,19076,23879,286549,286549,22,33,5.27,1716,23,33,1,N,Y,0,20260115,20251220,57018.89,45500,11518.89,148.27,Kedah,N,0,731,4,Excellent,PL,PL
9/2/2026,1000000000000888,22220344554,Approve,16263603,Platinum,Visa,P,R2,0,0,0,A,A, ,M,37,Malay,MAL,MARRIED,SPM,12,MORTGAGE,Security Guard,Professional Services,1,24865,31100,373201,373201,23,34,3.81,7123,18,29,2,Y,Y,20260925,20260911,20260827,68605.86,48000,20605.86,1166.48,Selangor,Y,0,711,1,Fair,GD,IN
9/2/2026,1000000000000889,21921343538,Approve,64280720,Platinum,Master,P,O3,0,0,1,A,B, ,F,40,Malay,MAL,MARRIED,SPM,18,OWNED,Police Officer,Retail Trade,21,15378,17886,214643,214643,11,22,16.85,7908,11,18,5,N,N,0,20250920,20250830,50632.93,37000,13632.93,432.65,Sabah,N,0,804,4,Fair,IN,CL
9/2/2026,1000000000000890,24689110594,Approve,43898794,Platinum,Visa,P,B6,0,0,0,A,B,A,M,61,Indian,MAL,MARRIED,Bachelor Degree,6,EMPLOYER PROVIDED,Army Personnel,Healthcare,19,4053,5374,64494,64494,33,34,7.88,7434,50,54,3,Y,Y,20251119,20251109,20251019,25575.47,17500,8075.47,1411.84,Pulau Pinang,Y,0,544,4,Low,CL,MG
9/2/2026,1000000000000891,25592000673,Approve,49064029,Infinite,Visa,S,T3,0,0,94850000,A,A,D,F,52,Chinese,MAL,SINGLE,SPM,28,OWNED,Sales Executive,Agriculture,15,8602,10619,127428,127428,19,27,6.43,6396,18,29,2,Y,Y,20260227,20260224,20260128,48105.82,36000,12105.82,217.72,Selangor,N,0,671,3,Good,CL,PL
9/2/2026,1000000000000892,20765821603,Approve,21853072,Platinum,Visa,P,O3,0,0,88,A,A,N,F,21,Chinese,MAL,MARRIED,Bachelor Degree,1,OWNED,Technician,Hospitality,2,18806,23893,286721,286721,25,34,3.06,567,26,31,2,Y,N,20260425,20260422,20260415,44777.88,36500,8277.88,590.79,Sarawak,Y,0,796,1,Low,PL,MG
9/2/2026,1000000000000893,28271485745,Approve,82309430,Gold,Visa,S,O3,0,0,0,A,A,A,F,55,Malay,MAL,DIVORCED,Bachelor Degree,6,OWNED,Technician,Food & Beverage,23,20051,26942,323307,323307,32,38,8.45,7329,27,37,5,Y,N,20260125,20260110,20251214,61871.75,45000,16871.75,1276.73,Selangor,0,0,742,1,Fair,GD,IN
9/2/2026,1000000000000894,28597677602,Approve,94691533,Gold,Visa,P,O5,0,0,94850000,A,D,D,F,31,Malay,MAL,DIVORCED,Diploma,9,RENTING,Army Personnel,Food & Beverage,9,5594,6873,82480,82480,57,69,12.83,7277,60,70,3,Y,N,20260109,20251230,20251201,11875.59,8500,3375.59,1182.46,Selangor,1,0,404,3,Low,PL,V3
9/2/2026,1000000000000895,20748434588,Approve,40503941,Gold,Master,P,B2,0,0,94850000,A,A,A,M,31,Chinese,MAL,SINGLE,Bachelor Degree,3,OWNED,Factory Worker,Construction,13,8372,10390,124685,124685,24,36,1.07,4897,21,28,1,Y,N,20251117,20251111,20251108,39271.54,28500,10771.54,379.74,Pulau Pinang,N,0,666,1,Low,C2,C2
9/2/2026,1000000000000896,25420730459,Approve,89318677,Platinum,Visa,P,B2,0,0,0,A,-, ,M,51,Malay,MAL,SINGLE,SPM,14,MORTGAGE,Security Guard,Real Estate,9,19742,26153,313842,313842,11,14,11.34,5664,10,13,5,N,Y,0,20260618,20260526,55586.76,38000,17586.76,1879.45,Johor,0,0,784,1,Very Good,PL,PL
9/2/2026,1000000000000897,29567146410,Approve,23588167,Platinum,Visa,S,O1,0,0,0,A,A, ,M,30,Malay,MAL,SINGLE,Bachelor Degree,5,RENTING,Engineer,Manufacturing,6,20493,24741,296896,296896,23,33,5.26,4524,25,31,2,N,Y,0,20260523,20260503,72118.57,49500,22618.57,202.74,Johor,1,0,767,4,No Score,CL,C2
9/2/2026,1000000000000898,27210774031,Approve,60252469,Platinum,Visa,S,O1,0,0,94850000,A,H, ,F,22,Others,MAL,SINGLE,Bachelor Degree,0,OWNED,IT Executive,Healthcare,3,18573,23778,285346,285346,25,33,16.8,3610,30,31,2,Y,Y,20260918,20260905,20260808,57327.46,43000,14327.46,897.68,Johor,1,0,729,3,No Score,CL,MG
9/2/2026,1000000000000899,28689463937,Approve,58839945,Platinum,Master,S,U3,0,0,88,A,B,N,M,56,Malay,MAL,MARRIED,Bachelor Degree,3,RENTING,Administrator,Retail Trade,18,24297,32582,390994,390994,25,32,12.02,7813,21,29,2,N,Y,0,20260619,20260605,64236.86,45000,19236.86,1383.24,Perak,0,0,774,2,Good,IN,BC
9/2/2026,1000000000000900,29555401489,Approve,37618698,Platinum,Master,P,O3,0,0,94850000,A,D, ,M,55,Malay,MAL,SINGLE,Diploma,26,OWNED,Lecturer,Wholesale,36,22347,26048,312579,312579,13,14,5.92,1675,11,21,3,Y,N,20260821,20260808,20260803,63467.27,48000,15467.27,1246.61,Pahang,1,0,780,1,Fair,MG,IN
9/2/2026,1000000000000901,22231258297,Approve,36775702,Infinite,Master,P,R5,0,0,88,A,H,N,M,45,Indian,MAL,MARRIED,Diploma,22,OWNED,Administrator,Hospitality,7,20017,26516,318201,318201,17,18,17.46,4486,13,21,1,N,N,0,20251012,20250915,44550.46,34500,10050.46,1406.45,Kuala Lumpur,0,0,768,1,Fair,BC,BC
9/2/2026,1000000000000902,28312926813,Approve,16587691,Platinum,Visa,P,T2,0,0,94850000,A,D,A,F,28,Chinese,MAL,MARRIED,Diploma,10,OWNED,Manager,Hospitality,9,24064,32285,387428,387428,19,22,16.88,5831,26,29,2,N,Y,0,20251107,20251020,64838.92,44000,20838.92,644.81,Selangor,1,0,766,4,Very Good,PL,IN
9/2/2026,1000000000000903,24442829846,Approve,17919095,Platinum,Master,S,O1,0,0,94850000,A,H,N,F,63,Malay,MAL,MARRIED,Bachelor Degree,4,OWNED,Clerk,Food & Beverage,33,3958,4867,58409,58409,16,21,13.56,5990,7,19,3,N,Y,0,20260314,20260312,46415.31,32000,14415.31,737.45,Pahang,0,0,714,4,Excellent,V3,MG
9/2/2026,1000000000000904,25509419561,Approve,72741164,Gold,Visa,S,U1,0,0,0,A,H,D,M,60,Malay,MAL,SINGLE,Bachelor Degree,20,MORTGAGE,Technician,Plantation,28,12038,15878,190536,190536,26,33,1.34,3657,35,40,3,N,Y,0,20260609,20260526,36146.42,27000,9146.42,867.7,Melaka,0,0,706,4,Low,MG,IN
9/2/2026,1000000000000905,22046006453,Approve,33380752,Infinite,Visa,S,O1,0,0,1,A,B, ,F,52,Malay,MAL,MARRIED,SPM,25,MORTGAGE,Accountant,Construction,8,22745,29777,357334,357334,16,19,10.8,5869,15,22,1,N,Y,0,20260325,20260314,47697.08,35500,12197.08,1608.57,Perak,N,0,784,2,Low,MG,C2
9/2/2026,1000000000000906,21187796435,Approve,17111386,Gold,Master,S,B1,0,0,88,A,D,N,F,26,Malay,MAL,SINGLE,SPM,0,OWNED,Self-Employed,Real Estate,3,16441,19348,232183,232183,26,34,10.83,4998,31,37,2,N,N,0,20260810,20260728,31803.28,22500,9303.28,903.36,Pahang,Y,0,543,2,Good,V3,IN
9/2/2026,1000000000000907,21925970055,Approve,69509870,Gold,Visa,P,U1,0,0,0,A,D,A,F,42,Chinese,MAL,SINGLE,Certificate,22,RENTING,Accountant,Construction,7,13983,16478,197744,197744,30,31,16.26,1369,36,47,2,Y,N,20260304,20260226,20260127,36070.79,29500,6570.79,923.97,Johor,Y,0,597,4,Low,PL,IN
9/2/2026,1000000000000908,28410258922,Approve,48496523,Platinum,Master,S,O5,0,0,1,A,H,D,F,57,Chinese,MAL,MARRIED,Diploma,14,MORTGAGE,IT Executive,Transportation,10,23070,30704,368457,368457,14,25,3.01,1190,13,20,2,Y,Y,20251109,20251026,20251022,47173.36,39000,8173.36,1054.14,Selangor,0,0,797,4,No Score,PL,GD
9/2/2026,1000000000000909,27716917688,Approve,70495804,Infinite,Visa,P,O5,0,0,94850000,A,B,D,M,59,Chinese,MAL,DIVORCED,Bachelor Degree,17,FAMILY OWNED,Retail Assistant,Construction,29,11025,13133,157607,157607,33,37,2.96,6304,37,38,3,N,Y,0,20260626,20260608,48029.04,35000,13029.04,1583.88,Selangor,1,0,722,1,Low,MG,MG
9/2/2026,1000000000000910,24874601053,Approve,27547766,Platinum,Master,S,B2,0,0,88,A,-,A,M,21,Chinese,MAL,MARRIED,SPM,0,OWNED,Factory Worker,Construction,2,17651,21915,262987,262987,29,34,11.67,2177,28,33,3,Y,N,20260329,20260312,20260212,32260.18,23500,8760.18,723.08,Negeri Sembilan,1,0,639,2,Excellent,C2,IN
9/2/2026,1000000000000911,23443149085,Approve,11633133,Gold,Visa,S,R2,0,0,88,A,H,N,F,48,Chinese,MAL,MARRIED,SPM,14,RENTING,Doctor,Professional Services,26,17926,20681,248181,248181,25,36,15.53,4983,24,31,2,Y,Y,20250926,20250916,20250901,35802.03,27000,8802.03,1548.39,Sabah,1,0,653,3,Very Good,CL,PL
9/2/2026,1000000000000912,20378679206,Approve,72400868,Platinum,Visa,P,R1,0,0,0,A,B,D,M,49,Chinese,MAL,SINGLE,Certificate,31,RENTING,Clerk,Transportation,5,20804,24795,297551,297551,33,35,5.52,4773,41,44,2,N,Y,0,20260618,20260531,68304.1,46500,21804.1,1338.1,Sarawak,Y,0,724,4,No Score,BC,BC
9/2/2026,1000000000000913,29210200570,Approve,35113062,Classic,Visa,S,R2,0,0,88,A,H,D,M,33,Malay,MAL,SINGLE,SPM,1,RENTING,Engineer,Manufacturing,10,6065,7766,93199,93199,34,40,9.01,4563,52,55,3,Y,N,20250904,20250901,20250829,22496.35,18500,3996.35,115.48,Kedah,Y,0,604,3,Good,C2,C2
9/2/2026,1000000000000914,25239881629,Approve,91749555,Gold,Master,S,B6,0,0,94850000,A,A, ,F,63,Malay,MAL,SINGLE,Bachelor Degree,35,RENTING,Driver,Oil & Gas,7,24004,30343,364119,364119,31,36,16.93,7586,32,41,3,Y,Y,20260124,20260118,20260114,68019.18,55000,13019.18,1250.15,Selangor,0,0,761,4,Very Good,MG,PL
9/2/2026,1000000000000915,27532539067,Approve,50600554,Gold,Master,P,R2,0,0,1,A,A,A,M,62,Malay,MAL,MARRIED,Bachelor Degree,2,MORTGAGE,Army Personnel,Construction,16,23083,29828,357936,357936,11,14,10.08,6974,13,16,1,Y,Y,20260529,20260512,20260416,76422.09,53500,22922.09,912.21,Sabah,Y,0,768,1,Fair,BC,C2
9/2/2026,1000000000000916,20608272327,Approve,83359637,Platinum,Master,P,R5,0,0,1,A,H,N,M,53,Malay,MAL,MARRIED,Bachelor Degree,8,OWNED,IT Executive,Food & Beverage,27,13844,16774,201297,201297,24,33,15.52,4501,34,37,2,Y,N,20260303,20260218,20260129,62317.43,43500,18817.43,644.48,Pahang,N,0,776,1,Very Good,BC,CL
9/2/2026,1000000000000917,20500686722,Approve,13237762,Gold,Master,P,R2,0,0,94850000,A,A,A,M,38,Malay,MAL,SINGLE,SPM,17,OWNED,Army Personnel,Financial Services,16,8335,10920,131040,131040,17,23,9.74,1220,21,28,5,N,Y,0,20260803,20260717,45313.18,35000,10313.18,1055.7,Johor,Y,0,718,2,No Score,PL,IN
9/2/2026,1000000000000918,25660408372,Approve,15273520,Gold,Visa,S,U1,0,0,0,A,H, ,F,59,Chinese,MAL,SINGLE,SPM,25,MORTGAGE,Engineer,Real Estate,26,6390,7463,89566,89566,33,38,13.24,2434,34,38,5,Y,N,20260308,20260304,20260213,37761.1,27000,10761.1,923.99,Kedah,1,0,619,1,Very Good,MG,MG
9/2/2026,1000000000000919,20739019578,Approve,22000294,Infinite,Master,S,R2,0,0,88,A,-,A,F,37,Malay,MAL,MARRIED,Bachelor Degree,8,RENTING,Army Personnel,Construction,18,18778,24411,292936,292936,11,15,10.83,4413,9,17,1,N,N,0,20260524,20260512,74924.91,51000,23924.91,1357.92,Negeri Sembilan,N,0,774,4,Fair,CL,C2
9/2/2026,1000000000000920,20652639508,Approve,88538733,Platinum,Visa,P,B6,0,0,94850000,A,B, ,M,43,Indian,MAL,MARRIED,Diploma,10,OWNED,Factory Worker,Healthcare,10,24459,32586,391042,391042,15,26,15.24,5522,11,21,3,Y,N,20260427,20260416,20260409,57664.62,47500,10164.62,1495.66,Perak,Y,0,787,3,Low,V3,MG
9/2/2026,1000000000000921,20092322425,Approve,50350996,Infinite,Master,P,U1,0,0,0,A,H,D,F,47,Malay,MAL,SINGLE,SPM,13,OWNED,Supervisor,Government,10,19791,23980,287771,287771,15,19,0.65,7789,14,23,2,N,N,0,20251214,20251130,55644.38,39500,16144.38,704.9,Perak,Y,0,706,2,Good,C2,GD
9/2/2026,1000000000000922,24417869656,Approve,22641675,Gold,Visa,S,T1,0,0,94850000,A,D, ,F,60,Malay,MAL,SINGLE,Master Degree,35,OWNED,Manager,Education,28,24034,30237,362852,362852,25,32,7.7,7546,23,29,1,N,Y,0,20260202,20260113,66043.55,47000,19043.55,675.57,Selangor,Y,0,757,3,Excellent,IN,BC
9/2/2026,1000000000000923,24508812799,Approve,60782232,Infinite,Master,P,B2,0,0,94850000,A,B, ,M,23,Malay,MAL,SINGLE,Bachelor Degree,0,OWNED,Teacher,Financial Services,5,16393,20107,241287,241287,31,33,14.77,6112,29,35,5,Y,N,20250905,20250904,20250822,36330.14,29000,7330.14,1909.02,Perak,Y,0,651,4,No Score,C2,CL
9/2/2026,1000000000000924,23917617728,Approve,58279096,Gold,Master,P,T3,0,0,0,A,H,D,M,50,Chinese,MAL,MARRIED,SPM,17,OWNED,Doctor,Agriculture,21,17587,23630,283570,283570,28,33,4.37,5956,25,32,2,Y,Y,20260423,20260413,20260403,41689.46,30500,11189.46,330.73,Kelantan,Y,0,697,1,Very Good,CL,CL
9/2/2026,1000000000000925,24419802934,Approve,56548066,Classic,Visa,P,R1,0,0,0,A,A,N,M,51,Malay,MAL,MARRIED,Diploma,8,OWNED,Retail Assistant,Telecommunications,20,14664,17977,215734,215734,36,38,8.48,6958,39,44,5,N,N,0,20260313,20260302,48632.52,35000,13632.52,66.76,Sarawak,Y,0,581,1,Low,BC,PL
9/2/2026,1000000000000926,25610523360,Approve,53015114,Classic,Master,S,O3,0,0,88,A,D,D,M,31,Malay,MAL,DIVORCED,SPM,6,RENTING,Retail Assistant,Retail Trade,13,10667,13406,160881,160881,29,30,8.42,7332,42,44,2,N,N,0,20260111,20251230,47823.12,32500,15323.12,1653,Terengganu,Y,0,641,2,Fair,V3,C2
9/2/2026,1000000000000927,29078895834,Approve,97118551,Platinum,Visa,S,R1,0,0,88,A,A,A,M,57,Malay,MAL,MARRIED,SPM,10,OWNED,Manager,Agriculture,2,10337,13772,165269,165269,20,28,6.39,1649,24,25,3,N,Y,0,20260130,20260106,55253.02,37500,17753.02,764.91,Selangor,Y,0,677,2,Low,PL,CL
9/2/2026,1000000000000928,23093870345,Approve,36059032,Gold,Visa,S,T1,0,0,88,A,-, ,F,53,Malay,MAL,SINGLE,Diploma,14,FAMILY OWNED,Civil Servant,Government,13,12489,15794,189536,189536,21,30,15.76,7924,17,29,5,Y,Y,20260813,20260724,20260721,62920.92,43500,19420.92,1971.2,Kelantan,N,0,817,3,Good,CL,V3
9/2/2026,1000000000000929,20014604205,Approve,79930055,Platinum,Visa,P,T1,0,0,0,A,-,N,M,40,Chinese,MAL,MARRIED,Certificate,1,RENTING,Doctor,Real Estate,14,17933,22353,268246,268246,28,35,3.17,6971,25,33,1,N,N,0,20251201,20251103,47612.11,36500,11112.11,346.5,Selangor,1,0,661,2,No Score,CL,IN
9/2/2026,1000000000000930,23933170754,Approve,76790446,Platinum,Master,P,U3,0,0,0,A,A,A,M,36,Malay,MAL,MARRIED,SPM,13,MORTGAGE,Army Personnel,Food & Beverage,15,23279,27027,324328,324328,10,15,3.67,7485,5,13,1,Y,N,20260505,20260504,20260413,66603.48,45500,21103.48,1390.58,Perak,Y,0,789,1,No Score,BC,CL
9/2/2026,1000000000000931,23991282361,Approve,51958454,Classic,Master,P,R2,0,0,94850000,A,D,A,F,44,Chinese,MAL,MARRIED,STPM,0,RENTING,Contractor,Agriculture,11,5517,6371,76454,76454,30,39,0,6368,35,45,1,Y,Y,20260604,20260524,20260503,20250.62,14500,5750.62,1239.01,Kuala Lumpur,0,0,565,4,Very Good,MG,GD
9/2/2026,1000000000000932,25263119314,Approve,87619624,Platinum,Master,S,B2,0,0,94850000,A,D,N,F,48,Malay,MAL,MARRIED,SPM,10,OWNED,Lecturer,Agriculture,7,22019,28163,337961,337961,18,26,8.51,6585,18,26,5,N,Y,0,20260221,20260213,74589.91,57500,17089.91,1026.61,Selangor,0,0,850,1,Low,IN,GD
9/2/2026,1000000000000933,20880737513,Approve,24217417,Platinum,Visa,S,O3,0,0,0,A,D, ,F,58,Malay,MAL,MARRIED,SPM,10,OWNED,Army Personnel,Professional Services,33,23754,28652,343834,343834,10,19,2.74,1278,5,15,5,Y,N,20260928,20260910,20260813,45081.35,37000,8081.35,1641.38,Kuala Lumpur,Y,0,820,4,Fair,PL,C2
9/2/2026,1000000000000934,22444440004,Approve,84576894,Gold,Visa,S,U1,0,0,1,A,D,N,M,22,Chinese,MAL,SINGLE,STPM,2,OWNED,Doctor,Retail Trade,1,4565,6128,73543,73543,26,34,12.08,1307,34,40,2,N,Y,0,20260107,20260101,33640.49,26000,7640.49,400.23,Negeri Sembilan,1,0,706,4,Fair,C2,PL
9/2/2026,1000000000000935,27490461980,Approve,40080495,Platinum,Master,P,B2,0,0,94850000,A,B,D,M,48,Malay,MAL,WIDOWED,Bachelor Degree,5,EMPLOYER PROVIDED,Supervisor,Construction,22,17019,22242,266904,266904,22,29,4.31,7685,19,31,2,N,N,0,20260301,20260222,62906.56,45500,17406.56,471.85,Kedah,1,0,723,2,Fair,PL,PL
9/2/2026,1000000000000936,21517079472,Approve,81598057,Platinum,Master,S,R5,0,0,88,A,-,A,F,36,Chinese,MAL,SINGLE,Bachelor Degree,11,RENTING,Supervisor,Real Estate,14,14466,19467,233604,233604,33,45,7.77,5726,34,37,3,N,Y,0,20260420,20260419,51716.14,34500,17216.14,1629.44,Sarawak,1,0,752,4,Low,MG,C2
9/2/2026,1000000000000937,23258620200,Approve,46595028,Platinum,Visa,P,T1,0,0,1,A,A,N,F,62,Malay,MAL,MARRIED,SPM,8,FAMILY OWNED,Manager,Government,8,23267,30414,364969,364969,33,43,8.34,7238,37,44,1,N,N,0,20251128,20251105,51926.89,37500,14426.89,702.15,Pulau Pinang,Y,0,643,3,Very Good,PL,IN
9/2/2026,1000000000000938,24552005123,Approve,13345404,Infinite,Master,P,R2,0,0,94850000,A,-,A,F,41,Malay,MAL,MARRIED,STPM,19,FAMILY OWNED,Retail Assistant,Professional Services,20,2363,2815,33789,33789,27,31,6.95,980,25,32,3,Y,Y,20260317,20260305,20260301,24708.49,19500,5208.49,897.48,Sarawak,0,0,626,2,Fair,V3,GD
9/2/2026,1000000000000939,27048615424,Approve,31921179,Gold,Visa,S,R5,0,0,88,A,D,D,F,51,Malay,MAL,SINGLE,Master Degree,1,RENTING,Engineer,Real Estate,15,3630,4897,58767,58767,19,27,6.83,1035,24,30,2,Y,Y,20260806,20260727,20260712,24943.98,19500,5443.98,384.86,Johor,Y,0,697,2,Very Good,BC,GD
9/2/2026,1000000000000940,22205392606,Approve,81567782,Gold,Master,S,U1,0,0,1,A,A,N,M,57,Malay,MAL,SINGLE,Bachelor Degree,23,MORTGAGE,Teacher,Government,22,13379,15533,186396,186396,30,42,0.98,906,30,40,1,Y,N,20260118,20260102,20251203,44444.16,35500,8944.16,263.39,Sabah,1,0,649,4,Very Good,IN,GD
9/2/2026,1000000000000941,21001689284,Approve,75387965,Gold,Master,P,U3,0,0,1,A,B,N,M,27,Others,MAL,SINGLE,SPM,4,OWNED,IT Executive,Professional Services,6,18454,23011,276134,276134,20,27,17.82,4006,14,26,3,Y,Y,20260407,20260401,20260331,64078.34,43000,21078.34,856,Sabah,1,0,678,3,Excellent,V3,C2
9/2/2026,1000000000000942,24758150918,Approve,89246165,Platinum,Master,S,U2,0,0,88,A,B,N,F,53,Chinese,MAL,SINGLE,SPM,0,RENTING,Sales Executive,Real Estate,26,17884,22162,265946,265946,30,41,2.95,5938,24,35,1,N,Y,0,20250815,20250811,50607.21,40000,10607.21,291.91,Sarawak,N,0,675,3,Fair,BC,CL
9/2/2026,1000000000000943,25500125614,Approve,33760048,Gold,Visa,S,T2,0,0,94850000,A,D, ,F,27,Malay,MAL,WIDOWED,STPM,1,FAMILY OWNED,Sales Executive,Plantation,7,21693,29265,351183,351183,20,25,0.71,6564,22,30,5,Y,N,20260203,20260122,20260109,55486.3,41500,13986.3,316.45,Negeri Sembilan,Y,0,786,2,Good,C2,BC
9/2/2026,1000000000000944,28456260026,Approve,88769907,Platinum,Visa,P,B6,0,0,1,A,B,N,M,39,Chinese,MAL,SINGLE,Bachelor Degree,3,OWNED,Police Officer,Oil & Gas,13,24928,33647,403764,403764,12,16,5.99,2502,14,19,3,Y,N,20260606,20260529,20260508,82562.88,56000,26562.88,576.83,Selangor,1,0,768,2,Fair,PL,BC
9/2/2026,1000000000000945,26208513333,Approve,85928329,Infinite,Visa,S,T1,0,0,88,A,B,A,M,50,Indian,MAL,SINGLE,Diploma,30,OWNED,Supervisor,Healthcare,27,5833,7771,93255,93255,13,15,8.52,1187,13,18,3,Y,N,20260625,20260623,20260604,42319.3,31000,11319.3,1708.5,Pulau Pinang,N,0,705,4,No Score,V3,PL
9/2/2026,1000000000000946,20206760876,Approve,99228124,Platinum,Visa,P,T2,0,0,94850000,A,-,D,F,47,Malay,MAL,DIVORCED,Diploma,5,MORTGAGE,Nurse,Construction,14,17850,21739,260870,260870,22,24,17.48,6182,21,28,5,N,Y,0,20260606,20260521,70440,50000,20440,1676.63,Selangor,N,0,788,3,Low,CL,PL
9/2/2026,1000000000000947,20623493969,Approve,16074522,Platinum,Visa,P,B1,0,0,1,A,H,N,F,55,Malay,MAL,SINGLE,SPM,25,RENTING,Security Guard,Manufacturing,15,20719,24974,299699,299699,28,29,1.85,2255,22,34,5,Y,Y,20260606,20260604,20260508,54729.3,45500,9229.3,1224.95,Sabah,Y,0,727,1,No Score,C2,MG
9/2/2026,1000000000000948,25474570002,Approve,14167151,Gold,Master,S,T1,0,0,94850000,A,-,A,F,38,Malay,MAL,MARRIED,SPM,12,OWNED,Factory Worker,Construction,10,13858,17037,204452,204452,20,23,2.66,2794,23,33,1,N,N,0,20260801,20260720,58757.66,40500,18257.66,342.13,Selangor,1,0,665,3,Excellent,MG,MG
9/2/2026,1000000000000949,25544114944,Approve,40962513,Gold,Master,P,B2,0,0,94850000,A,B,N,F,50,Chinese,MAL,MARRIED,SPM,1,OWNED,Manager,Plantation,6,13934,18154,217849,217849,26,36,11.17,6403,26,32,2,Y,Y,20260919,20260911,20260824,35516.12,29500,6016.12,1222.8,Pulau Pinang,0,0,712,4,Very Good,IN,CL
9/2/2026,1000000000000950,25964230236,Approve,95171884,Platinum,Visa,S,O1,0,0,1,A,B,A,F,46,Malay,MAL,SINGLE,Bachelor Degree,12,RENTING,Clerk,Food & Beverage,4,21219,28442,341308,341308,22,26,0.44,6840,26,32,2,Y,N,20260723,20260710,20260616,50099.57,39500,10599.57,1420.46,Pulau Pinang,1,0,683,1,Excellent,CL,MG
9/2/2026,1000000000000951,22231004620,Approve,52801767,Infinite,Master,S,R2,0,0,88,A,D,D,M,59,Chinese,MAL,SINGLE,SPM,31,MORTGAGE,Technician,Wholesale,36,23533,31337,376046,376046,10,16,13.34,3941,11,17,5,N,Y,0,20251225,20251221,77043.96,54500,22543.96,732.27,Perak,1,0,850,2,Excellent,PL,C2
9/2/2026,1000000000000952,29590385491,Approve,68848427,Platinum,Master,S,R2,0,0,94850000,A,A,A,F,38,Malay,MAL,SINGLE,SPM,7,RENTING,Security Guard,Oil & Gas,14,20739,26518,318220,318220,16,20,17.46,7071,7,19,3,Y,Y,20260726,20260714,20260707,40672.43,32000,8672.43,1713.47,Selangor,Y,0,715,4,Very Good,MG,IN
9/2/2026,1000000000000953,21846666989,Approve,33075119,Platinum,Master,P,B2,0,0,1,A,A,N,F,51,Malay,MAL,SINGLE,Bachelor Degree,23,FAMILY OWNED,Civil Servant,Professional Services,8,10931,13444,161331,161331,21,33,2.6,4592,26,29,5,Y,Y,20260314,20260304,20260213,48237.62,33500,14737.62,436.44,Kuala Lumpur,0,0,761,2,No Score,CL,CL
9/2/2026,1000000000000954,20859876516,Approve,94937322,Infinite,Master,S,O1,0,0,1,A,D,D,M,33,Indian,MAL,MARRIED,SPM,12,OWNED,Engineer,Retail Trade,11,14072,18122,217473,217473,35,36,1.79,1584,43,48,1,Y,Y,20260127,20260118,20260113,34805.48,28500,6305.48,713.9,Selangor,N,0,618,1,Fair,MG,IN
9/2/2026,1000000000000955,22875884858,Approve,54149522,Classic,Visa,S,O1,0,0,88,A,B, ,F,30,Indian,MAL,MARRIED,Bachelor Degree,1,OWNED,Self-Employed,Healthcare,6,5712,7423,89086,89086,27,29,10.04,6339,34,40,5,Y,N,20260117,20260106,20251214,26589.83,18500,8089.83,1434.49,Terengganu,N,0,503,1,Fair,C2,MG
9/2/2026,1000000000000956,25837696670,Approve,93483529,Classic,Visa,S,T2,0,0,94850000,A,H,N,F,52,Malay,MAL,MARRIED,Diploma,3,OWNED,Administrator,Education,12,7869,9357,112288,112288,28,31,15.81,2115,34,39,1,N,N,0,20260216,20260209,36070.85,24500,11570.85,921.62,Selangor,1,0,658,1,Fair,IN,GD
9/2/2026,1000000000000957,25573945525,Approve,60089292,Gold,Visa,P,R5,0,0,88,A,D, ,F,23,Chinese,MAL,MARRIED,SPM,0,FAMILY OWNED,Contractor,Telecommunications,5,15964,21244,254934,254934,30,40,9.16,909,38,47,3,Y,Y,20251125,20251124,20251115,34648.08,24000,10648.08,1621.63,Perak,1,0,547,4,Fair,V3,GD
9/2/2026,1000000000000958,22242757894,Approve,47465014,Infinite,Visa,S,R5,0,0,1,A,A,N,F,43,Chinese,MAL,MARRIED,Diploma,18,RENTING,Businessman,Telecommunications,17,24216,27866,334403,334403,20,28,16.55,4149,24,32,1,N,Y,0,20260524,20260428,74662.05,50000,24662.05,845.45,Kedah,N,0,732,1,No Score,PL,CL
9/2/2026,1000000000000959,20688372122,Approve,98412110,Platinum,Master,S,U2,0,0,88,A,H,A,M,37,Others,MAL,DIVORCED,SPM,7,OWNED,Teacher,Plantation,13,20172,26433,317196,317196,14,22,14.48,4219,22,24,1,Y,Y,20250925,20250921,20250901,69743.48,49000,20743.48,1603.22,Sabah,0,0,793,1,Excellent,GD,CL
9/2/2026,1000000000000960,25503714435,Approve,11669962,Gold,Master,S,T3,0,0,94850000,A,A,N,F,37,Malay,MAL,SINGLE,Bachelor Degree,11,RENTING,Chef,Professional Services,9,9943,13411,160942,160942,20,29,17.98,3773,24,34,2,N,Y,0,20250922,20250914,37272.76,27000,10272.76,764.23,Johor,Y,0,695,1,Fair,PL,MG
9/2/2026,1000000000000961,20963907017,Approve,64426605,Platinum,Visa,P,B1,0,0,94850000,A,-,N,M,22,Malay,MAL,SINGLE,Bachelor Degree,4,OWNED,Chef,Healthcare,0,7113,8462,101555,101555,22,31,0.11,2455,29,37,3,Y,Y,20260831,20260816,20260808,14976.15,12000,2976.15,1592.01,Selangor,Y,0,408,2,Very Good,PL,BC
9/2/2026,1000000000000962,27782548934,Approve,99825064,Platinum,Visa,S,O5,0,0,88,A,B,N,F,26,Malay,MAL,SINGLE,Bachelor Degree,6,RENTING,Accountant,Agriculture,4,1909,2429,29154,29154,34,39,17.51,5323,40,48,5,Y,N,20260118,20260113,20260104,12038,9000,3038,1110.14,Terengganu,Y,0,434,3,Very Good,C2,GD
9/2/2026,1000000000000963,23589469848,Approve,58865252,Gold,Master,P,U3,0,0,0,A,B,A,M,65,Malay,MAL,MARRIED,SPM,30,RENTING,Supervisor,Professional Services,6,19349,25881,310575,310575,17,25,12.02,5539,13,22,1,Y,Y,20251008,20250924,20250825,52400.44,35500,16900.44,597.82,Kuala Lumpur,1,0,714,4,Excellent,PL,MG
9/2/2026,1000000000000964,28756818151,Approve,27069555,Gold,Visa,P,U3,0,0,0,A,A,N,F,23,Chinese,MAL,MARRIED,SPM,5,OWNED,Civil Servant,Construction,5,13676,18156,217877,217877,27,35,9.97,1505,30,36,2,N,Y,0,20251125,20251113,38180.06,30000,8180.06,586.45,Johor,1,0,633,4,No Score,PL,BC
9/2/2026,1000000000000965,20213441455,Approve,47762314,Platinum,Master,S,R2,0,0,94850000,A,H,N,M,49,Malay,MAL,SINGLE,SPM,8,MORTGAGE,Civil Servant,Plantation,7,18348,23321,279860,279860,18,29,12.84,6535,19,22,3,Y,Y,20260316,20260228,20260221,64124.12,49000,15124.12,1215.11,Selangor,1,0,765,4,No Score,PL,CL
9/2/2026,1000000000000966,29234714167,Approve,88512902,Platinum,Master,P,U3,0,0,0,A,D, ,F,44,Chinese,MAL,MARRIED,Diploma,1,OWNED,Lecturer,Manufacturing,6,8104,10577,126934,126934,51,53,17.32,2219,57,64,5,N,Y,0,20251223,20251212,25595.74,17500,8095.74,1095.24,Kelantan,1,0,503,2,Good,IN,MG
9/2/2026,1000000000000967,23655542054,Approve,40590640,Gold,Master,S,B1,0,0,88,A,B,D,F,41,Indian,MAL,SINGLE,Diploma,16,RENTING,Lecturer,Professional Services,22,23652,31545,378549,378549,27,30,10.13,4728,24,34,2,Y,Y,20260112,20251224,20251218,59357.04,43000,16357.04,557.61,Perak,N,0,755,4,No Score,IN,CL
9/2/2026,1000000000000968,23246191646,Approve,45415982,Gold,Master,P,R5,0,0,0,A,-, ,M,41,Chinese,MAL,MARRIED,SPM,18,OWNED,Army Personnel,Manufacturing,17,16941,22665,271987,271987,10,11,3.81,1979,5,12,3,Y,Y,20250912,20250902,20250811,61410.67,43500,17910.67,1661.59,Sabah,Y,0,831,4,Very Good,IN,BC
9/2/2026,1000000000000969,20927337503,Approve,43701513,Platinum,Visa,S,T1,0,0,0,A,D,D,M,49,Chinese,MAL,MARRIED,Master Degree,8,RENTING,Lecturer,Education,23,24804,29442,353310,353310,20,23,2.65,3362,19,24,2,Y,N,20260604,20260529,20260506,81472.83,57000,24472.83,933.44,Kelantan,Y,0,817,3,Good,V3,IN
9/2/2026,1000000000000970,29125202549,Approve,92784261,Platinum,Visa,S,B2,0,0,1,A,D,A,F,39,Malay,MAL,SINGLE,Diploma,10,RENTING,Factory Worker,Hospitality,1,13408,17713,212564,212564,36,45,2.36,6096,42,49,1,N,Y,0,20250905,20250814,33876.41,27000,6876.41,1201.57,Kuala Lumpur,N,0,549,1,Low,IN,PL
9/2/2026,1000000000000971,27671613270,Approve,47848959,Platinum,Visa,P,O3,0,0,88,A,A,N,M,29,Malay,MAL,MARRIED,STPM,9,FAMILY OWNED,Clerk,Real Estate,11,21238,27480,329771,329771,18,30,16.44,4801,23,26,3,N,Y,0,20260308,20260212,69376.76,47500,21876.76,1725.21,Pulau Pinang,1,0,681,2,Low,MG,IN
9/2/2026,1000000000000972,22156876636,Approve,33803546,Classic,Master,P,R5,0,0,88,A,B,A,M,51,Indian,MAL,SINGLE,Primary,3,OWNED,Manager,Wholesale,16,7853,9469,113634,113634,24,36,12.9,5136,26,29,5,N,N,0,20260118,20251227,37578.61,27000,10578.61,551.2,Perak,N,0,620,3,Low,BC,C2
9/2/2026,1000000000000973,23942539353,Approve,13906571,Platinum,Master,S,B6,0,0,94850000,A,A,A,F,24,Malay,MAL,DIVORCED,Bachelor Degree,0,RENTING,Retail Assistant,Financial Services,6,2078,2451,29419,29419,29,36,15.39,4609,40,48,2,Y,Y,20251015,20251008,20250911,17103.64,14000,3103.64,133.61,Melaka,0,0,571,1,Good,BC,MG
9/2/2026,1000000000000974,21281984118,Approve,31824462,Gold,Master,S,T2,0,0,94850000,A,D,D,M,56,Chinese,MAL,MARRIED,Master Degree,13,RENTING,Accountant,Government,34,11703,14602,175235,175235,28,37,16.84,1241,43,46,2,N,Y,0,20260901,20260817,30198.89,25000,5198.89,1746.12,Sabah,N,0,634,2,Low,MG,GD
9/2/2026,1000000000000975,22212119321,Approve,91582537,Classic,Master,S,U1,0,0,94850000,A,D,N,F,57,Malay,MAL,SINGLE,Diploma,20,RENTING,Contractor,Oil & Gas,18,11755,13721,164661,164661,31,35,0.05,2189,35,44,2,N,Y,0,20260520,20260503,31682.25,22500,9182.25,1894.97,Kuala Lumpur,N,0,528,3,Good,MG,V3
9/2/2026,1000000000000976,20141357653,Approve,79204870,Platinum,Visa,P,R1,0,0,88,A,-, ,F,42,Malay,MAL,SINGLE,Bachelor Degree,4,RENTING,Army Personnel,Agriculture,1,22363,29046,348560,348560,34,40,12.82,5180,28,39,5,Y,Y,20251230,20251227,20251201,58513.78,39500,19013.78,925.6,Pahang,0,0,785,1,Good,C2,BC
9/2/2026,1000000000000977,20818227587,Approve,61500349,Gold,Master,S,R1,0,0,88,A,H,N,F,43,Malay,MAL,MARRIED,Bachelor Degree,0,MORTGAGE,Retail Assistant,Plantation,13,20554,24716,296600,296600,14,19,0.42,4417,19,21,5,N,Y,0,20260414,20260402,65757.33,51000,14757.33,1343.87,Terengganu,1,0,811,3,No Score,C2,GD
9/2/2026,1000000000000978,24238675634,Approve,98779944,Classic,Master,P,O5,0,0,1,A,H,D,M,46,Malay,MAL,MARRIED,STPM,13,MORTGAGE,Lecturer,Telecommunications,5,4312,5475,65703,65703,48,57,11.28,3648,51,60,3,Y,Y,20260419,20260408,20260330,23669.76,19500,4169.76,1402.35,Kedah,1,0,524,2,Low,CL,IN
9/2/2026,1000000000000979,21156700727,Approve,49379107,Classic,Visa,P,U2,0,0,94850000,A,B,A,F,59,Malay,MAL,WIDOWED,Diploma,10,OWNED,Retail Assistant,Retail Trade,6,9624,12104,145257,145257,29,37,15.6,1570,38,45,3,Y,Y,20250919,20250830,20250814,32145.41,23500,8645.41,1067.69,Johor,N,0,518,3,Low,V3,PL
9/2/2026,1000000000000980,20066106792,Approve,85294759,Infinite,Master,S,R5,0,0,94850000,A,A,N,M,48,Malay,MAL,MARRIED,SPM,28,OWNED,Businessman,Professional Services,18,12575,16931,203177,203177,12,16,12.6,7790,5,15,5,N,N,0,20251122,20251119,38308.74,26000,12308.74,1601.51,Kedah,0,0,765,2,Good,V3,CL
9/2/2026,1000000000000981,27064082231,Approve,52084025,Platinum,Master,P,O5,0,0,88,A,H,D,M,25,Chinese,MAL,MARRIED,Bachelor Degree,1,FAMILY OWNED,Nurse,Professional Services,0,13292,15736,188840,188840,33,41,1.94,7569,33,39,3,Y,N,20260717,20260629,20260610,43766.99,35000,8766.99,1104.34,Selangor,N,0,681,1,Very Good,MG,V3
9/2/2026,1000000000000982,21321087346,Approve,29312960,Platinum,Master,S,U1,0,0,1,A,B, ,F,52,Malay,MAL,MARRIED,Bachelor Degree,25,RENTING,Army Personnel,Real Estate,10,19799,23682,284194,284194,27,30,5.27,5735,28,34,2,Y,N,20260613,20260531,20260504,67010.5,46000,21010.5,1981.14,Kedah,Y,0,748,4,Fair,PL,GD
9/2/2026,1000000000000983,27387052255,Approve,83908190,Infinite,Visa,P,R2,0,0,1,A,H, ,M,45,Indian,MAL,SINGLE,SPM,12,RENTING,Administrator,Hospitality,26,24124,29006,348074,348074,10,17,11.08,7057,7,16,5,Y,Y,20251128,20251118,20251111,51997.38,41500,10497.38,243.33,Selangor,0,0,823,4,Fair,C2,IN
9/2/2026,1000000000000984,25094662210,Approve,18685284,Platinum,Master,S,B6,0,0,88,A,B, ,M,32,Chinese,MAL,SINGLE,Bachelor Degree,2,RENTING,Manager,Government,10,4594,5908,70898,70898,36,43,7.2,5858,55,57,5,Y,Y,20260824,20260806,20260721,23611.02,16500,7111.02,1279.87,Negeri Sembilan,1,0,577,3,Excellent,C2,GD
9/2/2026,1000000000000985,26524329479,Approve,77108172,Platinum,Master,P,O3,0,0,88,A,B,N,M,60,Chinese,MAL,MARRIED,Bachelor Degree,28,OWNED,Driver,Healthcare,38,19193,24000,288011,288011,22,31,12.81,4578,22,26,5,Y,Y,20260131,20260114,20260104,50143.62,36000,14143.62,1962.3,Perak,N,0,736,2,Very Good,GD,BC
9/2/2026,1000000000000986,22904225294,Approve,48780927,Infinite,Visa,S,O5,0,0,88,A,-,D,F,49,Others,MAL,MARRIED,Diploma,28,OWNED,Chef,Real Estate,23,8790,11426,137122,137122,21,23,12,1811,22,34,1,N,Y,0,20260308,20260304,32868.62,27000,5868.62,1249.33,Kedah,N,0,756,2,No Score,CL,C2
9/2/2026,1000000000000987,26166912305,Approve,12305350,Infinite,Master,P,O1,0,0,88,A,H,D,F,25,Malay,MAL,SINGLE,SPM,6,MORTGAGE,Retail Assistant,Hospitality,1,21306,28454,341448,341448,23,28,12.86,5057,20,26,2,N,Y,0,20260809,20260720,34242.61,28000,6242.61,1757.54,Sabah,0,0,656,2,Very Good,V3,MG
9/2/2026,1000000000000988,27477225241,Approve,16186113,Classic,Master,P,R2,0,0,88,A,D, ,M,47,Malay,MAL,MARRIED,SPM,4,MORTGAGE,IT Executive,Transportation,14,9688,12648,151776,151776,43,44,11.62,7118,45,50,3,Y,N,20250911,20250902,20250831,18793.05,13500,5293.05,1714.88,Johor,0,0,469,3,Very Good,BC,IN
9/2/2026,1000000000000989,28049711503,Approve,48701216,Platinum,Visa,S,B6,0,0,0,A,D,D,F,40,Malay,MAL,SINGLE,SPM,22,MORTGAGE,Accountant,Plantation,21,19135,23039,276468,276468,10,11,3.81,3457,9,14,1,N,N,0,20251015,20251002,60460.3,43000,17460.3,1633.09,Johor,0,0,787,3,Fair,CL,C2
9/2/2026,1000000000000990,23539190437,Approve,25370822,Platinum,Visa,P,O3,0,0,1,A,A, ,M,38,Malay,MAL,SINGLE,Diploma,8,MORTGAGE,Engineer,Construction,10,16216,19595,235149,235149,18,27,2.81,552,24,26,3,Y,N,20260305,20260225,20260126,67141.81,46500,20641.81,360.25,Perak,N,0,788,4,Low,V3,CL
9/2/2026,1000000000000991,29311227026,Approve,16150444,Classic,Master,S,B6,0,0,0,A,A,D,F,23,Chinese,MAL,MARRIED,SPM,4,OWNED,Nurse,Food & Beverage,0,10173,11836,142036,142036,21,23,14.05,4806,19,28,5,Y,N,20251020,20251018,20251015,36773.55,26500,10273.55,1454.12,Kedah,N,0,580,4,Low,BC,IN
9/2/2026,1000000000000992,22928103724,Approve,54363784,Platinum,Visa,S,B1,0,0,1,A,B, ,F,40,Chinese,MAL,SINGLE,Certificate,10,RENTING,Driver,Construction,4,18616,21581,258977,258977,28,30,14.07,1946,35,36,1,Y,N,20260618,20260617,20260520,51708.42,40000,11708.42,1131.56,Sarawak,N,0,722,1,No Score,BC,GD
9/2/2026,1000000000000993,23915115010,Approve,22048565,Infinite,Visa,S,U1,0,0,0,A,H,A,M,47,Chinese,MAL,SINGLE,PhD,18,RENTING,Businessman,Retail Trade,11,13411,17854,214251,214251,42,43,15.87,2316,45,50,2,Y,N,20260518,20260511,20260509,30541,21000,9541,1246.66,Pulau Pinang,0,0,502,2,Fair,CL,BC
9/2/2026,1000000000000994,27639375375,Approve,47845920,Platinum,Visa,S,R1,0,0,94850000,A,-,D,M,46,Indian,MAL,SINGLE,Diploma,27,OWNED,Businessman,Wholesale,17,19531,26105,313268,313268,24,25,15.94,3515,28,30,5,Y,N,20260125,20260114,20260109,54676.95,36500,18176.95,1716.14,Selangor,N,0,745,1,Very Good,PL,MG
9/2/2026,1000000000000995,24742173967,Approve,96139714,Platinum,Master,P,U3,0,0,88,A,H,N,F,38,Chinese,MAL,MARRIED,Master Degree,15,OWNED,Chef,Professional Services,13,15653,18330,219964,219964,22,24,10.84,6567,24,27,2,Y,Y,20251004,20250922,20250830,44695.25,33000,11695.25,889.61,Pahang,0,0,649,2,Good,GD,CL
9/2/2026,1000000000000996,21533935801,Approve,93895086,Platinum,Visa,P,O5,0,0,88,A,H,A,F,61,Malay,MAL,SINGLE,Master Degree,34,RENTING,Self-Employed,Construction,35,20913,27483,329806,329806,7,13,6.81,6254,5,12,5,Y,Y,20260926,20260911,20260825,53054.83,42500,10554.83,1089.8,Perak,N,0,740,2,No Score,MG,PL
9/2/2026,1000000000000997,29371303127,Approve,20048946,Platinum,Master,S,U1,0,0,94850000,A,B,A,F,55,Malay,MAL,MARRIED,Bachelor Degree,3,RENTING,Army Personnel,Real Estate,15,24805,28606,343282,343282,18,28,3.13,6967,15,25,3,Y,N,20251125,20251113,20251029,60299.81,48000,12299.81,1151.75,Selangor,1,0,767,4,Very Good,GD,V3
9/2/2026,1000000000000998,26722544156,Approve,45543975,Platinum,Master,P,R1,0,0,1,A,B,A,M,42,Chinese,MAL,MARRIED,SPM,6,RENTING,Army Personnel,Professional Services,20,20411,26543,318527,318527,38,46,16.42,6235,41,50,2,Y,Y,20251021,20251012,20251005,39975.34,30500,9475.34,1698.85,Kuala Lumpur,N,0,720,1,No Score,C2,GD
9/2/2026,1000000000000999,25701079021,Approve,40785793,Platinum,Master,P,U2,0,0,94850000,A,H,N,M,45,Others,MAL,WIDOWED,Bachelor Degree,8,RENTING,Retail Assistant,Healthcare,5,19644,25577,306935,306935,14,18,15.26,7394,17,22,2,Y,Y,20260407,20260330,20260327,44705.99,36000,8705.99,177.47,Johor,1,0,820,1,Fair,CL,C2
