Rcd_DT,CIF_ID,CIF_NM,CIF_NM1,CIF_NM2,MaritalSts,Gender,Citizen,State,Region,Race,NOB,HomeOwn,HomePost,_HomeAddr1,_HomeAddr2,_HomeAddr3,EmpPost,MailPost,Occupation,PayslipTyp,Academic,Emp_NM,SelftEmp_FG,Felda_FG,JoinIncome_FG,RecvPromo_FG,N_Age,N_YrStay,N_YrJob,B_NetIncome,B_GrossIncome,B_AnnualIncome,EmpSts
2026-09-02,95822412,Haikal Ahmad,Haikal,Ahmad,WIDOWED,M,MALAYSIAN,Perak,Northern,Malay,Professional Services,FAMILY OWNED,34365,"No 271, Jalan Nuri 4",Taman Taman Sri Muda,"Teluk Intan, Perak",34755,34365,Doctor,1,Bachelor Degree,IOI Corporation,N,N,N,Y,59,30,23,18214.98,23626.68,283520.16,3
2026-09-02,24942603,Muhammad Shahrul,Muhammad,Shahrul,SINGLE,M,MALAYSIAN,Johor,Southern,Malay,Real Estate,OWNED,79762,"No 248, Jalan Merdeka 17",Taman Seri Kembangan,"Segamat, Johor",83437,79762,Technician,3,SPM,Gamuda Berhad,N,Y,N,Y,21,2,2,21764.25,26763.24,321158.88,1
2026-09-02,13356886,Hasnah Zaki,Hasnah,Zaki,SINGLE,F,MALAYSIAN,Selangor,Central,Malay,Construction,OWNED,47069,"No 67, Jalan Melati 17",Taman Desa Jaya,"Klang, Selangor",45927,47069,IT Executive,5,Bachelor Degree,Nestle (M) Berhad,N,Y,N,N,22,2,2,24777.04,32168.35,386020.2,1
2026-09-02,46913810,Syafiq Muhammad,Syafiq,Muhammad,SINGLE,M,MALAYSIAN,Perak,Northern,Malay,Telecommunications,FAMILY OWNED,34010,"No 21, Jalan Anggerik 13",Taman Sentosa,"Ipoh, Perak",32058,34010,Manager,1,SPM,Malayan Banking Berhad,N,N,N,Y,60,34,32,9141.5,10811.77,129741.24,5
2026-09-02,42868828,Muthu Krishnan,Muthu,Krishnan,MARRIED,M,MALAYSIAN,Selangor,Central,Indian,Food & Beverage,OWNED,48351,"No 330, Jalan Delima 7",Taman Taman Sri Muda,"Subang Jaya, Selangor",67142,48351,Supervisor,5,Bachelor Degree,Public Bank Berhad,N,N,N,Y,58,22,9,9541.55,11470.67,137648.04,1
2026-09-02,39958838,Razak Nabil,Razak,Nabil,MARRIED,M,MALAYSIAN,Kedah,Northern,Malay,Construction,RENTING,09124,"No 329, Jalan Ria 13",Taman Damansara Utama,"Langkawi, Kedah",08524,09124,Police Officer,2,SPM,Astro Malaysia,N,N,Y,N,63,13,11,11733.42,14017.23,168206.76,4
2026-09-02,28728463,Gan Jun Jie,Gan,Jun Jie,MARRIED,F,MALAYSIAN,Pulau Pinang,Northern,Chinese,Financial Services,OWNED,11456,"No 59, Jalan Murni 10",Taman Bandar Sunway,"Butterworth, Pulau Pinang",10405,11456,Sales Executive,3,Bachelor Degree,DiGi Telecommunications,N,N,N,N,22,2,2,19957.63,24599.97,295199.64,1
2026-09-02,23756669,Fatimah Ridwan,Fatimah,Ridwan,MARRIED,F,MALAYSIAN,Selangor,Central,Malay,Government,OWNED,68315,"No 77, Jalan Permai 14",Taman Sentosa,"Petaling Jaya, Selangor",68121,68315,Technician,3,Diploma,AEON Co (M) Bhd,N,N,N,Y,42,16,18,16326.31,18870.97,226451.64,5
2026-09-02,83197857,Zulkifli Nabil,Zulkifli,Nabil,SINGLE,M,MALAYSIAN,Kedah,Northern,Others,Education,FAMILY OWNED,06286,"No 40, Jalan Cempaka 16",Taman Taman Universiti,"Sungai Petani, Kedah",07622,06286,Engineer,2,Bachelor Degree,Malayan Banking Berhad,N,Y,Y,Y,35,5,15,18800.57,23115.72,277388.64,4
2026-09-02,21668732,Iskandar Nazri,Iskandar,Nazri,MARRIED,M,MALAYSIAN,Kedah,Northern,Malay,Retail Trade,RENTING,07259,"No 1, Jalan Kenanga 1",Taman Bandar Sunway,"Alor Setar, Kedah",09782,07259,Sales Executive,2,Bachelor Degree,Tenaga Nasional Berhad,N,Y,N,Y,40,18,5,20403.82,26020.56,312246.72,5
2026-09-02,89254563,Halim Kamarul,Halim,Kamarul,DIVORCED,M,MALAYSIAN,Selangor,Central,Malay,Education,RENTING,43174,"No 119, Jalan Cempaka 15",Taman Setia Alam,"Klang, Selangor",45949,43174,Driver,5,Diploma,Dell Malaysia,N,N,N,N,38,2,20,22780.71,28535.0,342420.0,5
2026-09-02,66629388,Sim Mei Ling,Sim,Mei Ling,SINGLE,F,MALAYSIAN,Negeri Sembilan,Southern,Chinese,Professional Services,MORTGAGE,70117,"No 332, Jalan Seroja 7",Taman Bandar Sunway,"Nilai, Negeri Sembilan",73963,70117,Factory Worker,3,SPM,Government of Malaysia,N,Y,Y,N,46,7,8,4411.15,5695.99,68351.88,1
2026-09-02,14265799,Ho Pei Shan,Ho,Pei Shan,MARRIED,M,MALAYSIAN,Terengganu,East Coast,Chinese,Hospitality,RENTING,21414,"No 51, Jalan Nuri 15",Taman Sri Rampai,"Kuala Terengganu, Terengganu",23179,21414,Factory Worker,3,Certificate,Public Bank Berhad,N,Y,Y,Y,30,5,12,6647.95,7755.51,93066.12,1
2026-09-02,13999315,Chong Yee Ling,Chong,Yee Ling,MARRIED,M,MALAYSIAN,Sarawak,East Malaysia,Chinese,Agriculture,OWNED,97819,"No 169, Jalan Teratai 1",Taman Damansara Utama,"Miri, Sarawak",95772,97819,Army Personnel,1,SPM,Grab Malaysia,N,Y,N,Y,31,5,3,16015.77,19988.88,239866.56,5
2026-09-02,22575562,Lim Kok Leong,Lim,Kok Leong,MARRIED,F,MALAYSIAN,Sabah,East Malaysia,Chinese,Agriculture,OWNED,88198,"No 22, Jalan Melati 8",Taman Sri Rampai,"Lahad Datu, Sabah",91657,88198,Technician,1,Diploma,Proton Holdings,N,N,N,Y,53,6,3,18726.44,23704.26,284451.12,5
2026-09-02,39345092,Azman Nazri,Azman,Nazri,MARRIED,M,MALAYSIAN,Kuala Lumpur,Central,Malay,Construction,RENTING,54698,"No 150, Jalan Indah 20",Taman Kota Damansara,"Bangsar, Kuala Lumpur",57252,54698,Clerk,1,SPM,Proton Holdings,N,N,N,N,46,18,26,1541.75,1813.81,21765.72,1
2026-09-02,41227216,Kamarul Amir,Kamarul,Amir,DIVORCED,M,MALAYSIAN,Perak,Northern,Malay,Transportation,OWNED,36990,"No 296, Jalan Suria 16",Taman Sri Rampai,"Taiping, Perak",30029,36990,Factory Worker,1,Bachelor Degree,AirAsia Berhad,N,Y,Y,N,65,10,3,5660.51,7495.76,89949.12,4
2026-09-02,77827638,Zaleha Ismail,Zaleha,Ismail,SINGLE,F,MALAYSIAN,Kedah,Northern,Malay,Financial Services,FAMILY OWNED,08032,"No 343, Jalan Teratai 16",Taman Setia Alam,"Alor Setar, Kedah",07540,08032,Doctor,2,Master Degree,Nestle (M) Berhad,N,N,Y,N,36,10,6,9827.3,12635.76,151629.12,5
2026-09-02,90801586,Zaleha Khairul,Zaleha,Khairul,MARRIED,F,MALAYSIAN,Perak,Northern,Malay,Financial Services,MORTGAGE,35314,"No 8, Jalan Cempaka 14",Taman Sentosa,"Sitiawan, Perak",31061,35314,Factory Worker,1,Certificate,MISC Berhad,N,Y,N,Y,55,21,16,18712.01,25188.64,302263.68,4
2026-09-02,13561597,Zulkifli Ismail,Zulkifli,Ismail,SINGLE,M,MALAYSIAN,Pulau Pinang,Northern,Malay,Healthcare,MORTGAGE,10464,"No 170, Jalan Setia 15",Taman Desa Jaya,"George Town, Pulau Pinang",13205,10464,Doctor,5,SPM,Malayan Banking Berhad,N,Y,Y,N,26,4,6,23266.6,31305.42,375665.04,3
2026-09-02,85329037,Danial Aiman,Danial,Aiman,MARRIED,M,MALAYSIAN,Kuala Lumpur,Central,Malay,Education,OWNED,59921,"No 209, Jalan Wawasan 13",Taman Seri Kembangan,"Setapak, Kuala Lumpur",52585,59921,Sales Executive,3,Master Degree,AEON Co (M) Bhd,N,N,Y,Y,23,4,2,7751.14,8974.07,107688.84,2
2026-09-02,36687537,Lee Mun Yee,Lee,Mun Yee,SINGLE,F,MALAYSIAN,Kedah,Northern,Chinese,Food & Beverage,RENTING,05563,"No 208, Jalan Kenanga 14",Taman Bandar Baru,"Alor Setar, Kedah",07065,05563,Contractor,5,Diploma,Self Employed,Y,N,Y,N,42,11,3,11700.27,15020.26,180243.12,5
2026-09-02,97226012,Ravi Karuppiah,Ravi,Karuppiah,DIVORCED,M,MALAYSIAN,Johor,Southern,Indian,Plantation,OWNED,80722,"No 31, Jalan Teratai 16",Taman Taman Melawati,"Johor Bahru, Johor",84878,80722,Accountant,5,Bachelor Degree,MISC Berhad,N,N,N,Y,45,8,17,17411.01,23098.38,277180.56,1
2026-09-02,83140807,Wong Mun Yee,Wong,Mun Yee,MARRIED,M,MALAYSIAN,Sarawak,East Malaysia,Chinese,Education,RENTING,97603,"No 151, Jalan Cempaka 14",Taman Taman Sri Muda,"Bintulu, Sarawak",96836,97603,Technician,3,Bachelor Degree,IOI Corporation,N,N,Y,N,57,26,29,6734.5,8144.38,97732.56,4
2026-09-02,66306997,Chua Li Wei,Chua,Li Wei,MARRIED,M,MALAYSIAN,Pulau Pinang,Northern,Chinese,Real Estate,OWNED,12037,"No 346, Jalan Harmoni 8",Taman Taman Sri Muda,"Bukit Mertajam, Pulau Pinang",14799,12037,Nurse,5,STPM,Public Bank Berhad,N,N,Y,N,29,11,8,5475.58,6976.45,83717.4,5
2026-09-02,39587039,Priya Palanisamy,Priya,Palanisamy,MARRIED,F,MALAYSIAN,Sarawak,East Malaysia,Indian,Oil & Gas,OWNED,93815,"No 306, Jalan Bahagia 1",Taman Seri Kembangan,"Miri, Sarawak",95843,93815,Chef,3,SPM,DiGi Telecommunications,N,N,N,Y,52,22,34,10270.98,12852.75,154233.0,3
2026-09-02,70291817,Hasnah Azman,Hasnah,Azman,SINGLE,F,MALAYSIAN,Sabah,East Malaysia,Malay,Healthcare,RENTING,90334,"No 224, Jalan Bahagia 14",Taman Setia Alam,"Kota Kinabalu, Sabah",90202,90334,Self-Employed,3,Bachelor Degree,Self Employed,Y,N,N,N,47,17,5,21880.42,26159.99,313919.88,3
2026-09-02,89089901,Kamarul Khairul,Kamarul,Khairul,SINGLE,M,MALAYSIAN,Terengganu,East Coast,Malay,Wholesale,OWNED,21342,"No 69, Jalan Indah 4",Taman Damansara Utama,"Marang, Terengganu",20031,21342,Supervisor,5,STPM,AirAsia Berhad,N,N,Y,Y,34,0,14,23240.04,30780.38,369364.56,5
2026-09-02,47338124,Toh Wei Ming,Toh,Wei Ming,MARRIED,F,MALAYSIAN,Johor,Southern,Chinese,Plantation,OWNED,81172,"No 15, Jalan Suria 3",Taman Bukit Beruntung,"Segamat, Johor",80900,81172,Nurse,5,Bachelor Degree,Nestle (M) Berhad,N,Y,N,Y,39,16,19,4008.4,5134.67,61616.04,3
2026-09-02,10872248,Hafiz Nazri,Hafiz,Nazri,MARRIED,M,MALAYSIAN,Sabah,East Malaysia,Malay,Oil & Gas,MORTGAGE,89918,"No 219, Jalan Utama 16",Taman Setia Alam,"Sandakan, Sabah",91006,89918,Police Officer,3,Diploma,Tenaga Nasional Berhad,N,N,N,N,58,14,9,13352.41,17509.22,210110.64,2
2026-09-02,31429110,Fatimah Ridwan,Fatimah,Ridwan,MARRIED,F,MALAYSIAN,Kelantan,East Coast,Malay,Transportation,MORTGAGE,17838,"No 300, Jalan Damai 11",Taman Desa Jaya,"Kota Bharu, Kelantan",16128,17838,Army Personnel,3,STPM,Self Employed,N,Y,Y,N,38,19,10,14866.86,19839.21,238070.52,1
2026-09-02,66722344,Muthu Chandran,Muthu,Chandran,MARRIED,M,MALAYSIAN,Perak,Northern,Indian,Plantation,OWNED,34848,"No 65, Jalan Permai 13",Taman Taman Melawati,"Sitiawan, Perak",35320,34848,Retail Assistant,2,Diploma,Proton Holdings,N,N,Y,Y,45,18,21,1907.17,2533.03,30396.36,5
2026-09-02,55667651,Nabil Abdul Rahman,Nabil,Abdul Rahman,SINGLE,M,MALAYSIAN,Pulau Pinang,Northern,Malay,Hospitality,RENTING,12537,"No 31, Jalan Melati 5",Taman Kota Damansara,"Bukit Mertajam, Pulau Pinang",10739,12537,Retail Assistant,3,Diploma,Nestle (M) Berhad,N,Y,N,N,38,19,15,2573.7,3140.27,37683.24,5
2026-09-02,47295260,Chong Hui Min,Chong,Hui Min,MARRIED,F,MALAYSIAN,Kedah,Northern,Chinese,Retail Trade,FAMILY OWNED,08619,"No 327, Jalan Damai 2",Taman Kota Damansara,"Alor Setar, Kedah",07383,08619,Sales Executive,1,Bachelor Degree,Intel Malaysia,N,N,Y,N,61,10,19,2655.32,3329.99,39959.88,2
2026-09-02,30868105,Segar Sinnasamy,Segar,Sinnasamy,SINGLE,M,MALAYSIAN,Negeri Sembilan,Southern,Indian,Professional Services,FAMILY OWNED,72744,"No 112, Jalan Permai 11",Taman Taman Melawati,"Bahau, Negeri Sembilan",72926,72744,Security Guard,2,Bachelor Degree,Public Bank Berhad,N,N,Y,Y,33,4,0,9912.27,11459.27,137511.24,4
2026-09-02,38898923,Aishah Ridwan,Aishah,Ridwan,SINGLE,F,MALAYSIAN,Kuala Lumpur,Central,Malay,Education,RENTING,59397,"No 203, Jalan Cempaka 15",Taman Desa Jaya,"Cheras, Kuala Lumpur",57080,59397,Security Guard,3,SPM,Gamuda Berhad,N,Y,N,Y,48,18,22,17058.58,20154.51,241854.12,2
2026-09-02,55176955,Suraya Ismail,Suraya,Ismail,MARRIED,F,MALAYSIAN,Kuala Lumpur,Central,Malay,Food & Beverage,FAMILY OWNED,53137,"No 22, Jalan Perdana 19",Taman Seri Kembangan,"Cheras, Kuala Lumpur",50638,53137,Driver,3,Diploma,Petronas,N,N,N,Y,33,9,10,14153.77,18339.65,220075.8,5
2026-09-02,23718431,Goh Cheng Han,Goh,Cheng Han,SINGLE,M,MALAYSIAN,Pahang,East Coast,Chinese,Wholesale,MORTGAGE,27175,"No 164, Jalan Seroja 16",Taman Damansara Utama,"Kuantan, Pahang",28585,27175,Army Personnel,3,Diploma,AirAsia Berhad,N,Y,N,Y,44,15,22,2697.89,3169.34,38032.08,4
2026-09-02,22448136,Aiman Khairul,Aiman,Khairul,SINGLE,M,MALAYSIAN,Selangor,Central,Malay,Oil & Gas,FAMILY OWNED,40348,"No 24, Jalan Kenanga 20",Taman Bukit Beruntung,"Shah Alam, Selangor",68086,40348,Nurse,3,Bachelor Degree,Malayan Banking Berhad,N,Y,Y,Y,49,9,14,10322.95,12016.47,144197.64,3
2026-09-02,60992979,Haikal Shahrul,Haikal,Shahrul,MARRIED,M,MALAYSIAN,Terengganu,East Coast,Malay,Healthcare,FAMILY OWNED,20039,"No 320, Jalan Bahagia 17",Taman Seri Kembangan,"Kemaman, Terengganu",21781,20039,Police Officer,3,SPM,Gamuda Berhad,N,N,N,N,38,3,9,2914.18,3453.4,41440.8,2
2026-09-02,22981052,Naresh Muniandy,Naresh,Muniandy,WIDOWED,M,MALAYSIAN,Perak,Northern,Indian,Healthcare,OWNED,32119,"No 257, Jalan Permai 18",Taman Sentosa,"Ipoh, Perak",30331,32119,Administrator,5,Diploma,Nestle (M) Berhad,N,N,Y,Y,26,7,5,16864.49,19506.61,234079.32,3
2026-09-02,58181396,Chong Yan Ping,Chong,Yan Ping,SINGLE,F,MALAYSIAN,Perak,Northern,Chinese,Education,MORTGAGE,32976,"No 62, Jalan Indah 14",Taman Bukit Beruntung,"Sitiawan, Perak",32357,32976,Driver,5,Bachelor Degree,Tenaga Nasional Berhad,N,N,Y,N,40,13,17,21505.91,29020.64,348247.68,5
2026-09-02,56164955,Segar Ramasamy,Segar,Ramasamy,SINGLE,M,MALAYSIAN,Kelantan,East Coast,Indian,Education,OWNED,15565,"No 61, Jalan Setia 5",Taman Puchong Perdana,"Gua Musang, Kelantan",15512,15565,Nurse,2,Diploma,AEON Co (M) Bhd,N,N,N,Y,57,35,15,16038.93,21421.7,257060.4,4
2026-09-02,91030736,Khairul Haikal,Khairul,Haikal,SINGLE,M,MALAYSIAN,Selangor,Central,Malay,Transportation,MORTGAGE,67736,"No 268, Jalan Ria 2",Taman Puchong Perdana,"Klang, Selangor",66882,67736,Manager,5,Diploma,AirAsia Berhad,N,N,N,Y,50,31,14,4565.8,5448.85,65386.2,1
2026-09-02,45503389,Gan Xin Yi,Gan,Xin Yi,MARRIED,M,MALAYSIAN,Kedah,Northern,Chinese,Wholesale,RENTING,05404,"No 181, Jalan Mawar 14",Taman Bandar Sunway,"Sungai Petani, Kedah",09238,05404,Chef,1,Bachelor Degree,AirAsia Berhad,N,Y,Y,N,34,5,5,18684.44,23673.66,284083.92,2
2026-09-02,15831819,Kamarul Muhammad,Kamarul,Muhammad,SINGLE,M,MALAYSIAN,Melaka,Southern,Malay,Transportation,OWNED,78070,"No 304, Jalan Ria 5",Taman Damansara Utama,"Alor Gajah, Melaka",75654,78070,Engineer,3,STPM,IOI Corporation,N,N,Y,Y,52,13,8,18850.38,24067.3,288807.6,4
2026-09-02,71662963,Rozita Hakim,Rozita,Hakim,SINGLE,F,MALAYSIAN,Perlis,Northern,Malay,Healthcare,OWNED,02034,"No 234, Jalan Setia 2",Taman Seri Kembangan,"Kangar, Perlis",02690,02034,Chef,3,STPM,Malayan Banking Berhad,N,N,Y,Y,33,6,0,22349.91,27914.04,334968.48,3
2026-09-02,81971316,Maziah Rosli,Maziah,Rosli,SINGLE,F,MALAYSIAN,Selangor,Central,Malay,Government,FAMILY OWNED,68612,"No 190, Jalan Cempaka 18",Taman Setia Alam,"Kajang, Selangor",65836,68612,Technician,2,SPM,IOI Corporation,N,N,N,Y,27,0,8,15553.4,19247.06,230964.72,1
2026-09-02,26753883,Mohd Faizal Nabil,Mohd Faizal,Nabil,SINGLE,M,MALAYSIAN,Selangor,Central,Malay,Transportation,OWNED,64322,"No 212, Jalan Seroja 17",Taman Puchong Perdana,"Klang, Selangor",68665,64322,Civil Servant,5,SPM,AirAsia Berhad,N,Y,Y,N,50,17,11,5518.49,7394.89,88738.68,4
2026-09-02,60806024,Aishah Rosli,Aishah,Rosli,MARRIED,F,MALAYSIAN,Pulau Pinang,Northern,Malay,Manufacturing,OWNED,11409,"No 2, Jalan Melati 7",Taman Damansara Utama,"Bayan Lepas, Pulau Pinang",10650,11409,Accountant,5,Certificate,Tenaga Nasional Berhad,N,N,Y,Y,51,25,21,12484.85,14367.41,172408.92,2
2026-09-02,20576383,Nur Hidayah Nabil,Nur Hidayah,Nabil,SINGLE,F,MALAYSIAN,Sabah,East Malaysia,Others,Retail Trade,FAMILY OWNED,90592,"No 247, Jalan Cempaka 12",Taman Bukit Indah,"Lahad Datu, Sabah",90224,90592,Driver,5,Certificate,Intel Malaysia,N,N,N,Y,29,3,3,12572.02,15691.78,188301.36,4
2026-09-02,84093639,Nazri Ridwan,Nazri,Ridwan,SINGLE,M,MALAYSIAN,Kuala Lumpur,Central,Malay,Healthcare,EMPLOYER PROVIDED,60545,"No 146, Jalan Bahagia 15",Taman Taman Melawati,"Kuala Lumpur, Kuala Lumpur",60370,60545,Administrator,1,SPM,Astro Malaysia,N,N,N,N,24,0,1,3887.23,4556.48,54677.76,5
2026-09-02,49349722,Zaleha Haikal,Zaleha,Haikal,WIDOWED,F,MALAYSIAN,Selangor,Central,Malay,Education,FAMILY OWNED,47716,"No 156, Jalan Wawasan 8",Taman Sri Rampai,"Shah Alam, Selangor",44662,47716,Driver,3,Diploma,Malayan Banking Berhad,N,N,N,N,40,14,11,24390.28,31355.43,376265.16,4
2026-09-02,94374605,Liyana Halim,Liyana,Halim,MARRIED,F,MALAYSIAN,Pulau Pinang,Northern,Malay,Agriculture,OWNED,12621,"No 56, Jalan Indah 19",Taman Sentosa,"Butterworth, Pulau Pinang",11494,12621,Supervisor,2,SPM,Gamuda Berhad,N,N,Y,Y,44,10,12,1626.92,1981.85,23782.2,3
2026-09-02,93016315,Yeoh Sook Yee,Yeoh,Sook Yee,MARRIED,M,MALAYSIAN,Selangor,Central,Chinese,Financial Services,FAMILY OWNED,64489,"No 58, Jalan Wawasan 2",Taman Sri Melati,"Shah Alam, Selangor",41539,64489,Police Officer,1,Bachelor Degree,Shopee Malaysia,N,Y,Y,N,26,5,1,9000.23,11899.58,142794.96,5
2026-09-02,58537831,Siti Aishah Haikal,Siti Aishah,Haikal,MARRIED,F,MALAYSIAN,Perak,Northern,Malay,Manufacturing,RENTING,35505,"No 30, Jalan Utama 12",Taman Sri Rampai,"Taiping, Perak",35130,35505,Doctor,1,Bachelor Degree,Genting Malaysia,N,N,Y,Y,38,11,19,15836.29,21032.67,252392.04,4
2026-09-02,87490893,Bala Govindasamy,Bala,Govindasamy,MARRIED,M,MALAYSIAN,Perak,Northern,Indian,Transportation,OWNED,34049,"No 215, Jalan Nuri 19",Taman Sri Rampai,"Teluk Intan, Perak",36881,34049,Self-Employed,1,Bachelor Degree,Self Employed,Y,N,Y,Y,61,22,4,4609.51,6119.86,73438.32,4
2026-09-02,35808537,Mohd Faizal Danial,Mohd Faizal,Danial,MARRIED,M,MALAYSIAN,Perak,Northern,Malay,Retail Trade,RENTING,35272,"No 143, Jalan Damai 20",Taman Puchong Perdana,"Sitiawan, Perak",36762,35272,Nurse,3,Bachelor Degree,Genting Malaysia,N,N,Y,Y,58,6,33,18902.68,24125.75,289509.0,5
2026-09-02,19335534,Lau Cheng Han,Lau,Cheng Han,WIDOWED,M,MALAYSIAN,Selangor,Central,Chinese,Plantation,OWNED,47081,"No 221, Jalan Kenanga 12",Taman Sri Gombak,"Subang Jaya, Selangor",46009,47081,Administrator,5,Master Degree,Intel Malaysia,N,N,Y,N,24,3,4,8513.16,9853.25,118239.0,5
2026-09-02,16150444,Yeoh Sze Ying,Yeoh,Sze Ying,MARRIED,F,MALAYSIAN,Kedah,Northern,Chinese,Food & Beverage,OWNED,09520,"No 323, Jalan Suria 20",Taman Sentosa,"Alor Setar, Kedah",07056,09520,Nurse,3,SPM,Top Glove Corporation,N,Y,N,N,23,4,0,10173.17,11836.37,142036.44,1
2026-09-02,98753260,Alia Halim,Alia,Halim,MARRIED,F,MALAYSIAN,Johor,Southern,Malay,Construction,MORTGAGE,85881,"No 48, Jalan Seroja 20",Taman Seri Kembangan,"Batu Pahat, Johor",82922,85881,Security Guard,2,Bachelor Degree,AEON Co (M) Bhd,N,N,Y,N,49,12,29,9403.72,11404.11,136849.32,3
2026-09-02,40587988,Aishah Azman,Aishah,Azman,SINGLE,F,MALAYSIAN,Sarawak,East Malaysia,Malay,Government,RENTING,98456,"No 238, Jalan Utama 7",Taman Sri Gombak,"Bintulu, Sarawak",98785,98456,Accountant,5,Diploma,IOI Corporation,N,N,N,N,40,19,17,24832.47,30315.37,363784.44,4
2026-09-02,48840994,Khoo Jia Hui,Khoo,Jia Hui,WIDOWED,M,MALAYSIAN,Pahang,East Coast,Chinese,Plantation,OWNED,26800,"No 119, Jalan Merdeka 11",Taman Desa Jaya,"Kuantan, Pahang",25900,26800,Businessman,5,SPM,Self Employed,Y,N,Y,N,41,2,12,19743.77,24113.06,289356.72,2
2026-09-02,20709497,Firdaus Amir,Firdaus,Amir,MARRIED,M,MALAYSIAN,Pulau Pinang,Northern,Malay,Transportation,FAMILY OWNED,10097,"No 2, Jalan Wawasan 5",Taman Bandar Baru,"Bukit Mertajam, Pulau Pinang",12278,10097,Chef,1,SPM,Gamuda Berhad,N,N,Y,Y,24,3,0,5596.64,6598.51,79182.12,4
2026-09-02,41244663,Priya Govindasamy,Priya,Govindasamy,SINGLE,F,MALAYSIAN,Johor,Southern,Indian,Healthcare,MORTGAGE,84045,"No 118, Jalan Melati 19",Taman Sri Rampai,"Segamat, Johor",81862,84045,Engineer,2,Diploma,Petronas,N,N,Y,Y,43,14,23,5724.78,6960.3,83523.6,2
2026-09-02,23556182,Mohd Faizal Khairul,Mohd Faizal,Khairul,MARRIED,M,MALAYSIAN,Johor,Southern,Malay,Financial Services,RENTING,84334,"No 46, Jalan Cempaka 8",Taman Seri Kembangan,"Johor Bahru, Johor",81144,84334,Police Officer,2,SPM,Proton Holdings,N,Y,Y,Y,46,20,9,9750.76,11967.28,143607.36,5
2026-09-02,61019678,Chong Wai Kit,Chong,Wai Kit,MARRIED,F,MALAYSIAN,Johor,Southern,Chinese,Professional Services,RENTING,84368,"No 214, Jalan Mawar 7",Taman Puchong Perdana,"Batu Pahat, Johor",85420,84368,Clerk,5,Diploma,IOI Corporation,N,N,Y,Y,50,15,29,23784.76,31865.56,382386.72,2
2026-09-02,47308985,Lau Boon Hong,Lau,Boon Hong,WIDOWED,F,MALAYSIAN,Selangor,Central,Chinese,Oil & Gas,OWNED,65927,"No 68, Jalan Seroja 4",Taman Sentosa,"Subang Jaya, Selangor",43168,65927,Manager,2,Certificate,AEON Co (M) Bhd,N,N,Y,Y,41,7,10,4680.18,5479.21,65750.52,2
2026-09-02,70855700,Lau Wan Ting,Lau,Wan Ting,SINGLE,F,MALAYSIAN,Melaka,Southern,Chinese,Retail Trade,MORTGAGE,77105,"No 232, Jalan Perdana 13",Taman Taman Universiti,"Melaka, Melaka",78896,77105,Police Officer,2,Diploma,Proton Holdings,N,N,Y,N,41,6,13,20222.34,23544.77,282537.24,4
2026-09-02,95320121,Suraya Zulkifli,Suraya,Zulkifli,DIVORCED,F,MALAYSIAN,Selangor,Central,Others,Retail Trade,OWNED,40437,"No 318, Jalan Cempaka 1",Taman Sri Melati,"Subang Jaya, Selangor",47829,40437,Civil Servant,2,No Formal Education,Grab Malaysia,N,N,N,N,30,8,5,14725.57,18982.98,227795.76,5
2026-09-02,58966946,Lau Yan Ping,Lau,Yan Ping,MARRIED,F,MALAYSIAN,Negeri Sembilan,Southern,Chinese,Hospitality,RENTING,72868,"No 117, Jalan Nuri 6",Taman Setia Alam,"Port Dickson, Negeri Sembilan",73930,72868,Clerk,2,Diploma,IOI Corporation,N,N,Y,N,54,12,25,9123.44,11011.58,132138.96,2
2026-09-02,31831063,Lee Guan Eng,Lee,Guan Eng,MARRIED,M,MALAYSIAN,Kedah,Northern,Chinese,Telecommunications,OWNED,09066,"No 311, Jalan Ria 6",Taman Puchong Perdana,"Langkawi, Kedah",07367,09066,Sales Executive,1,Diploma,Malayan Banking Berhad,N,Y,Y,Y,27,3,7,10057.85,12428.43,149141.16,2
2026-09-02,59684848,Rajesh Subramaniam,Rajesh,Subramaniam,SINGLE,M,MALAYSIAN,Selangor,Central,Indian,Financial Services,MORTGAGE,67803,"No 295, Jalan Nuri 5",Taman Taman Universiti,"Subang Jaya, Selangor",43819,67803,Technician,2,Diploma,Public Bank Berhad,N,N,Y,N,61,18,25,19089.91,22714.01,272568.12,5
2026-09-02,57683626,Muhammad Ridwan,Muhammad,Ridwan,SINGLE,M,MALAYSIAN,Johor,Southern,Malay,Wholesale,OWNED,85015,"No 22, Jalan Cempaka 7",Taman Puchong Perdana,"Muar, Johor",83532,85015,Police Officer,2,Diploma,Top Glove Corporation,N,N,Y,Y,57,14,23,4418.73,5290.58,63486.96,3
2026-09-02,38119557,Saraswathy Ramasamy,Saraswathy,Ramasamy,MARRIED,F,MALAYSIAN,Kedah,Northern,Indian,Wholesale,RENTING,09859,"No 303, Jalan Mawar 7",Taman Puchong Perdana,"Kulim, Kedah",07514,09859,Contractor,2,Master Degree,Self Employed,Y,N,N,N,56,18,26,17948.67,21695.9,260350.8,3
2026-09-02,99949389,Ismail Nazri,Ismail,Nazri,SINGLE,M,MALAYSIAN,Kuala Lumpur,Central,Malay,Food & Beverage,FAMILY OWNED,51970,"No 233, Jalan Mawar 9",Taman Puchong Perdana,"Cheras, Kuala Lumpur",53098,51970,Security Guard,5,STPM,AirAsia Berhad,N,N,N,Y,59,24,3,8029.02,9619.47,115433.64,4
2026-09-02,45833156,Kamarul Halim,Kamarul,Halim,SINGLE,M,MALAYSIAN,Negeri Sembilan,Southern,Malay,Food & Beverage,OWNED,71034,"No 116, Jalan Ria 11",Taman Bukit Indah,"Port Dickson, Negeri Sembilan",71497,71034,Doctor,1,STPM,Grab Malaysia,N,Y,Y,N,59,34,6,23440.0,30177.39,362128.68,3
2026-09-02,96977837,Sim Chun Kit,Sim,Chun Kit,SINGLE,F,MALAYSIAN,Selangor,Central,Chinese,Wholesale,MORTGAGE,68024,"No 246, Jalan Melati 14",Taman Kota Damansara,"Subang Jaya, Selangor",63488,68024,Police Officer,2,SPM,Government of Malaysia,N,N,Y,N,37,15,14,9514.1,11353.52,136242.24,2
2026-09-02,19583482,Liyana Zaki,Liyana,Zaki,MARRIED,F,MALAYSIAN,Johor,Southern,Malay,Plantation,FAMILY OWNED,81233,"No 191, Jalan Cempaka 4",Taman Taman Universiti,"Kluang, Johor",79764,81233,Police Officer,3,Bachelor Degree,Intel Malaysia,N,N,Y,N,64,0,10,14582.01,18583.21,222998.52,4
2026-09-02,91756179,Nabil Kamarul,Nabil,Kamarul,MARRIED,M,MALAYSIAN,Johor,Southern,Malay,Plantation,FAMILY OWNED,86905,"No 144, Jalan Suria 8",Taman Taman Universiti,"Kluang, Johor",85088,86905,Self-Employed,5,SPM,Self Employed,Y,N,N,Y,32,3,0,13406.24,16279.13,195349.56,4
2026-09-02,95225343,Toh Sze Ying,Toh,Sze Ying,MARRIED,M,MALAYSIAN,Sabah,East Malaysia,Chinese,Retail Trade,EMPLOYER PROVIDED,91289,"No 269, Jalan Indah 5",Taman Kota Damansara,"Lahad Datu, Sabah",90911,91289,IT Executive,5,SPM,Sime Darby Berhad,N,N,N,N,56,19,35,2192.22,2852.9,34234.8,1
2026-09-02,32969840,Muhammad Faizal,Muhammad,Faizal,DIVORCED,M,MALAYSIAN,Perak,Northern,Malay,Manufacturing,MORTGAGE,30256,"No 40, Jalan Indah 5",Taman Seri Kembangan,"Taiping, Perak",31867,30256,Nurse,5,Bachelor Degree,Malayan Banking Berhad,N,N,Y,N,60,15,38,2563.82,2973.92,35687.04,4
2026-09-02,81691040,Halim Firdaus,Halim,Firdaus,MARRIED,M,MALAYSIAN,Kuala Lumpur,Central,Malay,Wholesale,FAMILY OWNED,50475,"No 205, Jalan Ria 19",Taman Sri Gombak,"Setapak, Kuala Lumpur",56268,50475,Police Officer,3,Diploma,Dell Malaysia,N,N,Y,N,47,21,21,20693.66,25117.01,301404.12,1
2026-09-02,42857966,Kalidas Govindasamy,Kalidas,Govindasamy,SINGLE,M,MALAYSIAN,Perlis,Northern,Indian,Plantation,OWNED,02228,"No 154, Jalan Suria 2",Taman Setia Alam,"Arau, Perlis",02828,02228,Contractor,3,Bachelor Degree,Self Employed,Y,Y,Y,Y,21,0,0,23825.74,27419.2,329030.4,2
2026-09-02,31931511,Dinesh Chandran,Dinesh,Chandran,MARRIED,M,MALAYSIAN,Terengganu,East Coast,Indian,Plantation,EMPLOYER PROVIDED,21880,"No 89, Jalan Utama 11",Taman Bukit Indah,"Kuala Terengganu, Terengganu",23368,21880,Accountant,5,Master Degree,Malayan Banking Berhad,N,N,Y,Y,48,16,18,9489.29,12368.54,148422.48,2
2026-09-02,72043515,Fauzi Nabil,Fauzi,Nabil,MARRIED,M,MALAYSIAN,Johor,Southern,Malay,Telecommunications,RENTING,83024,"No 81, Jalan Melati 11",Taman Damansara Utama,"Batu Pahat, Johor",85778,83024,Administrator,2,SPM,Shopee Malaysia,N,N,N,N,54,3,35,18105.73,23664.52,283974.24,5
2026-09-02,60929647,Toh Xin Yi,Toh,Xin Yi,MARRIED,F,MALAYSIAN,Selangor,Central,Chinese,Plantation,MORTGAGE,44113,"No 126, Jalan Permai 14",Taman Sri Rampai,"Petaling Jaya, Selangor",64861,44113,Businessman,3,No Formal Education,Self Employed,Y,N,N,Y,61,2,39,16935.42,22237.52,266850.24,2
2026-09-02,46231783,Syafiqah Hafiz,Syafiqah,Hafiz,SINGLE,F,MALAYSIAN,Kedah,Northern,Malay,Construction,MORTGAGE,09639,"No 267, Jalan Permai 1",Taman Bandar Sunway,"Alor Setar, Kedah",07320,09639,Chef,1,Bachelor Degree,Grab Malaysia,N,N,N,Y,36,9,12,17532.26,20439.03,245268.36,4
2026-09-02,95899313,Koh Wai Kit,Koh,Wai Kit,SINGLE,F,MALAYSIAN,Sabah,East Malaysia,Chinese,Professional Services,FAMILY OWNED,88335,"No 301, Jalan Murni 12",Taman Bandar Sunway,"Tawau, Sabah",89141,88335,Clerk,2,Bachelor Degree,Astro Malaysia,N,N,Y,Y,24,3,5,3046.0,3894.91,46738.92,1
2026-09-02,84752529,Kavitha Rajoo,Kavitha,Rajoo,SINGLE,F,MALAYSIAN,Johor,Southern,Indian,Plantation,RENTING,83915,"No 287, Jalan Indah 9",Taman Taman Melawati,"Batu Pahat, Johor",86435,83915,Driver,2,SPM,DiGi Telecommunications,N,N,Y,N,59,20,26,15323.08,18088.1,217057.2,5
2026-09-02,39476249,Ismail Azman,Ismail,Azman,SINGLE,M,MALAYSIAN,Johor,Southern,Malay,Education,FAMILY OWNED,82081,"No 268, Jalan Bahagia 2",Taman Sri Melati,"Batu Pahat, Johor",86804,82081,Retail Assistant,2,SPM,AirAsia Berhad,N,Y,Y,Y,53,10,20,15509.49,18862.61,226351.32,1
2026-09-02,53524491,Naresh Subramaniam,Naresh,Subramaniam,MARRIED,M,MALAYSIAN,Pahang,East Coast,Indian,Retail Trade,FAMILY OWNED,27383,"No 336, Jalan Murni 15",Taman Sri Melati,"Kuantan, Pahang",27505,27383,IT Executive,2,Bachelor Degree,IOI Corporation,N,N,Y,Y,44,23,12,8098.41,10729.68,128756.16,3
2026-09-02,17507864,Abdul Rahman Kamarul,Abdul Rahman,Kamarul,SINGLE,M,MALAYSIAN,Kedah,Northern,Malay,Real Estate,OWNED,07229,"No 233, Jalan Anggerik 12",Taman Sentosa,"Langkawi, Kedah",07625,07229,Contractor,1,Diploma,Self Employed,Y,Y,N,Y,43,5,11,21888.52,27292.38,327508.56,1
2026-09-02,40742311,Tan Sze Ying,Tan,Sze Ying,SINGLE,M,MALAYSIAN,Perak,Northern,Chinese,Plantation,MORTGAGE,36632,"No 80, Jalan Damai 2",Taman Puchong Perdana,"Teluk Intan, Perak",33752,36632,Self-Employed,1,Bachelor Degree,Self Employed,Y,Y,N,N,26,6,3,22301.52,26799.19,321590.28,1
2026-09-02,14308421,Nurul Ain Ismail,Nurul Ain,Ismail,DIVORCED,F,MALAYSIAN,Kedah,Northern,Malay,Government,OWNED,05270,"No 30, Jalan Permai 5",Taman Bukit Indah,"Sungai Petani, Kedah",06887,05270,Contractor,5,STPM,Self Employed,Y,N,N,Y,41,13,17,24491.48,30416.22,364994.64,5
2026-09-02,52339391,Siti Aishah Ridwan,Siti Aishah,Ridwan,MARRIED,F,MALAYSIAN,Kelantan,East Coast,Malay,Food & Beverage,RENTING,15107,"No 99, Jalan Anggerik 14",Taman Bukit Indah,"Kota Bharu, Kelantan",16719,15107,Doctor,5,Diploma,Petronas,N,N,N,Y,40,14,12,8243.36,9499.9,113998.8,3
2026-09-02,63843426,Hasnah Fauzi,Hasnah,Fauzi,MARRIED,F,MALAYSIAN,Perlis,Northern,Malay,Financial Services,OWNED,01063,"No 194, Jalan Wawasan 5",Taman Sri Rampai,"Arau, Perlis",02805,01063,Sales Executive,2,SPM,Nestle (M) Berhad,N,Y,N,Y,60,31,37,13660.64,16876.07,202512.84,4
2026-09-02,45935572,Ng Wan Ting,Ng,Wan Ting,MARRIED,M,MALAYSIAN,Sabah,East Malaysia,Chinese,Food & Beverage,RENTING,88563,"No 124, Jalan Melati 14",Taman Setia Alam,"Sandakan, Sabah",90849,88563,Administrator,3,Diploma,Proton Holdings,N,N,N,N,36,3,6,3362.06,4320.27,51843.24,4
2026-09-02,18883684,Wan Norhaslinda Abdul Rahman,Wan Norhaslinda,Abdul Rahman,SINGLE,F,MALAYSIAN,Johor,Southern,Malay,Government,OWNED,81588,"No 126, Jalan Suria 9",Taman Bandar Sunway,"Batu Pahat, Johor",79809,81588,Supervisor,3,Master Degree,Gamuda Berhad,N,N,N,N,60,23,5,16998.54,22571.49,270857.88,4
2026-09-02,38317637,Yogeswari Krishnan,Yogeswari,Krishnan,WIDOWED,F,MALAYSIAN,Perak,Northern,Indian,Retail Trade,MORTGAGE,33119,"No 6, Jalan Damai 13",Taman Sri Gombak,"Ipoh, Perak",36254,33119,Factory Worker,3,SPM,Top Glove Corporation,N,N,N,N,58,23,30,23982.13,30942.46,371309.52,3
2026-09-02,86125617,Chin Wai Kit,Chin,Wai Kit,SINGLE,M,MALAYSIAN,Johor,Southern,Chinese,Food & Beverage,RENTING,84747,"No 169, Jalan Ria 3",Taman Setia Alam,"Johor Bahru, Johor",81798,84747,Factory Worker,1,SPM,Government of Malaysia,N,N,N,Y,22,0,1,11155.74,13209.33,158511.96,4
2026-09-02,52235350,Zulkifli Hafiz,Zulkifli,Hafiz,MARRIED,M,MALAYSIAN,Sabah,East Malaysia,Malay,Plantation,MORTGAGE,90761,"No 223, Jalan Nuri 3",Taman Puchong Perdana,"Kota Kinabalu, Sabah",91869,90761,Accountant,3,STPM,Government of Malaysia,N,N,N,Y,27,1,8,9017.8,10804.57,129654.84,3
2026-09-02,38538251,Fatimah Ismail,Fatimah,Ismail,SINGLE,F,MALAYSIAN,Pulau Pinang,Northern,Malay,Transportation,OWNED,13545,"No 335, Jalan Setia 17",Taman Damansara Utama,"Bukit Mertajam, Pulau Pinang",11823,13545,Businessman,3,Diploma,Self Employed,Y,Y,N,N,48,22,3,3333.52,3924.41,47092.92,3
2026-09-02,97971488,Lee Zhi Hao,Lee,Zhi Hao,DIVORCED,F,MALAYSIAN,Kedah,Northern,Chinese,Government,OWNED,06649,"No 322, Jalan Mawar 18",Taman Sri Gombak,"Alor Setar, Kedah",07770,06649,Accountant,5,SPM,Dell Malaysia,N,N,N,N,23,5,4,14512.33,18497.97,221975.64,5
2026-09-02,77005685,Farah Muhammad,Farah,Muhammad,MARRIED,F,MALAYSIAN,Perak,Northern,Malay,Plantation,MORTGAGE,33685,"No 18, Jalan Kenanga 14",Taman Damansara Utama,"Teluk Intan, Perak",34463,33685,Administrator,3,SPM,Sime Darby Berhad,N,Y,N,N,31,7,10,22369.08,25758.0,309096.0,5
2026-09-02,63100814,Selvi Krishnan,Selvi,Krishnan,MARRIED,F,MALAYSIAN,Terengganu,East Coast,Indian,Retail Trade,OWNED,20096,"No 111, Jalan Melati 17",Taman Puchong Perdana,"Dungun, Terengganu",24906,20096,Manager,1,Diploma,Astro Malaysia,N,N,N,Y,54,24,1,9642.97,11773.55,141282.6,2
2026-09-02,96282117,Aishah Nabil,Aishah,Nabil,SINGLE,F,MALAYSIAN,Perlis,Northern,Malay,Retail Trade,RENTING,02623,"No 340, Jalan Nuri 1",Taman Sentosa,"Kangar, Perlis",02505,02623,Driver,3,Bachelor Degree,Gamuda Berhad,N,N,Y,N,21,3,2,22277.72,27855.73,334268.76,5
2026-09-02,71586053,Aiman Zaki,Aiman,Zaki,SINGLE,M,MALAYSIAN,Selangor,Central,Malay,Plantation,FAMILY OWNED,65104,"No 95, Jalan Wawasan 1",Taman Bukit Indah,"Kajang, Selangor",67236,65104,Army Personnel,5,STPM,Shopee Malaysia,N,Y,N,N,39,13,9,15726.27,18870.29,226443.48,4
2026-09-02,29175900,Amir Khairul,Amir,Khairul,MARRIED,M,MALAYSIAN,Sarawak,East Malaysia,Malay,Oil & Gas,OWNED,98400,"No 4, Jalan Melati 20",Taman Setia Alam,"Sibu, Sarawak",97949,98400,Nurse,2,SPM,Petronas,N,N,N,N,36,9,13,14451.45,17855.2,214262.4,1
2026-09-02,45551614,Ridwan Khairul,Ridwan,Khairul,SINGLE,M,MALAYSIAN,Melaka,Southern,Others,Oil & Gas,RENTING,77467,"No 12, Jalan Utama 17",Taman Taman Universiti,"Alor Gajah, Melaka",78845,77467,Accountant,3,SPM,Malayan Banking Berhad,N,N,N,N,40,4,11,6921.98,8280.42,99365.04,2
2026-09-02,28740864,Khairul Hakim,Khairul,Hakim,MARRIED,M,MALAYSIAN,Johor,Southern,Others,Construction,RENTING,84854,"No 306, Jalan Nuri 13",Taman Bukit Beruntung,"Batu Pahat, Johor",84798,84854,Civil Servant,5,SPM,Government of Malaysia,N,N,N,N,40,13,4,23569.34,31668.67,380024.04,4
2026-09-02,43101783,Yeoh Zhi Hao,Yeoh,Zhi Hao,MARRIED,M,MALAYSIAN,Kedah,Northern,Chinese,Healthcare,MORTGAGE,09593,"No 25, Jalan Melati 1",Taman Sri Gombak,"Sungai Petani, Kedah",07718,09593,Engineer,1,Diploma,MISC Berhad,N,N,N,N,49,23,8,9526.45,11812.55,141750.6,5
2026-09-02,85345555,Haikal Ismail,Haikal,Ismail,SINGLE,M,MALAYSIAN,Kuala Lumpur,Central,Malay,Retail Trade,RENTING,57501,"No 296, Jalan Damai 9",Taman Bandar Sunway,"Kuala Lumpur, Kuala Lumpur",50632,57501,Sales Executive,2,Master Degree,Tenaga Nasional Berhad,N,Y,Y,N,28,9,9,23317.4,27097.32,325167.84,2
2026-09-02,82340307,Abdul Rahman Kamarul,Abdul Rahman,Kamarul,MARRIED,M,MALAYSIAN,Pulau Pinang,Northern,Malay,Oil & Gas,RENTING,14514,"No 29, Jalan Anggerik 18",Taman Puchong Perdana,"Bayan Lepas, Pulau Pinang",11437,14514,IT Executive,5,Bachelor Degree,Government of Malaysia,N,N,Y,Y,50,5,1,13822.1,16985.99,203831.88,1
2026-09-02,45264581,Chong Siew Ling,Chong,Siew Ling,MARRIED,F,MALAYSIAN,Selangor,Central,Chinese,Financial Services,MORTGAGE,41677,"No 258, Jalan Murni 4",Taman Sentosa,"Kajang, Selangor",67211,41677,Chef,3,SPM,Gamuda Berhad,N,N,Y,Y,59,6,26,18852.57,23409.64,280915.68,4
2026-09-02,88461803,Tan Sze Ying,Tan,Sze Ying,MARRIED,M,MALAYSIAN,Terengganu,East Coast,Chinese,Food & Beverage,RENTING,20895,"No 178, Jalan Permai 16",Taman Bandar Sunway,"Kemaman, Terengganu",23336,20895,Supervisor,2,Certificate,Self Employed,N,N,N,N,65,34,13,8749.15,11136.82,133641.84,2
2026-09-02,67503414,Cheah Yee Ling,Cheah,Yee Ling,SINGLE,M,MALAYSIAN,Melaka,Southern,Chinese,Oil & Gas,OWNED,76988,"No 274, Jalan Indah 9",Taman Sentosa,"Melaka, Melaka",76874,76988,Contractor,2,Bachelor Degree,Self Employed,Y,N,N,N,50,32,6,22099.19,27520.78,330249.36,5
2026-09-02,88320463,Aiman Hafiz,Aiman,Hafiz,DIVORCED,M,MALAYSIAN,Kuala Lumpur,Central,Malay,Telecommunications,RENTING,53497,"No 41, Jalan Harmoni 5",Taman Bukit Indah,"Bangsar, Kuala Lumpur",52298,53497,Clerk,1,SPM,MISC Berhad,N,N,Y,N,47,17,11,19488.15,22670.77,272049.24,2
2026-09-02,63606628,Yeoh Chee Keong,Yeoh,Chee Keong,MARRIED,F,MALAYSIAN,Kedah,Northern,Chinese,Food & Beverage,MORTGAGE,05825,"No 62, Jalan Harmoni 20",Taman Sri Rampai,"Kulim, Kedah",05436,05825,Contractor,5,Diploma,Self Employed,Y,N,N,Y,54,4,12,19372.7,24223.15,290677.8,4
2026-09-02,58586340,Ganesan Muniandy,Ganesan,Muniandy,MARRIED,M,MALAYSIAN,Perak,Northern,Indian,Professional Services,FAMILY OWNED,31609,"No 253, Jalan Anggerik 10",Taman Puchong Perdana,"Ipoh, Perak",31980,31609,Driver,5,Diploma,AirAsia Berhad,N,Y,Y,N,61,31,39,10677.7,13415.05,160980.6,2
2026-09-02,39436733,Ainun Razak,Ainun,Razak,SINGLE,F,MALAYSIAN,Negeri Sembilan,Southern,Malay,Oil & Gas,MORTGAGE,73993,"No 234, Jalan Ria 5",Taman Sentosa,"Port Dickson, Negeri Sembilan",72102,73993,Retail Assistant,2,SPM,Gamuda Berhad,N,N,N,Y,21,2,1,8349.53,9730.7,116768.4,2
2026-09-02,28566572,Zaki Nabil,Zaki,Nabil,MARRIED,M,MALAYSIAN,Selangor,Central,Malay,Agriculture,OWNED,42156,"No 144, Jalan Wawasan 4",Taman Desa Jaya,"Klang, Selangor",43614,42156,Army Personnel,1,Diploma,MISC Berhad,N,Y,Y,N,59,10,36,13025.19,16312.18,195746.16,5
2026-09-02,78387461,Syafiqah Syafiq,Syafiqah,Syafiq,SINGLE,F,MALAYSIAN,Selangor,Central,Malay,Education,OWNED,66295,"No 113, Jalan Ria 17",Taman Bandar Baru,"Kajang, Selangor",43337,66295,Supervisor,5,Diploma,AirAsia Berhad,N,N,N,Y,47,29,12,17600.5,22545.72,270548.64,2
2026-09-02,76238574,Toh Cheng Han,Toh,Cheng Han,MARRIED,F,MALAYSIAN,Pulau Pinang,Northern,Chinese,Financial Services,FAMILY OWNED,13397,"No 204, Jalan Kenanga 9",Taman Sri Rampai,"Butterworth, Pulau Pinang",14137,13397,Supervisor,2,SPM,IOI Corporation,N,N,N,N,63,19,34,5054.31,6059.89,72718.68,5
2026-09-02,22201654,Suraya Ismail,Suraya,Ismail,MARRIED,F,MALAYSIAN,Selangor,Central,Malay,Transportation,MORTGAGE,68306,"No 262, Jalan Anggerik 3",Taman Damansara Utama,"Klang, Selangor",44097,68306,Contractor,1,SPM,Self Employed,Y,N,Y,Y,43,12,7,4807.93,6304.99,75659.88,2
2026-09-02,16323852,Hakim Syafiq,Hakim,Syafiq,SINGLE,M,MALAYSIAN,Putrajaya,Central,Malay,Oil & Gas,RENTING,62589,"No 150, Jalan Setia 12",Taman Taman Universiti,"Putrajaya, Putrajaya",62216,62589,Contractor,5,Diploma,Self Employed,Y,N,N,N,56,0,37,10537.48,13499.01,161988.12,2
2026-09-02,24716857,Syafiqah Abdul Rahman,Syafiqah,Abdul Rahman,SINGLE,F,MALAYSIAN,Kuala Lumpur,Central,Others,Telecommunications,OWNED,50790,"No 95, Jalan Murni 3",Taman Sri Melati,"Cheras, Kuala Lumpur",52190,50790,Administrator,1,SPM,Astro Malaysia,N,N,Y,Y,39,21,0,4219.29,5602.8,67233.6,5
2026-09-02,30514014,Chan Mun Yee,Chan,Mun Yee,MARRIED,M,MALAYSIAN,Sarawak,East Malaysia,Chinese,Oil & Gas,OWNED,94773,"No 172, Jalan Anggerik 18",Taman Bandar Baru,"Miri, Sarawak",96913,94773,Manager,5,Master Degree,Proton Holdings,N,N,Y,Y,43,4,17,9675.53,11476.82,137721.84,2
2026-09-02,94214382,Loh Jun Jie,Loh,Jun Jie,MARRIED,F,MALAYSIAN,Negeri Sembilan,Southern,Chinese,Government,OWNED,73553,"No 49, Jalan Nuri 11",Taman Desa Jaya,"Bahau, Negeri Sembilan",71296,73553,Engineer,5,STPM,Petronas,N,Y,Y,Y,24,0,0,8081.19,9929.49,119153.88,4
2026-09-02,31472420,Kamarul Khairul,Kamarul,Khairul,SINGLE,M,MALAYSIAN,Pahang,East Coast,Malay,Transportation,RENTING,27981,"No 59, Jalan Anggerik 20",Taman Taman Melawati,"Kuantan, Pahang",26230,27981,Police Officer,5,SPM,IOI Corporation,N,N,N,Y,27,5,2,12033.17,16069.71,192836.52,5
2026-09-02,66661351,Halim Firdaus,Halim,Firdaus,SINGLE,M,MALAYSIAN,Sabah,East Malaysia,Malay,Telecommunications,OWNED,90402,"No 67, Jalan Wawasan 1",Taman Taman Melawati,"Sandakan, Sabah",88601,90402,Sales Executive,1,Diploma,Malayan Banking Berhad,N,Y,Y,Y,63,15,8,9637.85,12089.96,145079.52,4
2026-09-02,90048665,Naresh Krishnan,Naresh,Krishnan,MARRIED,M,MALAYSIAN,Kuala Lumpur,Central,Indian,Plantation,OWNED,52013,"No 336, Jalan Anggerik 10",Taman Sri Melati,"Kuala Lumpur, Kuala Lumpur",53927,52013,Technician,3,SPM,Proton Holdings,N,Y,Y,N,60,32,12,18449.9,22457.25,269487.0,5
2026-09-02,18526544,Ho Mun Yee,Ho,Mun Yee,SINGLE,M,MALAYSIAN,Selangor,Central,Chinese,Healthcare,OWNED,42810,"No 47, Jalan Cempaka 3",Taman Taman Sri Muda,"Klang, Selangor",46258,42810,Retail Assistant,2,STPM,IOI Corporation,N,Y,Y,Y,31,8,5,14742.46,17469.56,209634.72,1
2026-09-02,61642594,Hasnah Azman,Hasnah,Azman,SINGLE,F,MALAYSIAN,Sabah,East Malaysia,Malay,Agriculture,EMPLOYER PROVIDED,88137,"No 79, Jalan Kenanga 5",Taman Sri Melati,"Tawau, Sabah",91913,88137,Civil Servant,3,Diploma,Grab Malaysia,N,N,Y,N,50,7,10,6606.54,8747.14,104965.68,3
2026-09-02,61220073,Teoh Siew Ling,Teoh,Siew Ling,MARRIED,F,MALAYSIAN,Selangor,Central,Chinese,Agriculture,OWNED,41047,"No 246, Jalan Wawasan 16",Taman Bandar Baru,"Kajang, Selangor",45185,41047,Nurse,3,SPM,AEON Co (M) Bhd,N,N,Y,N,42,18,13,13386.67,15983.04,191796.48,3
2026-09-02,89978790,Ho Sook Yee,Ho,Sook Yee,MARRIED,F,MALAYSIAN,Johor,Southern,Chinese,Agriculture,RENTING,86252,"No 14, Jalan Wawasan 12",Taman Kota Damansara,"Kluang, Johor",83376,86252,Retail Assistant,3,Diploma,Intel Malaysia,N,Y,Y,Y,24,3,3,13400.72,16423.67,197084.04,4
2026-09-02,72820592,Sim Wei Ming,Sim,Wei Ming,MARRIED,F,MALAYSIAN,Negeri Sembilan,Southern,Chinese,Government,FAMILY OWNED,70630,"No 174, Jalan Harmoni 12",Taman Taman Universiti,"Nilai, Negeri Sembilan",72728,70630,Chef,3,Master Degree,IOI Corporation,N,Y,N,N,47,21,13,2745.18,3330.54,39966.48,4
2026-09-02,81016525,Faizal Ismail,Faizal,Ismail,SINGLE,M,MALAYSIAN,Melaka,Southern,Malay,Professional Services,RENTING,75517,"No 156, Jalan Cempaka 14",Taman Taman Universiti,"Jasin, Melaka",77312,75517,Civil Servant,5,SPM,Astro Malaysia,N,Y,N,Y,64,6,39,23083.42,31144.59,373735.08,1
2026-09-02,43744231,Halim Abdul Rahman,Halim,Abdul Rahman,MARRIED,M,MALAYSIAN,Sarawak,East Malaysia,Malay,Oil & Gas,RENTING,98398,"No 144, Jalan Mawar 14",Taman Desa Jaya,"Kuching, Sarawak",98351,98398,Businessman,2,Diploma,Self Employed,Y,N,N,Y,54,23,2,24406.54,28578.64,342943.68,1
2026-09-02,84252722,Khoo Guan Eng,Khoo,Guan Eng,MARRIED,M,MALAYSIAN,Selangor,Central,Chinese,Retail Trade,FAMILY OWNED,65841,"No 115, Jalan Seroja 16",Taman Taman Universiti,"Petaling Jaya, Selangor",47618,65841,Contractor,1,Primary,Self Employed,Y,Y,N,Y,60,12,37,14198.23,18789.03,225468.36,3
2026-09-02,11540956,Malini Rajoo,Malini,Rajoo,SINGLE,F,MALAYSIAN,Kedah,Northern,Indian,Financial Services,OWNED,09666,"No 286, Jalan Bahagia 11",Taman Setia Alam,"Alor Setar, Kedah",08730,09666,Factory Worker,1,SPM,Top Glove Corporation,N,N,Y,Y,38,19,20,12796.43,17098.93,205187.16,5
2026-09-02,25374874,Cheah Cheng Han,Cheah,Cheng Han,MARRIED,F,MALAYSIAN,Johor,Southern,Chinese,Financial Services,MORTGAGE,85889,"No 69, Jalan Suria 9",Taman Setia Alam,"Kluang, Johor",79719,85889,Clerk,3,SPM,Grab Malaysia,N,N,N,N,25,7,0,23541.99,29898.96,358787.52,5
2026-09-02,82070937,Zaleha Danial,Zaleha,Danial,WIDOWED,F,MALAYSIAN,Sabah,East Malaysia,Malay,Agriculture,RENTING,89569,"No 179, Jalan Setia 3",Taman Bandar Sunway,"Lahad Datu, Sabah",88828,89569,Sales Executive,2,STPM,Top Glove Corporation,N,N,N,N,24,4,4,10749.34,13829.16,165949.92,5
2026-09-02,45812670,Sofea Zaki,Sofea,Zaki,SINGLE,F,MALAYSIAN,Pahang,East Coast,Malay,Construction,RENTING,28743,"No 314, Jalan Bahagia 7",Taman Taman Universiti,"Raub, Pahang",28986,28743,Contractor,1,Certificate,Self Employed,Y,N,N,N,47,22,16,20020.65,25135.44,301625.28,4
2026-09-02,96028436,Ho Wai Kit,Ho,Wai Kit,SINGLE,M,MALAYSIAN,Sarawak,East Malaysia,Chinese,Professional Services,EMPLOYER PROVIDED,94839,"No 253, Jalan Setia 7",Taman Kota Damansara,"Miri, Sarawak",96843,94839,Accountant,5,SPM,Intel Malaysia,N,N,N,Y,55,26,12,9013.02,11900.58,142806.96,5
2026-09-02,55657579,Foo Li Wei,Foo,Li Wei,SINGLE,M,MALAYSIAN,Perak,Northern,Chinese,Plantation,FAMILY OWNED,36454,"No 45, Jalan Suria 6",Taman Kota Damansara,"Ipoh, Perak",30728,36454,Sales Executive,5,Diploma,Proton Holdings,N,N,N,N,58,20,18,24544.55,28326.97,339923.64,3
2026-09-02,24972279,Ho Xin Yi,Ho,Xin Yi,MARRIED,F,MALAYSIAN,Pahang,East Coast,Chinese,Manufacturing,MORTGAGE,25244,"No 38, Jalan Mawar 5",Taman Sri Gombak,"Temerloh, Pahang",26080,25244,IT Executive,5,Bachelor Degree,Malayan Banking Berhad,N,N,N,Y,27,2,1,14964.8,17410.24,208922.88,4
2026-09-02,49392920,Rohana Halim,Rohana,Halim,MARRIED,F,MALAYSIAN,Selangor,Central,Malay,Education,RENTING,68843,"No 157, Jalan Harmoni 2",Taman Kota Damansara,"Petaling Jaya, Selangor",47447,68843,Supervisor,5,Bachelor Degree,Sime Darby Berhad,N,N,N,Y,37,15,3,8085.87,9424.96,113099.52,5
2026-09-02,68353204,Kamarul Aiman,Kamarul,Aiman,SINGLE,M,MALAYSIAN,Pulau Pinang,Northern,Malay,Transportation,OWNED,10374,"No 139, Jalan Setia 1",Taman Taman Sri Muda,"Bukit Mertajam, Pulau Pinang",14296,10374,Contractor,2,STPM,Self Employed,Y,N,Y,Y,61,29,12,14834.23,17516.46,210197.52,1
2026-09-02,31227574,Bala Rajoo,Bala,Rajoo,SINGLE,M,MALAYSIAN,Kedah,Northern,Indian,Agriculture,MORTGAGE,07291,"No 240, Jalan Kenanga 1",Taman Taman Universiti,"Alor Setar, Kedah",09977,07291,Retail Assistant,3,Certificate,Petronas,N,N,Y,Y,48,3,16,6296.59,8226.91,98722.92,4
2026-09-02,70897765,Nadia Nabil,Nadia,Nabil,SINGLE,F,MALAYSIAN,Johor,Southern,Malay,Retail Trade,RENTING,80296,"No 266, Jalan Delima 17",Taman Sri Gombak,"Johor Bahru, Johor",85504,80296,Sales Executive,5,SPM,Government of Malaysia,N,Y,N,N,64,35,38,5816.68,7457.96,89495.52,5
2026-09-02,10435578,Saraswathy Palanisamy,Saraswathy,Palanisamy,MARRIED,F,MALAYSIAN,Perak,Northern,Indian,Plantation,OWNED,33141,"No 233, Jalan Anggerik 15",Taman Sentosa,"Sitiawan, Perak",32547,33141,Retail Assistant,5,SPM,Self Employed,N,N,N,Y,55,33,20,14663.75,19466.74,233600.88,5
2026-09-02,45351479,Yap Pei Shan,Yap,Pei Shan,MARRIED,F,MALAYSIAN,Perak,Northern,Chinese,Plantation,RENTING,35811,"No 107, Jalan Utama 1",Taman Sentosa,"Sitiawan, Perak",32746,35811,Driver,1,SPM,Genting Malaysia,N,N,Y,N,62,11,40,23066.84,27287.34,327448.08,4
2026-09-02,77187530,Nadia Syafiq,Nadia,Syafiq,SINGLE,F,MALAYSIAN,Kelantan,East Coast,Malay,Healthcare,OWNED,18653,"No 212, Jalan Merdeka 5",Taman Damansara Utama,"Tumpat, Kelantan",15848,18653,Manager,5,Diploma,Intel Malaysia,N,N,N,N,37,4,6,13854.61,17699.72,212396.64,1
2026-09-02,33978249,Selvi Govindasamy,Selvi,Govindasamy,MARRIED,F,MALAYSIAN,Selangor,Central,Indian,Agriculture,OWNED,67624,"No 87, Jalan Wawasan 16",Taman Setia Alam,"Petaling Jaya, Selangor",64885,67624,Technician,2,SPM,Public Bank Berhad,N,N,Y,Y,61,35,24,24175.12,32247.22,386966.64,3
2026-09-02,78139880,Hakim Ismail,Hakim,Ismail,MARRIED,M,MALAYSIAN,Sabah,East Malaysia,Malay,Hospitality,FAMILY OWNED,91808,"No 218, Jalan Nuri 11",Taman Seri Kembangan,"Kota Kinabalu, Sabah",89371,91808,Administrator,5,Master Degree,Malayan Banking Berhad,N,Y,Y,Y,39,12,7,23972.96,29111.02,349332.24,2
2026-09-02,24282218,Prakash Govindasamy,Prakash,Govindasamy,MARRIED,M,MALAYSIAN,Negeri Sembilan,Southern,Indian,Oil & Gas,RENTING,71429,"No 201, Jalan Harmoni 11",Taman Damansara Utama,"Bahau, Negeri Sembilan",73992,71429,Sales Executive,5,Bachelor Degree,MISC Berhad,N,Y,N,Y,41,14,17,6486.23,8416.55,100998.6,2
2026-09-02,93926371,Wong Jia Hui,Wong,Jia Hui,MARRIED,F,MALAYSIAN,Sabah,East Malaysia,Chinese,Wholesale,FAMILY OWNED,91906,"No 58, Jalan Murni 20",Taman Sri Gombak,"Lahad Datu, Sabah",88708,91906,Doctor,2,Diploma,Malayan Banking Berhad,N,N,N,N,60,5,3,3807.4,4571.49,54857.88,4
2026-09-02,50056581,Hafiz Hafiz,Hafiz,Hafiz,MARRIED,M,MALAYSIAN,Sarawak,East Malaysia,Malay,Hospitality,FAMILY OWNED,98290,"No 67, Jalan Kenanga 14",Taman Seri Kembangan,"Kuching, Sarawak",97180,98290,Administrator,2,Certificate,DiGi Telecommunications,N,N,N,Y,55,21,5,17553.0,20499.1,245989.2,3
2026-09-02,95758349,Aishah Abdul Rahman,Aishah,Abdul Rahman,MARRIED,F,MALAYSIAN,Sabah,East Malaysia,Malay,Construction,EMPLOYER PROVIDED,90375,"No 69, Jalan Mawar 3",Taman Sri Gombak,"Sandakan, Sabah",89174,90375,Army Personnel,3,STPM,Intel Malaysia,N,N,N,Y,29,1,5,16660.62,22146.62,265759.44,5
2026-09-02,78137358,Gan Wan Ting,Gan,Wan Ting,MARRIED,F,MALAYSIAN,Selangor,Central,Chinese,Government,MORTGAGE,46753,"No 302, Jalan Delima 12",Taman Sentosa,"Klang, Selangor",40236,46753,Technician,3,Diploma,Genting Malaysia,N,N,Y,N,37,18,19,21009.15,27494.12,329929.44,3
2026-09-02,91734598,Koh Mei Ling,Koh,Mei Ling,SINGLE,F,MALAYSIAN,Kuala Lumpur,Central,Chinese,Agriculture,RENTING,54898,"No 239, Jalan Seroja 1",Taman Sri Melati,"Cheras, Kuala Lumpur",60408,54898,Retail Assistant,2,Diploma,Shopee Malaysia,N,Y,Y,N,46,20,9,4964.42,5903.15,70837.8,4
2026-09-02,36697396,Zulkifli Khairul,Zulkifli,Khairul,SINGLE,M,MALAYSIAN,Labuan,East Malaysia,Malay,Agriculture,MORTGAGE,87198,"No 161, Jalan Merdeka 12",Taman Kota Damansara,"Labuan, Labuan",87742,87198,Army Personnel,3,Bachelor Degree,Astro Malaysia,N,N,N,N,42,4,11,11177.51,13906.85,166882.2,1
2026-09-02,30513739,Zaharah Kamarul,Zaharah,Kamarul,MARRIED,F,MALAYSIAN,Selangor,Central,Malay,Real Estate,MORTGAGE,44306,"No 34, Jalan Murni 17",Taman Taman Melawati,"Shah Alam, Selangor",68455,44306,Clerk,1,Diploma,Petronas,N,Y,Y,Y,63,32,12,12823.94,14907.36,178888.32,3
2026-09-02,60185867,Yeoh Xin Yi,Yeoh,Xin Yi,SINGLE,M,MALAYSIAN,Selangor,Central,Chinese,Agriculture,MORTGAGE,68821,"No 44, Jalan Wawasan 3",Taman Seri Kembangan,"Shah Alam, Selangor",45393,68821,Civil Servant,2,Bachelor Degree,AirAsia Berhad,N,N,N,Y,45,6,26,11273.15,14756.0,177072.0,1
2026-09-02,31682744,Haikal Hafiz,Haikal,Hafiz,MARRIED,M,MALAYSIAN,Sarawak,East Malaysia,Others,Wholesale,FAMILY OWNED,96403,"No 239, Jalan Damai 10",Taman Puchong Perdana,"Miri, Sarawak",94839,96403,Self-Employed,2,Bachelor Degree,Self Employed,Y,N,N,N,63,20,12,7983.51,10085.4,121024.8,4
2026-09-02,82394227,Nazri Faizal,Nazri,Faizal,SINGLE,M,MALAYSIAN,Perak,Northern,Malay,Food & Beverage,RENTING,36133,"No 254, Jalan Ria 15",Taman Sri Rampai,"Taiping, Perak",33104,36133,Contractor,2,SPM,Self Employed,Y,Y,Y,N,29,2,6,10150.99,11838.27,142059.24,1
2026-09-02,81182864,Lee Li Wei,Lee,Li Wei,MARRIED,M,MALAYSIAN,Selangor,Central,Chinese,Agriculture,FAMILY OWNED,44966,"No 205, Jalan Teratai 4",Taman Bandar Sunway,"Shah Alam, Selangor",64818,44966,IT Executive,5,STPM,Intel Malaysia,N,N,Y,N,25,3,7,4917.35,6527.82,78333.84,5
2026-09-02,10076758,Ahmad Abdul Rahman,Ahmad,Abdul Rahman,MARRIED,M,MALAYSIAN,Terengganu,East Coast,Malay,Construction,OWNED,21998,"No 40, Jalan Permai 9",Taman Bandar Baru,"Dungun, Terengganu",20128,21998,Factory Worker,2,Bachelor Degree,Top Glove Corporation,N,Y,Y,N,55,33,15,4599.23,6132.5,73590.0,1
2026-09-02,90388981,Liyana Aiman,Liyana,Aiman,MARRIED,F,MALAYSIAN,Selangor,Central,Others,Plantation,RENTING,46510,"No 338, Jalan Permai 11",Taman Taman Sri Muda,"Shah Alam, Selangor",48960,46510,Businessman,3,Bachelor Degree,Self Employed,Y,N,N,N,39,13,20,14895.26,19544.77,234537.24,5
2026-09-02,53507489,Intan Nazri,Intan,Nazri,MARRIED,F,MALAYSIAN,Selangor,Central,Malay,Manufacturing,EMPLOYER PROVIDED,65670,"No 91, Jalan Wawasan 14",Taman Bukit Indah,"Petaling Jaya, Selangor",44301,65670,Sales Executive,2,Master Degree,Dell Malaysia,N,N,N,Y,42,1,12,17006.71,22700.17,272402.04,3
2026-09-02,75579548,Hasnah Amir,Hasnah,Amir,MARRIED,F,MALAYSIAN,Kuala Lumpur,Central,Malay,Agriculture,OWNED,53806,"No 307, Jalan Murni 13",Taman Sri Rampai,"Setapak, Kuala Lumpur",57625,53806,IT Executive,2,Bachelor Degree,AEON Co (M) Bhd,N,N,Y,N,37,16,3,22175.97,28965.94,347591.28,4
2026-09-02,12614124,Razak Azman,Razak,Azman,SINGLE,M,MALAYSIAN,Sarawak,East Malaysia,Malay,Oil & Gas,RENTING,96595,"No 84, Jalan Permai 6",Taman Bukit Beruntung,"Sibu, Sarawak",95286,96595,Retail Assistant,1,SPM,Astro Malaysia,N,N,N,N,25,0,0,10588.22,13514.99,162179.88,3
2026-09-02,25014631,Farah Amir,Farah,Amir,MARRIED,F,MALAYSIAN,Pulau Pinang,Northern,Malay,Financial Services,OWNED,14093,"No 20, Jalan Wawasan 15",Taman Bukit Indah,"George Town, Pulau Pinang",13767,14093,Teacher,2,Bachelor Degree,AirAsia Berhad,N,N,N,Y,31,10,11,15563.51,20729.09,248749.08,3
2026-09-02,58718453,Razak Syafiq,Razak,Syafiq,MARRIED,M,MALAYSIAN,Perlis,Northern,Malay,Agriculture,OWNED,02369,"No 47, Jalan Anggerik 17",Taman Bukit Indah,"Kangar, Perlis",01741,02369,Accountant,2,Diploma,AirAsia Berhad,N,Y,N,Y,47,14,29,2854.25,3755.91,45070.92,3
2026-09-02,51273847,Liyana Firdaus,Liyana,Firdaus,MARRIED,F,MALAYSIAN,Kuala Lumpur,Central,Malay,Financial Services,RENTING,57905,"No 67, Jalan Nuri 5",Taman Taman Universiti,"Setapak, Kuala Lumpur",59191,57905,Contractor,2,SPM,Self Employed,Y,N,N,Y,55,1,11,22497.24,27897.34,334768.08,5
2026-09-02,42138745,Naresh Karuppiah,Naresh,Karuppiah,MARRIED,M,MALAYSIAN,Selangor,Central,Indian,Oil & Gas,MORTGAGE,63860,"No 312, Jalan Indah 19",Taman Taman Universiti,"Klang, Selangor",65170,63860,Lecturer,1,Diploma,Nestle (M) Berhad,N,Y,N,N,59,22,38,6176.79,7800.18,93602.16,4
2026-09-02,17774584,Nadia Amir,Nadia,Amir,SINGLE,F,MALAYSIAN,Sarawak,East Malaysia,Malay,Agriculture,OWNED,96520,"No 331, Jalan Merdeka 1",Taman Desa Jaya,"Sibu, Sarawak",95415,96520,Chef,3,Bachelor Degree,Shopee Malaysia,N,N,Y,Y,60,5,25,18432.97,22978.54,275742.48,5
2026-09-02,42329237,Balqis Zulkifli,Balqis,Zulkifli,DIVORCED,F,MALAYSIAN,Pulau Pinang,Northern,Malay,Construction,OWNED,13094,"No 201, Jalan Damai 12",Taman Desa Jaya,"Butterworth, Pulau Pinang",12196,13094,Doctor,2,SPM,DiGi Telecommunications,N,Y,Y,Y,47,27,15,21003.94,25749.27,308991.24,1
2026-09-02,86149359,Yap Chee Keong,Yap,Chee Keong,MARRIED,M,MALAYSIAN,Johor,Southern,Chinese,Wholesale,OWNED,82529,"No 267, Jalan Harmoni 18",Taman Puchong Perdana,"Muar, Johor",85630,82529,Businessman,3,Diploma,Self Employed,Y,N,Y,N,34,12,2,16029.9,19476.68,233720.16,4
2026-09-02,20570592,Hafiz Mohd Faizal,Hafiz,Mohd Faizal,MARRIED,M,MALAYSIAN,Kedah,Northern,Others,Telecommunications,FAMILY OWNED,08696,"No 304, Jalan Kenanga 1",Taman Sri Gombak,"Langkawi, Kedah",09159,08696,Teacher,2,Bachelor Degree,Sime Darby Berhad,N,N,Y,N,42,6,17,24932.67,32163.26,385959.12,3
2026-09-02,21496211,Chong Sze Ying,Chong,Sze Ying,DIVORCED,F,MALAYSIAN,Perlis,Northern,Chinese,Professional Services,MORTGAGE,01283,"No 114, Jalan Indah 4",Taman Bandar Baru,"Kangar, Perlis",01303,01283,Civil Servant,3,SPM,Top Glove Corporation,N,N,N,N,40,13,0,9339.02,12094.26,145131.12,5
2026-09-02,75228535,Balqis Amir,Balqis,Amir,SINGLE,F,MALAYSIAN,Kelantan,East Coast,Others,Manufacturing,FAMILY OWNED,18141,"No 323, Jalan Wawasan 16",Taman Desa Jaya,"Pasir Mas, Kelantan",16011,18141,Driver,3,Bachelor Degree,Malayan Banking Berhad,N,Y,N,Y,28,4,5,20101.4,25545.31,306543.72,5
2026-09-02,19289546,Ainun Mohd Faizal,Ainun,Mohd Faizal,SINGLE,F,MALAYSIAN,Perak,Northern,Malay,Oil & Gas,FAMILY OWNED,31164,"No 275, Jalan Kenanga 5",Taman Bukit Indah,"Teluk Intan, Perak",35759,31164,Civil Servant,1,STPM,Public Bank Berhad,N,N,Y,N,56,12,3,18885.31,23757.6,285091.2,5
2026-09-02,81498611,Anand Muniandy,Anand,Muniandy,DIVORCED,M,MALAYSIAN,Selangor,Central,Indian,Agriculture,FAMILY OWNED,68882,"No 196, Jalan Utama 5",Taman Seri Kembangan,"Shah Alam, Selangor",68948,68882,Police Officer,5,STPM,AEON Co (M) Bhd,N,N,Y,Y,48,27,23,23077.52,26826.94,321923.28,4
2026-09-02,26879290,Liyana Khairul,Liyana,Khairul,SINGLE,F,MALAYSIAN,Terengganu,East Coast,Malay,Oil & Gas,FAMILY OWNED,22259,"No 251, Jalan Murni 12",Taman Kota Damansara,"Marang, Terengganu",21385,22259,Self-Employed,2,SPM,Self Employed,Y,N,Y,N,57,33,38,12097.49,14905.08,178860.96,1
2026-09-02,27232410,Toh Mei Ling,Toh,Mei Ling,WIDOWED,M,MALAYSIAN,Pulau Pinang,Northern,Chinese,Transportation,OWNED,10103,"No 222, Jalan Wawasan 5",Taman Puchong Perdana,"Bukit Mertajam, Pulau Pinang",14891,10103,Factory Worker,5,Diploma,AEON Co (M) Bhd,N,N,N,N,52,34,20,5920.03,7062.41,84748.92,1
2026-09-02,98550256,Aiman Iskandar,Aiman,Iskandar,SINGLE,M,MALAYSIAN,Johor,Southern,Malay,Food & Beverage,OWNED,82076,"No 189, Jalan Wawasan 14",Taman Desa Jaya,"Segamat, Johor",83635,82076,Administrator,1,SPM,Government of Malaysia,N,N,N,N,54,32,30,18097.36,23618.88,283426.56,5
2026-09-02,73791320,Alia Ahmad,Alia,Ahmad,SINGLE,F,MALAYSIAN,Selangor,Central,Malay,Construction,RENTING,43220,"No 83, Jalan Nuri 2",Taman Taman Melawati,"Klang, Selangor",66495,43220,Administrator,5,SPM,Dell Malaysia,N,Y,Y,Y,24,4,5,2465.6,3185.81,38229.72,2
2026-09-02,83793389,Hakim Azman,Hakim,Azman,MARRIED,M,MALAYSIAN,Pulau Pinang,Northern,Malay,Hospitality,RENTING,11168,"No 86, Jalan Cempaka 16",Taman Desa Jaya,"George Town, Pulau Pinang",12186,11168,Accountant,5,Bachelor Degree,Government of Malaysia,N,N,Y,Y,42,5,11,5765.36,7220.78,86649.36,4
2026-09-02,32162965,Zaharah Shahrul,Zaharah,Shahrul,MARRIED,F,MALAYSIAN,Selangor,Central,Malay,Hospitality,RENTING,48908,"No 52, Jalan Bahagia 15",Taman Kota Damansara,"Petaling Jaya, Selangor",41687,48908,Technician,3,Master Degree,Grab Malaysia,N,N,N,N,53,24,26,12417.93,14431.36,173176.32,3
2026-09-02,45575298,Iskandar Halim,Iskandar,Halim,DIVORCED,M,MALAYSIAN,Sabah,East Malaysia,Malay,Wholesale,OWNED,91488,"No 133, Jalan Seroja 15",Taman Taman Universiti,"Lahad Datu, Sabah",89764,91488,Nurse,5,Diploma,AirAsia Berhad,N,N,Y,Y,41,9,8,12686.62,15432.36,185188.32,1
2026-09-02,80823176,Sim Li Wei,Sim,Li Wei,MARRIED,F,MALAYSIAN,Johor,Southern,Chinese,Telecommunications,RENTING,81595,"No 276, Jalan Wawasan 7",Taman Seri Kembangan,"Muar, Johor",84487,81595,Retail Assistant,1,SPM,Self Employed,N,N,Y,Y,65,2,14,10180.93,12599.51,151194.12,3
2026-09-02,91415657,Ramesh Ramasamy,Ramesh,Ramasamy,MARRIED,M,MALAYSIAN,Pulau Pinang,Northern,Indian,Retail Trade,FAMILY OWNED,14038,"No 110, Jalan Utama 18",Taman Taman Universiti,"George Town, Pulau Pinang",12444,14038,Police Officer,2,Bachelor Degree,Self Employed,N,N,N,Y,25,3,6,15676.79,18434.57,221214.84,3
2026-09-02,66792612,Zaharah Mohd Faizal,Zaharah,Mohd Faizal,WIDOWED,F,MALAYSIAN,Selangor,Central,Malay,Wholesale,RENTING,44600,"No 322, Jalan Cempaka 15",Taman Taman Sri Muda,"Subang Jaya, Selangor",67584,44600,Teacher,3,Bachelor Degree,Intel Malaysia,N,Y,Y,Y,25,1,3,24594.31,32988.37,395860.44,1
2026-09-02,38427073,Rajesh Muniandy,Rajesh,Muniandy,MARRIED,M,MALAYSIAN,Kedah,Northern,Indian,Wholesale,OWNED,07572,"No 291, Jalan Teratai 9",Taman Sri Rampai,"Kulim, Kedah",09419,07572,Teacher,5,STPM,Shopee Malaysia,N,N,Y,Y,53,4,16,23634.53,29210.64,350527.68,2
2026-09-02,82383095,Nur Hidayah Fauzi,Nur Hidayah,Fauzi,SINGLE,F,MALAYSIAN,Johor,Southern,Malay,Manufacturing,FAMILY OWNED,80696,"No 306, Jalan Indah 16",Taman Bandar Sunway,"Segamat, Johor",86483,80696,Self-Employed,5,Bachelor Degree,Self Employed,Y,N,N,Y,63,16,40,5155.69,6088.77,73065.24,1
2026-09-02,36998038,Ismail Firdaus,Ismail,Firdaus,SINGLE,M,MALAYSIAN,Sabah,East Malaysia,Malay,Transportation,RENTING,91095,"No 185, Jalan Harmoni 2",Taman Bukit Indah,"Tawau, Sabah",91131,91095,Army Personnel,2,SPM,Government of Malaysia,N,Y,N,N,61,0,30,22043.33,27482.25,329787.0,4
2026-09-02,51837852,Mohd Faizal Shahrul,Mohd Faizal,Shahrul,SINGLE,M,MALAYSIAN,Selangor,Central,Malay,Agriculture,RENTING,67709,"No 316, Jalan Anggerik 17",Taman Kota Damansara,"Kajang, Selangor",40305,67709,Doctor,3,STPM,Intel Malaysia,N,N,Y,Y,33,12,15,21475.81,26524.61,318295.32,4
2026-09-02,63551839,Gan Wei Ming,Gan,Wei Ming,MARRIED,F,MALAYSIAN,Kuala Lumpur,Central,Chinese,Real Estate,RENTING,56884,"No 11, Jalan Permai 9",Taman Desa Jaya,"Setapak, Kuala Lumpur",53297,56884,Security Guard,1,Bachelor Degree,Sime Darby Berhad,N,Y,Y,Y,31,13,2,7437.99,9832.9,117994.8,1
2026-09-02,97225156,Noraini Khairul,Noraini,Khairul,SINGLE,F,MALAYSIAN,Kedah,Northern,Malay,Government,FAMILY OWNED,06183,"No 302, Jalan Wawasan 17",Taman Setia Alam,"Alor Setar, Kedah",06023,06183,Self-Employed,1,SPM,Self Employed,Y,N,N,N,49,24,28,11850.05,14461.72,173540.64,3
2026-09-02,60119651,Syafiq Amir,Syafiq,Amir,MARRIED,M,MALAYSIAN,Terengganu,East Coast,Malay,Hospitality,OWNED,24137,"No 206, Jalan Delima 16",Taman Taman Universiti,"Kuala Terengganu, Terengganu",23538,24137,Police Officer,1,Bachelor Degree,Gamuda Berhad,N,N,Y,Y,32,5,5,18184.09,21115.7,253388.4,1
2026-09-02,68800797,Cheah Sze Ying,Cheah,Sze Ying,DIVORCED,F,MALAYSIAN,Sarawak,East Malaysia,Chinese,Professional Services,RENTING,97310,"No 22, Jalan Melati 19",Taman Kota Damansara,"Miri, Sarawak",96707,97310,Chef,2,Bachelor Degree,AirAsia Berhad,N,N,Y,Y,41,4,10,13289.99,15422.59,185071.08,1
2026-09-02,79467853,Muthu Rajoo,Muthu,Rajoo,MARRIED,M,MALAYSIAN,Selangor,Central,Indian,Wholesale,MORTGAGE,43909,"No 143, Jalan Utama 6",Taman Damansara Utama,"Subang Jaya, Selangor",45222,43909,Factory Worker,1,Bachelor Degree,Self Employed,N,N,Y,N,64,30,12,1671.47,2123.57,25482.84,3
2026-09-02,70597444,Foo Jun Jie,Foo,Jun Jie,SINGLE,F,MALAYSIAN,Sabah,East Malaysia,Chinese,Oil & Gas,RENTING,91296,"No 36, Jalan Nuri 4",Taman Bandar Baru,"Kota Kinabalu, Sabah",88590,91296,Clerk,1,SPM,AirAsia Berhad,N,N,Y,N,47,20,19,20519.16,23723.87,284686.44,1
2026-09-02,26240908,Nazri Firdaus,Nazri,Firdaus,MARRIED,M,MALAYSIAN,Johor,Southern,Malay,Transportation,OWNED,82274,"No 90, Jalan Delima 20",Taman Bukit Indah,"Segamat, Johor",82199,82274,Lecturer,2,SPM,Malayan Banking Berhad,N,N,Y,N,48,26,9,8489.8,10113.71,121364.52,4
2026-09-02,43273328,Cheah Wei Ming,Cheah,Wei Ming,MARRIED,F,MALAYSIAN,Selangor,Central,Chinese,Food & Beverage,FAMILY OWNED,40636,"No 266, Jalan Delima 14",Taman Bandar Sunway,"Subang Jaya, Selangor",64273,40636,Manager,2,SPM,Astro Malaysia,N,N,Y,Y,39,12,2,21741.37,28129.26,337551.12,5
2026-09-02,40158366,Fatimah Nabil,Fatimah,Nabil,MARRIED,F,MALAYSIAN,Johor,Southern,Malay,Real Estate,FAMILY OWNED,80489,"No 119, Jalan Wawasan 14",Taman Puchong Perdana,"Muar, Johor",86324,80489,Accountant,3,SPM,Genting Malaysia,N,N,N,Y,53,18,16,4326.93,5535.84,66430.08,2
2026-09-02,18593410,Syafiqah Fauzi,Syafiqah,Fauzi,MARRIED,F,MALAYSIAN,Sarawak,East Malaysia,Malay,Construction,FAMILY OWNED,95509,"No 182, Jalan Nuri 19",Taman Sri Gombak,"Kuching, Sarawak",96531,95509,Doctor,3,Master Degree,Grab Malaysia,N,N,N,Y,46,13,24,19878.98,23046.08,276552.96,2
2026-09-02,55377076,Intan Aiman,Intan,Aiman,MARRIED,F,MALAYSIAN,Kelantan,East Coast,Malay,Healthcare,MORTGAGE,18129,"No 215, Jalan Delima 2",Taman Bandar Sunway,"Gua Musang, Kelantan",17098,18129,Clerk,1,Certificate,AEON Co (M) Bhd,N,N,Y,Y,24,5,2,16139.49,21261.21,255134.52,1
2026-09-02,12823170,Devi Rajoo,Devi,Rajoo,MARRIED,F,MALAYSIAN,Negeri Sembilan,Southern,Indian,Wholesale,OWNED,71048,"No 126, Jalan Delima 7",Taman Bukit Indah,"Port Dickson, Negeri Sembilan",71220,71048,Lecturer,3,Bachelor Degree,Self Employed,N,N,N,Y,64,12,26,13661.61,17034.92,204419.04,1
2026-09-02,88961459,Muhammad Shahrul,Muhammad,Shahrul,SINGLE,M,MALAYSIAN,Kedah,Northern,Malay,Wholesale,MORTGAGE,06847,"No 246, Jalan Ria 10",Taman Bandar Sunway,"Alor Setar, Kedah",05301,06847,Sales Executive,3,Bachelor Degree,Intel Malaysia,N,N,N,N,31,11,7,18839.48,23800.1,285601.2,5
2026-09-02,84346088,Priya Ramasamy,Priya,Ramasamy,SINGLE,F,MALAYSIAN,Negeri Sembilan,Southern,Indian,Plantation,RENTING,72376,"No 293, Jalan Setia 1",Taman Sentosa,"Nilai, Negeri Sembilan",71349,72376,Technician,1,Diploma,IOI Corporation,N,N,N,N,25,6,0,20441.46,24938.93,299267.16,2
2026-09-02,40885476,Selvi Ramasamy,Selvi,Ramasamy,SINGLE,F,MALAYSIAN,Pahang,East Coast,Indian,Telecommunications,OWNED,26521,"No 225, Jalan Harmoni 9",Taman Sentosa,"Raub, Pahang",25315,26521,Nurse,2,Bachelor Degree,AEON Co (M) Bhd,N,N,Y,Y,63,28,28,12960.72,16355.26,196263.12,4
2026-09-02,88979095,Hasnah Faizal,Hasnah,Faizal,SINGLE,F,MALAYSIAN,Kuala Lumpur,Central,Malay,Transportation,OWNED,53830,"No 280, Jalan Damai 12",Taman Sri Gombak,"Cheras, Kuala Lumpur",59881,53830,Chef,5,SPM,Public Bank Berhad,N,N,N,N,31,10,9,5089.48,6556.05,78672.6,1
2026-09-02,39557077,Khairul Haikal,Khairul,Haikal,SINGLE,M,MALAYSIAN,Kuala Lumpur,Central,Malay,Transportation,MORTGAGE,58870,"No 337, Jalan Delima 16",Taman Desa Jaya,"Cheras, Kuala Lumpur",60156,58870,Driver,1,Bachelor Degree,Malayan Banking Berhad,N,N,Y,N,60,22,7,5209.68,7009.59,84115.08,2
2026-09-02,10965138,Balqis Faizal,Balqis,Faizal,SINGLE,F,MALAYSIAN,Kuala Lumpur,Central,Malay,Professional Services,RENTING,54836,"No 349, Jalan Nuri 17",Taman Taman Melawati,"Kuala Lumpur, Kuala Lumpur",55643,54836,Engineer,5,SPM,Intel Malaysia,N,N,Y,N,30,3,2,16526.48,19239.66,230875.92,3
2026-09-02,19528530,Ong Pei Shan,Ong,Pei Shan,MARRIED,F,MALAYSIAN,Kuala Lumpur,Central,Chinese,Professional Services,MORTGAGE,54371,"No 256, Jalan Ria 19",Taman Bandar Sunway,"Setapak, Kuala Lumpur",56041,54371,Administrator,2,Bachelor Degree,Shopee Malaysia,N,Y,N,N,54,20,31,10567.22,13776.24,165314.88,2
2026-09-02,94705205,Halim Nazri,Halim,Nazri,SINGLE,M,MALAYSIAN,Kuala Lumpur,Central,Malay,Hospitality,RENTING,58623,"No 87, Jalan Murni 15",Taman Bandar Baru,"Bangsar, Kuala Lumpur",59262,58623,Manager,5,STPM,Top Glove Corporation,N,N,Y,N,25,4,3,23398.0,28834.16,346009.92,1
2026-09-02,17901903,Nurul Ain Abdul Rahman,Nurul Ain,Abdul Rahman,MARRIED,F,MALAYSIAN,Kedah,Northern,Malay,Food & Beverage,FAMILY OWNED,09880,"No 228, Jalan Harmoni 3",Taman Kota Damansara,"Alor Setar, Kedah",06608,09880,Supervisor,5,Diploma,Nestle (M) Berhad,N,N,Y,Y,59,22,39,21547.74,25089.66,301075.92,1
2026-09-02,40728046,Syafiqah Aiman,Syafiqah,Aiman,WIDOWED,F,MALAYSIAN,Melaka,Southern,Malay,Real Estate,MORTGAGE,75958,"No 294, Jalan Nuri 11",Taman Sentosa,"Alor Gajah, Melaka",75928,75958,IT Executive,1,Bachelor Degree,DiGi Telecommunications,N,N,N,Y,31,0,8,18519.96,24410.06,292920.72,4
2026-09-02,19046318,Amir Mohd Faizal,Amir,Mohd Faizal,MARRIED,M,MALAYSIAN,Negeri Sembilan,Southern,Malay,Education,RENTING,71061,"No 40, Jalan Anggerik 11",Taman Taman Sri Muda,"Seremban, Negeri Sembilan",71107,71061,Nurse,5,SPM,DiGi Telecommunications,N,N,Y,N,63,2,5,12376.4,15733.96,188807.52,5
2026-09-02,14216175,Wong Chun Kit,Wong,Chun Kit,MARRIED,F,MALAYSIAN,Sarawak,East Malaysia,Chinese,Construction,MORTGAGE,95694,"No 232, Jalan Cempaka 15",Taman Bandar Baru,"Sibu, Sarawak",96715,95694,Contractor,5,SPM,Self Employed,Y,N,Y,Y,29,5,2,17488.55,22966.01,275592.12,4
2026-09-02,54349361,Kamarul Hafiz,Kamarul,Hafiz,MARRIED,M,MALAYSIAN,Selangor,Central,Malay,Transportation,FAMILY OWNED,67118,"No 249, Jalan Utama 17",Taman Taman Universiti,"Petaling Jaya, Selangor",66378,67118,Lecturer,3,SPM,Proton Holdings,N,Y,N,Y,58,27,13,20690.22,25087.68,301052.16,4
2026-09-02,19510312,Hana Rosli,Hana,Rosli,SINGLE,F,MALAYSIAN,Johor,Southern,Malay,Real Estate,RENTING,80196,"No 262, Jalan Suria 16",Taman Taman Sri Muda,"Batu Pahat, Johor",79588,80196,IT Executive,5,SPM,AEON Co (M) Bhd,N,Y,Y,N,51,17,5,6563.17,8318.6,99823.2,1
2026-09-02,79008866,Naresh Palanisamy,Naresh,Palanisamy,SINGLE,M,MALAYSIAN,Selangor,Central,Indian,Wholesale,OWNED,67530,"No 7, Jalan Harmoni 14",Taman Bukit Indah,"Kajang, Selangor",64521,67530,Army Personnel,5,Master Degree,Sime Darby Berhad,N,N,Y,Y,29,11,4,3204.16,4272.09,51265.08,5
2026-09-02,41944441,Mohd Faizal Ismail,Mohd Faizal,Ismail,SINGLE,M,MALAYSIAN,Johor,Southern,Malay,Education,MORTGAGE,85451,"No 2, Jalan Murni 17",Taman Seri Kembangan,"Kluang, Johor",84643,85451,IT Executive,5,Diploma,Government of Malaysia,N,Y,Y,Y,45,26,15,23770.35,30813.75,369765.0,2
2026-09-02,47376585,Ong Guan Eng,Ong,Guan Eng,SINGLE,M,MALAYSIAN,Johor,Southern,Chinese,Agriculture,MORTGAGE,81820,"No 37, Jalan Harmoni 17",Taman Bukit Beruntung,"Batu Pahat, Johor",79504,81820,Supervisor,3,SPM,Proton Holdings,N,N,N,N,58,1,12,5087.91,6068.6,72823.2,1
2026-09-02,99788677,Nadia Danial,Nadia,Danial,MARRIED,F,MALAYSIAN,Melaka,Southern,Malay,Telecommunications,RENTING,76463,"No 82, Jalan Nuri 16",Taman Sentosa,"Ayer Keroh, Melaka",78314,76463,Lecturer,1,Diploma,Proton Holdings,N,N,N,N,65,33,11,6895.08,8498.75,101985.0,4
2026-09-02,75151231,Syafiqah Iskandar,Syafiqah,Iskandar,MARRIED,F,MALAYSIAN,Perak,Northern,Malay,Construction,RENTING,33333,"No 62, Jalan Nuri 13",Taman Damansara Utama,"Teluk Intan, Perak",34458,33333,Civil Servant,1,STPM,Petronas,N,Y,N,Y,24,2,6,24684.05,31459.7,377516.4,4
2026-09-02,38754377,Wong Sze Ying,Wong,Sze Ying,SINGLE,M,MALAYSIAN,Johor,Southern,Chinese,Telecommunications,OWNED,84393,"No 59, Jalan Cempaka 8",Taman Kota Damansara,"Muar, Johor",79787,84393,Lecturer,2,Diploma,Intel Malaysia,N,N,N,N,45,17,0,5185.01,6912.98,82955.76,1
2026-09-02,82374753,Tan Mun Yee,Tan,Mun Yee,SINGLE,F,MALAYSIAN,Pahang,East Coast,Chinese,Construction,OWNED,28399,"No 243, Jalan Harmoni 12",Taman Bukit Beruntung,"Raub, Pahang",28573,28399,Teacher,3,Master Degree,Tenaga Nasional Berhad,N,N,Y,Y,37,11,0,21795.44,28847.48,346169.76,5
2026-09-02,27758595,Aminah Aiman,Aminah,Aiman,SINGLE,F,MALAYSIAN,Pulau Pinang,Northern,Malay,Wholesale,OWNED,10102,"No 304, Jalan Harmoni 13",Taman Puchong Perdana,"Butterworth, Pulau Pinang",11231,10102,Retail Assistant,2,Diploma,Tenaga Nasional Berhad,N,Y,N,N,50,17,13,23188.01,29228.35,350740.2,1
2026-09-02,86644106,Nur Hidayah Fauzi,Nur Hidayah,Fauzi,SINGLE,F,MALAYSIAN,Pahang,East Coast,Malay,Agriculture,OWNED,27948,"No 95, Jalan Kenanga 20",Taman Taman Universiti,"Raub, Pahang",26915,27948,Civil Servant,2,Bachelor Degree,Dell Malaysia,N,N,N,Y,48,28,6,23724.29,27686.46,332237.52,3
2026-09-02,87337818,Wong Li Wei,Wong,Li Wei,SINGLE,M,MALAYSIAN,Johor,Southern,Chinese,Education,RENTING,79302,"No 230, Jalan Permai 14",Taman Taman Sri Muda,"Kluang, Johor",82782,79302,Lecturer,3,SPM,Tenaga Nasional Berhad,N,N,N,Y,48,30,16,15419.74,18971.12,227653.44,1
2026-09-02,73440831,Khairul Abdul Rahman,Khairul,Abdul Rahman,MARRIED,M,MALAYSIAN,Kelantan,East Coast,Malay,Education,FAMILY OWNED,15204,"No 132, Jalan Bahagia 1",Taman Taman Universiti,"Gua Musang, Kelantan",15395,15204,Nurse,5,STPM,Astro Malaysia,N,N,Y,Y,23,1,0,14977.5,18450.01,221400.12,3
2026-09-02,42614537,Maziah Khairul,Maziah,Khairul,DIVORCED,F,MALAYSIAN,Kelantan,East Coast,Malay,Food & Beverage,OWNED,16825,"No 184, Jalan Murni 14",Taman Desa Jaya,"Tumpat, Kelantan",17598,16825,Lecturer,3,Bachelor Degree,Malayan Banking Berhad,N,N,Y,N,39,2,0,14163.72,17841.61,214099.32,1
2026-09-02,73481353,Fatimah Shahrul,Fatimah,Shahrul,MARRIED,F,MALAYSIAN,Perak,Northern,Malay,Healthcare,OWNED,30084,"No 281, Jalan Nuri 6",Taman Setia Alam,"Teluk Intan, Perak",30718,30084,Self-Employed,5,SPM,Self Employed,Y,N,Y,N,42,23,6,21564.2,28575.72,342908.64,4
2026-09-02,64634663,Toh Yan Ping,Toh,Yan Ping,MARRIED,M,MALAYSIAN,Sabah,East Malaysia,Chinese,Manufacturing,RENTING,88253,"No 339, Jalan Wawasan 8",Taman Bukit Indah,"Lahad Datu, Sabah",91694,88253,Police Officer,2,SPM,Public Bank Berhad,N,N,N,N,25,0,0,3195.66,3998.89,47986.68,1
2026-09-02,35556386,Chong Kah Wai,Chong,Kah Wai,MARRIED,F,MALAYSIAN,Sarawak,East Malaysia,Chinese,Wholesale,RENTING,97828,"No 293, Jalan Melati 7",Taman Damansara Utama,"Sibu, Sarawak",93155,97828,Factory Worker,1,Diploma,DiGi Telecommunications,N,Y,N,N,24,3,2,17908.65,23634.94,283619.28,5
2026-09-02,22660194,Teoh Chee Keong,Teoh,Chee Keong,SINGLE,F,MALAYSIAN,Perak,Northern,Chinese,Wholesale,OWNED,33448,"No 89, Jalan Indah 9",Taman Puchong Perdana,"Taiping, Perak",35695,33448,Sales Executive,2,SPM,Petronas,N,N,Y,Y,59,35,36,15476.83,19118.11,229417.32,5
2026-09-02,23009833,Hasnah Danial,Hasnah,Danial,MARRIED,F,MALAYSIAN,Selangor,Central,Malay,Food & Beverage,FAMILY OWNED,66832,"No 200, Jalan Delima 8",Taman Damansara Utama,"Subang Jaya, Selangor",42218,66832,Lecturer,3,Diploma,Proton Holdings,N,N,Y,Y,59,13,4,20340.84,24487.81,293853.72,2
2026-09-02,98447167,Loh Wan Ting,Loh,Wan Ting,DIVORCED,M,MALAYSIAN,Sarawak,East Malaysia,Chinese,Plantation,RENTING,94200,"No 134, Jalan Damai 19",Taman Taman Universiti,"Kuching, Sarawak",96365,94200,Technician,3,Bachelor Degree,Nestle (M) Berhad,N,N,Y,N,62,15,23,4881.26,6575.18,78902.16,2
2026-09-02,67854710,Ahmad Firdaus,Ahmad,Firdaus,SINGLE,M,MALAYSIAN,Terengganu,East Coast,Malay,Real Estate,OWNED,22892,"No 128, Jalan Merdeka 4",Taman Setia Alam,"Kemaman, Terengganu",22624,22892,Retail Assistant,3,SPM,DiGi Telecommunications,N,N,Y,N,30,4,6,7732.73,9449.14,113389.68,2
2026-09-02,57553014,Wan Norhaslinda Nabil,Wan Norhaslinda,Nabil,MARRIED,F,MALAYSIAN,Kedah,Northern,Malay,Agriculture,MORTGAGE,05878,"No 148, Jalan Teratai 6",Taman Desa Jaya,"Kulim, Kedah",06344,05878,Doctor,1,SPM,Astro Malaysia,N,N,N,N,52,25,1,23774.78,31001.16,372013.92,3
2026-09-02,66851760,Ainun Muhammad,Ainun,Muhammad,MARRIED,F,MALAYSIAN,Johor,Southern,Malay,Oil & Gas,RENTING,82772,"No 188, Jalan Harmoni 10",Taman Damansara Utama,"Segamat, Johor",86718,82772,IT Executive,1,Bachelor Degree,Sime Darby Berhad,N,Y,N,Y,56,25,3,24798.88,30876.96,370523.52,4
2026-09-02,65177213,Lau Kah Wai,Lau,Kah Wai,SINGLE,F,MALAYSIAN,Johor,Southern,Chinese,Government,OWNED,84524,"No 54, Jalan Seroja 4",Taman Bandar Baru,"Segamat, Johor",81142,84524,Nurse,5,Diploma,Dell Malaysia,N,N,Y,Y,40,5,10,14913.2,17695.56,212346.72,1
2026-09-02,72682989,Syafiqah Ridwan,Syafiqah,Ridwan,MARRIED,F,MALAYSIAN,Negeri Sembilan,Southern,Malay,Healthcare,RENTING,70513,"No 329, Jalan Wawasan 18",Taman Sri Melati,"Port Dickson, Negeri Sembilan",71804,70513,Nurse,3,Bachelor Degree,Intel Malaysia,N,Y,N,N,60,14,17,24656.29,30545.71,366548.52,3
2026-09-02,17270733,Muhammad Amir,Muhammad,Amir,MARRIED,M,MALAYSIAN,Johor,Southern,Malay,Construction,FAMILY OWNED,81230,"No 47, Jalan Seroja 9",Taman Setia Alam,"Johor Bahru, Johor",79874,81230,Contractor,2,SPM,Self Employed,Y,Y,N,N,37,5,9,11017.26,13629.97,163559.64,2
2026-09-02,97705310,Zaleha Mohd Faizal,Zaleha,Mohd Faizal,MARRIED,F,MALAYSIAN,Pulau Pinang,Northern,Malay,Government,OWNED,11002,"No 121, Jalan Kenanga 16",Taman Sentosa,"George Town, Pulau Pinang",11840,11002,Self-Employed,3,SPM,Self Employed,Y,N,Y,Y,64,8,13,20579.4,26362.42,316349.04,5
2026-09-02,96728778,Danial Khairul,Danial,Khairul,MARRIED,M,MALAYSIAN,Kedah,Northern,Malay,Professional Services,MORTGAGE,07988,"No 120, Jalan Seroja 2",Taman Sentosa,"Alor Setar, Kedah",09212,07988,Doctor,2,SPM,Tenaga Nasional Berhad,N,Y,Y,N,53,20,24,2282.15,3051.92,36623.04,2
2026-09-02,23209423,Naresh Chandran,Naresh,Chandran,MARRIED,M,MALAYSIAN,Perak,Northern,Indian,Education,FAMILY OWNED,35083,"No 4, Jalan Teratai 4",Taman Sentosa,"Ipoh, Perak",33194,35083,Army Personnel,5,SPM,Dell Malaysia,N,N,N,Y,40,1,8,14912.94,18270.72,219248.64,5
2026-09-02,18135295,Amir Syafiq,Amir,Syafiq,MARRIED,M,MALAYSIAN,Melaka,Southern,Malay,Plantation,RENTING,78658,"No 126, Jalan Wawasan 20",Taman Taman Universiti,"Alor Gajah, Melaka",76157,78658,Driver,2,STPM,Self Employed,N,Y,Y,Y,26,0,0,7778.31,9829.46,117953.52,3
2026-09-02,64038913,Nazri Amir,Nazri,Amir,MARRIED,M,MALAYSIAN,Pulau Pinang,Northern,Malay,Manufacturing,OWNED,13421,"No 3, Jalan Harmoni 17",Taman Taman Universiti,"Bayan Lepas, Pulau Pinang",14948,13421,Supervisor,5,No Formal Education,Grab Malaysia,N,N,Y,Y,31,10,1,11118.85,14332.96,171995.52,1
2026-09-02,55540424,Nadia Zaki,Nadia,Zaki,MARRIED,F,MALAYSIAN,Sarawak,East Malaysia,Malay,Professional Services,RENTING,97882,"No 271, Jalan Perdana 6",Taman Puchong Perdana,"Kuching, Sarawak",93497,97882,Police Officer,3,Diploma,Public Bank Berhad,N,Y,N,N,42,19,18,11553.23,13500.89,162010.68,5
2026-09-02,24665841,Zaharah Faizal,Zaharah,Faizal,DIVORCED,F,MALAYSIAN,Kedah,Northern,Malay,Retail Trade,EMPLOYER PROVIDED,09658,"No 32, Jalan Anggerik 17",Taman Sentosa,"Sungai Petani, Kedah",09989,09658,Sales Executive,2,SPM,IOI Corporation,N,N,N,Y,28,5,7,9505.29,11903.9,142846.8,3
2026-09-02,43374088,Gan Yee Ling,Gan,Yee Ling,MARRIED,M,MALAYSIAN,Selangor,Central,Chinese,Food & Beverage,RENTING,43308,"No 275, Jalan Utama 12",Taman Kota Damansara,"Subang Jaya, Selangor",64131,43308,Driver,1,Diploma,Genting Malaysia,N,N,N,Y,49,13,11,10503.03,13245.83,158949.96,4
2026-09-02,35714784,Koh Mei Ling,Koh,Mei Ling,MARRIED,F,MALAYSIAN,Selangor,Central,Chinese,Agriculture,MORTGAGE,68337,"No 60, Jalan Cempaka 14",Taman Puchong Perdana,"Klang, Selangor",48302,68337,Administrator,5,SPM,Gamuda Berhad,N,N,N,N,59,5,26,14610.61,17842.88,214114.56,4
2026-09-02,35529407,Chan Sze Ying,Chan,Sze Ying,MARRIED,F,MALAYSIAN,Kedah,Northern,Chinese,Professional Services,RENTING,08020,"No 308, Jalan Wawasan 10",Taman Sentosa,"Alor Setar, Kedah",08059,08020,Security Guard,3,Master Degree,Dell Malaysia,N,N,Y,N,42,5,18,2744.21,3170.73,38048.76,3
2026-09-02,81979055,Ng Cheng Han,Ng,Cheng Han,SINGLE,M,MALAYSIAN,Pahang,East Coast,Chinese,Agriculture,OWNED,25751,"No 283, Jalan Nuri 15",Taman Puchong Perdana,"Temerloh, Pahang",28421,25751,Businessman,1,Master Degree,Self Employed,Y,N,N,N,56,9,3,5562.56,6865.27,82383.24,5
2026-09-02,70211891,Intan Iskandar,Intan,Iskandar,MARRIED,F,MALAYSIAN,Perak,Northern,Malay,Retail Trade,MORTGAGE,32739,"No 97, Jalan Indah 1",Taman Taman Universiti,"Teluk Intan, Perak",33826,32739,Doctor,3,Diploma,Public Bank Berhad,N,Y,N,Y,33,6,3,19964.53,24615.68,295388.16,2
2026-09-02,28814949,Nurul Ain Amir,Nurul Ain,Amir,MARRIED,F,MALAYSIAN,Johor,Southern,Malay,Agriculture,OWNED,84491,"No 56, Jalan Indah 1",Taman Taman Melawati,"Segamat, Johor",84952,84491,Clerk,5,Bachelor Degree,Nestle (M) Berhad,N,N,Y,Y,59,15,13,19515.49,23917.51,287010.12,1
2026-09-02,66623995,Loh Jia Hui,Loh,Jia Hui,SINGLE,F,MALAYSIAN,Kedah,Northern,Chinese,Telecommunications,OWNED,09529,"No 219, Jalan Teratai 17",Taman Bukit Beruntung,"Alor Setar, Kedah",09757,09529,Lecturer,3,SPM,Genting Malaysia,N,Y,Y,N,26,6,0,13437.82,16706.06,200472.72,3
2026-09-02,34627347,Dinesh Muniandy,Dinesh,Muniandy,MARRIED,M,MALAYSIAN,Selangor,Central,Indian,Plantation,RENTING,67922,"No 228, Jalan Melati 10",Taman Sri Gombak,"Klang, Selangor",42807,67922,Factory Worker,2,Bachelor Degree,Government of Malaysia,N,N,Y,Y,43,19,15,17111.74,22281.29,267375.48,3
2026-09-02,47385696,Nadia Abdul Rahman,Nadia,Abdul Rahman,DIVORCED,F,MALAYSIAN,Pahang,East Coast,Malay,Manufacturing,FAMILY OWNED,27285,"No 223, Jalan Wawasan 4",Taman Taman Sri Muda,"Raub, Pahang",26491,27285,Security Guard,3,Diploma,Intel Malaysia,N,Y,Y,Y,51,32,20,15345.89,20213.7,242564.4,1
2026-09-02,72092888,Balqis Ismail,Balqis,Ismail,MARRIED,F,MALAYSIAN,Johor,Southern,Malay,Wholesale,OWNED,82001,"No 297, Jalan Setia 5",Taman Sentosa,"Batu Pahat, Johor",86342,82001,Army Personnel,5,SPM,Public Bank Berhad,N,N,N,N,22,2,0,12905.64,15700.21,188402.52,3
2026-09-02,43528453,Ravi Karuppiah,Ravi,Karuppiah,MARRIED,M,MALAYSIAN,Selangor,Central,Indian,Retail Trade,OWNED,48425,"No 164, Jalan Nuri 20",Taman Taman Universiti,"Petaling Jaya, Selangor",67322,48425,Sales Executive,5,Master Degree,Sime Darby Berhad,N,Y,N,N,42,24,17,21571.89,26405.08,316860.96,3
2026-09-02,20117988,Hasnah Nabil,Hasnah,Nabil,MARRIED,F,MALAYSIAN,Selangor,Central,Malay,Food & Beverage,OWNED,40535,"No 347, Jalan Mawar 13",Taman Sentosa,"Subang Jaya, Selangor",66021,40535,Sales Executive,1,Master Degree,Tenaga Nasional Berhad,N,N,Y,Y,50,30,24,12127.41,15408.22,184898.64,1
2026-09-02,69476001,Liyana Halim,Liyana,Halim,SINGLE,F,MALAYSIAN,Kuala Lumpur,Central,Malay,Food & Beverage,OWNED,54675,"No 93, Jalan Anggerik 16",Taman Taman Sri Muda,"Kuala Lumpur, Kuala Lumpur",54755,54675,Manager,2,SPM,Nestle (M) Berhad,N,N,Y,Y,56,16,13,21757.3,25210.56,302526.72,1
2026-09-02,83863413,Shahrul Firdaus,Shahrul,Firdaus,MARRIED,M,MALAYSIAN,Kuala Lumpur,Central,Malay,Financial Services,OWNED,55196,"No 15, Jalan Nuri 20",Taman Seri Kembangan,"Kuala Lumpur, Kuala Lumpur",54173,55196,Manager,2,Diploma,AirAsia Berhad,N,Y,Y,N,32,14,7,11434.18,14177.41,170128.92,1
2026-09-02,23141087,Ainun Faizal,Ainun,Faizal,MARRIED,F,MALAYSIAN,Perak,Northern,Malay,Government,OWNED,36321,"No 168, Jalan Bahagia 9",Taman Sri Melati,"Teluk Intan, Perak",32920,36321,Self-Employed,5,STPM,Self Employed,Y,N,N,N,41,18,10,3550.64,4362.92,52355.04,1
2026-09-02,16789850,Razak Kamarul,Razak,Kamarul,SINGLE,M,MALAYSIAN,Terengganu,East Coast,Malay,Retail Trade,OWNED,20427,"No 267, Jalan Nuri 8",Taman Seri Kembangan,"Kemaman, Terengganu",22684,20427,Civil Servant,2,SPM,Shopee Malaysia,N,N,N,N,49,15,28,22589.67,30308.68,363704.16,2
2026-09-02,97529405,Chua Xin Yi,Chua,Xin Yi,DIVORCED,M,MALAYSIAN,Negeri Sembilan,Southern,Chinese,Agriculture,RENTING,71582,"No 201, Jalan Permai 5",Taman Bandar Sunway,"Seremban, Negeri Sembilan",71624,71582,Self-Employed,3,STPM,Self Employed,Y,N,N,Y,64,9,0,9805.22,11775.53,141306.36,2
2026-09-02,82556484,Geetha Govindasamy,Geetha,Govindasamy,MARRIED,F,MALAYSIAN,Selangor,Central,Indian,Food & Beverage,FAMILY OWNED,48408,"No 195, Jalan Ria 11",Taman Desa Jaya,"Kajang, Selangor",47048,48408,Civil Servant,3,Diploma,Proton Holdings,N,Y,N,Y,36,7,11,10231.18,13315.41,159784.92,2
2026-09-02,11980765,Faizal Kamarul,Faizal,Kamarul,SINGLE,M,MALAYSIAN,Johor,Southern,Malay,Telecommunications,OWNED,80560,"No 53, Jalan Merdeka 17",Taman Taman Sri Muda,"Segamat, Johor",86076,80560,Civil Servant,1,Bachelor Degree,Tenaga Nasional Berhad,N,N,N,N,38,20,4,23240.71,28970.24,347642.88,3
2026-09-02,22517517,Balqis Hakim,Balqis,Hakim,SINGLE,F,MALAYSIAN,Johor,Southern,Malay,Construction,RENTING,81965,"No 88, Jalan Utama 11",Taman Bandar Baru,"Batu Pahat, Johor",83145,81965,Retail Assistant,5,Diploma,AirAsia Berhad,N,N,Y,N,50,22,0,19788.43,23000.51,276006.12,3
2026-09-02,41726318,Amir Nazri,Amir,Nazri,SINGLE,M,MALAYSIAN,Perak,Northern,Malay,Construction,OWNED,35146,"No 54, Jalan Indah 2",Taman Damansara Utama,"Taiping, Perak",34534,35146,Self-Employed,2,SPM,Self Employed,Y,N,N,Y,31,11,8,7129.8,8251.59,99019.08,1
2026-09-02,32321899,Chua Chee Keong,Chua,Chee Keong,MARRIED,M,MALAYSIAN,Kedah,Northern,Chinese,Retail Trade,RENTING,06590,"No 110, Jalan Damai 14",Taman Damansara Utama,"Sungai Petani, Kedah",08960,06590,Sales Executive,3,Certificate,IOI Corporation,N,N,N,Y,41,2,4,3411.88,4413.98,52967.76,3
2026-09-02,64547971,Goh Wan Ting,Goh,Wan Ting,MARRIED,F,MALAYSIAN,Kuala Lumpur,Central,Chinese,Hospitality,MORTGAGE,56679,"No 10, Jalan Harmoni 5",Taman Seri Kembangan,"Cheras, Kuala Lumpur",50290,56679,Driver,1,SPM,Astro Malaysia,N,N,N,N,51,2,28,11517.56,14936.04,179232.48,4
2026-09-02,75181648,Sim Pei Shan,Sim,Pei Shan,MARRIED,F,MALAYSIAN,Kedah,Northern,Chinese,Financial Services,FAMILY OWNED,08107,"No 171, Jalan Teratai 13",Taman Taman Universiti,"Alor Setar, Kedah",06059,08107,Manager,5,Diploma,Grab Malaysia,N,N,N,Y,38,19,1,4449.25,5937.76,71253.12,1
2026-09-02,74606833,Chua Mun Yee,Chua,Mun Yee,SINGLE,M,MALAYSIAN,Perak,Northern,Chinese,Agriculture,OWNED,36026,"No 71, Jalan Seroja 6",Taman Damansara Utama,"Taiping, Perak",35380,36026,Clerk,2,Master Degree,Genting Malaysia,N,N,N,N,36,17,12,19248.3,23864.42,286373.04,5
2026-09-02,38688676,Rohana Fauzi,Rohana,Fauzi,MARRIED,F,MALAYSIAN,Sarawak,East Malaysia,Malay,Telecommunications,FAMILY OWNED,96754,"No 301, Jalan Bahagia 18",Taman Seri Kembangan,"Miri, Sarawak",97180,96754,Driver,3,Diploma,AEON Co (M) Bhd,N,N,N,Y,32,12,4,24736.66,30000.84,360010.08,1
2026-09-02,63826716,Sim Chee Keong,Sim,Chee Keong,SINGLE,M,MALAYSIAN,Johor,Southern,Chinese,Food & Beverage,OWNED,84559,"No 330, Jalan Melati 18",Taman Setia Alam,"Johor Bahru, Johor",82727,84559,Supervisor,2,STPM,Astro Malaysia,N,N,Y,N,39,1,6,6558.24,8488.41,101860.92,1
2026-09-02,17869910,Foo Zhi Hao,Foo,Zhi Hao,DIVORCED,F,MALAYSIAN,Selangor,Central,Chinese,Real Estate,RENTING,41994,"No 156, Jalan Utama 3",Taman Damansara Utama,"Petaling Jaya, Selangor",45313,41994,Police Officer,1,Diploma,Shopee Malaysia,N,N,Y,N,26,6,7,12267.34,15909.33,190911.96,3
2026-09-02,32097220,Hasnah Zaki,Hasnah,Zaki,MARRIED,F,MALAYSIAN,Selangor,Central,Malay,Professional Services,RENTING,68990,"No 221, Jalan Delima 2",Taman Setia Alam,"Klang, Selangor",67274,68990,Retail Assistant,1,Diploma,Gamuda Berhad,N,Y,Y,Y,28,9,0,9739.69,11936.32,143235.84,4
2026-09-02,60864911,Intan Ismail,Intan,Ismail,MARRIED,F,MALAYSIAN,Kedah,Northern,Malay,Oil & Gas,RENTING,05169,"No 247, Jalan Nuri 3",Taman Sri Gombak,"Alor Setar, Kedah",06986,05169,Doctor,2,SPM,Grab Malaysia,N,N,N,N,38,7,18,15441.55,17858.43,214301.16,3
2026-09-02,10289289,Ahmad Haikal,Ahmad,Haikal,SINGLE,M,MALAYSIAN,Johor,Southern,Others,Oil & Gas,RENTING,82859,"No 98, Jalan Melati 1",Taman Kota Damansara,"Muar, Johor",81288,82859,Clerk,1,SPM,Self Employed,N,N,N,N,30,10,9,8531.71,10164.57,121974.84,2
2026-09-02,62401521,Cheah Kah Wai,Cheah,Kah Wai,SINGLE,F,MALAYSIAN,Selangor,Central,Chinese,Wholesale,MORTGAGE,43925,"No 230, Jalan Melati 16",Taman Puchong Perdana,"Subang Jaya, Selangor",68326,43925,Army Personnel,1,Diploma,Grab Malaysia,N,Y,N,N,61,34,9,14826.99,19275.26,231303.12,5
2026-09-02,45594951,Chong Chun Kit,Chong,Chun Kit,MARRIED,F,MALAYSIAN,Kelantan,East Coast,Chinese,Hospitality,OWNED,16220,"No 139, Jalan Utama 10",Taman Kota Damansara,"Pasir Mas, Kelantan",15365,16220,Doctor,5,Bachelor Degree,Petronas,N,N,Y,Y,53,23,23,5984.01,6972.27,83667.24,2
2026-09-02,71070189,Loh Jun Jie,Loh,Jun Jie,MARRIED,M,MALAYSIAN,Kelantan,East Coast,Chinese,Healthcare,OWNED,16672,"No 91, Jalan Harmoni 11",Taman Seri Kembangan,"Kota Bharu, Kelantan",15153,16672,Driver,1,STPM,Proton Holdings,N,Y,N,N,23,1,5,13102.91,17429.86,209158.32,5
2026-09-02,48285503,Ong Sze Ying,Ong,Sze Ying,MARRIED,M,MALAYSIAN,Kelantan,East Coast,Chinese,Government,MORTGAGE,15447,"No 174, Jalan Permai 8",Taman Sentosa,"Tumpat, Kelantan",17965,15447,Accountant,1,Diploma,AirAsia Berhad,N,N,N,N,62,4,8,23326.87,28178.11,338137.32,2
2026-09-02,66775103,Hasnah Mohd Faizal,Hasnah,Mohd Faizal,MARRIED,F,MALAYSIAN,Kelantan,East Coast,Malay,Healthcare,FAMILY OWNED,17545,"No 241, Jalan Setia 7",Taman Bandar Baru,"Kota Bharu, Kelantan",16597,17545,Teacher,1,Diploma,Malayan Banking Berhad,N,Y,Y,N,52,10,3,12289.27,14227.31,170727.72,3
2026-09-02,84593961,Sofea Rosli,Sofea,Rosli,MARRIED,F,MALAYSIAN,Pahang,East Coast,Malay,Construction,OWNED,28188,"No 235, Jalan Delima 1",Taman Taman Universiti,"Temerloh, Pahang",27486,28188,Nurse,5,Bachelor Degree,Self Employed,N,N,Y,N,60,16,31,18662.09,25034.04,300408.48,5
2026-09-02,98834863,Ainun Haikal,Ainun,Haikal,DIVORCED,F,MALAYSIAN,Negeri Sembilan,Southern,Malay,Wholesale,RENTING,73717,"No 115, Jalan Merdeka 20",Taman Kota Damansara,"Seremban, Negeri Sembilan",72761,73717,Retail Assistant,2,SPM,Top Glove Corporation,N,N,N,N,41,9,12,18103.03,23150.07,277800.84,1
2026-09-02,75319931,Halimah Faizal,Halimah,Faizal,SINGLE,F,MALAYSIAN,Selangor,Central,Malay,Food & Beverage,EMPLOYER PROVIDED,44291,"No 282, Jalan Bahagia 1",Taman Puchong Perdana,"Petaling Jaya, Selangor",65129,44291,Self-Employed,5,Master Degree,Self Employed,Y,N,N,Y,50,21,17,23532.62,31148.78,373785.36,5
2026-09-02,30776478,Maziah Rosli,Maziah,Rosli,SINGLE,F,MALAYSIAN,Negeri Sembilan,Southern,Malay,Professional Services,RENTING,73454,"No 305, Jalan Setia 15",Taman Kota Damansara,"Seremban, Negeri Sembilan",71307,73454,Technician,5,Bachelor Degree,Gamuda Berhad,N,N,Y,Y,26,1,8,8951.66,11843.55,142122.6,1
2026-09-02,35487660,Prakash Sinnasamy,Prakash,Sinnasamy,SINGLE,M,MALAYSIAN,Sarawak,East Malaysia,Indian,Food & Beverage,OWNED,94136,"No 270, Jalan Melati 15",Taman Damansara Utama,"Kuching, Sarawak",95087,94136,Engineer,5,Diploma,Shopee Malaysia,N,N,Y,N,38,3,5,11687.77,15191.46,182297.52,5
2026-09-02,49823450,Nazri Iskandar,Nazri,Iskandar,MARRIED,M,MALAYSIAN,Kuala Lumpur,Central,Malay,Plantation,OWNED,50198,"No 213, Jalan Melati 16",Taman Sri Rampai,"Bangsar, Kuala Lumpur",59282,50198,Nurse,1,SPM,MISC Berhad,N,Y,Y,N,26,8,6,21884.17,26284.21,315410.52,4
2026-09-02,39219319,Maziah Khairul,Maziah,Khairul,SINGLE,F,MALAYSIAN,Sabah,East Malaysia,Malay,Agriculture,OWNED,88805,"No 93, Jalan Anggerik 2",Taman Bukit Indah,"Kota Kinabalu, Sabah",91249,88805,Accountant,1,Certificate,Nestle (M) Berhad,N,Y,Y,Y,64,2,14,18927.07,22179.74,266156.88,2
2026-09-02,17849494,Ridwan Abdul Rahman,Ridwan,Abdul Rahman,DIVORCED,M,MALAYSIAN,Kelantan,East Coast,Malay,Plantation,RENTING,15670,"No 204, Jalan Utama 19",Taman Desa Jaya,"Gua Musang, Kelantan",18315,15670,Technician,3,Diploma,Genting Malaysia,N,N,Y,Y,37,8,12,18516.99,23097.26,277167.12,5
2026-09-02,87736262,Rosli Razak,Rosli,Razak,SINGLE,M,MALAYSIAN,Perak,Northern,Malay,Transportation,OWNED,30955,"No 192, Jalan Delima 4",Taman Bandar Sunway,"Ipoh, Perak",35142,30955,Contractor,2,No Formal Education,Self Employed,Y,Y,N,Y,38,18,2,15501.0,19839.48,238073.76,5
2026-09-02,82772208,Ong Sze Ying,Ong,Sze Ying,SINGLE,M,MALAYSIAN,Johor,Southern,Chinese,Food & Beverage,OWNED,83284,"No 176, Jalan Suria 12",Taman Damansara Utama,"Muar, Johor",84689,83284,Army Personnel,1,SPM,MISC Berhad,N,Y,N,Y,40,20,21,17217.04,20350.64,244207.68,3
2026-09-02,18181586,Liyana Hafiz,Liyana,Hafiz,SINGLE,F,MALAYSIAN,Perak,Northern,Malay,Agriculture,OWNED,31814,"No 97, Jalan Seroja 15",Taman Sri Rampai,"Ipoh, Perak",32679,31814,Driver,1,Master Degree,Government of Malaysia,N,N,N,N,56,2,30,13112.49,15487.69,185852.28,5
2026-09-02,52091325,Chong Pei Shan,Chong,Pei Shan,SINGLE,M,MALAYSIAN,Melaka,Southern,Chinese,Agriculture,FAMILY OWNED,77347,"No 218, Jalan Bahagia 14",Taman Sri Melati,"Alor Gajah, Melaka",75039,77347,Chef,1,Bachelor Degree,Sime Darby Berhad,N,N,Y,N,44,18,16,12535.79,15080.16,180961.92,3
2026-09-02,17672593,Ridwan Haikal,Ridwan,Haikal,SINGLE,M,MALAYSIAN,Kelantan,East Coast,Malay,Construction,OWNED,18404,"No 330, Jalan Murni 17",Taman Bandar Sunway,"Kota Bharu, Kelantan",18586,18404,Self-Employed,5,Diploma,Self Employed,Y,N,Y,Y,52,21,30,23573.5,29538.12,354457.44,4
2026-09-02,16729990,Chong Xin Yi,Chong,Xin Yi,MARRIED,M,MALAYSIAN,Sabah,East Malaysia,Chinese,Healthcare,FAMILY OWNED,91065,"No 286, Jalan Utama 20",Taman Bandar Sunway,"Lahad Datu, Sabah",88404,91065,Driver,5,Bachelor Degree,Petronas,N,N,N,N,49,3,7,16279.38,19407.65,232891.8,3
2026-09-02,88406989,Segar Ramasamy,Segar,Ramasamy,SINGLE,M,MALAYSIAN,Johor,Southern,Indian,Agriculture,OWNED,80375,"No 137, Jalan Damai 3",Taman Bukit Indah,"Johor Bahru, Johor",86472,80375,Driver,2,Diploma,Petronas,N,Y,Y,N,51,6,18,22081.74,27239.92,326879.04,1
2026-09-02,73993471,Lau Wan Ting,Lau,Wan Ting,MARRIED,F,MALAYSIAN,Selangor,Central,Chinese,Transportation,MORTGAGE,46584,"No 106, Jalan Kenanga 10",Taman Sri Gombak,"Klang, Selangor",45495,46584,IT Executive,1,SPM,Grab Malaysia,N,N,Y,N,58,7,0,11942.92,15440.68,185288.16,1
2026-09-02,77491435,Firdaus Ahmad,Firdaus,Ahmad,MARRIED,M,MALAYSIAN,Perak,Northern,Malay,Construction,MORTGAGE,35238,"No 2, Jalan Delima 14",Taman Bandar Baru,"Teluk Intan, Perak",31413,35238,Sales Executive,2,SPM,Astro Malaysia,N,N,Y,Y,22,3,3,24280.67,31279.63,375355.56,1
2026-09-02,81286543,Azman Nabil,Azman,Nabil,MARRIED,M,MALAYSIAN,Selangor,Central,Malay,Food & Beverage,RENTING,45030,"No 177, Jalan Ria 7",Taman Seri Kembangan,"Shah Alam, Selangor",45543,45030,Police Officer,1,SPM,Proton Holdings,N,Y,N,N,35,1,10,2203.83,2653.17,31838.04,2
2026-09-02,31130263,Rohana Ahmad,Rohana,Ahmad,SINGLE,F,MALAYSIAN,Sabah,East Malaysia,Malay,Transportation,MORTGAGE,88860,"No 315, Jalan Permai 13",Taman Desa Jaya,"Tawau, Sabah",90608,88860,Chef,1,Master Degree,Top Glove Corporation,N,N,Y,N,50,31,10,8224.17,10197.46,122369.52,5
2026-09-02,17634247,Aishah Iskandar,Aishah,Iskandar,MARRIED,F,MALAYSIAN,Sarawak,East Malaysia,Malay,Government,OWNED,96859,"No 189, Jalan Harmoni 1",Taman Puchong Perdana,"Sibu, Sarawak",98064,96859,Factory Worker,3,SPM,Astro Malaysia,N,N,Y,N,26,8,1,19011.75,22755.66,273067.92,5
2026-09-02,78159587,Saravanan Karuppiah,Saravanan,Karuppiah,SINGLE,M,MALAYSIAN,Sarawak,East Malaysia,Indian,Healthcare,OWNED,95707,"No 124, Jalan Bahagia 1",Taman Taman Sri Muda,"Kuching, Sarawak",93597,95707,Manager,1,Certificate,Dell Malaysia,N,N,N,N,47,29,5,5550.71,6488.9,77866.8,4
2026-09-02,20752378,Selvi Sinnasamy,Selvi,Sinnasamy,SINGLE,F,MALAYSIAN,Johor,Southern,Indian,Oil & Gas,MORTGAGE,83745,"No 171, Jalan Suria 16",Taman Setia Alam,"Johor Bahru, Johor",79833,83745,Manager,2,STPM,Top Glove Corporation,N,N,N,N,60,12,22,7138.55,8309.96,99719.52,1
2026-09-02,34941004,Kohila Subramaniam,Kohila,Subramaniam,SINGLE,F,MALAYSIAN,Johor,Southern,Indian,Retail Trade,FAMILY OWNED,82383,"No 209, Jalan Anggerik 2",Taman Taman Melawati,"Johor Bahru, Johor",79753,82383,Engineer,5,Certificate,Petronas,N,N,N,Y,57,26,38,2328.83,3064.68,36776.16,5
2026-09-02,19196777,Teoh Chun Kit,Teoh,Chun Kit,MARRIED,M,MALAYSIAN,Sabah,East Malaysia,Chinese,Construction,RENTING,89976,"No 23, Jalan Permai 4",Taman Sri Gombak,"Kota Kinabalu, Sabah",91220,89976,Teacher,2,Diploma,Malayan Banking Berhad,N,N,Y,N,26,0,6,2703.5,3234.02,38808.24,4
2026-09-02,89864260,Siti Aishah Kamarul,Siti Aishah,Kamarul,DIVORCED,F,MALAYSIAN,Terengganu,East Coast,Others,Manufacturing,FAMILY OWNED,22301,"No 167, Jalan Ria 18",Taman Taman Sri Muda,"Kuala Terengganu, Terengganu",22282,22301,Manager,3,SPM,Government of Malaysia,N,Y,N,Y,61,3,40,17695.62,21827.5,261930.0,5
2026-09-02,19121552,Hana Razak,Hana,Razak,MARRIED,F,MALAYSIAN,Melaka,Southern,Malay,Transportation,RENTING,75319,"No 236, Jalan Damai 11",Taman Taman Melawati,"Alor Gajah, Melaka",76098,75319,IT Executive,2,SPM,Intel Malaysia,N,N,N,N,45,19,15,20787.69,24973.39,299680.68,4
2026-09-02,41568532,Dinesh Perumal,Dinesh,Perumal,MARRIED,M,MALAYSIAN,Selangor,Central,Indian,Hospitality,RENTING,64665,"No 309, Jalan Merdeka 20",Taman Setia Alam,"Petaling Jaya, Selangor",65859,64665,Clerk,1,SPM,DiGi Telecommunications,N,N,N,N,64,27,2,23736.88,29554.61,354655.32,4
2026-09-02,64193837,Nadia Syafiq,Nadia,Syafiq,MARRIED,F,MALAYSIAN,Kuala Lumpur,Central,Malay,Hospitality,RENTING,52419,"No 325, Jalan Teratai 16",Taman Seri Kembangan,"Cheras, Kuala Lumpur",57883,52419,Lecturer,2,Primary,Grab Malaysia,N,N,Y,Y,51,33,8,6187.25,7335.62,88027.44,4
2026-09-02,26090908,Firdaus Hafiz,Firdaus,Hafiz,MARRIED,M,MALAYSIAN,Selangor,Central,Malay,Healthcare,OWNED,45661,"No 78, Jalan Anggerik 10",Taman Damansara Utama,"Shah Alam, Selangor",48511,45661,Technician,2,Diploma,Intel Malaysia,N,N,Y,N,51,15,18,18464.04,24695.73,296348.76,3
2026-09-02,86460539,Khoo Kok Leong,Khoo,Kok Leong,MARRIED,M,MALAYSIAN,Kuala Lumpur,Central,Chinese,Transportation,OWNED,58846,"No 73, Jalan Wawasan 17",Taman Sentosa,"Kuala Lumpur, Kuala Lumpur",55849,58846,Army Personnel,3,STPM,AEON Co (M) Bhd,N,N,Y,Y,26,2,4,23162.16,29980.65,359767.8,5
2026-09-02,43046464,Khairul Rosli,Khairul,Rosli,MARRIED,M,MALAYSIAN,Johor,Southern,Malay,Telecommunications,RENTING,79154,"No 120, Jalan Utama 11",Taman Sri Melati,"Muar, Johor",79868,79154,Civil Servant,1,STPM,Proton Holdings,N,Y,N,Y,35,2,7,7164.73,9626.1,115513.2,2
2026-09-02,87701200,Lim Yee Ling,Lim,Yee Ling,DIVORCED,M,MALAYSIAN,Kedah,Northern,Chinese,Healthcare,FAMILY OWNED,06586,"No 98, Jalan Kenanga 6",Taman Setia Alam,"Sungai Petani, Kedah",08147,06586,Manager,2,STPM,AirAsia Berhad,N,Y,N,Y,58,34,40,24678.72,31189.37,374272.44,2
2026-09-02,89795010,Fauzi Faizal,Fauzi,Faizal,SINGLE,M,MALAYSIAN,Kuala Lumpur,Central,Malay,Financial Services,FAMILY OWNED,51477,"No 188, Jalan Nuri 6",Taman Bandar Sunway,"Cheras, Kuala Lumpur",54071,51477,Manager,2,Diploma,Government of Malaysia,N,N,Y,N,28,10,1,9032.36,10660.64,127927.68,3
2026-09-02,15334035,Chong Guan Eng,Chong,Guan Eng,MARRIED,F,MALAYSIAN,Johor,Southern,Chinese,Wholesale,MORTGAGE,80366,"No 266, Jalan Utama 6",Taman Sri Rampai,"Kluang, Johor",80051,80366,Sales Executive,2,SPM,DiGi Telecommunications,N,N,Y,Y,58,11,38,19551.51,24610.19,295322.28,4
2026-09-02,93131979,Ravi Chandran,Ravi,Chandran,SINGLE,M,MALAYSIAN,Kuala Lumpur,Central,Indian,Healthcare,FAMILY OWNED,59977,"No 41, Jalan Delima 10",Taman Sri Melati,"Setapak, Kuala Lumpur",50518,59977,Contractor,3,SPM,Self Employed,Y,N,N,Y,63,27,5,17138.08,21493.69,257924.28,5
2026-09-02,21003626,Noraini Rosli,Noraini,Rosli,MARRIED,F,MALAYSIAN,Kuala Lumpur,Central,Malay,Agriculture,FAMILY OWNED,55566,"No 191, Jalan Nuri 7",Taman Sri Rampai,"Cheras, Kuala Lumpur",57605,55566,Administrator,2,Bachelor Degree,Public Bank Berhad,N,N,N,Y,28,9,6,5397.26,7197.21,86366.52,4
2026-09-02,66267415,Lee Siew Ling,Lee,Siew Ling,MARRIED,F,MALAYSIAN,Negeri Sembilan,Southern,Chinese,Plantation,RENTING,73643,"No 140, Jalan Perdana 16",Taman Desa Jaya,"Port Dickson, Negeri Sembilan",70174,73643,Manager,1,Diploma,Government of Malaysia,N,Y,N,N,45,24,3,21189.55,27512.42,330149.04,4
2026-09-02,98231132,Balqis Amir,Balqis,Amir,SINGLE,F,MALAYSIAN,Selangor,Central,Malay,Agriculture,FAMILY OWNED,65678,"No 286, Jalan Nuri 2",Taman Desa Jaya,"Kajang, Selangor",66438,65678,Teacher,3,Master Degree,Proton Holdings,N,Y,Y,Y,24,5,5,23069.43,28945.02,347340.24,3
2026-09-02,88339168,Tan Pei Shan,Tan,Pei Shan,DIVORCED,M,MALAYSIAN,Labuan,East Malaysia,Chinese,Oil & Gas,OWNED,87777,"No 242, Jalan Nuri 14",Taman Bandar Baru,"Labuan, Labuan",87731,87777,Teacher,5,Master Degree,Intel Malaysia,N,N,N,N,53,21,17,19033.74,22594.25,271131.0,4
2026-09-02,85863473,Mohd Faizal Hakim,Mohd Faizal,Hakim,MARRIED,M,MALAYSIAN,Selangor,Central,Malay,Plantation,RENTING,44195,"No 203, Jalan Mawar 2",Taman Damansara Utama,"Shah Alam, Selangor",63324,44195,Administrator,2,STPM,Public Bank Berhad,N,N,N,Y,33,1,2,11430.91,15011.29,180135.48,5
2026-09-02,80166708,Nurul Ain Abdul Rahman,Nurul Ain,Abdul Rahman,SINGLE,F,MALAYSIAN,Negeri Sembilan,Southern,Malay,Real Estate,OWNED,72955,"No 28, Jalan Harmoni 17",Taman Bukit Indah,"Bahau, Negeri Sembilan",70028,72955,Businessman,1,No Formal Education,Self Employed,Y,N,N,N,60,22,1,6000.14,7279.33,87351.96,3
2026-09-02,52462441,Sim Mei Ling,Sim,Mei Ling,SINGLE,F,MALAYSIAN,Johor,Southern,Chinese,Transportation,MORTGAGE,84254,"No 99, Jalan Permai 6",Taman Sentosa,"Kluang, Johor",81602,84254,Army Personnel,3,SPM,Public Bank Berhad,N,Y,Y,N,33,0,13,12066.66,15123.08,181476.96,4
2026-09-02,44999379,Faizal Amir,Faizal,Amir,SINGLE,M,MALAYSIAN,Kedah,Northern,Malay,Government,MORTGAGE,09675,"No 226, Jalan Melati 16",Taman Sentosa,"Langkawi, Kedah",09974,09675,Businessman,2,SPM,Self Employed,Y,N,Y,N,32,2,12,3232.23,4106.3,49275.6,1
2026-09-02,37415205,Halim Ahmad,Halim,Ahmad,MARRIED,M,MALAYSIAN,Kuala Lumpur,Central,Malay,Government,OWNED,50699,"No 29, Jalan Ria 17",Taman Damansara Utama,"Bangsar, Kuala Lumpur",54231,50699,Sales Executive,1,Diploma,Intel Malaysia,N,Y,Y,Y,58,35,7,21495.94,27133.46,325601.52,2
2026-09-02,99889098,Zaharah Nabil,Zaharah,Nabil,SINGLE,F,MALAYSIAN,Selangor,Central,Malay,Professional Services,RENTING,41160,"No 313, Jalan Utama 8",Taman Sentosa,"Petaling Jaya, Selangor",47412,41160,Driver,1,STPM,Public Bank Berhad,N,N,N,N,42,6,23,23905.06,28366.25,340395.0,1
2026-09-02,52169044,Alia Ridwan,Alia,Ridwan,MARRIED,F,MALAYSIAN,Selangor,Central,Malay,Professional Services,FAMILY OWNED,68479,"No 322, Jalan Harmoni 18",Taman Kota Damansara,"Klang, Selangor",47780,68479,Driver,2,SPM,Self Employed,N,N,Y,Y,21,3,2,9938.34,11972.13,143665.56,3
2026-09-02,42035886,Faizal Razak,Faizal,Razak,MARRIED,M,MALAYSIAN,Selangor,Central,Malay,Agriculture,OWNED,67533,"No 3, Jalan Perdana 4",Taman Desa Jaya,"Subang Jaya, Selangor",42322,67533,Lecturer,5,SPM,DiGi Telecommunications,N,Y,Y,Y,38,17,7,10224.8,13702.5,164430.0,1
2026-09-02,45650176,Aminah Ahmad,Aminah,Ahmad,MARRIED,F,MALAYSIAN,Johor,Southern,Malay,Food & Beverage,FAMILY OWNED,81164,"No 157, Jalan Cempaka 3",Taman Bandar Sunway,"Muar, Johor",82322,81164,Self-Employed,5,Bachelor Degree,Self Employed,Y,N,Y,N,34,10,16,2340.24,3036.45,36437.4,5
2026-09-02,63121477,Maziah Faizal,Maziah,Faizal,MARRIED,F,MALAYSIAN,Pulau Pinang,Northern,Malay,Plantation,OWNED,10174,"No 179, Jalan Murni 4",Taman Damansara Utama,"Bukit Mertajam, Pulau Pinang",12167,10174,Accountant,5,SPM,MISC Berhad,N,N,Y,N,26,7,6,19396.75,22547.49,270569.88,5
2026-09-02,27566185,Chong Kah Wai,Chong,Kah Wai,SINGLE,F,MALAYSIAN,Kuala Lumpur,Central,Chinese,Hospitality,RENTING,50233,"No 101, Jalan Setia 6",Taman Seri Kembangan,"Cheras, Kuala Lumpur",58528,50233,Teacher,1,STPM,DiGi Telecommunications,N,N,Y,Y,23,3,1,4492.59,5825.7,69908.4,2
2026-09-02,96637649,Khairul Rosli,Khairul,Rosli,MARRIED,M,MALAYSIAN,Negeri Sembilan,Southern,Others,Government,RENTING,72146,"No 123, Jalan Murni 17",Taman Taman Sri Muda,"Seremban, Negeri Sembilan",71942,72146,Clerk,5,Bachelor Degree,Grab Malaysia,N,Y,N,Y,33,8,15,1864.53,2188.28,26259.36,1
2026-09-02,50264926,Abdul Rahman Abdul Rahman,Abdul Rahman,Abdul Rahman,MARRIED,M,MALAYSIAN,Terengganu,East Coast,Malay,Education,OWNED,22125,"No 311, Jalan Melati 16",Taman Kota Damansara,"Dungun, Terengganu",23421,22125,Supervisor,2,Diploma,AirAsia Berhad,N,N,N,Y,53,0,21,11177.91,14202.74,170432.88,1
2026-09-02,71367643,Zulkifli Abdul Rahman,Zulkifli,Abdul Rahman,SINGLE,M,MALAYSIAN,Kuala Lumpur,Central,Malay,Construction,RENTING,56089,"No 278, Jalan Wawasan 10",Taman Taman Sri Muda,"Cheras, Kuala Lumpur",56131,56089,Nurse,1,Diploma,Government of Malaysia,N,N,N,N,33,12,2,13140.16,16625.31,199503.72,1
2026-09-02,52436584,Ainun Ahmad,Ainun,Ahmad,MARRIED,F,MALAYSIAN,Melaka,Southern,Malay,Hospitality,MORTGAGE,76621,"No 72, Jalan Kenanga 13",Taman Bandar Baru,"Melaka, Melaka",78547,76621,Manager,2,Diploma,Public Bank Berhad,N,N,N,Y,58,5,12,7362.57,8540.8,102489.6,2
2026-09-02,19736572,Faizal Ahmad,Faizal,Ahmad,MARRIED,M,MALAYSIAN,Melaka,Southern,Malay,Financial Services,OWNED,76186,"No 336, Jalan Wawasan 2",Taman Bukit Indah,"Jasin, Melaka",77526,76186,Chef,5,Diploma,Gamuda Berhad,N,N,Y,Y,39,11,4,14806.98,19556.28,234675.36,4
2026-09-02,11250299,Amir Razak,Amir,Razak,MARRIED,M,MALAYSIAN,Kuala Lumpur,Central,Malay,Construction,RENTING,57483,"No 331, Jalan Kenanga 11",Taman Bandar Sunway,"Bangsar, Kuala Lumpur",59007,57483,Businessman,1,Bachelor Degree,Self Employed,Y,Y,Y,N,34,1,8,7913.75,10075.45,120905.4,2
2026-09-02,71510041,Muhammad Ahmad,Muhammad,Ahmad,SINGLE,M,MALAYSIAN,Perak,Northern,Malay,Wholesale,RENTING,33665,"No 7, Jalan Seroja 18",Taman Sentosa,"Taiping, Perak",33785,33665,IT Executive,5,Master Degree,MISC Berhad,N,Y,N,N,44,22,6,6521.6,7786.48,93437.76,5
2026-09-02,93370583,Khoo Li Wei,Khoo,Li Wei,MARRIED,F,MALAYSIAN,Kelantan,East Coast,Chinese,Government,MORTGAGE,18939,"No 321, Jalan Permai 15",Taman Sri Rampai,"Tumpat, Kelantan",16411,18939,Factory Worker,5,Bachelor Degree,Proton Holdings,N,N,N,Y,54,34,10,9004.6,12053.65,144643.8,5
2026-09-02,85563727,Hasnah Syafiq,Hasnah,Syafiq,MARRIED,F,MALAYSIAN,Johor,Southern,Malay,Government,OWNED,81975,"No 162, Jalan Teratai 16",Taman Sri Gombak,"Batu Pahat, Johor",85621,81975,Supervisor,1,Bachelor Degree,Government of Malaysia,N,N,N,Y,40,13,17,17029.4,20419.54,245034.48,4
2026-09-02,23419256,Khoo Chee Keong,Khoo,Chee Keong,SINGLE,F,MALAYSIAN,Johor,Southern,Chinese,Retail Trade,FAMILY OWNED,86793,"No 263, Jalan Perdana 1",Taman Taman Universiti,"Johor Bahru, Johor",79396,86793,Police Officer,3,SPM,Tenaga Nasional Berhad,N,N,N,Y,36,16,1,19771.17,26383.97,316607.64,4
2026-09-02,19832887,Prakash Rajoo,Prakash,Rajoo,MARRIED,M,MALAYSIAN,Johor,Southern,Indian,Manufacturing,MORTGAGE,82030,"No 277, Jalan Seroja 12",Taman Bandar Sunway,"Segamat, Johor",86620,82030,Chef,2,Bachelor Degree,Top Glove Corporation,N,N,N,N,60,12,14,21534.7,27640.95,331691.4,2
2026-09-02,82160068,Zaleha Rosli,Zaleha,Rosli,SINGLE,F,MALAYSIAN,Kuala Lumpur,Central,Malay,Agriculture,RENTING,54388,"No 109, Jalan Teratai 14",Taman Kota Damansara,"Bangsar, Kuala Lumpur",50019,54388,Lecturer,5,Master Degree,Shopee Malaysia,N,N,N,Y,65,7,15,15984.77,21368.24,256418.88,1
2026-09-02,38609087,Balqis Razak,Balqis,Razak,MARRIED,F,MALAYSIAN,Melaka,Southern,Malay,Plantation,MORTGAGE,75261,"No 20, Jalan Harmoni 15",Taman Damansara Utama,"Alor Gajah, Melaka",76618,75261,Self-Employed,1,SPM,Self Employed,Y,N,N,N,55,34,16,6453.34,8011.84,96142.08,3
2026-09-02,77898694,Danial Ahmad,Danial,Ahmad,MARRIED,M,MALAYSIAN,Johor,Southern,Malay,Agriculture,OWNED,80371,"No 198, Jalan Harmoni 12",Taman Puchong Perdana,"Johor Bahru, Johor",86289,80371,Army Personnel,3,Master Degree,IOI Corporation,N,N,Y,Y,47,27,20,13639.18,16718.22,200618.64,1
2026-09-02,45594597,Razak Zaki,Razak,Zaki,MARRIED,M,MALAYSIAN,Johor,Southern,Malay,Agriculture,MORTGAGE,82436,"No 150, Jalan Murni 17",Taman Seri Kembangan,"Muar, Johor",81409,82436,Technician,2,Diploma,Top Glove Corporation,N,N,N,Y,39,7,2,14895.68,18253.52,219042.24,2
2026-09-02,27778019,Amir Razak,Amir,Razak,SINGLE,M,MALAYSIAN,Selangor,Central,Malay,Construction,OWNED,64739,"No 142, Jalan Melati 1",Taman Seri Kembangan,"Subang Jaya, Selangor",65608,64739,Factory Worker,5,Diploma,Public Bank Berhad,N,N,Y,Y,27,2,8,2127.12,2856.59,34279.08,5
2026-09-02,56843172,Haikal Faizal,Haikal,Faizal,SINGLE,M,MALAYSIAN,Sabah,East Malaysia,Malay,Construction,MORTGAGE,88810,"No 2, Jalan Wawasan 5",Taman Sri Gombak,"Lahad Datu, Sabah",89826,88810,Engineer,2,Diploma,Grab Malaysia,N,N,Y,N,50,32,1,21506.25,25552.64,306631.68,5
2026-09-02,19233013,Yap Boon Hong,Yap,Boon Hong,SINGLE,F,MALAYSIAN,Johor,Southern,Chinese,Telecommunications,RENTING,81749,"No 198, Jalan Suria 20",Taman Sri Melati,"Muar, Johor",79414,81749,Security Guard,2,Bachelor Degree,Grab Malaysia,N,N,N,Y,53,16,7,5938.13,7503.27,90039.24,5
2026-09-02,42787299,Rozita Syafiq,Rozita,Syafiq,SINGLE,F,MALAYSIAN,Johor,Southern,Malay,Professional Services,MORTGAGE,84031,"No 196, Jalan Utama 11",Taman Bukit Indah,"Kluang, Johor",82067,84031,Doctor,2,Diploma,Top Glove Corporation,N,Y,Y,N,62,6,23,16327.79,20551.11,246613.32,1
2026-09-02,59597086,Ridwan Iskandar,Ridwan,Iskandar,SINGLE,M,MALAYSIAN,Sarawak,East Malaysia,Others,Healthcare,RENTING,98378,"No 248, Jalan Murni 1",Taman Sri Melati,"Kuching, Sarawak",94245,98378,Army Personnel,3,Bachelor Degree,Government of Malaysia,N,N,Y,N,54,17,19,15313.38,18885.16,226621.92,4
2026-09-02,48250360,Syafiqah Amir,Syafiqah,Amir,SINGLE,F,MALAYSIAN,Sarawak,East Malaysia,Malay,Plantation,OWNED,93509,"No 87, Jalan Mawar 14",Taman Bandar Baru,"Kuching, Sarawak",94598,93509,Civil Servant,3,SPM,Dell Malaysia,N,Y,N,Y,64,21,6,16465.81,20441.54,245298.48,1
2026-09-02,31172421,Suraya Faizal,Suraya,Faizal,MARRIED,F,MALAYSIAN,Johor,Southern,Malay,Transportation,RENTING,85558,"No 202, Jalan Perdana 9",Taman Setia Alam,"Kluang, Johor",85374,85558,Manager,2,SPM,Public Bank Berhad,N,N,Y,Y,40,16,11,19008.57,21889.72,262676.64,3
2026-09-02,68812137,Halim Danial,Halim,Danial,MARRIED,M,MALAYSIAN,Sarawak,East Malaysia,Malay,Retail Trade,OWNED,97910,"No 198, Jalan Mawar 1",Taman Sri Rampai,"Sibu, Sarawak",94706,97910,Lecturer,2,STPM,Malayan Banking Berhad,N,N,Y,Y,30,3,11,16467.82,21172.87,254074.44,2
2026-09-02,82909480,Yap Siew Ling,Yap,Siew Ling,MARRIED,F,MALAYSIAN,Pulau Pinang,Northern,Chinese,Plantation,MORTGAGE,14531,"No 285, Jalan Setia 2",Taman Sri Rampai,"Bayan Lepas, Pulau Pinang",13947,14531,Self-Employed,2,SPM,Self Employed,Y,Y,N,N,48,19,16,6371.17,7845.12,94141.44,2
2026-09-02,50603163,Haikal Khairul,Haikal,Khairul,SINGLE,M,MALAYSIAN,Sarawak,East Malaysia,Malay,Plantation,OWNED,95417,"No 265, Jalan Kenanga 18",Taman Setia Alam,"Kuching, Sarawak",93758,95417,Police Officer,5,STPM,Nestle (M) Berhad,N,N,Y,N,50,3,11,17290.93,23098.22,277178.64,2
2026-09-02,92097999,Yeoh Li Wei,Yeoh,Li Wei,SINGLE,M,MALAYSIAN,Selangor,Central,Chinese,Telecommunications,MORTGAGE,68232,"No 130, Jalan Perdana 2",Taman Taman Melawati,"Kajang, Selangor",42671,68232,Nurse,2,SPM,Shopee Malaysia,N,N,Y,N,30,0,8,21014.16,24701.1,296413.2,1
2026-09-02,97775215,Ainun Ismail,Ainun,Ismail,DIVORCED,F,MALAYSIAN,Pulau Pinang,Northern,Malay,Food & Beverage,RENTING,10105,"No 236, Jalan Nuri 17",Taman Damansara Utama,"Bayan Lepas, Pulau Pinang",10770,10105,Teacher,1,SPM,Malayan Banking Berhad,N,Y,N,N,53,34,0,21004.14,26354.5,316254.0,5
2026-09-02,80993218,Yap Guan Eng,Yap,Guan Eng,SINGLE,F,MALAYSIAN,Pahang,East Coast,Chinese,Construction,MORTGAGE,27003,"No 125, Jalan Setia 2",Taman Bukit Indah,"Raub, Pahang",27300,27003,Supervisor,5,SPM,Petronas,N,N,Y,Y,59,26,19,15031.69,18255.56,219066.72,5
2026-09-02,11049999,Shahrul Muhammad,Shahrul,Muhammad,SINGLE,M,MALAYSIAN,Selangor,Central,Malay,Real Estate,RENTING,41785,"No 153, Jalan Perdana 18",Taman Puchong Perdana,"Shah Alam, Selangor",63579,41785,Sales Executive,3,Diploma,Self Employed,N,N,N,N,23,5,0,6756.57,8098.75,97185.0,5
2026-09-02,99639081,Razak Kamarul,Razak,Kamarul,MARRIED,M,MALAYSIAN,Selangor,Central,Malay,Government,RENTING,43202,"No 348, Jalan Harmoni 10",Taman Kota Damansara,"Subang Jaya, Selangor",67079,43202,Businessman,2,Bachelor Degree,Self Employed,Y,N,N,N,22,1,4,13126.52,15933.28,191199.36,1
2026-09-02,84437458,Loh Xin Yi,Loh,Xin Yi,MARRIED,F,MALAYSIAN,Negeri Sembilan,Southern,Chinese,Transportation,RENTING,70520,"No 131, Jalan Permai 3",Taman Seri Kembangan,"Bahau, Negeri Sembilan",73428,70520,Engineer,3,Bachelor Degree,Sime Darby Berhad,N,Y,Y,Y,56,34,23,10138.59,11944.87,143338.44,3
2026-09-02,50181935,Halimah Nazri,Halimah,Nazri,DIVORCED,F,MALAYSIAN,Melaka,Southern,Malay,Oil & Gas,RENTING,77963,"No 111, Jalan Seroja 4",Taman Kota Damansara,"Ayer Keroh, Melaka",78119,77963,Contractor,3,STPM,Self Employed,Y,N,N,Y,54,30,34,7575.88,9912.27,118947.24,5
2026-09-02,99038526,Alia Amir,Alia,Amir,DIVORCED,F,MALAYSIAN,Selangor,Central,Malay,Wholesale,MORTGAGE,68490,"No 210, Jalan Damai 10",Taman Sentosa,"Klang, Selangor",64605,68490,Chef,2,Bachelor Degree,Nestle (M) Berhad,N,N,N,Y,23,2,5,12093.12,14533.05,174396.6,3
2026-09-02,23903144,Gan Chee Keong,Gan,Chee Keong,MARRIED,F,MALAYSIAN,Sabah,East Malaysia,Chinese,Government,OWNED,90117,"No 147, Jalan Permai 3",Taman Sentosa,"Tawau, Sabah",91944,90117,Accountant,2,STPM,Public Bank Berhad,N,Y,Y,Y,31,10,10,7553.63,9527.12,114325.44,2
2026-09-02,28024248,Ng Wei Ming,Ng,Wei Ming,SINGLE,F,MALAYSIAN,Melaka,Southern,Chinese,Hospitality,OWNED,76059,"No 70, Jalan Cempaka 2",Taman Taman Melawati,"Alor Gajah, Melaka",75143,76059,Army Personnel,5,SPM,Proton Holdings,N,N,Y,N,43,25,0,21621.02,27017.04,324204.48,5
2026-09-02,45496015,Nabil Ismail,Nabil,Ismail,WIDOWED,M,MALAYSIAN,Selangor,Central,Malay,Real Estate,RENTING,67615,"No 230, Jalan Suria 18",Taman Seri Kembangan,"Petaling Jaya, Selangor",43756,67615,Retail Assistant,1,SPM,IOI Corporation,N,Y,Y,Y,55,33,23,24158.97,30804.92,369659.04,3
2026-09-02,25492573,Amir Kamarul,Amir,Kamarul,MARRIED,M,MALAYSIAN,Pahang,East Coast,Malay,Retail Trade,FAMILY OWNED,28776,"No 240, Jalan Teratai 3",Taman Bandar Baru,"Bentong, Pahang",28337,28776,IT Executive,5,Diploma,AirAsia Berhad,N,N,Y,N,31,3,6,4263.33,5667.04,68004.48,3
2026-09-02,24366125,Ng Yan Ping,Ng,Yan Ping,MARRIED,M,MALAYSIAN,Sarawak,East Malaysia,Chinese,Plantation,OWNED,94158,"No 20, Jalan Permai 3",Taman Bukit Beruntung,"Bintulu, Sarawak",96712,94158,Administrator,5,SPM,Government of Malaysia,N,N,Y,Y,25,7,7,8861.16,10291.69,123500.28,2
2026-09-02,84252420,Revathi Govindasamy,Revathi,Govindasamy,MARRIED,F,MALAYSIAN,Terengganu,East Coast,Indian,Retail Trade,OWNED,22917,"No 264, Jalan Setia 17",Taman Sri Rampai,"Dungun, Terengganu",20924,22917,Clerk,1,SPM,Nestle (M) Berhad,N,Y,Y,N,28,9,2,13145.37,15984.66,191815.92,5
2026-09-02,30863865,Arumugam Chandran,Arumugam,Chandran,SINGLE,M,MALAYSIAN,Selangor,Central,Indian,Professional Services,FAMILY OWNED,44467,"No 253, Jalan Cempaka 10",Taman Desa Jaya,"Klang, Selangor",44868,44467,Security Guard,2,SPM,IOI Corporation,N,N,Y,N,38,5,11,2672.38,3408.52,40902.24,4
2026-09-02,46553958,Amir Syafiq,Amir,Syafiq,SINGLE,M,MALAYSIAN,Pulau Pinang,Northern,Malay,Wholesale,RENTING,12888,"No 275, Jalan Melati 5",Taman Taman Sri Muda,"Bukit Mertajam, Pulau Pinang",13890,12888,Nurse,3,Bachelor Degree,Grab Malaysia,N,Y,N,N,57,8,13,22832.3,26994.67,323936.04,5
2026-09-02,47816686,Syafiqah Nabil,Syafiqah,Nabil,SINGLE,F,MALAYSIAN,Sarawak,East Malaysia,Malay,Healthcare,RENTING,94334,"No 63, Jalan Nuri 5",Taman Sri Gombak,"Bintulu, Sarawak",95778,94334,Accountant,5,SPM,Gamuda Berhad,N,N,N,Y,48,13,10,14859.01,17679.93,212159.16,5
2026-09-02,91178885,Haikal Ridwan,Haikal,Ridwan,MARRIED,M,MALAYSIAN,Kedah,Northern,Malay,Plantation,MORTGAGE,06842,"No 62, Jalan Mawar 11",Taman Puchong Perdana,"Alor Setar, Kedah",05169,06842,Chef,3,Bachelor Degree,Proton Holdings,N,N,Y,N,31,7,10,23822.82,31801.98,381623.76,4
2026-09-02,38270233,Ismail Khairul,Ismail,Khairul,SINGLE,M,MALAYSIAN,Kuala Lumpur,Central,Malay,Agriculture,OWNED,54683,"No 174, Jalan Mawar 15",Taman Taman Sri Muda,"Bangsar, Kuala Lumpur",50812,54683,IT Executive,3,STPM,AirAsia Berhad,N,N,N,Y,37,7,7,3439.92,4471.31,53655.72,3
2026-09-02,56020613,Iskandar Firdaus,Iskandar,Firdaus,SINGLE,M,MALAYSIAN,Perak,Northern,Malay,Wholesale,FAMILY OWNED,30142,"No 247, Jalan Murni 6",Taman Sentosa,"Taiping, Perak",34444,30142,Administrator,2,Bachelor Degree,AirAsia Berhad,N,Y,Y,Y,46,26,12,22104.69,28865.83,346389.96,5
2026-09-02,37326368,Devi Subramaniam,Devi,Subramaniam,SINGLE,F,MALAYSIAN,Perak,Northern,Indian,Real Estate,OWNED,30951,"No 3, Jalan Delima 16",Taman Setia Alam,"Teluk Intan, Perak",34696,30951,Supervisor,5,Bachelor Degree,Genting Malaysia,N,Y,N,Y,32,1,13,7705.92,9311.55,111738.6,5
2026-09-02,95125977,Chong Li Wei,Chong,Li Wei,MARRIED,M,MALAYSIAN,Kedah,Northern,Chinese,Education,MORTGAGE,05285,"No 343, Jalan Delima 14",Taman Taman Melawati,"Langkawi, Kedah",09757,05285,Army Personnel,1,Diploma,Sime Darby Berhad,N,N,N,Y,59,13,5,12414.66,16473.09,197677.08,1
2026-09-02,45431319,Ahmad Haikal,Ahmad,Haikal,SINGLE,M,MALAYSIAN,Perak,Northern,Malay,Healthcare,FAMILY OWNED,30340,"No 149, Jalan Murni 1",Taman Sri Melati,"Ipoh, Perak",31189,30340,Police Officer,1,Diploma,AEON Co (M) Bhd,N,Y,N,N,44,0,11,17524.9,21019.4,252232.8,3
2026-09-02,77834855,Amir Syafiq,Amir,Syafiq,SINGLE,M,MALAYSIAN,Pulau Pinang,Northern,Malay,Transportation,FAMILY OWNED,13583,"No 52, Jalan Permai 15",Taman Bandar Baru,"George Town, Pulau Pinang",12595,13583,Chef,2,SPM,Shopee Malaysia,N,N,Y,N,31,13,3,14755.99,17270.36,207244.32,3
2026-09-02,75569635,Goh Jia Hui,Goh,Jia Hui,SINGLE,M,MALAYSIAN,Kuala Lumpur,Central,Chinese,Food & Beverage,FAMILY OWNED,59897,"No 65, Jalan Utama 4",Taman Bukit Beruntung,"Kuala Lumpur, Kuala Lumpur",53937,59897,Civil Servant,5,Certificate,Genting Malaysia,N,N,Y,Y,44,14,19,9468.32,12038.91,144466.92,5
2026-09-02,43704923,Rohana Syafiq,Rohana,Syafiq,MARRIED,F,MALAYSIAN,Selangor,Central,Malay,Education,RENTING,43375,"No 69, Jalan Seroja 12",Taman Bukit Beruntung,"Shah Alam, Selangor",41846,43375,Nurse,3,Bachelor Degree,Nestle (M) Berhad,N,N,N,N,38,12,2,4832.51,5567.69,66812.28,5
2026-09-02,16818112,Nirmala Muniandy,Nirmala,Muniandy,MARRIED,F,MALAYSIAN,Sabah,East Malaysia,Indian,Education,OWNED,90067,"No 202, Jalan Teratai 12",Taman Bukit Indah,"Sandakan, Sabah",89052,90067,Supervisor,1,Bachelor Degree,Astro Malaysia,N,N,Y,N,29,3,2,20256.62,25958.75,311505.0,1
2026-09-02,22388090,Gan Yee Ling,Gan,Yee Ling,SINGLE,M,MALAYSIAN,Kelantan,East Coast,Chinese,Real Estate,OWNED,15673,"No 79, Jalan Bahagia 18",Taman Desa Jaya,"Pasir Mas, Kelantan",15853,15673,Clerk,2,Certificate,Public Bank Berhad,N,Y,Y,Y,26,7,1,2042.57,2381.28,28575.36,4
2026-09-02,95132217,Siti Aishah Ahmad,Siti Aishah,Ahmad,MARRIED,F,MALAYSIAN,Sabah,East Malaysia,Malay,Education,MORTGAGE,91391,"No 350, Jalan Setia 2",Taman Kota Damansara,"Tawau, Sabah",90500,91391,Security Guard,5,STPM,Nestle (M) Berhad,N,Y,Y,Y,33,3,0,4252.71,5097.65,61171.8,4
2026-09-02,66851377,Sumathi Muniandy,Sumathi,Muniandy,MARRIED,F,MALAYSIAN,Kuala Lumpur,Central,Indian,Wholesale,FAMILY OWNED,54449,"No 223, Jalan Melati 2",Taman Sri Rampai,"Cheras, Kuala Lumpur",53348,54449,Army Personnel,2,Primary,Malayan Banking Berhad,N,Y,N,N,64,33,16,2326.59,2719.59,32635.08,2
2026-09-02,47135391,Syafiq Razak,Syafiq,Razak,MARRIED,M,MALAYSIAN,Pahang,East Coast,Malay,Manufacturing,FAMILY OWNED,28878,"No 279, Jalan Utama 8",Taman Seri Kembangan,"Bentong, Pahang",27147,28878,Chef,3,Bachelor Degree,Genting Malaysia,N,N,N,Y,64,15,7,16733.98,22303.61,267643.32,2
2026-09-02,15917225,Aiman Amir,Aiman,Amir,SINGLE,M,MALAYSIAN,Kuala Lumpur,Central,Malay,Financial Services,OWNED,57380,"No 89, Jalan Nuri 7",Taman Sri Melati,"Cheras, Kuala Lumpur",52771,57380,Security Guard,3,SPM,IOI Corporation,N,N,Y,Y,38,7,3,6831.59,9020.21,108242.52,2
2026-09-02,10475894,Yap Chee Keong,Yap,Chee Keong,DIVORCED,M,MALAYSIAN,Kuala Lumpur,Central,Chinese,Oil & Gas,RENTING,50837,"No 309, Jalan Delima 18",Taman Taman Sri Muda,"Bangsar, Kuala Lumpur",60978,50837,Doctor,3,Diploma,Top Glove Corporation,N,N,N,Y,38,4,3,23844.16,29493.46,353921.52,4
2026-09-02,54769200,Chong Jun Jie,Chong,Jun Jie,SINGLE,M,MALAYSIAN,Selangor,Central,Chinese,Hospitality,OWNED,66512,"No 341, Jalan Perdana 16",Taman Bandar Sunway,"Petaling Jaya, Selangor",64128,66512,IT Executive,2,SPM,MISC Berhad,N,N,N,Y,21,0,1,5683.94,7131.53,85578.36,3
2026-09-02,27558317,Gan Sook Yee,Gan,Sook Yee,MARRIED,F,MALAYSIAN,Kuala Lumpur,Central,Chinese,Professional Services,RENTING,59796,"No 328, Jalan Seroja 14",Taman Sri Rampai,"Kuala Lumpur, Kuala Lumpur",55803,59796,Teacher,3,SPM,AirAsia Berhad,N,Y,N,N,56,21,22,10602.57,13924.84,167098.08,4
2026-09-02,95511909,Low Kok Leong,Low,Kok Leong,SINGLE,M,MALAYSIAN,Perak,Northern,Chinese,Financial Services,OWNED,30356,"No 93, Jalan Indah 17",Taman Sri Gombak,"Sitiawan, Perak",35013,30356,Technician,2,Master Degree,Top Glove Corporation,N,N,N,N,28,4,0,7721.41,9389.84,112678.08,3
2026-09-02,45159040,Anand Rajoo,Anand,Rajoo,MARRIED,M,MALAYSIAN,Pahang,East Coast,Indian,Transportation,OWNED,26711,"No 180, Jalan Ria 5",Taman Bukit Indah,"Bentong, Pahang",28374,26711,Supervisor,3,Bachelor Degree,MISC Berhad,N,N,Y,Y,23,3,5,3020.25,3654.7,43856.4,3
2026-09-02,31687165,Mohd Faizal Razak,Mohd Faizal,Razak,SINGLE,M,MALAYSIAN,Pahang,East Coast,Malay,Telecommunications,OWNED,28667,"No 125, Jalan Seroja 12",Taman Sri Melati,"Raub, Pahang",25577,28667,Engineer,5,PhD,Government of Malaysia,N,N,N,Y,52,33,19,19151.72,22134.14,265609.68,3
2026-09-02,69302158,Khoo Li Wei,Khoo,Li Wei,MARRIED,F,MALAYSIAN,Johor,Southern,Chinese,Oil & Gas,OWNED,80166,"No 210, Jalan Anggerik 3",Taman Sri Gombak,"Batu Pahat, Johor",79385,80166,Factory Worker,1,SPM,AirAsia Berhad,N,N,Y,N,49,26,8,7377.88,9443.33,113319.96,2
2026-09-02,84045292,Lim Li Wei,Lim,Li Wei,MARRIED,M,MALAYSIAN,Selangor,Central,Chinese,Agriculture,MORTGAGE,65967,"No 43, Jalan Merdeka 6",Taman Puchong Perdana,"Subang Jaya, Selangor",67520,65967,Teacher,2,Bachelor Degree,Astro Malaysia,N,Y,N,Y,33,14,12,6693.72,8148.66,97783.92,4
2026-09-02,67403166,Ismail Razak,Ismail,Razak,MARRIED,M,MALAYSIAN,Sabah,East Malaysia,Malay,Retail Trade,RENTING,89263,"No 141, Jalan Murni 14",Taman Sri Gombak,"Lahad Datu, Sabah",91519,89263,Engineer,1,SPM,Shopee Malaysia,N,Y,Y,N,59,17,4,7999.08,9404.45,112853.4,5
2026-09-02,85283645,Hakim Halim,Hakim,Halim,SINGLE,M,MALAYSIAN,Selangor,Central,Malay,Manufacturing,MORTGAGE,43520,"No 312, Jalan Indah 2",Taman Sentosa,"Kajang, Selangor",42792,43520,Civil Servant,3,Diploma,AirAsia Berhad,N,N,Y,N,44,7,8,19510.83,24658.14,295897.68,1
2026-09-02,11297845,Ong Hui Min,Ong,Hui Min,MARRIED,M,MALAYSIAN,Kelantan,East Coast,Chinese,Government,OWNED,15596,"No 274, Jalan Murni 12",Taman Sri Melati,"Pasir Mas, Kelantan",15832,15596,Security Guard,5,Diploma,DiGi Telecommunications,N,N,N,N,54,16,5,14654.74,18510.03,222120.36,5
2026-09-02,25015458,Nadia Muhammad,Nadia,Muhammad,MARRIED,F,MALAYSIAN,Selangor,Central,Malay,Real Estate,FAMILY OWNED,45170,"No 55, Jalan Indah 16",Taman Sri Melati,"Kajang, Selangor",67349,45170,Self-Employed,5,SPM,Self Employed,Y,N,N,N,43,23,18,3315.25,3870.17,46442.04,4
2026-09-02,20099059,Sim Kok Leong,Sim,Kok Leong,MARRIED,M,MALAYSIAN,Kedah,Northern,Chinese,Telecommunications,MORTGAGE,05709,"No 308, Jalan Melati 14",Taman Taman Sri Muda,"Kulim, Kedah",09779,05709,Sales Executive,3,Bachelor Degree,Proton Holdings,N,N,N,Y,27,9,7,11461.6,15036.71,180440.52,3
2026-09-02,30005727,Wan Norhaslinda Ismail,Wan Norhaslinda,Ismail,SINGLE,F,MALAYSIAN,Johor,Southern,Malay,Government,RENTING,79594,"No 145, Jalan Mawar 1",Taman Desa Jaya,"Segamat, Johor",79235,79594,IT Executive,3,Bachelor Degree,DiGi Telecommunications,N,Y,N,Y,53,28,30,18527.09,21746.93,260963.16,2
2026-09-02,83227889,Nirmala Govindasamy,Nirmala,Govindasamy,SINGLE,F,MALAYSIAN,Perak,Northern,Indian,Construction,RENTING,36119,"No 176, Jalan Setia 20",Taman Bukit Beruntung,"Taiping, Perak",36822,36119,Nurse,1,SPM,Grab Malaysia,N,N,Y,N,37,18,19,12966.91,16439.38,197272.56,4
2026-09-02,14835614,Zaleha Danial,Zaleha,Danial,MARRIED,F,MALAYSIAN,Sarawak,East Malaysia,Malay,Retail Trade,MORTGAGE,98567,"No 169, Jalan Nuri 1",Taman Taman Sri Muda,"Bintulu, Sarawak",94326,98567,Driver,1,STPM,Genting Malaysia,N,Y,N,Y,60,6,32,24184.78,30958.81,371505.72,5
2026-09-02,59555330,Rohana Amir,Rohana,Amir,DIVORCED,F,MALAYSIAN,Selangor,Central,Malay,Telecommunications,MORTGAGE,44934,"No 323, Jalan Cempaka 15",Taman Seri Kembangan,"Subang Jaya, Selangor",66767,44934,Businessman,2,Master Degree,Self Employed,Y,N,N,N,25,2,7,9093.04,10994.41,131932.92,1
2026-09-02,88183110,Chin Chee Keong,Chin,Chee Keong,MARRIED,F,MALAYSIAN,Kuala Lumpur,Central,Chinese,Telecommunications,OWNED,52758,"No 137, Jalan Ria 18",Taman Sentosa,"Kuala Lumpur, Kuala Lumpur",60231,52758,Sales Executive,2,STPM,Shopee Malaysia,N,N,Y,Y,60,16,3,7486.09,10102.49,121229.88,1
2026-09-02,84158663,Ng Guan Eng,Ng,Guan Eng,DIVORCED,M,MALAYSIAN,Sarawak,East Malaysia,Chinese,Real Estate,OWNED,97687,"No 106, Jalan Damai 2",Taman Taman Sri Muda,"Sibu, Sarawak",94187,97687,Civil Servant,5,Bachelor Degree,DiGi Telecommunications,N,N,Y,N,54,7,29,5627.81,7008.54,84102.48,1
2026-09-02,29876811,Danial Fauzi,Danial,Fauzi,MARRIED,M,MALAYSIAN,Perak,Northern,Malay,Manufacturing,FAMILY OWNED,34912,"No 223, Jalan Indah 2",Taman Sri Melati,"Taiping, Perak",30542,34912,Clerk,2,Master Degree,Shopee Malaysia,N,N,Y,Y,64,35,24,7457.15,9472.37,113668.44,3
2026-09-02,67684996,Chan Sze Ying,Chan,Sze Ying,MARRIED,M,MALAYSIAN,Sabah,East Malaysia,Chinese,Wholesale,MORTGAGE,90745,"No 177, Jalan Damai 1",Taman Bukit Beruntung,"Kota Kinabalu, Sabah",88415,90745,Teacher,5,Primary,Intel Malaysia,N,N,Y,N,62,5,37,20571.71,24525.85,294310.2,3
2026-09-02,27105448,Kohila Veerappan,Kohila,Veerappan,MARRIED,F,MALAYSIAN,Negeri Sembilan,Southern,Indian,Healthcare,RENTING,71665,"No 93, Jalan Murni 6",Taman Taman Sri Muda,"Nilai, Negeri Sembilan",73651,71665,Clerk,2,SPM,Nestle (M) Berhad,N,N,Y,N,54,24,14,3960.16,4845.87,58150.44,4
2026-09-02,15614174,Danial Firdaus,Danial,Firdaus,SINGLE,M,MALAYSIAN,Selangor,Central,Malay,Construction,RENTING,66506,"No 123, Jalan Suria 4",Taman Bandar Sunway,"Shah Alam, Selangor",46525,66506,Engineer,2,STPM,Government of Malaysia,N,N,N,N,62,12,7,16332.31,20032.58,240390.96,5
2026-09-02,51373735,Nazri Nabil,Nazri,Nabil,MARRIED,M,MALAYSIAN,Pulau Pinang,Northern,Malay,Professional Services,OWNED,12677,"No 223, Jalan Bahagia 5",Taman Kota Damansara,"Bayan Lepas, Pulau Pinang",12849,12677,Clerk,1,SPM,Gamuda Berhad,N,Y,N,Y,27,4,7,18684.23,23856.38,286276.56,2
2026-09-02,58942697,Sofea Khairul,Sofea,Khairul,SINGLE,F,MALAYSIAN,Pulau Pinang,Northern,Malay,Real Estate,FAMILY OWNED,11783,"No 253, Jalan Kenanga 18",Taman Puchong Perdana,"Bayan Lepas, Pulau Pinang",12029,11783,Contractor,1,PhD,Self Employed,Y,N,N,N,25,5,5,22891.9,27536.6,330439.2,1
2026-09-02,15354599,Sofea Zulkifli,Sofea,Zulkifli,MARRIED,F,MALAYSIAN,Johor,Southern,Malay,Transportation,OWNED,79380,"No 65, Jalan Suria 19",Taman Bandar Sunway,"Muar, Johor",86161,79380,Accountant,2,Bachelor Degree,Grab Malaysia,N,N,N,Y,57,0,10,7940.98,9813.0,117756.0,3
2026-09-02,58024342,Nazri Faizal,Nazri,Faizal,MARRIED,M,MALAYSIAN,Selangor,Central,Malay,Transportation,OWNED,44947,"No 118, Jalan Suria 2",Taman Sri Rampai,"Kajang, Selangor",41834,44947,Nurse,1,STPM,Tenaga Nasional Berhad,N,N,N,Y,40,4,18,2984.33,3631.35,43576.2,5
2026-09-02,38195995,Vani Karuppiah,Vani,Karuppiah,SINGLE,F,MALAYSIAN,Negeri Sembilan,Southern,Indian,Hospitality,RENTING,70554,"No 283, Jalan Harmoni 3",Taman Puchong Perdana,"Bahau, Negeri Sembilan",70976,70554,Sales Executive,5,Diploma,Astro Malaysia,N,N,N,N,22,3,0,13669.44,17959.03,215508.36,5
2026-09-02,43491314,Liyana Syafiq,Liyana,Syafiq,SINGLE,F,MALAYSIAN,Melaka,Southern,Malay,Food & Beverage,RENTING,75589,"No 198, Jalan Cempaka 13",Taman Taman Universiti,"Alor Gajah, Melaka",77251,75589,Chef,3,Bachelor Degree,Government of Malaysia,N,N,N,N,63,11,30,12446.31,14540.58,174486.96,5
2026-09-02,99514287,Teoh Mei Ling,Teoh,Mei Ling,MARRIED,M,MALAYSIAN,Johor,Southern,Chinese,Oil & Gas,OWNED,85512,"No 267, Jalan Teratai 6",Taman Damansara Utama,"Segamat, Johor",81515,85512,Technician,3,Bachelor Degree,AirAsia Berhad,N,N,Y,N,23,4,5,20280.68,26774.05,321288.6,1
2026-09-02,23796726,Sofea Razak,Sofea,Razak,MARRIED,F,MALAYSIAN,Perak,Northern,Malay,Real Estate,FAMILY OWNED,32238,"No 257, Jalan Ria 12",Taman Desa Jaya,"Teluk Intan, Perak",32771,32238,Self-Employed,1,Diploma,Self Employed,Y,N,Y,Y,57,0,29,18216.36,22658.75,271905.0,4
2026-09-02,57469942,Lee Zhi Hao,Lee,Zhi Hao,SINGLE,F,MALAYSIAN,Selangor,Central,Chinese,Wholesale,OWNED,67903,"No 344, Jalan Merdeka 20",Taman Damansara Utama,"Kajang, Selangor",44539,67903,Doctor,2,SPM,Sime Darby Berhad,N,N,Y,Y,21,3,0,16724.72,20929.31,251151.72,5
2026-09-02,85146293,Ridwan Ahmad,Ridwan,Ahmad,MARRIED,M,MALAYSIAN,Sabah,East Malaysia,Malay,Plantation,RENTING,91632,"No 141, Jalan Bahagia 8",Taman Bandar Baru,"Tawau, Sabah",89462,91632,Nurse,5,Bachelor Degree,Government of Malaysia,N,N,Y,N,26,4,2,5328.7,6555.11,78661.32,2
2026-09-02,64543049,Ainun Shahrul,Ainun,Shahrul,MARRIED,F,MALAYSIAN,Kuala Lumpur,Central,Malay,Oil & Gas,OWNED,58143,"No 113, Jalan Suria 20",Taman Damansara Utama,"Cheras, Kuala Lumpur",51403,58143,Driver,5,Master Degree,Grab Malaysia,N,N,N,N,23,1,0,11447.91,13250.42,159005.04,2
2026-09-02,93303777,Mohd Faizal Amir,Mohd Faizal,Amir,SINGLE,M,MALAYSIAN,Selangor,Central,Malay,Hospitality,RENTING,42875,"No 206, Jalan Wawasan 1",Taman Taman Sri Muda,"Kajang, Selangor",64737,42875,Nurse,3,Certificate,Malayan Banking Berhad,N,N,N,N,60,6,37,18635.29,25036.89,300442.68,4
2026-09-02,30743797,Ng Xin Yi,Ng,Xin Yi,MARRIED,M,MALAYSIAN,Terengganu,East Coast,Chinese,Agriculture,RENTING,24213,"No 30, Jalan Seroja 1",Taman Puchong Perdana,"Kemaman, Terengganu",20725,24213,Engineer,2,STPM,Self Employed,N,N,N,Y,42,19,7,14396.73,19259.08,231108.96,5
2026-09-02,41774346,Thinesh Chandran,Thinesh,Chandran,DIVORCED,M,MALAYSIAN,Sarawak,East Malaysia,Indian,Wholesale,RENTING,94595,"No 257, Jalan Merdeka 10",Taman Setia Alam,"Bintulu, Sarawak",98453,94595,Contractor,2,Master Degree,Self Employed,Y,Y,N,Y,24,1,2,7980.82,10009.37,120112.44,3
2026-09-02,31810617,Rozita Khairul,Rozita,Khairul,DIVORCED,F,MALAYSIAN,Johor,Southern,Malay,Transportation,OWNED,81534,"No 23, Jalan Mawar 14",Taman Bandar Baru,"Kluang, Johor",80914,81534,Police Officer,1,Diploma,IOI Corporation,N,N,Y,Y,47,8,0,10882.19,12538.94,150467.28,4
2026-09-02,33763566,Teoh Jia Hui,Teoh,Jia Hui,MARRIED,F,MALAYSIAN,Sarawak,East Malaysia,Chinese,Real Estate,OWNED,96359,"No 301, Jalan Kenanga 18",Taman Bukit Indah,"Sibu, Sarawak",96089,96359,Sales Executive,1,STPM,Self Employed,N,N,Y,N,41,2,14,16237.55,21526.56,258318.72,3
2026-09-02,65337219,Fatimah Shahrul,Fatimah,Shahrul,SINGLE,F,MALAYSIAN,Selangor,Central,Malay,Hospitality,FAMILY OWNED,46619,"No 224, Jalan Bahagia 6",Taman Taman Melawati,"Klang, Selangor",64136,46619,Security Guard,1,SPM,IOI Corporation,N,N,N,N,30,12,10,13161.08,15359.24,184310.88,2
2026-09-02,13326769,Dinesh Karuppiah,Dinesh,Karuppiah,SINGLE,M,MALAYSIAN,Selangor,Central,Indian,Construction,OWNED,48364,"No 123, Jalan Setia 14",Taman Sri Gombak,"Subang Jaya, Selangor",40084,48364,Manager,5,Bachelor Degree,Government of Malaysia,N,Y,N,N,53,31,26,11075.55,13209.41,158512.92,3
2026-09-02,34073380,Lau Kok Leong,Lau,Kok Leong,DIVORCED,F,MALAYSIAN,Pahang,East Coast,Chinese,Wholesale,FAMILY OWNED,25556,"No 275, Jalan Nuri 15",Taman Puchong Perdana,"Temerloh, Pahang",25410,25556,Driver,3,STPM,MISC Berhad,N,N,Y,N,24,0,6,3355.12,4048.73,48584.76,1
2026-09-02,54585178,Yeoh Yan Ping,Yeoh,Yan Ping,MARRIED,M,MALAYSIAN,Johor,Southern,Chinese,Agriculture,OWNED,80387,"No 299, Jalan Wawasan 14",Taman Sentosa,"Batu Pahat, Johor",82125,80387,Retail Assistant,3,Diploma,Dell Malaysia,N,N,Y,N,50,3,25,9268.25,10813.5,129762.0,5
2026-09-02,65259205,Mohan Perumal,Mohan,Perumal,SINGLE,M,MALAYSIAN,Johor,Southern,Indian,Hospitality,OWNED,81957,"No 275, Jalan Wawasan 3",Taman Sentosa,"Kluang, Johor",81452,81957,Police Officer,1,SPM,Grab Malaysia,N,Y,N,N,28,4,1,14612.21,18884.53,226614.36,3
2026-09-02,99913412,Sofea Firdaus,Sofea,Firdaus,SINGLE,F,MALAYSIAN,Selangor,Central,Malay,Government,MORTGAGE,40448,"No 290, Jalan Utama 14",Taman Sri Melati,"Kajang, Selangor",43029,40448,Police Officer,3,Bachelor Degree,Shopee Malaysia,N,N,Y,Y,27,2,4,15939.43,19182.51,230190.12,2
2026-09-02,43308443,Chan Guan Eng,Chan,Guan Eng,MARRIED,F,MALAYSIAN,Terengganu,East Coast,Chinese,Manufacturing,OWNED,22582,"No 7, Jalan Merdeka 12",Taman Taman Universiti,"Kemaman, Terengganu",24800,22582,Administrator,5,Diploma,Sime Darby Berhad,N,N,Y,Y,53,33,29,12003.94,15101.58,181218.96,3
2026-09-02,45810056,Devi Krishnan,Devi,Krishnan,MARRIED,F,MALAYSIAN,Perak,Northern,Indian,Oil & Gas,FAMILY OWNED,32019,"No 150, Jalan Suria 9",Taman Kota Damansara,"Sitiawan, Perak",34555,32019,Police Officer,1,SPM,Genting Malaysia,N,N,N,Y,27,8,3,10699.77,12930.03,155160.36,3
2026-09-02,31367172,Sim Xin Yi,Sim,Xin Yi,SINGLE,M,MALAYSIAN,Kuala Lumpur,Central,Chinese,Plantation,RENTING,56325,"No 231, Jalan Seroja 2",Taman Sri Melati,"Cheras, Kuala Lumpur",53489,56325,IT Executive,2,Certificate,AEON Co (M) Bhd,N,N,Y,Y,48,19,28,23604.04,30842.05,370104.6,1
2026-09-02,24508349,Zaki Khairul,Zaki,Khairul,SINGLE,M,MALAYSIAN,Sarawak,East Malaysia,Malay,Wholesale,RENTING,96289,"No 216, Jalan Ria 12",Taman Setia Alam,"Bintulu, Sarawak",97888,96289,Sales Executive,5,Diploma,AirAsia Berhad,N,N,N,N,62,24,40,11115.03,14130.42,169565.04,5
2026-09-02,61343880,Foo Siew Ling,Foo,Siew Ling,MARRIED,M,MALAYSIAN,Sarawak,East Malaysia,Chinese,Professional Services,RENTING,98536,"No 19, Jalan Merdeka 18",Taman Setia Alam,"Sibu, Sarawak",94132,98536,Technician,1,Diploma,Malayan Banking Berhad,N,Y,N,N,65,16,29,14802.56,17952.64,215431.68,5
2026-09-02,15197528,Rosli Nazri,Rosli,Nazri,MARRIED,M,MALAYSIAN,Pahang,East Coast,Malay,Government,RENTING,27154,"No 42, Jalan Utama 3",Taman Taman Sri Muda,"Kuantan, Pahang",27147,27154,Businessman,1,SPM,Self Employed,Y,Y,Y,N,56,6,32,15344.96,19923.82,239085.84,1
2026-09-02,73174945,Yogeswari Muniandy,Yogeswari,Muniandy,MARRIED,F,MALAYSIAN,Sabah,East Malaysia,Indian,Education,RENTING,89000,"No 93, Jalan Seroja 1",Taman Puchong Perdana,"Sandakan, Sabah",90019,89000,Driver,2,STPM,Dell Malaysia,N,N,N,N,62,32,28,3835.93,5075.87,60910.44,2
2026-09-02,39854548,Hakim Syafiq,Hakim,Syafiq,MARRIED,M,MALAYSIAN,Selangor,Central,Malay,Hospitality,OWNED,43726,"No 286, Jalan Bahagia 8",Taman Seri Kembangan,"Petaling Jaya, Selangor",63906,43726,Army Personnel,2,Diploma,Astro Malaysia,N,N,Y,N,44,3,25,17739.37,21239.19,254870.28,2
2026-09-02,36786211,Khoo Jun Jie,Khoo,Jun Jie,DIVORCED,M,MALAYSIAN,Negeri Sembilan,Southern,Chinese,Real Estate,OWNED,73616,"No 29, Jalan Perdana 5",Taman Seri Kembangan,"Nilai, Negeri Sembilan",72241,73616,Supervisor,3,Diploma,DiGi Telecommunications,N,N,Y,Y,24,6,2,12918.52,17101.4,205216.8,4
2026-09-02,71780854,Teoh Kok Leong,Teoh,Kok Leong,MARRIED,F,MALAYSIAN,Selangor,Central,Chinese,Financial Services,FAMILY OWNED,45395,"No 212, Jalan Seroja 16",Taman Puchong Perdana,"Subang Jaya, Selangor",65086,45395,Manager,5,SPM,Sime Darby Berhad,N,N,N,N,54,4,5,12855.24,16508.55,198102.6,1
2026-09-02,56930359,Suresh Chandran,Suresh,Chandran,MARRIED,M,MALAYSIAN,Johor,Southern,Indian,Telecommunications,OWNED,83624,"No 50, Jalan Ria 3",Taman Bukit Beruntung,"Kluang, Johor",81415,83624,Retail Assistant,3,Diploma,Government of Malaysia,N,N,Y,N,33,0,11,9510.78,12098.01,145176.12,3
2026-09-02,50962024,Alia Razak,Alia,Razak,MARRIED,F,MALAYSIAN,Negeri Sembilan,Southern,Malay,Construction,OWNED,73106,"No 159, Jalan Utama 14",Taman Puchong Perdana,"Port Dickson, Negeri Sembilan",70625,73106,Businessman,1,SPM,Self Employed,Y,Y,N,Y,48,24,9,15503.98,20299.0,243588.0,4
2026-09-02,40547349,Hana Ahmad,Hana,Ahmad,MARRIED,F,MALAYSIAN,Sabah,East Malaysia,Malay,Food & Beverage,FAMILY OWNED,89005,"No 329, Jalan Cempaka 5",Taman Sentosa,"Kota Kinabalu, Sabah",91867,89005,Driver,5,SPM,Grab Malaysia,N,N,N,Y,55,19,0,18645.38,24414.65,292975.8,4
2026-09-02,39920292,Syafiqah Shahrul,Syafiqah,Shahrul,MARRIED,F,MALAYSIAN,Sabah,East Malaysia,Malay,Hospitality,FAMILY OWNED,89335,"No 249, Jalan Cempaka 17",Taman Bukit Indah,"Kota Kinabalu, Sabah",90476,89335,Police Officer,5,Certificate,Nestle (M) Berhad,N,N,Y,Y,34,11,8,7126.01,8553.03,102636.36,5
2026-09-02,13176186,Bala Karuppiah,Bala,Karuppiah,MARRIED,M,MALAYSIAN,Selangor,Central,Indian,Healthcare,OWNED,43006,"No 148, Jalan Mawar 17",Taman Kota Damansara,"Petaling Jaya, Selangor",67492,43006,Civil Servant,2,Master Degree,Malayan Banking Berhad,N,N,Y,N,39,4,7,19056.89,24654.03,295848.36,3
2026-09-02,98588154,Suresh Sinnasamy,Suresh,Sinnasamy,MARRIED,M,MALAYSIAN,Pulau Pinang,Northern,Indian,Food & Beverage,RENTING,13970,"No 133, Jalan Damai 17",Taman Sentosa,"Bayan Lepas, Pulau Pinang",11383,13970,Teacher,5,Bachelor Degree,Self Employed,N,N,N,Y,23,3,0,14696.29,17555.31,210663.72,3
2026-09-02,35921441,Halimah Halim,Halimah,Halim,MARRIED,F,MALAYSIAN,Pahang,East Coast,Malay,Government,OWNED,27477,"No 1, Jalan Permai 20",Taman Setia Alam,"Raub, Pahang",26310,27477,Civil Servant,2,Diploma,Government of Malaysia,N,N,Y,N,48,3,30,2039.73,2710.35,32524.2,1
2026-09-02,63481198,Iskandar Khairul,Iskandar,Khairul,SINGLE,M,MALAYSIAN,Negeri Sembilan,Southern,Malay,Government,MORTGAGE,71676,"No 163, Jalan Kenanga 13",Taman Bandar Baru,"Seremban, Negeri Sembilan",70744,71676,Factory Worker,1,Diploma,MISC Berhad,N,Y,Y,N,48,4,10,2553.82,3128.96,37547.52,4
2026-09-02,54058573,Aminah Faizal,Aminah,Faizal,MARRIED,F,MALAYSIAN,Kuala Lumpur,Central,Malay,Transportation,OWNED,59393,"No 322, Jalan Harmoni 6",Taman Puchong Perdana,"Setapak, Kuala Lumpur",51399,59393,Chef,3,Bachelor Degree,Proton Holdings,N,N,Y,N,48,16,0,14269.58,18727.49,224729.88,3
2026-09-02,47393469,Sivakumar Veerappan,Sivakumar,Veerappan,MARRIED,M,MALAYSIAN,Johor,Southern,Indian,Professional Services,OWNED,85391,"No 6, Jalan Mawar 1",Taman Taman Melawati,"Muar, Johor",80671,85391,Doctor,5,SPM,Government of Malaysia,N,N,N,Y,48,2,13,7770.53,10122.56,121470.72,1
2026-09-02,19317495,Ong Li Wei,Ong,Li Wei,MARRIED,M,MALAYSIAN,Sarawak,East Malaysia,Chinese,Oil & Gas,MORTGAGE,98394,"No 309, Jalan Kenanga 10",Taman Sri Rampai,"Sibu, Sarawak",94700,98394,Sales Executive,3,Bachelor Degree,Grab Malaysia,N,N,Y,N,45,12,27,7997.68,9944.86,119338.32,4
2026-09-02,47463522,Cheah Kok Leong,Cheah,Kok Leong,DIVORCED,F,MALAYSIAN,Sarawak,East Malaysia,Chinese,Telecommunications,FAMILY OWNED,94004,"No 119, Jalan Harmoni 16",Taman Kota Damansara,"Bintulu, Sarawak",98650,94004,Army Personnel,1,Diploma,Proton Holdings,N,N,N,N,34,12,4,5104.32,6393.59,76723.08,3
2026-09-02,57130035,Teoh Sook Yee,Teoh,Sook Yee,SINGLE,M,MALAYSIAN,Johor,Southern,Chinese,Agriculture,OWNED,84338,"No 27, Jalan Indah 5",Taman Taman Universiti,"Kluang, Johor",84214,84338,Self-Employed,5,Bachelor Degree,Self Employed,Y,N,N,Y,56,30,14,12227.87,15689.89,188278.68,2
2026-09-02,96098221,Razak Syafiq,Razak,Syafiq,MARRIED,M,MALAYSIAN,Selangor,Central,Malay,Manufacturing,RENTING,42662,"No 224, Jalan Anggerik 2",Taman Sri Gombak,"Petaling Jaya, Selangor",63906,42662,Nurse,2,SPM,Malayan Banking Berhad,N,Y,N,Y,64,16,1,12675.74,16111.82,193341.84,1
2026-09-02,78371272,Rohana Hakim,Rohana,Hakim,SINGLE,F,MALAYSIAN,Pahang,East Coast,Malay,Manufacturing,OWNED,25314,"No 276, Jalan Indah 11",Taman Taman Universiti,"Temerloh, Pahang",27014,25314,Contractor,3,Diploma,Self Employed,Y,Y,Y,N,44,6,12,13908.17,17011.7,204140.4,3
2026-09-02,63643924,Saraswathy Veerappan,Saraswathy,Veerappan,SINGLE,F,MALAYSIAN,Johor,Southern,Indian,Manufacturing,OWNED,86326,"No 92, Jalan Permai 7",Taman Setia Alam,"Segamat, Johor",81859,86326,Engineer,5,Diploma,DiGi Telecommunications,N,N,N,N,52,24,27,6643.21,7697.62,92371.44,1
2026-09-02,81969657,Ahmad Fauzi,Ahmad,Fauzi,MARRIED,M,MALAYSIAN,Johor,Southern,Malay,Manufacturing,FAMILY OWNED,83044,"No 276, Jalan Delima 7",Taman Desa Jaya,"Johor Bahru, Johor",86337,83044,Manager,3,SPM,Dell Malaysia,N,N,Y,Y,41,12,14,13062.42,15262.11,183145.32,2
2026-09-02,54446182,Gan Wan Ting,Gan,Wan Ting,SINGLE,F,MALAYSIAN,Selangor,Central,Chinese,Retail Trade,FAMILY OWNED,45457,"No 158, Jalan Seroja 11",Taman Setia Alam,"Klang, Selangor",43090,45457,Driver,2,Master Degree,Intel Malaysia,N,N,N,N,23,0,1,21849.9,25546.2,306554.4,4
2026-09-02,13704481,Suraya Ahmad,Suraya,Ahmad,SINGLE,F,MALAYSIAN,Perak,Northern,Malay,Manufacturing,RENTING,31402,"No 231, Jalan Delima 20",Taman Puchong Perdana,"Sitiawan, Perak",35161,31402,Retail Assistant,1,Bachelor Degree,DiGi Telecommunications,N,N,Y,N,54,26,23,6474.97,8661.94,103943.28,3
2026-09-02,25480907,Kavitha Perumal,Kavitha,Perumal,SINGLE,F,MALAYSIAN,Selangor,Central,Indian,Hospitality,OWNED,64884,"No 112, Jalan Nuri 17",Taman Bukit Indah,"Subang Jaya, Selangor",43347,64884,Supervisor,3,SPM,Shopee Malaysia,N,Y,Y,N,49,24,15,20036.22,24866.85,298402.2,3
2026-09-02,45059710,Lee Sze Ying,Lee,Sze Ying,DIVORCED,F,MALAYSIAN,Pulau Pinang,Northern,Chinese,Plantation,RENTING,11334,"No 224, Jalan Permai 12",Taman Sri Rampai,"Bayan Lepas, Pulau Pinang",12197,11334,Chef,3,SPM,Proton Holdings,N,N,Y,N,61,21,34,16265.56,19734.98,236819.76,3
2026-09-02,33966966,Khairul Hakim,Khairul,Hakim,SINGLE,M,MALAYSIAN,Selangor,Central,Malay,Food & Beverage,RENTING,45487,"No 333, Jalan Indah 9",Taman Taman Melawati,"Petaling Jaya, Selangor",40765,45487,IT Executive,3,Bachelor Degree,Top Glove Corporation,N,N,N,N,51,20,7,24194.7,31757.48,381089.76,4
2026-09-02,87925434,Nur Hidayah Khairul,Nur Hidayah,Khairul,MARRIED,F,MALAYSIAN,Kuala Lumpur,Central,Malay,Government,RENTING,60376,"No 125, Jalan Nuri 20",Taman Taman Universiti,"Bangsar, Kuala Lumpur",57185,60376,Sales Executive,2,Bachelor Degree,Self Employed,N,N,Y,Y,58,25,14,1525.13,1791.88,21502.56,1
2026-09-02,45630292,Nurul Ain Faizal,Nurul Ain,Faizal,DIVORCED,F,MALAYSIAN,Sabah,East Malaysia,Malay,Government,MORTGAGE,89984,"No 327, Jalan Ria 19",Taman Sri Rampai,"Tawau, Sabah",91180,89984,Clerk,1,SPM,Shopee Malaysia,N,N,Y,Y,46,14,10,17938.98,22985.08,275820.96,4
2026-09-02,15134794,Sofea Nabil,Sofea,Nabil,MARRIED,F,MALAYSIAN,Selangor,Central,Malay,Oil & Gas,OWNED,41377,"No 346, Jalan Utama 10",Taman Bandar Baru,"Petaling Jaya, Selangor",63183,41377,IT Executive,2,SPM,AEON Co (M) Bhd,N,N,Y,Y,63,31,36,9995.53,12477.09,149725.08,2
2026-09-02,24549543,Zaki Syafiq,Zaki,Syafiq,DIVORCED,M,MALAYSIAN,Johor,Southern,Malay,Retail Trade,RENTING,81320,"No 222, Jalan Utama 11",Taman Taman Melawati,"Segamat, Johor",80426,81320,Teacher,1,Bachelor Degree,AEON Co (M) Bhd,N,N,Y,N,50,8,8,6423.72,7836.53,94038.36,3
2026-09-02,90070438,Wong Li Wei,Wong,Li Wei,SINGLE,M,MALAYSIAN,Labuan,East Malaysia,Chinese,Telecommunications,OWNED,87448,"No 256, Jalan Cempaka 8",Taman Bukit Beruntung,"Labuan, Labuan",87587,87448,Manager,3,SPM,Sime Darby Berhad,N,N,N,Y,49,6,15,18811.64,24584.51,295014.12,5
2026-09-02,68326160,Nurul Ain Syafiq,Nurul Ain,Syafiq,MARRIED,F,MALAYSIAN,Sarawak,East Malaysia,Malay,Manufacturing,FAMILY OWNED,98848,"No 246, Jalan Bahagia 20",Taman Bukit Indah,"Kuching, Sarawak",95906,98848,IT Executive,5,Diploma,Shopee Malaysia,N,N,N,N,36,13,11,10729.75,12516.87,150202.44,2
2026-09-02,56397338,Yap Pei Shan,Yap,Pei Shan,MARRIED,M,MALAYSIAN,Selangor,Central,Chinese,Plantation,RENTING,63645,"No 4, Jalan Delima 4",Taman Taman Melawati,"Shah Alam, Selangor",45691,63645,Retail Assistant,1,Bachelor Degree,AirAsia Berhad,N,N,N,Y,31,12,9,10301.91,13165.49,157985.88,1
2026-09-02,52101056,Lakshmi Subramaniam,Lakshmi,Subramaniam,SINGLE,F,MALAYSIAN,Selangor,Central,Indian,Agriculture,OWNED,40046,"No 229, Jalan Setia 10",Taman Damansara Utama,"Kajang, Selangor",44593,40046,Technician,1,Diploma,Grab Malaysia,N,N,N,Y,42,24,7,6358.3,7734.73,92816.76,4
2026-09-02,68571795,Nur Hidayah Ahmad,Nur Hidayah,Ahmad,MARRIED,F,MALAYSIAN,Selangor,Central,Malay,Food & Beverage,FAMILY OWNED,63648,"No 5, Jalan Setia 4",Taman Bukit Indah,"Petaling Jaya, Selangor",63120,63648,Administrator,3,SPM,Intel Malaysia,N,Y,Y,N,60,20,1,16703.71,19604.15,235249.8,5
2026-09-02,91363974,Koh Kah Wai,Koh,Kah Wai,WIDOWED,M,MALAYSIAN,Johor,Southern,Chinese,Telecommunications,OWNED,82448,"No 15, Jalan Setia 5",Taman Sri Rampai,"Muar, Johor",81790,82448,Self-Employed,3,Bachelor Degree,Self Employed,Y,Y,Y,N,49,0,10,14720.39,18803.03,225636.36,4
2026-09-02,78642041,Ridwan Aiman,Ridwan,Aiman,MARRIED,M,MALAYSIAN,Negeri Sembilan,Southern,Malay,Transportation,MORTGAGE,70386,"No 71, Jalan Anggerik 4",Taman Bukit Beruntung,"Seremban, Negeri Sembilan",71099,70386,Teacher,3,Diploma,AirAsia Berhad,N,N,N,N,62,29,9,7963.27,9745.61,116947.32,4
2026-09-02,25521714,Farah Iskandar,Farah,Iskandar,MARRIED,F,MALAYSIAN,Perak,Northern,Malay,Government,FAMILY OWNED,35996,"No 173, Jalan Nuri 17",Taman Bandar Baru,"Teluk Intan, Perak",34395,35996,Sales Executive,2,Diploma,Proton Holdings,N,N,Y,N,62,9,29,3993.13,4899.32,58791.84,3
2026-09-02,61700055,Chua Siew Ling,Chua,Siew Ling,DIVORCED,M,MALAYSIAN,Sarawak,East Malaysia,Chinese,Telecommunications,FAMILY OWNED,97925,"No 146, Jalan Permai 14",Taman Sentosa,"Bintulu, Sarawak",98158,97925,Factory Worker,2,Diploma,AirAsia Berhad,N,Y,Y,N,54,5,29,18912.07,24616.02,295392.24,1
2026-09-02,87388337,Yogeswari Subramaniam,Yogeswari,Subramaniam,SINGLE,F,MALAYSIAN,Kedah,Northern,Indian,Healthcare,OWNED,05411,"No 174, Jalan Ria 3",Taman Setia Alam,"Kulim, Kedah",05662,05411,Administrator,2,Certificate,Government of Malaysia,N,N,N,Y,46,0,21,3122.83,3988.23,47858.76,5
2026-09-02,35511941,Ong Zhi Hao,Ong,Zhi Hao,SINGLE,F,MALAYSIAN,Sarawak,East Malaysia,Chinese,Telecommunications,MORTGAGE,94574,"No 128, Jalan Suria 19",Taman Sri Melati,"Miri, Sarawak",93175,94574,Lecturer,2,SPM,Nestle (M) Berhad,N,N,Y,Y,51,12,7,4534.03,5619.95,67439.4,1
2026-09-02,44188276,Aiman Aiman,Aiman,Aiman,MARRIED,M,MALAYSIAN,Labuan,East Malaysia,Malay,Oil & Gas,OWNED,87527,"No 113, Jalan Cempaka 3",Taman Bukit Indah,"Labuan, Labuan",87986,87527,Doctor,3,Master Degree,Sime Darby Berhad,N,N,N,N,63,9,0,20458.31,23884.59,286615.08,5
2026-09-02,15957459,Yogeswari Sinnasamy,Yogeswari,Sinnasamy,SINGLE,F,MALAYSIAN,Terengganu,East Coast,Indian,Government,OWNED,20012,"No 207, Jalan Nuri 4",Taman Kota Damansara,"Kemaman, Terengganu",23254,20012,Contractor,1,Diploma,Self Employed,Y,N,N,N,23,3,1,23064.95,28466.42,341597.04,5
2026-09-02,68526649,Ravi Subramaniam,Ravi,Subramaniam,MARRIED,M,MALAYSIAN,Johor,Southern,Indian,Construction,OWNED,81050,"No 161, Jalan Utama 14",Taman Taman Sri Muda,"Kluang, Johor",86168,81050,Teacher,3,Bachelor Degree,Grab Malaysia,N,N,N,Y,61,6,8,4803.45,6325.07,75900.84,2
2026-09-02,10226999,Wan Norhaslinda Zulkifli,Wan Norhaslinda,Zulkifli,SINGLE,F,MALAYSIAN,Sabah,East Malaysia,Malay,Transportation,OWNED,90651,"No 158, Jalan Cempaka 5",Taman Sentosa,"Tawau, Sabah",91786,90651,Driver,1,SPM,DiGi Telecommunications,N,Y,N,Y,52,17,29,8025.02,9837.68,118052.16,1
2026-09-02,79782527,Prakash Muniandy,Prakash,Muniandy,SINGLE,M,MALAYSIAN,Johor,Southern,Indian,Plantation,RENTING,79797,"No 204, Jalan Ria 12",Taman Sri Melati,"Kluang, Johor",82683,79797,Security Guard,3,SPM,Malayan Banking Berhad,N,Y,N,Y,29,3,5,17379.98,21541.47,258497.64,1
2026-09-02,82269803,Sofea Khairul,Sofea,Khairul,DIVORCED,F,MALAYSIAN,Johor,Southern,Malay,Professional Services,MORTGAGE,79713,"No 252, Jalan Seroja 3",Taman Setia Alam,"Kluang, Johor",84373,79713,Supervisor,2,Bachelor Degree,Shopee Malaysia,N,Y,N,Y,43,9,25,7968.6,10059.86,120718.32,4
2026-09-02,36445607,Sim Chun Kit,Sim,Chun Kit,MARRIED,F,MALAYSIAN,Selangor,Central,Chinese,Real Estate,OWNED,47720,"No 244, Jalan Nuri 9",Taman Seri Kembangan,"Petaling Jaya, Selangor",47543,47720,Doctor,3,Bachelor Degree,AEON Co (M) Bhd,N,Y,Y,Y,38,19,6,17146.59,21678.79,260145.48,1
2026-09-02,58884978,Lee Kah Wai,Lee,Kah Wai,SINGLE,M,MALAYSIAN,Pulau Pinang,Northern,Chinese,Wholesale,RENTING,12981,"No 208, Jalan Anggerik 2",Taman Seri Kembangan,"Bukit Mertajam, Pulau Pinang",10561,12981,Retail Assistant,2,Master Degree,Shopee Malaysia,N,Y,N,N,23,1,2,18592.66,24923.96,299087.52,5
2026-09-02,67887757,Lakshmi Subramaniam,Lakshmi,Subramaniam,MARRIED,F,MALAYSIAN,Selangor,Central,Indian,Oil & Gas,RENTING,66143,"No 198, Jalan Kenanga 5",Taman Kota Damansara,"Shah Alam, Selangor",47719,66143,Manager,1,SPM,Sime Darby Berhad,N,N,Y,N,30,10,3,22170.86,27638.05,331656.6,4
2026-09-02,19391725,Suresh Perumal,Suresh,Perumal,SINGLE,M,MALAYSIAN,Johor,Southern,Indian,Government,RENTING,83527,"No 321, Jalan Permai 3",Taman Bandar Baru,"Kluang, Johor",86391,83527,Self-Employed,5,Bachelor Degree,Self Employed,Y,N,N,N,39,14,10,2334.69,3114.14,37369.68,5
2026-09-02,99152472,Cheah Chun Kit,Cheah,Chun Kit,SINGLE,F,MALAYSIAN,Sarawak,East Malaysia,Chinese,Plantation,RENTING,98259,"No 112, Jalan Utama 17",Taman Sri Rampai,"Miri, Sarawak",94342,98259,Police Officer,5,SPM,IOI Corporation,N,N,Y,N,65,7,7,12747.26,16242.64,194911.68,5
2026-09-02,54318698,Ismail Abdul Rahman,Ismail,Abdul Rahman,MARRIED,M,MALAYSIAN,Selangor,Central,Malay,Agriculture,OWNED,66489,"No 154, Jalan Perdana 1",Taman Taman Universiti,"Subang Jaya, Selangor",45506,66489,Self-Employed,5,SPM,Self Employed,Y,N,N,Y,36,15,14,20001.25,23693.68,284324.16,5
2026-09-02,93638503,Cheah Yee Ling,Cheah,Yee Ling,MARRIED,M,MALAYSIAN,Kedah,Northern,Chinese,Real Estate,OWNED,05063,"No 142, Jalan Mawar 1",Taman Bukit Beruntung,"Sungai Petani, Kedah",07696,05063,Sales Executive,1,SPM,DiGi Telecommunications,N,N,N,Y,46,8,8,4450.17,5522.59,66271.08,4
2026-09-02,52133044,Goh Sze Ying,Goh,Sze Ying,WIDOWED,M,MALAYSIAN,Selangor,Central,Chinese,Food & Beverage,OWNED,64148,"No 205, Jalan Merdeka 19",Taman Bandar Baru,"Shah Alam, Selangor",42453,64148,Driver,1,Primary,Gamuda Berhad,N,Y,N,N,61,10,0,6196.2,8354.76,100257.12,1
2026-09-02,99038359,Razak Ismail,Razak,Ismail,MARRIED,M,MALAYSIAN,Kelantan,East Coast,Malay,Oil & Gas,RENTING,16601,"No 172, Jalan Ria 20",Taman Seri Kembangan,"Kota Bharu, Kelantan",18159,16601,Engineer,1,SPM,Intel Malaysia,N,Y,N,Y,43,1,1,2248.83,3018.98,36227.76,5
2026-09-02,26726926,Ganesan Muniandy,Ganesan,Muniandy,MARRIED,M,MALAYSIAN,Sarawak,East Malaysia,Indian,Retail Trade,OWNED,94627,"No 144, Jalan Bahagia 15",Taman Sri Melati,"Sibu, Sarawak",96327,94627,Businessman,5,Bachelor Degree,Self Employed,Y,N,N,N,52,26,32,7622.48,10258.13,123097.56,1
2026-09-02,50308572,Zaleha Rosli,Zaleha,Rosli,SINGLE,F,MALAYSIAN,Selangor,Central,Malay,Education,FAMILY OWNED,66698,"No 107, Jalan Murni 18",Taman Seri Kembangan,"Subang Jaya, Selangor",42266,66698,Retail Assistant,2,Diploma,DiGi Telecommunications,N,Y,Y,N,25,2,2,4976.21,6604.67,79256.04,3
2026-09-02,78064830,Toh Yee Ling,Toh,Yee Ling,MARRIED,M,MALAYSIAN,Pulau Pinang,Northern,Chinese,Agriculture,FAMILY OWNED,13464,"No 232, Jalan Utama 12",Taman Sri Melati,"Bayan Lepas, Pulau Pinang",14899,13464,Civil Servant,5,Diploma,Genting Malaysia,N,N,N,Y,39,1,5,16054.54,19043.67,228524.04,2
2026-09-02,51511484,Koh Wei Ming,Koh,Wei Ming,SINGLE,M,MALAYSIAN,Melaka,Southern,Chinese,Financial Services,RENTING,77456,"No 41, Jalan Murni 9",Taman Sentosa,"Jasin, Melaka",77575,77456,Engineer,1,Bachelor Degree,Nestle (M) Berhad,N,N,Y,N,32,8,4,9813.31,12579.11,150949.32,3
2026-09-02,99508850,Chong Guan Eng,Chong,Guan Eng,MARRIED,M,MALAYSIAN,Kuala Lumpur,Central,Chinese,Agriculture,OWNED,53469,"No 124, Jalan Ria 4",Taman Bukit Beruntung,"Setapak, Kuala Lumpur",54884,53469,Teacher,2,STPM,Dell Malaysia,N,N,Y,Y,55,4,33,3088.13,3912.54,46950.48,5
2026-09-02,64813568,Nadia Abdul Rahman,Nadia,Abdul Rahman,MARRIED,F,MALAYSIAN,Negeri Sembilan,Southern,Malay,Food & Beverage,OWNED,73852,"No 330, Jalan Anggerik 1",Taman Seri Kembangan,"Nilai, Negeri Sembilan",72825,73852,Administrator,3,Diploma,Astro Malaysia,N,N,Y,Y,65,16,1,20125.85,23817.31,285807.72,2
2026-09-02,53779528,Lee Cheng Han,Lee,Cheng Han,MARRIED,F,MALAYSIAN,Sarawak,East Malaysia,Chinese,Government,RENTING,95467,"No 37, Jalan Wawasan 7",Taman Sri Gombak,"Kuching, Sarawak",93961,95467,IT Executive,5,STPM,Government of Malaysia,N,N,N,N,28,10,7,24648.63,28594.95,343139.4,3
2026-09-02,64009265,Faizal Hakim,Faizal,Hakim,DIVORCED,M,MALAYSIAN,Perak,Northern,Malay,Manufacturing,MORTGAGE,36627,"No 113, Jalan Bahagia 17",Taman Setia Alam,"Teluk Intan, Perak",32352,36627,Sales Executive,1,SPM,Astro Malaysia,N,N,N,N,30,11,0,16654.31,21254.23,255050.76,4
2026-09-02,49682169,Aishah Muhammad,Aishah,Muhammad,SINGLE,F,MALAYSIAN,Selangor,Central,Malay,Telecommunications,OWNED,45570,"No 339, Jalan Wawasan 20",Taman Bandar Sunway,"Klang, Selangor",40910,45570,Contractor,2,SPM,Self Employed,Y,N,Y,Y,22,3,1,9158.73,11133.25,133599.0,2
2026-09-02,84411983,Halim Amir,Halim,Amir,MARRIED,M,MALAYSIAN,Negeri Sembilan,Southern,Malay,Transportation,OWNED,72029,"No 339, Jalan Anggerik 4",Taman Sentosa,"Bahau, Negeri Sembilan",70273,72029,Contractor,5,STPM,Self Employed,Y,N,Y,N,52,30,20,3335.22,4097.66,49171.92,4
2026-09-02,27084279,Faizal Firdaus,Faizal,Firdaus,MARRIED,M,MALAYSIAN,Selangor,Central,Malay,Retail Trade,RENTING,48316,"No 315, Jalan Harmoni 11",Taman Sri Rampai,"Subang Jaya, Selangor",45414,48316,IT Executive,3,Bachelor Degree,Top Glove Corporation,N,N,N,Y,57,12,27,17441.82,22428.31,269139.72,4
2026-09-02,35748341,Liyana Firdaus,Liyana,Firdaus,SINGLE,F,MALAYSIAN,Selangor,Central,Malay,Transportation,OWNED,67124,"No 274, Jalan Wawasan 1",Taman Taman Sri Muda,"Klang, Selangor",67239,67124,Engineer,1,Bachelor Degree,Public Bank Berhad,N,Y,N,N,52,5,22,24080.35,28358.19,340298.28,4
2026-09-02,66431351,Zulkifli Danial,Zulkifli,Danial,MARRIED,M,MALAYSIAN,Kuala Lumpur,Central,Malay,Financial Services,FAMILY OWNED,57315,"No 219, Jalan Delima 8",Taman Bukit Beruntung,"Setapak, Kuala Lumpur",56521,57315,Security Guard,3,Diploma,Self Employed,N,N,N,Y,64,16,2,19014.35,23701.72,284420.64,3
2026-09-02,99245317,Sim Zhi Hao,Sim,Zhi Hao,SINGLE,F,MALAYSIAN,Selangor,Central,Chinese,Plantation,FAMILY OWNED,41510,"No 149, Jalan Merdeka 10",Taman Sentosa,"Klang, Selangor",46614,41510,Self-Employed,5,SPM,Self Employed,Y,N,Y,Y,45,2,25,8884.59,10229.25,122751.0,3
2026-09-02,60888017,Iskandar Rosli,Iskandar,Rosli,DIVORCED,M,MALAYSIAN,Johor,Southern,Malay,Hospitality,OWNED,80802,"No 244, Jalan Mawar 15",Taman Desa Jaya,"Muar, Johor",79792,80802,Retail Assistant,5,Bachelor Degree,Proton Holdings,N,N,Y,Y,31,3,1,1962.21,2290.28,27483.36,3
2026-09-02,33357554,Khairul Mohd Faizal,Khairul,Mohd Faizal,SINGLE,M,MALAYSIAN,Melaka,Southern,Malay,Hospitality,FAMILY OWNED,77931,"No 102, Jalan Cempaka 5",Taman Taman Sri Muda,"Alor Gajah, Melaka",77484,77931,Doctor,2,Diploma,Gamuda Berhad,N,Y,N,Y,56,19,4,24481.01,28827.86,345934.32,2
2026-09-02,92613013,Aminah Zaki,Aminah,Zaki,MARRIED,F,MALAYSIAN,Pulau Pinang,Northern,Malay,Transportation,FAMILY OWNED,12863,"No 178, Jalan Mawar 14",Taman Damansara Utama,"George Town, Pulau Pinang",13375,12863,Chef,2,SPM,Sime Darby Berhad,N,N,Y,Y,58,12,13,12847.46,16762.64,201151.68,1
2026-09-02,86384014,Syafiq Abdul Rahman,Syafiq,Abdul Rahman,MARRIED,M,MALAYSIAN,Negeri Sembilan,Southern,Malay,Oil & Gas,OWNED,70522,"No 231, Jalan Teratai 19",Taman Taman Universiti,"Nilai, Negeri Sembilan",73051,70522,Contractor,1,STPM,Self Employed,Y,N,Y,Y,63,33,17,4591.62,6098.06,73176.72,5
2026-09-02,50392808,Suresh Muniandy,Suresh,Muniandy,SINGLE,M,MALAYSIAN,Perak,Northern,Indian,Government,OWNED,33943,"No 269, Jalan Anggerik 6",Taman Sri Gombak,"Teluk Intan, Perak",34799,33943,Engineer,5,Diploma,Gamuda Berhad,N,Y,Y,Y,55,2,27,5307.9,6957.24,83486.88,4
2026-09-02,64502486,Ridwan Abdul Rahman,Ridwan,Abdul Rahman,MARRIED,M,MALAYSIAN,Kuala Lumpur,Central,Malay,Financial Services,OWNED,57918,"No 29, Jalan Mawar 13",Taman Taman Melawati,"Setapak, Kuala Lumpur",52224,57918,Technician,2,Bachelor Degree,Top Glove Corporation,N,N,Y,N,49,16,14,19745.92,24347.52,292170.24,4
2026-09-02,83542887,Nazri Syafiq,Nazri,Syafiq,SINGLE,M,MALAYSIAN,Kelantan,East Coast,Malay,Retail Trade,RENTING,17763,"No 297, Jalan Teratai 9",Taman Bandar Sunway,"Pasir Mas, Kelantan",18126,17763,Sales Executive,3,SPM,Shopee Malaysia,N,N,N,N,51,21,33,13451.39,16895.79,202749.48,3
2026-09-02,10054484,Sim Kok Leong,Sim,Kok Leong,WIDOWED,F,MALAYSIAN,Kuala Lumpur,Central,Chinese,Oil & Gas,FAMILY OWNED,50353,"No 243, Jalan Harmoni 16",Taman Bukit Indah,"Bangsar, Kuala Lumpur",51456,50353,IT Executive,2,STPM,Government of Malaysia,N,N,Y,N,58,8,3,14297.07,18508.41,222100.92,2
2026-09-02,50785405,Nadia Fauzi,Nadia,Fauzi,SINGLE,F,MALAYSIAN,Sabah,East Malaysia,Malay,Education,FAMILY OWNED,90089,"No 87, Jalan Wawasan 3",Taman Kota Damansara,"Sandakan, Sabah",89775,90089,Sales Executive,2,Bachelor Degree,AirAsia Berhad,N,Y,N,Y,49,11,1,12344.58,14972.72,179672.64,3
2026-09-02,48508907,Noraini Halim,Noraini,Halim,SINGLE,F,MALAYSIAN,Terengganu,East Coast,Malay,Manufacturing,MORTGAGE,22608,"No 186, Jalan Merdeka 1",Taman Setia Alam,"Kuala Terengganu, Terengganu",23058,22608,Administrator,5,Diploma,Malayan Banking Berhad,N,N,N,N,52,30,20,17476.2,20859.85,250318.2,3
2026-09-02,38210242,Aiman Fauzi,Aiman,Fauzi,SINGLE,M,MALAYSIAN,Negeri Sembilan,Southern,Others,Telecommunications,OWNED,73162,"No 162, Jalan Utama 16",Taman Sri Melati,"Port Dickson, Negeri Sembilan",73342,73162,Factory Worker,2,SPM,Dell Malaysia,N,N,N,Y,59,30,34,10098.94,12324.08,147888.96,5
2026-09-02,67698610,Aiman Ismail,Aiman,Ismail,MARRIED,M,MALAYSIAN,Selangor,Central,Malay,Oil & Gas,FAMILY OWNED,63016,"No 317, Jalan Bahagia 7",Taman Taman Sri Muda,"Subang Jaya, Selangor",67224,63016,Teacher,2,Diploma,DiGi Telecommunications,N,N,N,Y,46,17,28,18746.3,24648.69,295784.28,3
2026-09-02,87844239,Mohd Faizal Hakim,Mohd Faizal,Hakim,WIDOWED,M,MALAYSIAN,Kuala Lumpur,Central,Malay,Oil & Gas,RENTING,54352,"No 322, Jalan Suria 18",Taman Bandar Baru,"Kuala Lumpur, Kuala Lumpur",55313,54352,Supervisor,1,Bachelor Degree,MISC Berhad,N,N,Y,N,49,7,17,12850.23,15909.42,190913.04,5
2026-09-02,91424737,Nabil Faizal,Nabil,Faizal,WIDOWED,M,MALAYSIAN,Johor,Southern,Malay,Transportation,OWNED,80611,"No 318, Jalan Permai 16",Taman Bandar Sunway,"Muar, Johor",86193,80611,Security Guard,5,STPM,Petronas,N,Y,N,Y,37,3,17,8725.8,10919.19,131030.28,1
2026-09-02,97873101,Saraswathy Subramaniam,Saraswathy,Subramaniam,SINGLE,F,MALAYSIAN,Melaka,Southern,Indian,Education,FAMILY OWNED,77402,"No 153, Jalan Permai 10",Taman Setia Alam,"Jasin, Melaka",76851,77402,Driver,5,SPM,IOI Corporation,N,N,N,Y,30,10,12,15688.0,18088.22,217058.64,1
2026-09-02,53251559,Zaharah Kamarul,Zaharah,Kamarul,SINGLE,F,MALAYSIAN,Pulau Pinang,Northern,Malay,Oil & Gas,OWNED,13870,"No 80, Jalan Damai 1",Taman Puchong Perdana,"George Town, Pulau Pinang",12413,13870,Manager,5,Diploma,Nestle (M) Berhad,N,N,N,Y,29,9,9,5265.48,6363.35,76360.2,5
2026-09-02,72409658,Rosli Aiman,Rosli,Aiman,MARRIED,M,MALAYSIAN,Pahang,East Coast,Malay,Hospitality,RENTING,27085,"No 3, Jalan Bahagia 4",Taman Taman Melawati,"Raub, Pahang",27069,27085,Driver,5,SPM,Proton Holdings,N,N,Y,N,50,13,4,22005.91,28058.0,336696.0,4
2026-09-02,69295515,Sim Li Wei,Sim,Li Wei,WIDOWED,F,MALAYSIAN,Perak,Northern,Chinese,Real Estate,OWNED,35157,"No 321, Jalan Wawasan 6",Taman Damansara Utama,"Ipoh, Perak",36321,35157,Security Guard,2,SPM,Government of Malaysia,N,N,Y,N,39,7,12,5105.68,6684.78,80217.36,5
2026-09-02,69345683,Anand Palanisamy,Anand,Palanisamy,SINGLE,M,MALAYSIAN,Negeri Sembilan,Southern,Indian,Real Estate,FAMILY OWNED,73950,"No 332, Jalan Ria 4",Taman Bandar Baru,"Bahau, Negeri Sembilan",71236,73950,Sales Executive,2,STPM,Genting Malaysia,N,N,Y,N,61,18,40,1722.58,2238.54,26862.48,2
2026-09-02,38682516,Rozita Abdul Rahman,Rozita,Abdul Rahman,MARRIED,F,MALAYSIAN,Terengganu,East Coast,Malay,Manufacturing,RENTING,20303,"No 189, Jalan Damai 1",Taman Bukit Beruntung,"Kuala Terengganu, Terengganu",20931,20303,Factory Worker,5,SPM,Sime Darby Berhad,N,Y,N,N,34,11,15,13694.06,16528.02,198336.24,2
2026-09-02,78608612,Nurul Ain Ahmad,Nurul Ain,Ahmad,MARRIED,F,MALAYSIAN,Johor,Southern,Malay,Wholesale,RENTING,81039,"No 152, Jalan Setia 17",Taman Sri Melati,"Muar, Johor",85911,81039,Sales Executive,5,Diploma,IOI Corporation,N,N,N,Y,30,6,5,8037.96,10745.17,128942.04,2
2026-09-02,73509974,Balqis Zaki,Balqis,Zaki,SINGLE,F,MALAYSIAN,Terengganu,East Coast,Malay,Professional Services,OWNED,24678,"No 54, Jalan Kenanga 2",Taman Bukit Beruntung,"Dungun, Terengganu",24051,24678,IT Executive,5,SPM,Government of Malaysia,N,N,Y,Y,53,7,14,24939.77,31738.17,380858.04,4
2026-09-02,32775593,Syafiqah Faizal,Syafiqah,Faizal,MARRIED,F,MALAYSIAN,Selangor,Central,Malay,Financial Services,MORTGAGE,64173,"No 32, Jalan Permai 2",Taman Bukit Beruntung,"Petaling Jaya, Selangor",44802,64173,Doctor,3,Master Degree,Grab Malaysia,N,Y,N,N,49,2,16,3444.15,4039.65,48475.8,4
2026-09-02,98429450,Chin Mei Ling,Chin,Mei Ling,DIVORCED,F,MALAYSIAN,Johor,Southern,Chinese,Transportation,MORTGAGE,85946,"No 164, Jalan Kenanga 6",Taman Setia Alam,"Johor Bahru, Johor",82661,85946,Doctor,2,Diploma,Genting Malaysia,N,N,Y,N,50,28,5,19404.04,24281.54,291378.48,3
2026-09-02,21381064,Ong Wei Ming,Ong,Wei Ming,SINGLE,M,MALAYSIAN,Selangor,Central,Chinese,Wholesale,RENTING,46100,"No 163, Jalan Ria 16",Taman Bukit Beruntung,"Subang Jaya, Selangor",63524,46100,Sales Executive,2,SPM,Tenaga Nasional Berhad,N,N,Y,Y,65,3,8,16694.48,21608.07,259296.84,1
2026-09-02,48089166,Saravanan Palanisamy,Saravanan,Palanisamy,MARRIED,M,MALAYSIAN,Kelantan,East Coast,Indian,Real Estate,EMPLOYER PROVIDED,15807,"No 263, Jalan Permai 11",Taman Sri Gombak,"Pasir Mas, Kelantan",16297,15807,Police Officer,2,SPM,Astro Malaysia,N,Y,Y,Y,44,8,0,18980.4,25343.12,304117.44,3
2026-09-02,79182797,Koh Chee Keong,Koh,Chee Keong,SINGLE,F,MALAYSIAN,Kuala Lumpur,Central,Chinese,Education,OWNED,54183,"No 110, Jalan Ria 7",Taman Sentosa,"Setapak, Kuala Lumpur",56514,54183,Army Personnel,3,Certificate,Nestle (M) Berhad,N,N,Y,N,47,10,13,10813.24,12952.87,155434.44,2
2026-09-02,99100953,Ravi Perumal,Ravi,Perumal,MARRIED,M,MALAYSIAN,Sarawak,East Malaysia,Indian,Professional Services,OWNED,94634,"No 331, Jalan Mawar 4",Taman Sri Gombak,"Miri, Sarawak",96179,94634,Lecturer,2,SPM,Petronas,N,N,N,N,25,7,4,9670.11,11957.5,143490.0,3
2026-09-02,94951883,Rozita Ahmad,Rozita,Ahmad,MARRIED,F,MALAYSIAN,Johor,Southern,Malay,Financial Services,FAMILY OWNED,84906,"No 87, Jalan Setia 4",Taman Bukit Indah,"Segamat, Johor",79412,84906,Police Officer,3,Diploma,MISC Berhad,N,Y,N,N,29,1,9,12844.52,15664.3,187971.6,1
2026-09-02,93115778,Kumaran Karuppiah,Kumaran,Karuppiah,SINGLE,M,MALAYSIAN,Kedah,Northern,Indian,Agriculture,RENTING,08166,"No 8, Jalan Melati 13",Taman Bukit Beruntung,"Langkawi, Kedah",07125,08166,Nurse,1,SPM,IOI Corporation,N,N,N,N,47,2,26,21986.26,28595.26,343143.12,5
2026-09-02,54988206,Faizal Danial,Faizal,Danial,DIVORCED,M,MALAYSIAN,Selangor,Central,Malay,Financial Services,OWNED,41561,"No 169, Jalan Murni 2",Taman Taman Melawati,"Klang, Selangor",47338,41561,Teacher,1,Diploma,Public Bank Berhad,N,N,Y,Y,23,3,4,14373.35,18420.71,221048.52,2
2026-09-02,22534217,Lakshmi Subramaniam,Lakshmi,Subramaniam,SINGLE,F,MALAYSIAN,Kelantan,East Coast,Indian,Government,MORTGAGE,15391,"No 104, Jalan Damai 2",Taman Puchong Perdana,"Gua Musang, Kelantan",17559,15391,Engineer,3,Bachelor Degree,Self Employed,N,N,Y,Y,35,14,3,18384.35,22364.12,268369.44,3
2026-09-02,41523529,Gan Mun Yee,Gan,Mun Yee,SINGLE,F,MALAYSIAN,Johor,Southern,Chinese,Financial Services,RENTING,86183,"No 299, Jalan Melati 11",Taman Bandar Sunway,"Johor Bahru, Johor",84308,86183,IT Executive,3,Diploma,Shopee Malaysia,N,N,N,Y,38,8,19,3795.02,4483.59,53803.08,5
2026-09-02,51663795,Lau Siew Ling,Lau,Siew Ling,SINGLE,F,MALAYSIAN,Sarawak,East Malaysia,Chinese,Telecommunications,MORTGAGE,95349,"No 281, Jalan Perdana 15",Taman Bukit Indah,"Bintulu, Sarawak",95658,95349,Manager,1,STPM,AirAsia Berhad,N,N,N,N,59,32,38,1630.57,2177.64,26131.68,5
2026-09-02,40150759,Chua Hui Min,Chua,Hui Min,SINGLE,M,MALAYSIAN,Pahang,East Coast,Chinese,Real Estate,OWNED,25722,"No 211, Jalan Perdana 8",Taman Taman Sri Muda,"Raub, Pahang",28538,25722,Nurse,1,Bachelor Degree,Tenaga Nasional Berhad,N,Y,N,N,49,30,29,17869.22,22414.73,268976.76,3
2026-09-02,36726767,Noraini Azman,Noraini,Azman,SINGLE,F,MALAYSIAN,Selangor,Central,Others,Construction,OWNED,48363,"No 226, Jalan Ria 8",Taman Sentosa,"Shah Alam, Selangor",41722,48363,Technician,2,Bachelor Degree,Dell Malaysia,N,N,N,N,21,1,3,10752.82,14297.34,171568.08,5
2026-09-02,29777514,Lim Zhi Hao,Lim,Zhi Hao,SINGLE,M,MALAYSIAN,Selangor,Central,Chinese,Retail Trade,FAMILY OWNED,46591,"No 345, Jalan Seroja 10",Taman Taman Universiti,"Shah Alam, Selangor",67980,46591,Technician,3,STPM,Astro Malaysia,N,N,Y,Y,30,4,0,13262.96,16909.95,202919.4,1
2026-09-02,13278320,Lee Yan Ping,Lee,Yan Ping,MARRIED,M,MALAYSIAN,Johor,Southern,Chinese,Food & Beverage,OWNED,85233,"No 186, Jalan Wawasan 11",Taman Sentosa,"Johor Bahru, Johor",84221,85233,Nurse,2,SPM,Dell Malaysia,N,N,N,Y,33,11,0,21759.86,27021.81,324261.72,1
2026-09-02,16202700,Sumathi Muniandy,Sumathi,Muniandy,SINGLE,F,MALAYSIAN,Kuala Lumpur,Central,Indian,Hospitality,OWNED,52554,"No 138, Jalan Utama 15",Taman Puchong Perdana,"Bangsar, Kuala Lumpur",51542,52554,Police Officer,5,SPM,IOI Corporation,N,Y,N,N,43,13,5,3677.46,4508.9,54106.8,1
2026-09-02,42862209,Lau Chee Keong,Lau,Chee Keong,MARRIED,F,MALAYSIAN,Melaka,Southern,Chinese,Construction,OWNED,76493,"No 250, Jalan Setia 7",Taman Bukit Indah,"Alor Gajah, Melaka",78110,76493,Administrator,1,SPM,Shopee Malaysia,N,Y,Y,N,34,2,9,16970.77,22317.64,267811.68,3
2026-09-02,73771720,Hasnah Shahrul,Hasnah,Shahrul,MARRIED,F,MALAYSIAN,Melaka,Southern,Malay,Government,OWNED,77947,"No 137, Jalan Damai 20",Taman Taman Sri Muda,"Ayer Keroh, Melaka",76655,77947,Administrator,5,SPM,Proton Holdings,N,N,N,N,53,31,21,13287.14,17635.23,211622.76,4
2026-09-02,92043803,Yap Hui Min,Yap,Hui Min,SINGLE,M,MALAYSIAN,Kedah,Northern,Chinese,Education,RENTING,05962,"No 33, Jalan Seroja 15",Taman Sri Rampai,"Langkawi, Kedah",09881,05962,Police Officer,1,Diploma,Proton Holdings,N,Y,N,N,24,2,3,18783.96,21665.87,259990.44,3
2026-09-02,19774839,Wan Norhaslinda Hafiz,Wan Norhaslinda,Hafiz,SINGLE,F,MALAYSIAN,Selangor,Central,Malay,Professional Services,OWNED,45246,"No 146, Jalan Suria 14",Taman Sri Melati,"Kajang, Selangor",46400,45246,Contractor,1,SPM,Self Employed,Y,Y,N,N,26,2,0,13331.85,15518.39,186220.68,4
2026-09-02,71124923,Wan Norhaslinda Mohd Faizal,Wan Norhaslinda,Mohd Faizal,DIVORCED,F,MALAYSIAN,Pahang,East Coast,Malay,Financial Services,OWNED,25335,"No 59, Jalan Indah 11",Taman Puchong Perdana,"Bentong, Pahang",25161,25335,Doctor,5,SPM,Tenaga Nasional Berhad,N,Y,N,Y,30,5,12,2480.26,3136.37,37636.44,2
2026-09-02,65625330,Loh Zhi Hao,Loh,Zhi Hao,SINGLE,M,MALAYSIAN,Sabah,East Malaysia,Chinese,Agriculture,OWNED,90274,"No 311, Jalan Murni 4",Taman Taman Melawati,"Tawau, Sabah",88922,90274,Supervisor,1,Diploma,Government of Malaysia,N,N,Y,Y,32,14,9,14162.69,17302.83,207633.96,3
2026-09-02,94525678,Wong Sze Ying,Wong,Sze Ying,WIDOWED,F,MALAYSIAN,Pulau Pinang,Northern,Chinese,Real Estate,OWNED,13256,"No 175, Jalan Mawar 9",Taman Kota Damansara,"Bayan Lepas, Pulau Pinang",12813,13256,Clerk,5,SPM,Sime Darby Berhad,N,N,Y,N,32,0,13,22243.86,27490.22,329882.64,3
2026-09-02,87265240,Geetha Muniandy,Geetha,Muniandy,MARRIED,F,MALAYSIAN,Selangor,Central,Indian,Education,OWNED,41883,"No 329, Jalan Perdana 6",Taman Sri Gombak,"Petaling Jaya, Selangor",68519,41883,Security Guard,2,Diploma,AEON Co (M) Bhd,N,N,N,Y,51,27,30,3394.69,4107.22,49286.64,1
2026-09-02,36096655,Kumaran Krishnan,Kumaran,Krishnan,SINGLE,M,MALAYSIAN,Pulau Pinang,Northern,Indian,Oil & Gas,RENTING,11820,"No 180, Jalan Cempaka 20",Taman Seri Kembangan,"Bayan Lepas, Pulau Pinang",14181,11820,Doctor,3,SPM,Self Employed,N,Y,N,N,56,9,15,19717.48,24095.22,289142.64,2
2026-09-02,61536717,Chan Jun Jie,Chan,Jun Jie,MARRIED,F,MALAYSIAN,Kuala Lumpur,Central,Chinese,Agriculture,MORTGAGE,59440,"No 131, Jalan Teratai 7",Taman Bukit Beruntung,"Bangsar, Kuala Lumpur",54940,59440,Police Officer,3,STPM,Public Bank Berhad,N,Y,Y,N,62,29,1,16481.72,20630.04,247560.48,2
2026-09-02,76354180,Maziah Muhammad,Maziah,Muhammad,MARRIED,F,MALAYSIAN,Pahang,East Coast,Malay,Telecommunications,RENTING,27458,"No 47, Jalan Ria 11",Taman Taman Universiti,"Raub, Pahang",25547,27458,Technician,2,Bachelor Degree,Government of Malaysia,N,Y,N,Y,53,7,26,22443.0,26626.91,319522.92,2
2026-09-02,63640499,Iskandar Iskandar,Iskandar,Iskandar,MARRIED,M,MALAYSIAN,Selangor,Central,Malay,Construction,FAMILY OWNED,67752,"No 288, Jalan Mawar 11",Taman Bandar Baru,"Kajang, Selangor",67905,67752,Factory Worker,3,Diploma,AirAsia Berhad,N,N,N,Y,38,11,8,20451.65,24955.43,299465.16,2
2026-09-02,42747037,Alia Syafiq,Alia,Syafiq,MARRIED,F,MALAYSIAN,Perak,Northern,Malay,Wholesale,FAMILY OWNED,32840,"No 308, Jalan Seroja 3",Taman Sri Rampai,"Taiping, Perak",36246,32840,Teacher,3,SPM,IOI Corporation,N,N,N,N,27,2,2,2178.67,2588.02,31056.24,3
2026-09-02,29806690,Wan Norhaslinda Amir,Wan Norhaslinda,Amir,DIVORCED,F,MALAYSIAN,Negeri Sembilan,Southern,Malay,Hospitality,RENTING,72501,"No 117, Jalan Harmoni 8",Taman Taman Melawati,"Seremban, Negeri Sembilan",72255,72501,Lecturer,5,Diploma,Astro Malaysia,N,Y,N,N,45,6,2,11638.03,14049.93,168599.16,3
2026-09-02,98054615,Balqis Kamarul,Balqis,Kamarul,SINGLE,F,MALAYSIAN,Selangor,Central,Malay,Manufacturing,FAMILY OWNED,66037,"No 264, Jalan Suria 3",Taman Seri Kembangan,"Petaling Jaya, Selangor",47833,66037,Teacher,3,SPM,Petronas,N,N,Y,N,42,6,7,4251.78,5248.53,62982.36,5
2026-09-02,10744212,Suraya Hakim,Suraya,Hakim,SINGLE,F,MALAYSIAN,Selangor,Central,Malay,Food & Beverage,OWNED,68503,"No 80, Jalan Ria 13",Taman Setia Alam,"Subang Jaya, Selangor",40895,68503,Accountant,5,SPM,Government of Malaysia,N,N,N,Y,24,3,4,11967.77,15479.14,185749.68,1
2026-09-02,24305904,Ahmad Aiman,Ahmad,Aiman,MARRIED,M,MALAYSIAN,Selangor,Central,Malay,Financial Services,OWNED,67811,"No 219, Jalan Mawar 12",Taman Puchong Perdana,"Klang, Selangor",67195,67811,Engineer,5,SPM,Tenaga Nasional Berhad,N,N,N,Y,54,17,7,24627.99,30300.82,363609.84,5
2026-09-02,67062156,Zaleha Ismail,Zaleha,Ismail,SINGLE,F,MALAYSIAN,Johor,Southern,Malay,Manufacturing,OWNED,85928,"No 285, Jalan Indah 13",Taman Bandar Baru,"Batu Pahat, Johor",81648,85928,Businessman,3,SPM,Self Employed,Y,N,Y,Y,31,12,6,23296.45,27481.31,329775.72,3
2026-09-02,39372360,Hasnah Nabil,Hasnah,Nabil,SINGLE,F,MALAYSIAN,Pulau Pinang,Northern,Malay,Food & Beverage,EMPLOYER PROVIDED,12065,"No 52, Jalan Wawasan 8",Taman Sentosa,"Butterworth, Pulau Pinang",13178,12065,Contractor,5,STPM,Self Employed,Y,N,N,Y,24,1,0,23946.83,30765.12,369181.44,1
2026-09-02,33607110,Ong Chee Keong,Ong,Chee Keong,MARRIED,M,MALAYSIAN,Kuala Lumpur,Central,Chinese,Agriculture,FAMILY OWNED,51371,"No 147, Jalan Mawar 4",Taman Desa Jaya,"Kuala Lumpur, Kuala Lumpur",53550,51371,Self-Employed,3,STPM,Self Employed,Y,N,N,Y,40,18,1,11190.32,14615.64,175387.68,4
2026-09-02,79519112,Goh Zhi Hao,Goh,Zhi Hao,MARRIED,F,MALAYSIAN,Johor,Southern,Chinese,Telecommunications,OWNED,84155,"No 68, Jalan Murni 5",Taman Taman Melawati,"Batu Pahat, Johor",86076,84155,Technician,1,Certificate,Genting Malaysia,N,N,Y,Y,30,7,3,6078.62,7719.49,92633.88,2
2026-09-02,72350830,Ridwan Faizal,Ridwan,Faizal,MARRIED,M,MALAYSIAN,Kuala Lumpur,Central,Malay,Food & Beverage,OWNED,50935,"No 248, Jalan Cempaka 2",Taman Taman Sri Muda,"Bangsar, Kuala Lumpur",55784,50935,Lecturer,1,Bachelor Degree,Nestle (M) Berhad,N,N,Y,Y,48,30,21,8486.85,10238.07,122856.84,5
2026-09-02,16740197,Lee Li Wei,Lee,Li Wei,SINGLE,M,MALAYSIAN,Selangor,Central,Chinese,Professional Services,OWNED,48311,"No 321, Jalan Perdana 16",Taman Bandar Baru,"Klang, Selangor",44118,48311,Lecturer,2,Certificate,Public Bank Berhad,N,N,N,Y,65,29,26,7642.48,9500.51,114006.12,3
2026-09-02,84813739,Punitha Ramasamy,Punitha,Ramasamy,MARRIED,F,MALAYSIAN,Selangor,Central,Indian,Professional Services,RENTING,64598,"No 93, Jalan Kenanga 16",Taman Setia Alam,"Shah Alam, Selangor",66121,64598,Administrator,1,Bachelor Degree,Top Glove Corporation,N,N,N,Y,55,29,37,12539.85,14442.65,173311.8,2
2026-09-02,43446826,Rozita Haikal,Rozita,Haikal,SINGLE,F,MALAYSIAN,Sabah,East Malaysia,Malay,Agriculture,MORTGAGE,91464,"No 86, Jalan Indah 20",Taman Bandar Sunway,"Kota Kinabalu, Sabah",91758,91464,Manager,3,SPM,Petronas,N,N,N,Y,30,2,5,3491.26,4222.18,50666.16,4
2026-09-02,26288475,Sumathi Ramasamy,Sumathi,Ramasamy,DIVORCED,F,MALAYSIAN,Selangor,Central,Indian,Oil & Gas,RENTING,64684,"No 36, Jalan Delima 17",Taman Taman Universiti,"Petaling Jaya, Selangor",48868,64684,Chef,1,Bachelor Degree,DiGi Telecommunications,N,N,N,N,35,12,12,22829.72,26719.98,320639.76,5
2026-09-02,71265269,Noraini Shahrul,Noraini,Shahrul,SINGLE,F,MALAYSIAN,Pulau Pinang,Northern,Malay,Financial Services,RENTING,14018,"No 114, Jalan Melati 15",Taman Damansara Utama,"Bayan Lepas, Pulau Pinang",11265,14018,Civil Servant,5,Diploma,Proton Holdings,N,N,N,N,46,2,27,7891.93,9323.77,111885.24,1
2026-09-02,27896471,Zaleha Rosli,Zaleha,Rosli,SINGLE,F,MALAYSIAN,Melaka,Southern,Malay,Food & Beverage,RENTING,77124,"No 104, Jalan Melati 6",Taman Sri Gombak,"Melaka, Melaka",78224,77124,Sales Executive,2,STPM,Tenaga Nasional Berhad,N,Y,Y,Y,23,1,0,8892.86,10597.44,127169.28,5
2026-09-02,72363359,Goh Yan Ping,Goh,Yan Ping,DIVORCED,M,MALAYSIAN,Sabah,East Malaysia,Chinese,Agriculture,OWNED,91265,"No 132, Jalan Melati 16",Taman Kota Damansara,"Kota Kinabalu, Sabah",90905,91265,Doctor,2,Diploma,Petronas,N,N,Y,N,35,11,9,13599.3,16951.64,203419.68,1
2026-09-02,99600766,Nabil Hakim,Nabil,Hakim,SINGLE,M,MALAYSIAN,Pahang,East Coast,Others,Financial Services,OWNED,25501,"No 25, Jalan Delima 7",Taman Sri Rampai,"Kuantan, Pahang",26595,25501,Businessman,3,SPM,Self Employed,Y,N,Y,N,36,3,14,15233.46,20225.31,242703.72,5
2026-09-02,81287314,Hakim Mohd Faizal,Hakim,Mohd Faizal,WIDOWED,M,MALAYSIAN,Kelantan,East Coast,Malay,Financial Services,FAMILY OWNED,16164,"No 250, Jalan Cempaka 10",Taman Taman Sri Muda,"Pasir Mas, Kelantan",18380,16164,Army Personnel,5,Diploma,Self Employed,N,N,Y,Y,58,11,39,12850.38,17296.39,207556.68,4
2026-09-02,85017682,Goh Li Wei,Goh,Li Wei,MARRIED,F,MALAYSIAN,Melaka,Southern,Chinese,Transportation,FAMILY OWNED,75441,"No 76, Jalan Anggerik 17",Taman Kota Damansara,"Ayer Keroh, Melaka",76513,75441,Driver,5,SPM,Government of Malaysia,N,N,N,N,55,0,17,14072.82,16188.15,194257.8,2
2026-09-02,89920257,Wong Cheng Han,Wong,Cheng Han,MARRIED,M,MALAYSIAN,Pahang,East Coast,Chinese,Financial Services,RENTING,27246,"No 236, Jalan Mawar 1",Taman Taman Universiti,"Kuantan, Pahang",26146,27246,Security Guard,2,SPM,Petronas,N,N,Y,N,50,12,24,24540.75,32989.6,395875.2,2
2026-09-02,52587010,Nadia Khairul,Nadia,Khairul,SINGLE,F,MALAYSIAN,Johor,Southern,Malay,Oil & Gas,RENTING,80649,"No 123, Jalan Utama 6",Taman Seri Kembangan,"Kluang, Johor",85397,80649,Factory Worker,2,No Formal Education,Astro Malaysia,N,N,Y,Y,64,34,13,10835.23,14321.88,171862.56,3
2026-09-02,69401199,Razak Nazri,Razak,Nazri,SINGLE,M,MALAYSIAN,Johor,Southern,Others,Financial Services,RENTING,81313,"No 311, Jalan Delima 17",Taman Kota Damansara,"Batu Pahat, Johor",81486,81313,Engineer,2,Certificate,Malayan Banking Berhad,N,Y,N,Y,54,26,2,7109.7,8380.56,100566.72,2
2026-09-02,92228802,Hana Razak,Hana,Razak,SINGLE,F,MALAYSIAN,Johor,Southern,Malay,Plantation,MORTGAGE,81133,"No 183, Jalan Utama 20",Taman Setia Alam,"Muar, Johor",84517,81133,IT Executive,2,STPM,IOI Corporation,N,N,N,Y,51,29,9,2645.96,3336.52,40038.24,5
2026-09-02,77750178,Aishah Aiman,Aishah,Aiman,MARRIED,F,MALAYSIAN,Johor,Southern,Malay,Construction,RENTING,81121,"No 320, Jalan Suria 3",Taman Setia Alam,"Kluang, Johor",86279,81121,Clerk,5,Certificate,Grab Malaysia,N,N,Y,N,22,0,0,12505.15,15157.75,181893.0,5
2026-09-02,67276174,Nurul Ain Ridwan,Nurul Ain,Ridwan,SINGLE,F,MALAYSIAN,Selangor,Central,Others,Financial Services,RENTING,48316,"No 20, Jalan Harmoni 7",Taman Puchong Perdana,"Kajang, Selangor",66345,48316,Contractor,1,SPM,Self Employed,Y,N,Y,N,46,21,24,22115.16,28459.96,341519.52,1
2026-09-02,83534128,Ramesh Palanisamy,Ramesh,Palanisamy,SINGLE,M,MALAYSIAN,Perlis,Northern,Indian,Plantation,OWNED,01762,"No 279, Jalan Indah 15",Taman Seri Kembangan,"Kangar, Perlis",02161,01762,Doctor,1,Diploma,Shopee Malaysia,N,N,Y,Y,47,11,29,14204.32,18925.78,227109.36,1
2026-09-02,69849511,Yap Wai Kit,Yap,Wai Kit,SINGLE,M,MALAYSIAN,Sabah,East Malaysia,Chinese,Wholesale,FAMILY OWNED,90602,"No 304, Jalan Merdeka 11",Taman Seri Kembangan,"Sandakan, Sabah",90382,90602,Administrator,3,Master Degree,Genting Malaysia,N,Y,Y,Y,52,2,2,1969.88,2458.25,29499.0,5
2026-09-02,31361812,Toh Mei Ling,Toh,Mei Ling,MARRIED,F,MALAYSIAN,Negeri Sembilan,Southern,Chinese,Hospitality,RENTING,73335,"No 23, Jalan Merdeka 20",Taman Puchong Perdana,"Port Dickson, Negeri Sembilan",70714,73335,Doctor,2,Bachelor Degree,Public Bank Berhad,N,N,N,Y,65,16,3,11199.78,14539.31,174471.72,5
2026-09-02,73709724,Muhammad Zulkifli,Muhammad,Zulkifli,MARRIED,M,MALAYSIAN,Perak,Northern,Malay,Construction,MORTGAGE,31410,"No 316, Jalan Perdana 2",Taman Bandar Sunway,"Sitiawan, Perak",30206,31410,Civil Servant,3,SPM,AEON Co (M) Bhd,N,Y,Y,Y,62,23,30,2830.16,3759.76,45117.12,4
2026-09-02,70407340,Lim Wai Kit,Lim,Wai Kit,SINGLE,M,MALAYSIAN,Melaka,Southern,Chinese,Education,OWNED,75793,"No 303, Jalan Setia 20",Taman Damansara Utama,"Melaka, Melaka",75622,75793,Civil Servant,1,Bachelor Degree,Astro Malaysia,N,N,N,Y,55,12,19,6335.1,8464.14,101569.68,4
2026-09-02,44788100,Ho Chee Keong,Ho,Chee Keong,SINGLE,F,MALAYSIAN,Kelantan,East Coast,Chinese,Government,RENTING,17348,"No 169, Jalan Wawasan 5",Taman Seri Kembangan,"Tumpat, Kelantan",16590,17348,Engineer,2,SPM,Astro Malaysia,N,Y,Y,Y,59,10,19,21151.55,24832.88,297994.56,1
2026-09-02,43183955,Nur Hidayah Muhammad,Nur Hidayah,Muhammad,SINGLE,F,MALAYSIAN,Johor,Southern,Malay,Construction,RENTING,80898,"No 52, Jalan Indah 11",Taman Taman Melawati,"Segamat, Johor",83484,80898,Security Guard,1,Diploma,Tenaga Nasional Berhad,N,N,N,N,52,25,22,8467.67,10835.45,130025.4,2
2026-09-02,95585469,Sofea Iskandar,Sofea,Iskandar,MARRIED,F,MALAYSIAN,Negeri Sembilan,Southern,Malay,Financial Services,OWNED,72689,"No 271, Jalan Indah 8",Taman Taman Universiti,"Seremban, Negeri Sembilan",72747,72689,Civil Servant,3,SPM,DiGi Telecommunications,N,N,N,N,62,25,14,9417.43,12630.54,151566.48,1
2026-09-02,47220099,Rozita Nazri,Rozita,Nazri,SINGLE,F,MALAYSIAN,Kuala Lumpur,Central,Malay,Transportation,RENTING,57983,"No 129, Jalan Melati 6",Taman Setia Alam,"Kuala Lumpur, Kuala Lumpur",60865,57983,IT Executive,1,SPM,Self Employed,N,N,N,Y,61,27,37,21399.14,28468.57,341622.84,2
2026-09-02,79967676,Hana Shahrul,Hana,Shahrul,MARRIED,F,MALAYSIAN,Johor,Southern,Malay,Hospitality,RENTING,80568,"No 238, Jalan Perdana 18",Taman Taman Melawati,"Segamat, Johor",84916,80568,IT Executive,2,Diploma,Genting Malaysia,N,N,Y,Y,34,10,2,10687.6,12373.06,148476.72,2
2026-09-02,75041510,Gan Zhi Hao,Gan,Zhi Hao,MARRIED,M,MALAYSIAN,Sabah,East Malaysia,Chinese,Wholesale,MORTGAGE,89888,"No 173, Jalan Murni 14",Taman Sri Rampai,"Lahad Datu, Sabah",89825,89888,Sales Executive,3,Bachelor Degree,Proton Holdings,N,N,N,N,51,25,31,4985.41,5892.43,70709.16,5
2026-09-02,94120751,Abdul Rahman Razak,Abdul Rahman,Razak,MARRIED,M,MALAYSIAN,Perak,Northern,Malay,Agriculture,MORTGAGE,30382,"No 3, Jalan Damai 20",Taman Kota Damansara,"Ipoh, Perak",35642,30382,Engineer,1,SPM,AirAsia Berhad,N,N,Y,Y,62,34,15,18508.77,24942.07,299304.84,2
2026-09-02,42111036,Muhammad Danial,Muhammad,Danial,MARRIED,M,MALAYSIAN,Selangor,Central,Malay,Telecommunications,RENTING,66213,"No 13, Jalan Mawar 3",Taman Setia Alam,"Shah Alam, Selangor",67207,66213,Army Personnel,2,SPM,Grab Malaysia,N,Y,Y,N,57,22,13,19410.85,23179.52,278154.24,4
2026-09-02,46855845,Low Sze Ying,Low,Sze Ying,WIDOWED,M,MALAYSIAN,Selangor,Central,Chinese,Retail Trade,RENTING,63731,"No 146, Jalan Setia 6",Taman Sri Gombak,"Kajang, Selangor",45299,63731,Contractor,2,STPM,Self Employed,Y,Y,N,Y,45,11,12,12798.08,15329.13,183949.56,1
2026-09-02,69038700,Nirmala Krishnan,Nirmala,Krishnan,MARRIED,F,MALAYSIAN,Pahang,East Coast,Indian,Agriculture,MORTGAGE,25199,"No 201, Jalan Harmoni 17",Taman Taman Melawati,"Kuantan, Pahang",27471,25199,Self-Employed,2,Bachelor Degree,Self Employed,Y,Y,N,Y,48,30,18,6909.94,8026.05,96312.6,5
2026-09-02,20399639,Zaharah Razak,Zaharah,Razak,MARRIED,F,MALAYSIAN,Perak,Northern,Malay,Plantation,MORTGAGE,31270,"No 266, Jalan Anggerik 8",Taman Taman Melawati,"Sitiawan, Perak",30156,31270,Technician,3,Bachelor Degree,AirAsia Berhad,N,N,N,N,23,0,3,7852.63,10089.71,121076.52,5
2026-09-02,48349783,Syafiq Amir,Syafiq,Amir,SINGLE,M,MALAYSIAN,Kelantan,East Coast,Malay,Oil & Gas,FAMILY OWNED,17772,"No 307, Jalan Suria 5",Taman Sri Rampai,"Gua Musang, Kelantan",16321,17772,Police Officer,5,SPM,Dell Malaysia,N,N,Y,N,27,4,2,8868.83,11827.63,141931.56,1
2026-09-02,41473195,Wong Sze Ying,Wong,Sze Ying,SINGLE,F,MALAYSIAN,Sarawak,East Malaysia,Chinese,Plantation,RENTING,97699,"No 53, Jalan Harmoni 19",Taman Setia Alam,"Sibu, Sarawak",95370,97699,Administrator,5,Diploma,Top Glove Corporation,N,N,Y,Y,58,12,24,10940.14,13306.62,159679.44,3
2026-09-02,46468984,Nadia Khairul,Nadia,Khairul,SINGLE,F,MALAYSIAN,Negeri Sembilan,Southern,Malay,Agriculture,OWNED,73392,"No 91, Jalan Teratai 18",Taman Sri Melati,"Nilai, Negeri Sembilan",71287,73392,Technician,1,Diploma,AirAsia Berhad,N,N,Y,N,42,5,9,15940.76,20910.28,250923.36,5
2026-09-02,55076693,Gan Xin Yi,Gan,Xin Yi,MARRIED,F,MALAYSIAN,Perak,Northern,Chinese,Construction,MORTGAGE,33655,"No 186, Jalan Permai 8",Taman Sri Rampai,"Sitiawan, Perak",36603,33655,Lecturer,3,STPM,Top Glove Corporation,N,N,N,N,42,3,2,16036.58,20784.33,249411.96,2
2026-09-02,52910691,Chua Chun Kit,Chua,Chun Kit,SINGLE,F,MALAYSIAN,Sarawak,East Malaysia,Chinese,Manufacturing,OWNED,98993,"No 312, Jalan Ria 14",Taman Sri Rampai,"Miri, Sarawak",93113,98993,Police Officer,5,SPM,Intel Malaysia,N,Y,Y,Y,25,3,1,7879.89,9553.19,114638.28,2
2026-09-02,82498004,Loh Wan Ting,Loh,Wan Ting,SINGLE,F,MALAYSIAN,Perak,Northern,Chinese,Agriculture,RENTING,30838,"No 324, Jalan Permai 10",Taman Kota Damansara,"Ipoh, Perak",30705,30838,Contractor,2,Diploma,Self Employed,Y,N,N,Y,40,10,12,17884.66,21125.65,253507.8,3
2026-09-02,20814950,Sofea Haikal,Sofea,Haikal,MARRIED,F,MALAYSIAN,Selangor,Central,Malay,Hospitality,OWNED,42905,"No 46, Jalan Indah 16",Taman Puchong Perdana,"Petaling Jaya, Selangor",67433,42905,Contractor,2,STPM,Self Employed,Y,Y,Y,Y,41,13,12,5744.78,7200.08,86400.96,5
2026-09-02,28572252,Siti Aishah Azman,Siti Aishah,Azman,SINGLE,F,MALAYSIAN,Kedah,Northern,Malay,Agriculture,FAMILY OWNED,09306,"No 285, Jalan Wawasan 5",Taman Damansara Utama,"Alor Setar, Kedah",08366,09306,Manager,5,Diploma,Petronas,N,N,Y,Y,33,9,1,5901.72,7719.68,92636.16,4
2026-09-02,30244148,Ismail Iskandar,Ismail,Iskandar,MARRIED,M,MALAYSIAN,Kelantan,East Coast,Malay,Agriculture,MORTGAGE,15654,"No 169, Jalan Harmoni 15",Taman Seri Kembangan,"Kota Bharu, Kelantan",16026,15654,Manager,1,Diploma,MISC Berhad,N,Y,Y,Y,55,11,19,14995.81,19415.54,232986.48,4
2026-09-02,41039390,Aminah Razak,Aminah,Razak,SINGLE,F,MALAYSIAN,Pahang,East Coast,Malay,Transportation,OWNED,27175,"No 318, Jalan Mawar 14",Taman Bandar Baru,"Raub, Pahang",26596,27175,Manager,3,Master Degree,Malayan Banking Berhad,N,N,N,Y,36,0,3,20496.27,24734.19,296810.28,1
2026-09-02,61410126,Muhammad Syafiq,Muhammad,Syafiq,MARRIED,M,MALAYSIAN,Kedah,Northern,Malay,Healthcare,MORTGAGE,09595,"No 223, Jalan Wawasan 10",Taman Seri Kembangan,"Langkawi, Kedah",09292,09595,Manager,5,Bachelor Degree,Grab Malaysia,N,N,N,Y,57,19,14,14759.5,17229.84,206758.08,4
2026-09-02,30509175,Tan Cheng Han,Tan,Cheng Han,SINGLE,F,MALAYSIAN,Selangor,Central,Chinese,Education,RENTING,66499,"No 56, Jalan Utama 2",Taman Sentosa,"Petaling Jaya, Selangor",43226,66499,Businessman,1,SPM,Self Employed,Y,N,Y,Y,42,17,11,5110.13,6383.09,76597.08,2
2026-09-02,38716269,Suraya Hakim,Suraya,Hakim,MARRIED,F,MALAYSIAN,Kedah,Northern,Malay,Hospitality,OWNED,06030,"No 17, Jalan Permai 13",Taman Bandar Baru,"Kulim, Kedah",06086,06030,IT Executive,2,Bachelor Degree,Government of Malaysia,N,Y,N,N,40,13,15,24210.78,31431.56,377178.72,2
2026-09-02,18620650,Iskandar Razak,Iskandar,Razak,SINGLE,M,MALAYSIAN,Pahang,East Coast,Malay,Plantation,RENTING,26211,"No 271, Jalan Seroja 5",Taman Bandar Sunway,"Kuantan, Pahang",27615,26211,Doctor,2,Diploma,Proton Holdings,N,N,Y,Y,59,32,37,9798.64,11645.72,139748.64,4
2026-09-02,65682626,Rozita Khairul,Rozita,Khairul,MARRIED,F,MALAYSIAN,Melaka,Southern,Malay,Telecommunications,FAMILY OWNED,77572,"No 339, Jalan Damai 15",Taman Puchong Perdana,"Melaka, Melaka",77608,77572,Engineer,2,Diploma,AEON Co (M) Bhd,N,N,Y,N,27,9,0,15050.54,17926.71,215120.52,1
2026-09-02,64707061,Ainun Fauzi,Ainun,Fauzi,SINGLE,F,MALAYSIAN,Johor,Southern,Malay,Agriculture,FAMILY OWNED,85171,"No 27, Jalan Mawar 6",Taman Damansara Utama,"Muar, Johor",84402,85171,Contractor,5,Bachelor Degree,Self Employed,Y,N,N,N,43,1,3,7686.87,9358.1,112297.2,1
2026-09-02,54410148,Toh Hui Min,Toh,Hui Min,MARRIED,F,MALAYSIAN,Pulau Pinang,Northern,Chinese,Transportation,RENTING,11522,"No 325, Jalan Mawar 5",Taman Sri Rampai,"Bukit Mertajam, Pulau Pinang",10655,11522,Engineer,1,SPM,Gamuda Berhad,N,N,N,Y,33,12,10,12637.48,15409.42,184913.04,5
2026-09-02,82828034,Khoo Guan Eng,Khoo,Guan Eng,DIVORCED,M,MALAYSIAN,Perak,Northern,Chinese,Retail Trade,RENTING,30787,"No 128, Jalan Murni 2",Taman Sri Rampai,"Taiping, Perak",35620,30787,Contractor,5,STPM,Self Employed,Y,N,Y,Y,24,4,0,20223.11,25997.48,311969.76,5
2026-09-02,72535301,Khoo Jia Hui,Khoo,Jia Hui,SINGLE,M,MALAYSIAN,Terengganu,East Coast,Chinese,Transportation,OWNED,20297,"No 272, Jalan Suria 14",Taman Seri Kembangan,"Marang, Terengganu",21950,20297,Administrator,3,Bachelor Degree,AEON Co (M) Bhd,N,N,N,N,60,0,32,20436.26,27077.45,324929.4,3
2026-09-02,65804273,Chan Wan Ting,Chan,Wan Ting,SINGLE,F,MALAYSIAN,Pahang,East Coast,Chinese,Wholesale,FAMILY OWNED,27412,"No 338, Jalan Setia 15",Taman Puchong Perdana,"Temerloh, Pahang",25547,27412,Clerk,3,SPM,Grab Malaysia,N,N,N,N,52,8,8,22177.84,28800.41,345604.92,4
2026-09-02,18357162,Fauzi Zulkifli,Fauzi,Zulkifli,SINGLE,M,MALAYSIAN,Johor,Southern,Malay,Construction,MORTGAGE,85149,"No 154, Jalan Anggerik 20",Taman Bukit Indah,"Kluang, Johor",84567,85149,Nurse,2,Diploma,Grab Malaysia,N,Y,Y,Y,57,26,21,7490.5,9557.84,114694.08,1
2026-09-02,37760841,Chong Mei Ling,Chong,Mei Ling,MARRIED,F,MALAYSIAN,Selangor,Central,Chinese,Retail Trade,OWNED,65175,"No 78, Jalan Delima 9",Taman Desa Jaya,"Kajang, Selangor",67253,65175,Retail Assistant,3,Bachelor Degree,Dell Malaysia,N,Y,N,N,31,2,5,20913.05,27632.26,331587.12,2
2026-09-02,66390708,Kohila Karuppiah,Kohila,Karuppiah,SINGLE,F,MALAYSIAN,Perak,Northern,Indian,Wholesale,FAMILY OWNED,33887,"No 74, Jalan Mawar 18",Taman Desa Jaya,"Taiping, Perak",31583,33887,Supervisor,1,SPM,Genting Malaysia,N,Y,N,N,30,4,7,24773.95,28948.76,347385.12,4
2026-09-02,62274692,Fauzi Iskandar,Fauzi,Iskandar,SINGLE,M,MALAYSIAN,Kuala Lumpur,Central,Malay,Manufacturing,FAMILY OWNED,59415,"No 79, Jalan Cempaka 5",Taman Bukit Beruntung,"Cheras, Kuala Lumpur",60535,59415,Sales Executive,2,Certificate,AEON Co (M) Bhd,N,Y,N,Y,57,25,13,21844.83,27887.01,334644.12,3
2026-09-02,88393811,Ong Siew Ling,Ong,Siew Ling,SINGLE,F,MALAYSIAN,Perak,Northern,Chinese,Retail Trade,MORTGAGE,32695,"No 286, Jalan Anggerik 15",Taman Puchong Perdana,"Taiping, Perak",31488,32695,Security Guard,5,Bachelor Degree,Tenaga Nasional Berhad,N,Y,Y,Y,41,6,8,16188.5,18891.71,226700.52,3
2026-09-02,12621534,Chong Cheng Han,Chong,Cheng Han,SINGLE,M,MALAYSIAN,Selangor,Central,Chinese,Government,OWNED,68533,"No 337, Jalan Kenanga 16",Taman Damansara Utama,"Shah Alam, Selangor",42146,68533,Supervisor,2,Master Degree,Tenaga Nasional Berhad,N,N,N,N,23,4,0,19639.24,26017.88,312214.56,1
2026-09-02,87267850,Shahrul Muhammad,Shahrul,Muhammad,MARRIED,M,MALAYSIAN,Sabah,East Malaysia,Malay,Government,MORTGAGE,89477,"No 196, Jalan Permai 8",Taman Bandar Sunway,"Kota Kinabalu, Sabah",91949,89477,Chef,3,Diploma,Government of Malaysia,N,N,Y,N,25,7,5,18070.24,22215.0,266580.0,1
2026-09-02,61053877,Haikal Kamarul,Haikal,Kamarul,MARRIED,M,MALAYSIAN,Kedah,Northern,Malay,Retail Trade,MORTGAGE,08034,"No 190, Jalan Teratai 11",Taman Bukit Indah,"Alor Setar, Kedah",08246,08034,Engineer,5,Diploma,Intel Malaysia,N,N,N,N,64,21,26,19037.68,25351.94,304223.28,2
2026-09-02,74019136,Yeoh Mun Yee,Yeoh,Mun Yee,SINGLE,F,MALAYSIAN,Negeri Sembilan,Southern,Chinese,Plantation,MORTGAGE,71884,"No 279, Jalan Wawasan 13",Taman Bukit Indah,"Nilai, Negeri Sembilan",70249,71884,Supervisor,1,STPM,MISC Berhad,N,N,N,Y,45,24,12,16408.72,19516.92,234203.04,3
2026-09-02,10791358,Nur Hidayah Firdaus,Nur Hidayah,Firdaus,MARRIED,F,MALAYSIAN,Kuala Lumpur,Central,Malay,Manufacturing,FAMILY OWNED,50184,"No 27, Jalan Delima 1",Taman Bandar Sunway,"Cheras, Kuala Lumpur",57393,50184,Manager,1,STPM,Self Employed,N,Y,Y,Y,61,34,20,4139.33,4886.2,58634.4,2
2026-09-02,57212267,Muhammad Amir,Muhammad,Amir,SINGLE,M,MALAYSIAN,Sarawak,East Malaysia,Others,Agriculture,FAMILY OWNED,98102,"No 253, Jalan Damai 5",Taman Damansara Utama,"Bintulu, Sarawak",94529,98102,Army Personnel,2,Diploma,Dell Malaysia,N,N,Y,N,52,12,30,4424.53,5919.29,71031.48,5
2026-09-02,50079111,Zulkifli Mohd Faizal,Zulkifli,Mohd Faizal,MARRIED,M,MALAYSIAN,Selangor,Central,Malay,Plantation,OWNED,68835,"No 301, Jalan Kenanga 20",Taman Bukit Beruntung,"Shah Alam, Selangor",65797,68835,Engineer,1,Bachelor Degree,Dell Malaysia,N,N,Y,N,46,4,2,10009.66,13500.31,162003.72,5
2026-09-02,62343121,Chan Sook Yee,Chan,Sook Yee,SINGLE,M,MALAYSIAN,Selangor,Central,Chinese,Financial Services,OWNED,63863,"No 100, Jalan Permai 12",Taman Taman Universiti,"Klang, Selangor",48574,63863,Contractor,3,Certificate,Self Employed,Y,N,Y,N,55,11,34,5739.32,6713.54,80562.48,1
2026-09-02,66240084,Kamarul Hakim,Kamarul,Hakim,SINGLE,M,MALAYSIAN,Pahang,East Coast,Malay,Education,MORTGAGE,25287,"No 211, Jalan Anggerik 11",Taman Kota Damansara,"Temerloh, Pahang",26510,25287,Retail Assistant,5,Primary,Grab Malaysia,N,N,N,Y,27,5,9,2580.66,3482.09,41785.08,2
2026-09-02,82238741,Halim Amir,Halim,Amir,MARRIED,M,MALAYSIAN,Selangor,Central,Malay,Education,MORTGAGE,67688,"No 346, Jalan Kenanga 20",Taman Sentosa,"Petaling Jaya, Selangor",47135,67688,Supervisor,3,SPM,Malayan Banking Berhad,N,N,N,Y,23,0,4,19582.67,23207.27,278487.24,5
2026-09-02,83300637,Aishah Zaki,Aishah,Zaki,MARRIED,F,MALAYSIAN,Negeri Sembilan,Southern,Others,Construction,OWNED,70313,"No 173, Jalan Perdana 9",Taman Bandar Baru,"Bahau, Negeri Sembilan",71205,70313,Retail Assistant,2,Certificate,Intel Malaysia,N,N,N,N,62,16,1,24571.28,30234.32,362811.84,5
2026-09-02,90967191,Nur Hidayah Hafiz,Nur Hidayah,Hafiz,SINGLE,F,MALAYSIAN,Selangor,Central,Malay,Transportation,FAMILY OWNED,40911,"No 176, Jalan Indah 20",Taman Desa Jaya,"Kajang, Selangor",65229,40911,Clerk,3,Bachelor Degree,Sime Darby Berhad,N,Y,Y,Y,27,0,2,22821.12,29203.81,350445.72,3
2026-09-02,39600202,Zaki Ridwan,Zaki,Ridwan,MARRIED,M,MALAYSIAN,Perlis,Northern,Malay,Government,RENTING,01248,"No 200, Jalan Suria 11",Taman Damansara Utama,"Padang Besar, Perlis",02343,01248,Retail Assistant,2,Diploma,Public Bank Berhad,N,Y,Y,Y,26,7,5,2199.21,2611.38,31336.56,2
2026-09-02,75529051,Toh Wei Ming,Toh,Wei Ming,WIDOWED,M,MALAYSIAN,Sabah,East Malaysia,Chinese,Manufacturing,RENTING,88004,"No 90, Jalan Mawar 19",Taman Seri Kembangan,"Kota Kinabalu, Sabah",91124,88004,Technician,2,SPM,Malayan Banking Berhad,N,N,Y,N,54,28,35,24774.15,33287.93,399455.16,5
2026-09-02,39450273,Wan Norhaslinda Khairul,Wan Norhaslinda,Khairul,SINGLE,F,MALAYSIAN,Johor,Southern,Malay,Education,MORTGAGE,84775,"No 235, Jalan Kenanga 7",Taman Bandar Baru,"Kluang, Johor",81949,84775,Factory Worker,2,Bachelor Degree,Genting Malaysia,N,Y,Y,N,29,11,0,10702.9,12520.95,150251.4,5
2026-09-02,46632757,Intan Faizal,Intan,Faizal,SINGLE,F,MALAYSIAN,Sabah,East Malaysia,Malay,Wholesale,RENTING,89132,"No 2, Jalan Perdana 8",Taman Seri Kembangan,"Lahad Datu, Sabah",88190,89132,Businessman,3,SPM,Self Employed,Y,N,N,Y,33,3,6,5852.03,7198.74,86384.88,4
2026-09-02,68496914,Khoo Li Wei,Khoo,Li Wei,WIDOWED,M,MALAYSIAN,Selangor,Central,Chinese,Healthcare,MORTGAGE,65701,"No 246, Jalan Mawar 17",Taman Bandar Sunway,"Klang, Selangor",67544,65701,Administrator,2,Diploma,Nestle (M) Berhad,N,N,Y,Y,34,13,7,22602.94,26108.82,313305.84,3
2026-09-02,75181765,Fatimah Mohd Faizal,Fatimah,Mohd Faizal,MARRIED,F,MALAYSIAN,Johor,Southern,Malay,Wholesale,OWNED,82472,"No 287, Jalan Murni 15",Taman Sentosa,"Muar, Johor",84016,82472,Nurse,1,Bachelor Degree,Self Employed,N,N,Y,N,35,7,11,2117.53,2657.3,31887.6,5
2026-09-02,13895645,Aishah Hafiz,Aishah,Hafiz,MARRIED,F,MALAYSIAN,Selangor,Central,Malay,Food & Beverage,RENTING,65543,"No 195, Jalan Harmoni 17",Taman Sri Rampai,"Shah Alam, Selangor",66055,65543,Security Guard,3,Bachelor Degree,Malayan Banking Berhad,N,N,Y,N,27,7,7,16726.79,21063.52,252762.24,1
2026-09-02,62191530,Chin Li Wei,Chin,Li Wei,SINGLE,M,MALAYSIAN,Perak,Northern,Chinese,Professional Services,FAMILY OWNED,30512,"No 211, Jalan Kenanga 5",Taman Bukit Beruntung,"Sitiawan, Perak",32088,30512,Chef,2,SPM,MISC Berhad,N,N,Y,Y,23,1,5,10221.67,13383.05,160596.6,3
2026-09-02,55114543,Kumaran Subramaniam,Kumaran,Subramaniam,MARRIED,M,MALAYSIAN,Sarawak,East Malaysia,Indian,Telecommunications,RENTING,93965,"No 256, Jalan Seroja 16",Taman Bukit Indah,"Miri, Sarawak",94524,93965,Civil Servant,1,Certificate,AirAsia Berhad,N,Y,N,Y,47,23,7,6252.47,7250.22,87002.64,2
2026-09-02,99774697,Lim Yee Ling,Lim,Yee Ling,MARRIED,F,MALAYSIAN,Sabah,East Malaysia,Chinese,Agriculture,OWNED,89004,"No 93, Jalan Permai 3",Taman Sri Rampai,"Sandakan, Sabah",88419,89004,Technician,2,Bachelor Degree,AEON Co (M) Bhd,N,Y,Y,N,65,1,8,18748.4,22143.29,265719.48,2
2026-09-02,64266464,Hafiz Shahrul,Hafiz,Shahrul,MARRIED,M,MALAYSIAN,Kuala Lumpur,Central,Malay,Manufacturing,RENTING,53533,"No 243, Jalan Wawasan 2",Taman Sri Gombak,"Kuala Lumpur, Kuala Lumpur",60821,53533,Army Personnel,3,Bachelor Degree,Top Glove Corporation,N,Y,Y,N,56,6,21,4433.0,5787.28,69447.36,2
2026-09-02,32151928,Nur Hidayah Halim,Nur Hidayah,Halim,MARRIED,F,MALAYSIAN,Sarawak,East Malaysia,Malay,Food & Beverage,RENTING,96735,"No 200, Jalan Harmoni 7",Taman Taman Sri Muda,"Sibu, Sarawak",97310,96735,Technician,1,SPM,Intel Malaysia,N,N,N,Y,43,0,6,14028.15,18190.58,218286.96,5
2026-09-02,72732043,Azman Nabil,Azman,Nabil,SINGLE,M,MALAYSIAN,Kedah,Northern,Malay,Food & Beverage,FAMILY OWNED,08226,"No 235, Jalan Melati 13",Taman Sri Gombak,"Alor Setar, Kedah",09968,08226,Manager,5,Bachelor Degree,Tenaga Nasional Berhad,N,N,Y,N,31,7,4,13112.77,16812.99,201755.88,4
2026-09-02,27129912,Koh Zhi Hao,Koh,Zhi Hao,SINGLE,M,MALAYSIAN,Johor,Southern,Chinese,Education,OWNED,85684,"No 123, Jalan Perdana 3",Taman Sri Gombak,"Batu Pahat, Johor",79873,85684,Civil Servant,1,Diploma,Petronas,N,Y,N,N,31,12,12,13278.34,17294.9,207538.8,5
2026-09-02,93517915,Ainun Hakim,Ainun,Hakim,WIDOWED,F,MALAYSIAN,Selangor,Central,Malay,Construction,OWNED,41468,"No 173, Jalan Setia 2",Taman Puchong Perdana,"Subang Jaya, Selangor",67551,41468,Chef,2,Diploma,Government of Malaysia,N,Y,N,N,46,10,22,7027.68,8155.93,97871.16,1
2026-09-02,81688860,Selvi Subramaniam,Selvi,Subramaniam,SINGLE,F,MALAYSIAN,Pulau Pinang,Northern,Indian,Transportation,OWNED,14721,"No 145, Jalan Setia 4",Taman Puchong Perdana,"George Town, Pulau Pinang",13942,14721,Self-Employed,1,Bachelor Degree,Self Employed,Y,N,Y,N,36,11,11,10733.55,12617.21,151406.52,2
2026-09-02,13619375,Lee Sze Ying,Lee,Sze Ying,SINGLE,M,MALAYSIAN,Johor,Southern,Chinese,Real Estate,OWNED,84354,"No 162, Jalan Seroja 1",Taman Taman Melawati,"Johor Bahru, Johor",80595,84354,Manager,5,Diploma,Top Glove Corporation,N,N,N,Y,58,16,30,11001.89,13993.52,167922.24,3
2026-09-02,62884503,Gan Chee Keong,Gan,Chee Keong,SINGLE,M,MALAYSIAN,Kelantan,East Coast,Chinese,Education,OWNED,18264,"No 84, Jalan Teratai 17",Taman Sentosa,"Kota Bharu, Kelantan",16610,18264,Contractor,2,Diploma,Self Employed,Y,N,Y,Y,29,11,3,8830.4,10963.57,131562.84,1
2026-09-02,89442503,Fauzi Halim,Fauzi,Halim,DIVORCED,M,MALAYSIAN,Pulau Pinang,Northern,Malay,Oil & Gas,OWNED,11060,"No 341, Jalan Cempaka 9",Taman Sri Rampai,"Butterworth, Pulau Pinang",12087,11060,Teacher,2,SPM,AirAsia Berhad,N,N,N,N,34,0,13,22929.48,30800.48,369605.76,2
2026-09-02,85751409,Hasnah Nazri,Hasnah,Nazri,SINGLE,F,MALAYSIAN,Perak,Northern,Malay,Wholesale,RENTING,33201,"No 57, Jalan Bahagia 6",Taman Kota Damansara,"Ipoh, Perak",31542,33201,Technician,2,SPM,Nestle (M) Berhad,N,Y,Y,Y,48,18,27,23561.41,28932.08,347184.96,1
2026-09-02,98986321,Rosli Iskandar,Rosli,Iskandar,DIVORCED,M,MALAYSIAN,Kelantan,East Coast,Malay,Oil & Gas,FAMILY OWNED,18590,"No 205, Jalan Murni 6",Taman Sri Rampai,"Tumpat, Kelantan",15731,18590,Doctor,5,Diploma,DiGi Telecommunications,N,Y,Y,N,39,7,8,4481.1,5626.66,67519.92,3
2026-09-02,13637575,Intan Hakim,Intan,Hakim,SINGLE,F,MALAYSIAN,Perak,Northern,Others,Real Estate,RENTING,32585,"No 341, Jalan Damai 1",Taman Sri Gombak,"Taiping, Perak",34046,32585,Nurse,3,SPM,MISC Berhad,N,Y,N,Y,52,14,11,2231.18,2646.8,31761.6,1
2026-09-02,21267237,Nur Hidayah Rosli,Nur Hidayah,Rosli,SINGLE,F,MALAYSIAN,Sarawak,East Malaysia,Malay,Manufacturing,RENTING,98220,"No 29, Jalan Nuri 1",Taman Bukit Beruntung,"Kuching, Sarawak",97820,98220,Chef,2,Bachelor Degree,Intel Malaysia,N,N,Y,N,42,11,6,13923.37,16649.27,199791.24,5
2026-09-02,96268397,Fatimah Azman,Fatimah,Azman,MARRIED,F,MALAYSIAN,Pulau Pinang,Northern,Malay,Education,OWNED,13583,"No 157, Jalan Harmoni 16",Taman Setia Alam,"Butterworth, Pulau Pinang",11728,13583,Nurse,5,Diploma,Dell Malaysia,N,N,Y,Y,28,5,10,19748.8,23549.23,282590.76,1
2026-09-02,67527432,Hana Faizal,Hana,Faizal,SINGLE,F,MALAYSIAN,Sarawak,East Malaysia,Malay,Education,FAMILY OWNED,98366,"No 115, Jalan Cempaka 1",Taman Desa Jaya,"Kuching, Sarawak",98227,98366,Manager,3,SPM,Gamuda Berhad,N,Y,Y,Y,59,6,26,8469.34,11012.23,132146.76,5
2026-09-02,28213276,Ravi Veerappan,Ravi,Veerappan,MARRIED,M,MALAYSIAN,Selangor,Central,Indian,Professional Services,OWNED,47612,"No 7, Jalan Mawar 8",Taman Sentosa,"Shah Alam, Selangor",45945,47612,Nurse,2,SPM,Sime Darby Berhad,N,Y,Y,N,44,6,2,20341.0,23999.35,287992.2,4
2026-09-02,71968116,Noraini Haikal,Noraini,Haikal,SINGLE,F,MALAYSIAN,Pulau Pinang,Northern,Malay,Real Estate,FAMILY OWNED,14605,"No 220, Jalan Melati 2",Taman Seri Kembangan,"Bukit Mertajam, Pulau Pinang",14874,14605,Businessman,5,Diploma,Self Employed,Y,N,N,Y,35,13,1,8735.16,10222.92,122675.04,4
2026-09-02,34391257,Lim Guan Eng,Lim,Guan Eng,MARRIED,M,MALAYSIAN,Pulau Pinang,Northern,Chinese,Financial Services,OWNED,11705,"No 153, Jalan Kenanga 12",Taman Taman Universiti,"Butterworth, Pulau Pinang",14557,11705,Security Guard,3,Diploma,Public Bank Berhad,N,N,Y,N,39,11,5,14021.8,17368.39,208420.68,4
2026-09-02,16749089,Muhammad Shahrul,Muhammad,Shahrul,SINGLE,M,MALAYSIAN,Perak,Northern,Malay,Oil & Gas,RENTING,34774,"No 81, Jalan Nuri 16",Taman Sentosa,"Teluk Intan, Perak",31167,34774,Clerk,2,Bachelor Degree,Dell Malaysia,N,Y,Y,N,32,12,13,22920.17,26833.51,322002.12,2
2026-09-02,44917589,Hafiz Zaki,Hafiz,Zaki,SINGLE,M,MALAYSIAN,Kuala Lumpur,Central,Others,Hospitality,FAMILY OWNED,53830,"No 95, Jalan Murni 3",Taman Kota Damansara,"Bangsar, Kuala Lumpur",54084,53830,Chef,2,SPM,Astro Malaysia,N,N,N,Y,47,29,7,17026.19,22659.34,271912.08,5
2026-09-02,60882459,Anitha Muniandy,Anitha,Muniandy,SINGLE,F,MALAYSIAN,Johor,Southern,Indian,Telecommunications,OWNED,80696,"No 3, Jalan Delima 6",Taman Bandar Sunway,"Johor Bahru, Johor",79353,80696,Driver,1,Master Degree,Genting Malaysia,N,N,Y,Y,33,13,10,22402.61,27589.09,331069.08,3
2026-09-02,53936531,Chin Xin Yi,Chin,Xin Yi,SINGLE,M,MALAYSIAN,Pulau Pinang,Northern,Chinese,Oil & Gas,OWNED,14129,"No 347, Jalan Teratai 8",Taman Bukit Indah,"Bayan Lepas, Pulau Pinang",14660,14129,Doctor,1,SPM,Shopee Malaysia,N,Y,N,N,35,5,7,16850.95,22156.28,265875.36,1
2026-09-02,38408562,Toh Yee Ling,Toh,Yee Ling,MARRIED,F,MALAYSIAN,Johor,Southern,Chinese,Real Estate,OWNED,79196,"No 176, Jalan Setia 19",Taman Puchong Perdana,"Segamat, Johor",84185,79196,Teacher,2,Bachelor Degree,AirAsia Berhad,N,Y,Y,Y,59,30,19,21929.08,25588.13,307057.56,5
2026-09-02,71028710,Koh Sze Ying,Koh,Sze Ying,MARRIED,F,MALAYSIAN,Sarawak,East Malaysia,Chinese,Retail Trade,MORTGAGE,94838,"No 278, Jalan Kenanga 6",Taman Taman Universiti,"Kuching, Sarawak",96263,94838,Teacher,5,Diploma,Gamuda Berhad,N,N,N,N,25,6,7,14679.5,19694.46,236333.52,5
2026-09-02,53868501,Azman Iskandar,Azman,Iskandar,MARRIED,M,MALAYSIAN,Johor,Southern,Malay,Education,RENTING,85333,"No 39, Jalan Cempaka 5",Taman Sentosa,"Kluang, Johor",85919,85333,Sales Executive,5,SPM,Intel Malaysia,N,Y,Y,N,49,12,18,22810.72,28691.63,344299.56,2
2026-09-02,55298556,Intan Firdaus,Intan,Firdaus,MARRIED,F,MALAYSIAN,Selangor,Central,Malay,Financial Services,OWNED,67434,"No 77, Jalan Teratai 16",Taman Kota Damansara,"Subang Jaya, Selangor",63700,67434,Security Guard,2,PhD,Malayan Banking Berhad,N,N,N,Y,37,15,0,15442.72,20123.32,241479.84,1
2026-09-02,60885459,Maziah Razak,Maziah,Razak,MARRIED,F,MALAYSIAN,Johor,Southern,Malay,Hospitality,RENTING,85688,"No 154, Jalan Mawar 12",Taman Desa Jaya,"Segamat, Johor",83378,85688,Lecturer,5,Bachelor Degree,AirAsia Berhad,N,N,Y,N,22,4,2,21756.7,28725.51,344706.12,3
2026-09-02,47346970,Ravi Ramasamy,Ravi,Ramasamy,SINGLE,M,MALAYSIAN,Kelantan,East Coast,Indian,Transportation,OWNED,15931,"No 168, Jalan Utama 10",Taman Sri Gombak,"Gua Musang, Kelantan",15048,15931,Teacher,3,Bachelor Degree,Genting Malaysia,N,N,N,Y,28,9,4,17782.51,20828.44,249941.28,4
2026-09-02,66581473,Syafiq Iskandar,Syafiq,Iskandar,MARRIED,M,MALAYSIAN,Pahang,East Coast,Malay,Professional Services,OWNED,26235,"No 213, Jalan Wawasan 2",Taman Sentosa,"Kuantan, Pahang",25890,26235,Manager,2,SPM,AEON Co (M) Bhd,N,Y,Y,Y,37,15,9,20560.75,26996.95,323963.4,4
2026-09-02,43859311,Siti Aishah Shahrul,Siti Aishah,Shahrul,MARRIED,F,MALAYSIAN,Perak,Northern,Malay,Real Estate,OWNED,34165,"No 111, Jalan Damai 6",Taman Damansara Utama,"Sitiawan, Perak",34860,34165,Doctor,3,SPM,IOI Corporation,N,N,N,N,61,29,27,14860.34,19919.07,239028.84,3
2026-09-02,20993268,Anitha Chandran,Anitha,Chandran,MARRIED,F,MALAYSIAN,Selangor,Central,Indian,Plantation,OWNED,63594,"No 109, Jalan Teratai 4",Taman Bandar Sunway,"Kajang, Selangor",46685,63594,Technician,2,Certificate,Sime Darby Berhad,N,N,Y,N,49,27,29,15049.88,18653.48,223841.76,1
2026-09-02,73123515,Firdaus Amir,Firdaus,Amir,WIDOWED,M,MALAYSIAN,Pulau Pinang,Northern,Malay,Government,RENTING,11564,"No 74, Jalan Cempaka 13",Taman Sri Melati,"Bukit Mertajam, Pulau Pinang",12633,11564,Engineer,1,Primary,DiGi Telecommunications,N,Y,Y,Y,49,19,25,7359.91,8949.1,107389.2,2
2026-09-02,12601580,Syafiqah Kamarul,Syafiqah,Kamarul,MARRIED,F,MALAYSIAN,Sabah,East Malaysia,Malay,Professional Services,FAMILY OWNED,90507,"No 18, Jalan Nuri 3",Taman Taman Sri Muda,"Tawau, Sabah",89103,90507,Teacher,1,Diploma,Malayan Banking Berhad,N,Y,Y,Y,40,16,5,24335.25,31650.53,379806.36,2
2026-09-02,82399599,Zaki Hakim,Zaki,Hakim,DIVORCED,M,MALAYSIAN,Terengganu,East Coast,Malay,Professional Services,MORTGAGE,20302,"No 21, Jalan Setia 11",Taman Sri Melati,"Kuala Terengganu, Terengganu",23097,20302,Clerk,2,SPM,AirAsia Berhad,N,N,Y,Y,31,9,11,22724.24,28672.48,344069.76,2
2026-09-02,16990811,Halimah Khairul,Halimah,Khairul,SINGLE,F,MALAYSIAN,Selangor,Central,Malay,Healthcare,OWNED,44698,"No 224, Jalan Anggerik 11",Taman Bandar Baru,"Shah Alam, Selangor",44160,44698,Supervisor,1,SPM,Intel Malaysia,N,Y,Y,N,26,6,2,3740.09,4480.74,53768.88,5
2026-09-02,56970882,Halim Muhammad,Halim,Muhammad,MARRIED,M,MALAYSIAN,Perak,Northern,Malay,Financial Services,MORTGAGE,30854,"No 244, Jalan Utama 18",Taman Sri Melati,"Sitiawan, Perak",31115,30854,Police Officer,1,SPM,AirAsia Berhad,N,N,N,N,43,1,0,22168.07,27557.2,330686.4,2
2026-09-02,40094589,Razak Ismail,Razak,Ismail,SINGLE,M,MALAYSIAN,Kuala Lumpur,Central,Malay,Financial Services,FAMILY OWNED,51944,"No 268, Jalan Mawar 8",Taman Bukit Beruntung,"Bangsar, Kuala Lumpur",50371,51944,Driver,2,SPM,AirAsia Berhad,N,N,N,Y,61,32,28,12554.64,14681.46,176177.52,4
2026-09-02,97260863,Shanti Karuppiah,Shanti,Karuppiah,SINGLE,F,MALAYSIAN,Selangor,Central,Indian,Government,MORTGAGE,66293,"No 80, Jalan Bahagia 17",Taman Bandar Sunway,"Petaling Jaya, Selangor",66887,66293,Security Guard,2,SPM,Shopee Malaysia,N,N,N,Y,64,24,31,4594.16,5709.52,68514.24,4
2026-09-02,19209801,Koh Kah Wai,Koh,Kah Wai,MARRIED,M,MALAYSIAN,Johor,Southern,Chinese,Food & Beverage,FAMILY OWNED,84549,"No 267, Jalan Bahagia 16",Taman Bandar Sunway,"Batu Pahat, Johor",84125,84549,Driver,3,STPM,Intel Malaysia,N,N,N,N,25,6,2,20148.72,26101.89,313222.68,1
2026-09-02,97477029,Ainun Syafiq,Ainun,Syafiq,SINGLE,F,MALAYSIAN,Negeri Sembilan,Southern,Malay,Professional Services,MORTGAGE,73265,"No 193, Jalan Harmoni 6",Taman Sri Rampai,"Port Dickson, Negeri Sembilan",70164,73265,Civil Servant,3,Diploma,Gamuda Berhad,N,N,Y,N,43,24,14,6312.77,7425.52,89106.24,2
2026-09-02,15403355,Iskandar Faizal,Iskandar,Faizal,SINGLE,M,MALAYSIAN,Negeri Sembilan,Southern,Malay,Retail Trade,EMPLOYER PROVIDED,70821,"No 77, Jalan Kenanga 13",Taman Damansara Utama,"Bahau, Negeri Sembilan",71500,70821,Chef,3,Diploma,Malayan Banking Berhad,N,N,Y,N,22,2,1,14650.48,17803.58,213642.96,2
2026-09-02,14164775,Azman Danial,Azman,Danial,MARRIED,M,MALAYSIAN,Kelantan,East Coast,Malay,Education,FAMILY OWNED,17957,"No 116, Jalan Setia 15",Taman Sri Rampai,"Gua Musang, Kelantan",17832,17957,Accountant,3,SPM,Astro Malaysia,N,Y,N,N,46,12,1,8153.35,9977.06,119724.72,1
2026-09-02,43189803,Lau Chee Keong,Lau,Chee Keong,MARRIED,F,MALAYSIAN,Pahang,East Coast,Chinese,Financial Services,MORTGAGE,26722,"No 189, Jalan Ria 5",Taman Taman Melawati,"Bentong, Pahang",28218,26722,Civil Servant,3,Bachelor Degree,Genting Malaysia,N,N,N,Y,23,2,5,9899.33,11834.79,142017.48,3
2026-09-02,36757737,Khairul Mohd Faizal,Khairul,Mohd Faizal,MARRIED,M,MALAYSIAN,Selangor,Central,Malay,Manufacturing,RENTING,63656,"No 307, Jalan Delima 13",Taman Bukit Indah,"Klang, Selangor",66336,63656,Self-Employed,3,Bachelor Degree,Self Employed,Y,N,N,N,56,32,3,1724.62,2104.61,25255.32,5
2026-09-02,12735359,Khoo Mun Yee,Khoo,Mun Yee,MARRIED,F,MALAYSIAN,Kuala Lumpur,Central,Chinese,Education,MORTGAGE,59566,"No 151, Jalan Nuri 12",Taman Damansara Utama,"Setapak, Kuala Lumpur",57129,59566,Accountant,1,SPM,Intel Malaysia,N,N,Y,N,43,1,12,24227.7,31106.92,373283.04,2
2026-09-02,93394260,Rohana Nazri,Rohana,Nazri,MARRIED,F,MALAYSIAN,Pahang,East Coast,Malay,Financial Services,MORTGAGE,26238,"No 56, Jalan Wawasan 19",Taman Seri Kembangan,"Temerloh, Pahang",26570,26238,Administrator,5,Master Degree,Self Employed,N,N,N,Y,26,0,7,21693.77,25265.43,303185.16,2
2026-09-02,30452412,Goh Wei Ming,Goh,Wei Ming,DIVORCED,F,MALAYSIAN,Johor,Southern,Chinese,Oil & Gas,OWNED,83438,"No 264, Jalan Permai 4",Taman Bukit Beruntung,"Batu Pahat, Johor",80546,83438,Sales Executive,2,STPM,Government of Malaysia,N,N,N,N,21,3,1,9124.54,11742.27,140907.24,3
2026-09-02,42016960,Fauzi Haikal,Fauzi,Haikal,MARRIED,M,MALAYSIAN,Pulau Pinang,Northern,Malay,Construction,RENTING,12299,"No 20, Jalan Delima 8",Taman Kota Damansara,"Bayan Lepas, Pulau Pinang",14856,12299,Civil Servant,5,Diploma,Dell Malaysia,N,Y,Y,N,34,2,9,15655.34,20345.8,244149.6,4
2026-09-02,26941092,Alia Muhammad,Alia,Muhammad,MARRIED,F,MALAYSIAN,Johor,Southern,Malay,Financial Services,FAMILY OWNED,86912,"No 243, Jalan Melati 8",Taman Bukit Indah,"Batu Pahat, Johor",84891,86912,Lecturer,5,SPM,Grab Malaysia,N,N,Y,Y,34,13,0,23095.21,28788.67,345464.04,5
2026-09-02,73560289,Hasnah Rosli,Hasnah,Rosli,SINGLE,F,MALAYSIAN,Melaka,Southern,Malay,Agriculture,MORTGAGE,77195,"No 344, Jalan Harmoni 11",Taman Desa Jaya,"Ayer Keroh, Melaka",77818,77195,Supervisor,5,Bachelor Degree,Gamuda Berhad,N,N,N,Y,43,17,13,9548.22,12008.54,144102.48,5
2026-09-02,99853245,Ahmad Faizal,Ahmad,Faizal,MARRIED,M,MALAYSIAN,Sabah,East Malaysia,Malay,Plantation,OWNED,90326,"No 98, Jalan Utama 13",Taman Puchong Perdana,"Tawau, Sabah",91061,90326,Technician,3,Bachelor Degree,Dell Malaysia,N,N,Y,Y,38,12,9,19162.33,24869.77,298437.24,2
2026-09-02,25353091,Razak Danial,Razak,Danial,MARRIED,M,MALAYSIAN,Selangor,Central,Malay,Oil & Gas,RENTING,40078,"No 245, Jalan Utama 11",Taman Sentosa,"Subang Jaya, Selangor",63280,40078,Sales Executive,3,SPM,Gamuda Berhad,N,Y,Y,Y,34,6,5,14855.37,19035.86,228430.32,3
2026-09-02,85694715,Abdul Rahman Hafiz,Abdul Rahman,Hafiz,SINGLE,M,MALAYSIAN,Johor,Southern,Malay,Healthcare,OWNED,84983,"No 246, Jalan Perdana 14",Taman Desa Jaya,"Batu Pahat, Johor",85877,84983,Technician,1,SPM,Top Glove Corporation,N,Y,N,Y,57,27,26,14351.54,17886.45,214637.4,2
2026-09-02,39254705,Firdaus Mohd Faizal,Firdaus,Mohd Faizal,MARRIED,M,MALAYSIAN,Terengganu,East Coast,Malay,Oil & Gas,OWNED,20363,"No 328, Jalan Wawasan 2",Taman Taman Universiti,"Kemaman, Terengganu",20975,20363,Retail Assistant,2,Diploma,IOI Corporation,N,N,Y,N,47,6,14,7451.88,9960.34,119524.08,1
2026-09-02,72415804,Koh Wei Ming,Koh,Wei Ming,SINGLE,F,MALAYSIAN,Pahang,East Coast,Chinese,Manufacturing,RENTING,27187,"No 11, Jalan Mawar 5",Taman Bukit Indah,"Temerloh, Pahang",25227,27187,Sales Executive,1,Certificate,DiGi Telecommunications,N,N,Y,N,21,3,0,11345.35,14249.51,170994.12,2
2026-09-02,44392446,Siti Aishah Aiman,Siti Aishah,Aiman,MARRIED,F,MALAYSIAN,Negeri Sembilan,Southern,Malay,Hospitality,OWNED,73728,"No 48, Jalan Utama 15",Taman Bukit Indah,"Nilai, Negeri Sembilan",70298,73728,Technician,1,Diploma,Petronas,N,N,Y,Y,61,32,6,19107.81,25419.09,305029.08,1
2026-09-02,59512272,Loh Xin Yi,Loh,Xin Yi,SINGLE,M,MALAYSIAN,Perak,Northern,Chinese,Oil & Gas,EMPLOYER PROVIDED,33659,"No 1, Jalan Wawasan 8",Taman Bandar Baru,"Ipoh, Perak",35024,33659,Engineer,1,No Formal Education,Gamuda Berhad,N,N,Y,Y,36,10,15,8829.46,10477.4,125728.8,2
2026-09-02,32520277,Uma Ramasamy,Uma,Ramasamy,MARRIED,F,MALAYSIAN,Perak,Northern,Indian,Plantation,RENTING,35442,"No 162, Jalan Utama 18",Taman Bukit Beruntung,"Teluk Intan, Perak",34391,35442,IT Executive,5,Diploma,Petronas,N,Y,Y,Y,53,27,13,2453.58,3262.58,39150.96,5
2026-09-02,91321540,Mohd Faizal Rosli,Mohd Faizal,Rosli,MARRIED,M,MALAYSIAN,Pahang,East Coast,Malay,Manufacturing,MORTGAGE,25634,"No 117, Jalan Indah 4",Taman Taman Melawati,"Temerloh, Pahang",27754,25634,Army Personnel,5,Bachelor Degree,MISC Berhad,N,Y,N,N,34,1,6,9465.3,12692.45,152309.4,3
2026-09-02,91503378,Ismail Zulkifli,Ismail,Zulkifli,MARRIED,M,MALAYSIAN,Kuala Lumpur,Central,Malay,Construction,FAMILY OWNED,56740,"No 289, Jalan Suria 8",Taman Desa Jaya,"Setapak, Kuala Lumpur",53252,56740,Doctor,2,Bachelor Degree,Government of Malaysia,N,Y,Y,N,42,23,0,20773.84,24954.58,299454.96,3
2026-09-02,25372341,Loh Cheng Han,Loh,Cheng Han,WIDOWED,M,MALAYSIAN,Kelantan,East Coast,Chinese,Education,RENTING,18888,"No 167, Jalan Setia 20",Taman Desa Jaya,"Pasir Mas, Kelantan",15131,18888,Accountant,1,Diploma,DiGi Telecommunications,N,N,N,N,53,31,13,23804.83,29677.22,356126.64,2
2026-09-02,31980274,Nabil Khairul,Nabil,Khairul,SINGLE,M,MALAYSIAN,Selangor,Central,Others,Telecommunications,RENTING,46329,"No 25, Jalan Suria 11",Taman Puchong Perdana,"Kajang, Selangor",67918,46329,Accountant,3,Diploma,Dell Malaysia,N,N,N,Y,31,10,7,22683.24,27812.87,333754.44,2
2026-09-02,51746937,Fatimah Faizal,Fatimah,Faizal,MARRIED,F,MALAYSIAN,Sarawak,East Malaysia,Malay,Professional Services,OWNED,96913,"No 277, Jalan Delima 11",Taman Sri Gombak,"Sibu, Sarawak",96023,96913,Police Officer,2,Diploma,Grab Malaysia,N,N,Y,N,28,3,3,18848.06,22184.18,266210.16,1
2026-09-02,24508768,Rozita Halim,Rozita,Halim,MARRIED,F,MALAYSIAN,Pahang,East Coast,Malay,Education,RENTING,27166,"No 40, Jalan Merdeka 5",Taman Taman Melawati,"Temerloh, Pahang",27217,27166,Lecturer,2,SPM,Government of Malaysia,N,N,Y,N,32,12,3,14879.87,19459.56,233514.72,3
2026-09-02,87669750,Farah Nazri,Farah,Nazri,SINGLE,F,MALAYSIAN,Kelantan,East Coast,Malay,Agriculture,OWNED,15863,"No 232, Jalan Merdeka 8",Taman Kota Damansara,"Gua Musang, Kelantan",16762,15863,Manager,1,Master Degree,Gamuda Berhad,N,N,Y,Y,61,12,11,2212.56,2633.92,31607.04,5
2026-09-02,13446499,Arumugam Govindasamy,Arumugam,Govindasamy,WIDOWED,M,MALAYSIAN,Johor,Southern,Indian,Transportation,RENTING,80652,"No 18, Jalan Wawasan 15",Taman Taman Melawati,"Johor Bahru, Johor",79871,80652,Clerk,1,Bachelor Degree,Intel Malaysia,N,N,Y,N,63,23,9,14307.54,18743.82,224925.84,1
2026-09-02,51870192,Halimah Zaki,Halimah,Zaki,MARRIED,F,MALAYSIAN,Perak,Northern,Malay,Hospitality,EMPLOYER PROVIDED,32751,"No 59, Jalan Nuri 12",Taman Bukit Indah,"Taiping, Perak",34343,32751,Driver,2,SPM,Grab Malaysia,N,N,N,Y,51,1,23,23683.31,31742.59,380911.08,3
2026-09-02,87282128,Danial Halim,Danial,Halim,DIVORCED,M,MALAYSIAN,Johor,Southern,Malay,Government,OWNED,84242,"No 59, Jalan Suria 2",Taman Damansara Utama,"Muar, Johor",86009,84242,Supervisor,3,SPM,Genting Malaysia,N,N,N,Y,33,12,3,6026.88,7049.4,84592.8,1
2026-09-02,60372847,Bala Ramasamy,Bala,Ramasamy,MARRIED,M,MALAYSIAN,Kelantan,East Coast,Indian,Education,RENTING,16081,"No 68, Jalan Nuri 17",Taman Sentosa,"Kota Bharu, Kelantan",16069,16081,Administrator,2,Bachelor Degree,Astro Malaysia,N,Y,N,Y,35,16,13,7605.97,9709.62,116515.44,3
2026-09-02,63238057,Kamarul Abdul Rahman,Kamarul,Abdul Rahman,MARRIED,M,MALAYSIAN,Sarawak,East Malaysia,Malay,Education,FAMILY OWNED,95272,"No 132, Jalan Seroja 5",Taman Sri Melati,"Kuching, Sarawak",94586,95272,Civil Servant,2,Bachelor Degree,Astro Malaysia,N,Y,N,Y,51,21,6,7567.15,10094.07,121128.84,5
2026-09-02,36619372,Zulkifli Fauzi,Zulkifli,Fauzi,SINGLE,M,MALAYSIAN,Kedah,Northern,Others,Education,RENTING,08252,"No 14, Jalan Teratai 15",Taman Puchong Perdana,"Alor Setar, Kedah",08667,08252,Army Personnel,2,Diploma,Public Bank Berhad,N,N,Y,N,44,8,12,21652.41,29050.72,348608.64,4
2026-09-02,20200074,Arumugam Perumal,Arumugam,Perumal,SINGLE,M,MALAYSIAN,Pulau Pinang,Northern,Indian,Oil & Gas,OWNED,13069,"No 142, Jalan Merdeka 18",Taman Bandar Sunway,"Bukit Mertajam, Pulau Pinang",11273,13069,Teacher,1,SPM,Self Employed,N,Y,Y,Y,41,10,10,8704.32,11083.71,133004.52,4
2026-09-02,89470029,Azman Azman,Azman,Azman,MARRIED,M,MALAYSIAN,Pulau Pinang,Northern,Malay,Professional Services,MORTGAGE,11736,"No 323, Jalan Melati 10",Taman Bukit Indah,"Bukit Mertajam, Pulau Pinang",11657,11736,Doctor,1,SPM,Malayan Banking Berhad,N,N,Y,N,33,5,15,14810.26,19770.71,237248.52,3
2026-09-02,94187049,Kalidas Karuppiah,Kalidas,Karuppiah,MARRIED,M,MALAYSIAN,Selangor,Central,Indian,Hospitality,FAMILY OWNED,45643,"No 340, Jalan Murni 15",Taman Damansara Utama,"Subang Jaya, Selangor",66707,45643,Accountant,1,Master Degree,Government of Malaysia,N,N,N,Y,32,1,4,23024.52,27309.92,327719.04,5
2026-09-02,42594692,Nazri Ismail,Nazri,Ismail,MARRIED,M,MALAYSIAN,Terengganu,East Coast,Malay,Wholesale,OWNED,24492,"No 80, Jalan Delima 3",Taman Bukit Indah,"Marang, Terengganu",23067,24492,Accountant,3,Bachelor Degree,IOI Corporation,N,Y,Y,Y,43,2,16,13619.19,15837.51,190050.12,4
2026-09-02,23676961,Syafiqah Hafiz,Syafiqah,Hafiz,MARRIED,F,MALAYSIAN,Selangor,Central,Malay,Healthcare,MORTGAGE,48066,"No 113, Jalan Bahagia 7",Taman Bandar Baru,"Petaling Jaya, Selangor",40564,48066,Chef,2,SPM,Shopee Malaysia,N,Y,N,N,40,4,8,9748.02,12974.91,155698.92,4
2026-09-02,50477742,Alia Hakim,Alia,Hakim,MARRIED,F,MALAYSIAN,Pulau Pinang,Northern,Malay,Plantation,RENTING,11027,"No 145, Jalan Ria 11",Taman Bandar Sunway,"George Town, Pulau Pinang",11528,11027,Self-Employed,5,Primary,Self Employed,Y,N,N,N,58,10,8,14064.46,16770.37,201244.44,3
2026-09-02,90585882,Revathi Chandran,Revathi,Chandran,MARRIED,F,MALAYSIAN,Selangor,Central,Indian,Agriculture,OWNED,67560,"No 203, Jalan Mawar 1",Taman Seri Kembangan,"Kajang, Selangor",47574,67560,IT Executive,1,STPM,Proton Holdings,N,Y,N,Y,44,2,0,7727.56,9275.18,111302.16,3
2026-09-02,26247735,Lim Hui Min,Lim,Hui Min,MARRIED,F,MALAYSIAN,Kedah,Northern,Chinese,Wholesale,OWNED,08147,"No 229, Jalan Kenanga 9",Taman Sri Rampai,"Sungai Petani, Kedah",08458,08147,Army Personnel,2,Certificate,Top Glove Corporation,N,N,N,N,31,13,11,17322.15,20980.73,251768.76,4
2026-09-02,85958181,Chua Wai Kit,Chua,Wai Kit,MARRIED,M,MALAYSIAN,Kelantan,East Coast,Chinese,Telecommunications,RENTING,18298,"No 274, Jalan Murni 9",Taman Seri Kembangan,"Kota Bharu, Kelantan",15291,18298,Army Personnel,5,Bachelor Degree,DiGi Telecommunications,N,N,Y,N,32,7,1,11128.11,13573.6,162883.2,4
2026-09-02,15512205,Lau Mei Ling,Lau,Mei Ling,MARRIED,M,MALAYSIAN,Selangor,Central,Chinese,Healthcare,RENTING,65923,"No 54, Jalan Utama 12",Taman Bukit Indah,"Subang Jaya, Selangor",65681,65923,Administrator,3,Master Degree,Sime Darby Berhad,N,N,N,Y,21,1,1,9516.61,10950.69,131408.28,4
2026-09-02,56600900,Chan Jun Jie,Chan,Jun Jie,MARRIED,F,MALAYSIAN,Sabah,East Malaysia,Chinese,Healthcare,FAMILY OWNED,90409,"No 127, Jalan Cempaka 15",Taman Puchong Perdana,"Kota Kinabalu, Sabah",90086,90409,Clerk,5,SPM,Public Bank Berhad,N,N,Y,Y,45,17,5,3073.19,3707.87,44494.44,2
2026-09-02,81503856,Goh Yan Ping,Goh,Yan Ping,SINGLE,M,MALAYSIAN,Pulau Pinang,Northern,Chinese,Transportation,MORTGAGE,10848,"No 197, Jalan Nuri 9",Taman Taman Universiti,"George Town, Pulau Pinang",13077,10848,Engineer,3,Diploma,Proton Holdings,N,Y,Y,N,48,20,28,10070.41,11832.95,141995.4,5
2026-09-02,67495923,Farah Ahmad,Farah,Ahmad,WIDOWED,F,MALAYSIAN,Sabah,East Malaysia,Malay,Food & Beverage,OWNED,88767,"No 47, Jalan Merdeka 2",Taman Taman Melawati,"Sandakan, Sabah",90870,88767,Factory Worker,1,SPM,Astro Malaysia,N,Y,Y,N,36,12,6,18138.05,23286.96,279443.52,2
2026-09-02,98787891,Ho Yan Ping,Ho,Yan Ping,SINGLE,M,MALAYSIAN,Pahang,East Coast,Chinese,Oil & Gas,RENTING,25530,"No 309, Jalan Murni 16",Taman Bukit Beruntung,"Raub, Pahang",27777,25530,Army Personnel,5,SPM,Public Bank Berhad,N,Y,Y,N,32,12,6,7943.91,10081.17,120974.04,1
2026-09-02,59737181,Sofea Amir,Sofea,Amir,MARRIED,F,MALAYSIAN,Selangor,Central,Malay,Wholesale,RENTING,67502,"No 189, Jalan Kenanga 6",Taman Sri Melati,"Subang Jaya, Selangor",48582,67502,Businessman,5,SPM,Self Employed,Y,N,Y,N,40,6,11,3571.32,4504.73,54056.76,4
2026-09-02,19255216,Faizal Firdaus,Faizal,Firdaus,MARRIED,M,MALAYSIAN,Pulau Pinang,Northern,Malay,Food & Beverage,FAMILY OWNED,11570,"No 229, Jalan Indah 14",Taman Setia Alam,"Butterworth, Pulau Pinang",12080,11570,Police Officer,2,Bachelor Degree,Grab Malaysia,N,N,N,Y,47,6,15,5571.31,6665.04,79980.48,1
2026-09-02,77908907,Hafiz Syafiq,Hafiz,Syafiq,MARRIED,M,MALAYSIAN,Kelantan,East Coast,Malay,Food & Beverage,OWNED,15760,"No 31, Jalan Anggerik 18",Taman Damansara Utama,"Tumpat, Kelantan",18527,15760,Contractor,2,Bachelor Degree,Self Employed,Y,N,Y,Y,43,23,9,18558.17,24997.07,299964.84,2
2026-09-02,96911784,Faizal Mohd Faizal,Faizal,Mohd Faizal,MARRIED,M,MALAYSIAN,Sarawak,East Malaysia,Malay,Transportation,OWNED,96926,"No 259, Jalan Murni 4",Taman Bukit Beruntung,"Kuching, Sarawak",93762,96926,Engineer,5,STPM,MISC Berhad,N,N,N,Y,50,23,11,17815.96,22204.98,266459.76,5
2026-09-02,55799273,Faizal Syafiq,Faizal,Syafiq,MARRIED,M,MALAYSIAN,Perak,Northern,Malay,Healthcare,FAMILY OWNED,33112,"No 53, Jalan Ria 3",Taman Sri Gombak,"Taiping, Perak",35787,33112,Security Guard,5,STPM,Proton Holdings,N,N,Y,Y,65,14,7,21447.68,26636.62,319639.44,5
2026-09-02,11698142,Goh Chee Keong,Goh,Chee Keong,MARRIED,F,MALAYSIAN,Perak,Northern,Chinese,Transportation,RENTING,33006,"No 340, Jalan Anggerik 4",Taman Bukit Indah,"Sitiawan, Perak",30485,33006,Doctor,5,SPM,AEON Co (M) Bhd,N,N,Y,N,45,14,10,11588.4,14033.37,168400.44,3
2026-09-02,66379329,Foo Wei Ming,Foo,Wei Ming,MARRIED,M,MALAYSIAN,Kelantan,East Coast,Chinese,Food & Beverage,OWNED,16005,"No 282, Jalan Murni 12",Taman Taman Universiti,"Gua Musang, Kelantan",17824,16005,Engineer,1,STPM,Government of Malaysia,N,Y,N,N,46,24,23,2832.01,3420.92,41051.04,1
2026-09-02,75793759,Hakim Zulkifli,Hakim,Zulkifli,SINGLE,M,MALAYSIAN,Melaka,Southern,Malay,Construction,OWNED,77222,"No 290, Jalan Suria 7",Taman Sentosa,"Ayer Keroh, Melaka",75919,77222,Lecturer,3,SPM,IOI Corporation,N,N,Y,Y,31,12,13,10372.72,12351.46,148217.52,2
2026-09-02,24165187,Haikal Syafiq,Haikal,Syafiq,SINGLE,M,MALAYSIAN,Kuala Lumpur,Central,Malay,Construction,OWNED,54034,"No 46, Jalan Murni 2",Taman Taman Sri Muda,"Cheras, Kuala Lumpur",51523,54034,Army Personnel,5,Diploma,Petronas,N,N,Y,Y,31,6,7,10797.96,13882.46,166589.52,5
2026-09-02,68186525,Lee Li Wei,Lee,Li Wei,MARRIED,F,MALAYSIAN,Kelantan,East Coast,Chinese,Financial Services,RENTING,18148,"No 294, Jalan Suria 18",Taman Taman Sri Muda,"Kota Bharu, Kelantan",16247,18148,Security Guard,3,SPM,Sime Darby Berhad,N,N,Y,N,40,17,19,13635.1,18201.66,218419.92,5
2026-09-02,58612055,Khoo Cheng Han,Khoo,Cheng Han,SINGLE,F,MALAYSIAN,Terengganu,East Coast,Chinese,Retail Trade,RENTING,24790,"No 6, Jalan Delima 12",Taman Seri Kembangan,"Dungun, Terengganu",23538,24790,Civil Servant,3,Master Degree,Gamuda Berhad,N,N,N,Y,41,12,15,19347.65,24593.64,295123.68,5
2026-09-02,95306788,Halim Nazri,Halim,Nazri,MARRIED,M,MALAYSIAN,Selangor,Central,Malay,Professional Services,OWNED,68395,"No 279, Jalan Wawasan 2",Taman Sri Gombak,"Petaling Jaya, Selangor",63464,68395,Nurse,2,STPM,Malayan Banking Berhad,N,N,N,Y,33,0,1,13060.2,17282.41,207388.92,2
2026-09-02,71705170,Ganesan Rajoo,Ganesan,Rajoo,DIVORCED,M,MALAYSIAN,Kedah,Northern,Indian,Wholesale,RENTING,07677,"No 345, Jalan Teratai 18",Taman Kota Damansara,"Alor Setar, Kedah",08500,07677,Administrator,5,Bachelor Degree,Tenaga Nasional Berhad,N,Y,N,Y,59,35,37,5183.29,6953.69,83444.28,5
2026-09-02,30534124,Teoh Pei Shan,Teoh,Pei Shan,SINGLE,F,MALAYSIAN,Kelantan,East Coast,Chinese,Professional Services,FAMILY OWNED,16360,"No 15, Jalan Suria 2",Taman Sri Gombak,"Pasir Mas, Kelantan",18276,16360,Businessman,3,SPM,Self Employed,Y,Y,N,N,63,9,8,17767.05,20719.39,248632.68,2
2026-09-02,68450095,Nurul Ain Aiman,Nurul Ain,Aiman,MARRIED,F,MALAYSIAN,Kedah,Northern,Malay,Food & Beverage,OWNED,07443,"No 290, Jalan Melati 3",Taman Bandar Sunway,"Langkawi, Kedah",05351,07443,Civil Servant,3,SPM,Genting Malaysia,N,Y,Y,N,36,13,11,14814.25,19723.43,236681.16,2
2026-09-02,33640702,Chua Jun Jie,Chua,Jun Jie,MARRIED,M,MALAYSIAN,Selangor,Central,Chinese,Healthcare,RENTING,65153,"No 167, Jalan Melati 16",Taman Taman Sri Muda,"Subang Jaya, Selangor",65972,65153,Sales Executive,1,Master Degree,Astro Malaysia,N,N,N,Y,48,24,27,8021.51,9477.11,113725.32,2
2026-09-02,80027662,Aishah Muhammad,Aishah,Muhammad,MARRIED,F,MALAYSIAN,Selangor,Central,Others,Transportation,OWNED,42171,"No 229, Jalan Ria 12",Taman Seri Kembangan,"Petaling Jaya, Selangor",44503,42171,Lecturer,1,Bachelor Degree,Top Glove Corporation,N,N,N,N,23,3,5,10587.68,13274.65,159295.8,5
2026-09-02,97302916,Noraini Nabil,Noraini,Nabil,MARRIED,F,MALAYSIAN,Johor,Southern,Malay,Food & Beverage,OWNED,83432,"No 190, Jalan Harmoni 3",Taman Seri Kembangan,"Muar, Johor",85620,83432,Driver,5,Bachelor Degree,Government of Malaysia,N,N,Y,N,36,16,2,11014.05,14848.75,178185.0,5
2026-09-02,46249845,Nadia Nabil,Nadia,Nabil,SINGLE,F,MALAYSIAN,Selangor,Central,Malay,Oil & Gas,FAMILY OWNED,64642,"No 101, Jalan Suria 16",Taman Taman Sri Muda,"Klang, Selangor",63050,64642,Sales Executive,1,Master Degree,Gamuda Berhad,N,N,Y,N,45,26,9,4992.62,6092.77,73113.24,2
2026-09-02,92666356,Halimah Mohd Faizal,Halimah,Mohd Faizal,MARRIED,F,MALAYSIAN,Sabah,East Malaysia,Malay,Food & Beverage,MORTGAGE,89060,"No 100, Jalan Ria 13",Taman Kota Damansara,"Sandakan, Sabah",90593,89060,Security Guard,2,Certificate,Grab Malaysia,N,N,Y,Y,55,31,28,18383.31,23220.55,278646.6,3
2026-09-02,82232344,Low Jun Jie,Low,Jun Jie,MARRIED,M,MALAYSIAN,Perlis,Northern,Chinese,Hospitality,OWNED,02978,"No 73, Jalan Nuri 13",Taman Bukit Beruntung,"Kangar, Perlis",02375,02978,Technician,3,Bachelor Degree,Proton Holdings,N,N,N,N,37,2,3,24002.18,30881.95,370583.4,4
2026-09-02,74893936,Zaharah Danial,Zaharah,Danial,MARRIED,F,MALAYSIAN,Kuala Lumpur,Central,Malay,Wholesale,MORTGAGE,51791,"No 52, Jalan Perdana 10",Taman Taman Sri Muda,"Kuala Lumpur, Kuala Lumpur",50576,51791,Army Personnel,1,SPM,AirAsia Berhad,N,N,Y,N,54,21,35,18908.41,24483.37,293800.44,1
2026-09-02,72394301,Iskandar Shahrul,Iskandar,Shahrul,MARRIED,M,MALAYSIAN,Selangor,Central,Malay,Government,FAMILY OWNED,68964,"No 217, Jalan Anggerik 7",Taman Sri Rampai,"Shah Alam, Selangor",67655,68964,Self-Employed,2,Master Degree,Self Employed,Y,N,N,N,35,6,2,18168.2,23777.16,285325.92,4
2026-09-02,68461818,Chong Wei Ming,Chong,Wei Ming,SINGLE,F,MALAYSIAN,Selangor,Central,Chinese,Plantation,RENTING,40470,"No 301, Jalan Teratai 15",Taman Setia Alam,"Subang Jaya, Selangor",64331,40470,Administrator,3,STPM,Nestle (M) Berhad,N,N,Y,Y,23,2,1,10211.04,12489.6,149875.2,4
2026-09-02,89520597,Prakash Sinnasamy,Prakash,Sinnasamy,SINGLE,M,MALAYSIAN,Pulau Pinang,Northern,Indian,Food & Beverage,FAMILY OWNED,12709,"No 28, Jalan Nuri 9",Taman Bukit Indah,"Bukit Mertajam, Pulau Pinang",10817,12709,Police Officer,3,Diploma,Nestle (M) Berhad,N,N,Y,Y,62,24,11,24146.14,28346.09,340153.08,5
2026-09-02,46023439,Ismail Razak,Ismail,Razak,SINGLE,M,MALAYSIAN,Johor,Southern,Others,Agriculture,FAMILY OWNED,83212,"No 87, Jalan Indah 11",Taman Bukit Beruntung,"Segamat, Johor",83234,83212,Supervisor,2,SPM,MISC Berhad,N,N,Y,N,28,9,8,10974.31,14525.64,174307.68,4
2026-09-02,53258988,Ho Yan Ping,Ho,Yan Ping,MARRIED,M,MALAYSIAN,Selangor,Central,Chinese,Manufacturing,OWNED,63146,"No 348, Jalan Indah 11",Taman Bukit Beruntung,"Petaling Jaya, Selangor",67694,63146,Chef,3,SPM,Government of Malaysia,N,N,Y,Y,40,20,9,2812.05,3276.06,39312.72,5
2026-09-02,42949803,Vijay Krishnan,Vijay,Krishnan,DIVORCED,M,MALAYSIAN,Melaka,Southern,Indian,Plantation,OWNED,76477,"No 67, Jalan Ria 14",Taman Bukit Indah,"Alor Gajah, Melaka",75544,76477,Chef,1,Bachelor Degree,Government of Malaysia,N,Y,Y,Y,22,4,4,3329.33,3974.19,47690.28,3
2026-09-02,21631697,Gan Pei Shan,Gan,Pei Shan,SINGLE,F,MALAYSIAN,Kedah,Northern,Chinese,Telecommunications,OWNED,05714,"No 20, Jalan Merdeka 6",Taman Sri Gombak,"Sungai Petani, Kedah",06773,05714,Chef,5,Master Degree,Dell Malaysia,N,Y,N,N,60,9,12,6214.74,8112.22,97346.64,1
2026-09-02,47437115,Ismail Rosli,Ismail,Rosli,MARRIED,M,MALAYSIAN,Kuala Lumpur,Central,Malay,Financial Services,MORTGAGE,55458,"No 73, Jalan Setia 4",Taman Bukit Beruntung,"Setapak, Kuala Lumpur",50132,55458,Manager,5,Certificate,AEON Co (M) Bhd,N,N,Y,N,43,10,3,12482.08,15560.61,186727.32,4
2026-09-02,70505620,Zulkifli Kamarul,Zulkifli,Kamarul,SINGLE,M,MALAYSIAN,Selangor,Central,Malay,Agriculture,OWNED,63805,"No 254, Jalan Suria 3",Taman Bandar Sunway,"Petaling Jaya, Selangor",67590,63805,IT Executive,5,SPM,Proton Holdings,N,Y,Y,N,40,12,5,12658.84,16464.6,197575.2,4
2026-09-02,42730796,Nadia Iskandar,Nadia,Iskandar,MARRIED,F,MALAYSIAN,Sabah,East Malaysia,Malay,Hospitality,RENTING,88012,"No 100, Jalan Permai 7",Taman Bukit Beruntung,"Kota Kinabalu, Sabah",88389,88012,Contractor,5,Master Degree,Self Employed,Y,N,N,Y,42,13,15,9068.87,10851.59,130219.08,2
2026-09-02,72372114,Teoh Jun Jie,Teoh,Jun Jie,DIVORCED,F,MALAYSIAN,Selangor,Central,Chinese,Hospitality,OWNED,42966,"No 226, Jalan Anggerik 19",Taman Puchong Perdana,"Petaling Jaya, Selangor",63363,42966,Retail Assistant,2,Certificate,DiGi Telecommunications,N,Y,N,Y,57,9,13,20539.45,25457.45,305489.4,1
2026-09-02,86483924,Rozita Azman,Rozita,Azman,MARRIED,F,MALAYSIAN,Sarawak,East Malaysia,Others,Oil & Gas,OWNED,93636,"No 257, Jalan Nuri 19",Taman Bukit Indah,"Kuching, Sarawak",94873,93636,Doctor,2,PhD,Shopee Malaysia,N,N,N,Y,55,4,30,22637.84,29639.66,355675.92,5
2026-09-02,91917334,Azman Hakim,Azman,Hakim,SINGLE,M,MALAYSIAN,Sabah,East Malaysia,Malay,Food & Beverage,RENTING,89985,"No 120, Jalan Anggerik 2",Taman Sri Melati,"Kota Kinabalu, Sabah",89731,89985,Police Officer,1,No Formal Education,AEON Co (M) Bhd,N,N,Y,Y,35,9,5,22007.2,26699.99,320399.88,3
2026-09-02,99682738,Chin Jun Jie,Chin,Jun Jie,DIVORCED,F,MALAYSIAN,Sabah,East Malaysia,Chinese,Financial Services,MORTGAGE,88897,"No 291, Jalan Permai 1",Taman Taman Universiti,"Kota Kinabalu, Sabah",89277,88897,Chef,2,SPM,Public Bank Berhad,N,N,N,Y,51,19,10,6342.8,7301.23,87614.76,2
2026-09-02,60867083,Muhammad Danial,Muhammad,Danial,MARRIED,M,MALAYSIAN,Sabah,East Malaysia,Malay,Oil & Gas,MORTGAGE,89389,"No 110, Jalan Murni 5",Taman Seri Kembangan,"Kota Kinabalu, Sabah",90580,89389,Teacher,5,STPM,AirAsia Berhad,N,Y,N,N,61,31,10,13490.01,16205.83,194469.96,1
2026-09-02,55150390,Sofea Shahrul,Sofea,Shahrul,MARRIED,F,MALAYSIAN,Selangor,Central,Malay,Plantation,FAMILY OWNED,67155,"No 42, Jalan Ria 19",Taman Seri Kembangan,"Petaling Jaya, Selangor",68774,67155,Chef,2,STPM,MISC Berhad,N,N,Y,Y,27,3,2,20575.8,26910.95,322931.4,3
2026-09-02,13852048,Ismail Zaki,Ismail,Zaki,SINGLE,M,MALAYSIAN,Kuala Lumpur,Central,Malay,Retail Trade,OWNED,51652,"No 47, Jalan Setia 4",Taman Sri Rampai,"Bangsar, Kuala Lumpur",59125,51652,Accountant,5,Diploma,Dell Malaysia,N,N,N,N,44,16,12,24012.04,28277.51,339330.12,2
2026-09-02,76344695,Yeoh Pei Shan,Yeoh,Pei Shan,MARRIED,F,MALAYSIAN,Selangor,Central,Chinese,Government,MORTGAGE,47096,"No 282, Jalan Seroja 20",Taman Seri Kembangan,"Klang, Selangor",66322,47096,Chef,1,Diploma,Genting Malaysia,N,N,Y,N,33,6,0,15337.3,18918.35,227020.2,2
2026-09-02,53622663,Chua Chee Keong,Chua,Chee Keong,SINGLE,M,MALAYSIAN,Negeri Sembilan,Southern,Chinese,Food & Beverage,MORTGAGE,72505,"No 142, Jalan Cempaka 3",Taman Damansara Utama,"Seremban, Negeri Sembilan",73222,72505,Chef,2,Bachelor Degree,Astro Malaysia,N,N,Y,N,52,4,16,9796.85,12135.78,145629.36,2
2026-09-02,34406132,Chua Wai Kit,Chua,Wai Kit,SINGLE,M,MALAYSIAN,Johor,Southern,Chinese,Professional Services,RENTING,80849,"No 308, Jalan Merdeka 13",Taman Sri Gombak,"Muar, Johor",84367,80849,Nurse,5,SPM,Top Glove Corporation,N,N,Y,Y,36,0,5,15537.22,19112.32,229347.84,2
2026-09-02,75437844,Low Li Wei,Low,Li Wei,MARRIED,M,MALAYSIAN,Johor,Southern,Chinese,Plantation,RENTING,80055,"No 237, Jalan Mawar 15",Taman Bukit Beruntung,"Batu Pahat, Johor",84158,80055,Accountant,2,Bachelor Degree,AEON Co (M) Bhd,N,Y,N,N,22,2,3,21281.88,27455.12,329461.44,2
2026-09-02,38470244,Ainun Razak,Ainun,Razak,SINGLE,F,MALAYSIAN,Perak,Northern,Malay,Agriculture,RENTING,34554,"No 91, Jalan Murni 14",Taman Bukit Beruntung,"Sitiawan, Perak",30481,34554,Contractor,2,Diploma,Self Employed,Y,N,Y,Y,44,14,12,21905.99,28727.94,344735.28,3
2026-09-02,57623800,Nur Hidayah Faizal,Nur Hidayah,Faizal,MARRIED,F,MALAYSIAN,Sabah,East Malaysia,Malay,Professional Services,OWNED,90208,"No 242, Jalan Damai 16",Taman Bukit Beruntung,"Tawau, Sabah",89894,90208,Factory Worker,1,SPM,Public Bank Berhad,N,N,Y,Y,63,11,31,12501.9,16602.13,199225.56,5
2026-09-02,44675473,Ong Guan Eng,Ong,Guan Eng,SINGLE,M,MALAYSIAN,Johor,Southern,Chinese,Financial Services,RENTING,79876,"No 171, Jalan Cempaka 15",Taman Desa Jaya,"Batu Pahat, Johor",83204,79876,Chef,3,SPM,Sime Darby Berhad,N,N,Y,N,38,15,3,15422.01,20784.4,249412.8,3
2026-09-02,55679506,Abdul Rahman Danial,Abdul Rahman,Danial,MARRIED,M,MALAYSIAN,Kedah,Northern,Malay,Professional Services,OWNED,07800,"No 278, Jalan Cempaka 12",Taman Kota Damansara,"Langkawi, Kedah",06395,07800,Sales Executive,2,STPM,Proton Holdings,N,N,N,N,29,1,6,11686.27,14116.06,169392.72,1
2026-09-02,47535126,Zaharah Nabil,Zaharah,Nabil,MARRIED,F,MALAYSIAN,Pulau Pinang,Northern,Malay,Food & Beverage,FAMILY OWNED,14239,"No 75, Jalan Nuri 3",Taman Taman Sri Muda,"Bukit Mertajam, Pulau Pinang",13985,14239,Factory Worker,3,SPM,Sime Darby Berhad,N,N,N,N,41,14,17,15358.42,18901.25,226815.0,5
2026-09-02,90014570,Wong Sook Yee,Wong,Sook Yee,SINGLE,F,MALAYSIAN,Sarawak,East Malaysia,Chinese,Construction,OWNED,95368,"No 254, Jalan Damai 11",Taman Bandar Sunway,"Bintulu, Sarawak",93884,95368,Contractor,1,Certificate,Self Employed,Y,Y,Y,Y,32,7,8,11338.97,13441.65,161299.8,1
2026-09-02,47080140,Razak Azman,Razak,Azman,SINGLE,M,MALAYSIAN,Selangor,Central,Malay,Agriculture,OWNED,40945,"No 133, Jalan Anggerik 18",Taman Bandar Sunway,"Petaling Jaya, Selangor",42492,40945,Clerk,5,Bachelor Degree,Malayan Banking Berhad,N,N,Y,Y,33,11,13,12255.58,16505.22,198062.64,3
2026-09-02,84597009,Hasnah Ismail,Hasnah,Ismail,SINGLE,F,MALAYSIAN,Negeri Sembilan,Southern,Malay,Retail Trade,RENTING,71576,"No 287, Jalan Indah 14",Taman Sentosa,"Bahau, Negeri Sembilan",72314,71576,Factory Worker,3,Bachelor Degree,Tenaga Nasional Berhad,N,Y,N,Y,42,7,20,15960.6,18805.79,225669.48,5
2026-09-02,11362459,Lau Li Wei,Lau,Li Wei,MARRIED,M,MALAYSIAN,Terengganu,East Coast,Chinese,Wholesale,RENTING,21885,"No 169, Jalan Merdeka 15",Taman Seri Kembangan,"Kuala Terengganu, Terengganu",20105,21885,Accountant,3,Bachelor Degree,Sime Darby Berhad,N,N,Y,N,44,22,3,8699.47,10852.65,130231.8,1
2026-09-02,79340535,Aishah Zaki,Aishah,Zaki,SINGLE,F,MALAYSIAN,Kuala Lumpur,Central,Malay,Government,OWNED,52958,"No 292, Jalan Harmoni 17",Taman Setia Alam,"Bangsar, Kuala Lumpur",53100,52958,Manager,5,SPM,Intel Malaysia,N,N,Y,Y,63,4,23,3054.85,3872.19,46466.28,3
2026-09-02,35643159,Noraini Haikal,Noraini,Haikal,MARRIED,F,MALAYSIAN,Pulau Pinang,Northern,Malay,Education,FAMILY OWNED,11577,"No 82, Jalan Utama 15",Taman Sentosa,"Bayan Lepas, Pulau Pinang",12810,11577,Engineer,3,SPM,Dell Malaysia,N,N,Y,Y,25,1,7,24911.71,32675.01,392100.12,5
2026-09-02,21490777,Lee Mei Ling,Lee,Mei Ling,SINGLE,M,MALAYSIAN,Sarawak,East Malaysia,Chinese,Agriculture,MORTGAGE,97441,"No 229, Jalan Seroja 18",Taman Sri Gombak,"Kuching, Sarawak",96231,97441,Supervisor,5,Diploma,DiGi Telecommunications,N,N,Y,Y,33,7,15,2918.69,3579.47,42953.64,4
2026-09-02,42394260,Wong Zhi Hao,Wong,Zhi Hao,SINGLE,F,MALAYSIAN,Kedah,Northern,Chinese,Oil & Gas,RENTING,09604,"No 73, Jalan Melati 4",Taman Bandar Sunway,"Langkawi, Kedah",07465,09604,Army Personnel,3,Bachelor Degree,Astro Malaysia,N,N,Y,Y,51,6,22,24689.89,32299.76,387597.12,2
2026-09-02,64549859,Firdaus Nabil,Firdaus,Nabil,DIVORCED,M,MALAYSIAN,Sabah,East Malaysia,Malay,Government,MORTGAGE,88318,"No 110, Jalan Wawasan 20",Taman Kota Damansara,"Tawau, Sabah",89403,88318,Lecturer,3,SPM,Self Employed,N,N,Y,N,41,3,17,13482.5,15741.49,188897.88,5
2026-09-02,75575808,Suraya Nabil,Suraya,Nabil,SINGLE,F,MALAYSIAN,Melaka,Southern,Malay,Oil & Gas,FAMILY OWNED,76619,"No 35, Jalan Melati 8",Taman Bukit Beruntung,"Alor Gajah, Melaka",78510,76619,Accountant,5,STPM,Petronas,N,Y,Y,Y,65,12,13,7226.38,9589.12,115069.44,2
2026-09-02,84514489,Koh Guan Eng,Koh,Guan Eng,SINGLE,M,MALAYSIAN,Johor,Southern,Chinese,Professional Services,OWNED,86300,"No 7, Jalan Murni 18",Taman Bukit Indah,"Johor Bahru, Johor",83234,86300,Nurse,5,Bachelor Degree,Government of Malaysia,N,N,N,N,33,12,2,1631.99,2055.19,24662.28,4
2026-09-02,42255732,Zaleha Zulkifli,Zaleha,Zulkifli,MARRIED,F,MALAYSIAN,Kuala Lumpur,Central,Others,Telecommunications,RENTING,52703,"No 208, Jalan Utama 18",Taman Kota Damansara,"Setapak, Kuala Lumpur",51047,52703,Chef,1,Bachelor Degree,Intel Malaysia,N,N,N,Y,29,7,10,6696.88,7979.76,95757.12,5
2026-09-02,73900135,Sumathi Subramaniam,Sumathi,Subramaniam,WIDOWED,F,MALAYSIAN,Kedah,Northern,Indian,Professional Services,RENTING,07037,"No 335, Jalan Teratai 12",Taman Taman Melawati,"Langkawi, Kedah",06888,07037,Self-Employed,2,Bachelor Degree,Self Employed,Y,N,N,Y,51,18,21,11363.33,14599.02,175188.24,4
2026-09-02,96691619,Tan Wai Kit,Tan,Wai Kit,WIDOWED,F,MALAYSIAN,Perlis,Northern,Chinese,Retail Trade,MORTGAGE,01369,"No 93, Jalan Melati 11",Taman Taman Melawati,"Arau, Perlis",02008,01369,Doctor,3,SPM,Tenaga Nasional Berhad,N,N,Y,Y,52,29,9,24764.37,32954.89,395458.68,2
2026-09-02,75876924,Lau Chee Keong,Lau,Chee Keong,MARRIED,M,MALAYSIAN,Selangor,Central,Chinese,Transportation,FAMILY OWNED,64176,"No 93, Jalan Seroja 20",Taman Bukit Indah,"Petaling Jaya, Selangor",40075,64176,Police Officer,2,Bachelor Degree,Public Bank Berhad,N,N,Y,Y,33,3,15,15654.13,19155.34,229864.08,4
2026-09-02,70152969,Danial Firdaus,Danial,Firdaus,DIVORCED,M,MALAYSIAN,Sabah,East Malaysia,Malay,Manufacturing,RENTING,91073,"No 121, Jalan Utama 18",Taman Sri Melati,"Kota Kinabalu, Sabah",89425,91073,Lecturer,5,Diploma,Astro Malaysia,N,N,N,Y,54,16,8,21383.6,26120.87,313450.44,5
2026-09-02,12314351,Lau Yan Ping,Lau,Yan Ping,MARRIED,M,MALAYSIAN,Kedah,Northern,Chinese,Hospitality,EMPLOYER PROVIDED,08222,"No 266, Jalan Anggerik 3",Taman Puchong Perdana,"Langkawi, Kedah",09666,08222,Sales Executive,1,Certificate,Genting Malaysia,N,N,Y,Y,31,3,8,14009.9,17372.31,208467.72,4
2026-09-02,22489409,Kalidas Chandran,Kalidas,Chandran,SINGLE,M,MALAYSIAN,Selangor,Central,Indian,Education,RENTING,41541,"No 318, Jalan Indah 20",Taman Puchong Perdana,"Klang, Selangor",42674,41541,Engineer,3,SPM,Government of Malaysia,N,Y,N,Y,59,3,1,13958.87,17686.74,212240.88,2
2026-09-02,49491631,Aiman Zaki,Aiman,Zaki,SINGLE,M,MALAYSIAN,Johor,Southern,Malay,Construction,RENTING,86408,"No 176, Jalan Melati 15",Taman Bukit Beruntung,"Muar, Johor",85697,86408,Army Personnel,2,Diploma,Shopee Malaysia,N,N,Y,N,54,17,11,19583.17,24409.24,292910.88,1
2026-09-02,39742165,Danial Azman,Danial,Azman,DIVORCED,M,MALAYSIAN,Pahang,East Coast,Malay,Hospitality,OWNED,27926,"No 176, Jalan Merdeka 19",Taman Desa Jaya,"Raub, Pahang",27353,27926,Businessman,2,Bachelor Degree,Self Employed,Y,N,Y,N,62,26,21,6392.35,8549.42,102593.04,5
2026-09-02,64277800,Noraini Syafiq,Noraini,Syafiq,MARRIED,F,MALAYSIAN,Perak,Northern,Others,Construction,OWNED,32960,"No 150, Jalan Seroja 2",Taman Sri Melati,"Ipoh, Perak",33256,32960,Technician,1,Bachelor Degree,Tenaga Nasional Berhad,N,N,N,Y,31,8,6,20831.51,26381.31,316575.72,2
2026-09-02,42655866,Maziah Hakim,Maziah,Hakim,SINGLE,F,MALAYSIAN,Melaka,Southern,Malay,Education,RENTING,77048,"No 145, Jalan Indah 18",Taman Taman Sri Muda,"Ayer Keroh, Melaka",78527,77048,Technician,3,Diploma,Self Employed,N,N,N,N,30,1,11,8184.85,10720.03,128640.36,3
2026-09-02,51098277,Cheah Jia Hui,Cheah,Jia Hui,MARRIED,M,MALAYSIAN,Johor,Southern,Chinese,Government,OWNED,82631,"No 73, Jalan Permai 4",Taman Bandar Baru,"Muar, Johor",83639,82631,Accountant,3,STPM,Nestle (M) Berhad,N,Y,Y,Y,37,2,19,3426.8,4488.8,53865.6,4
2026-09-02,99115205,Amir Razak,Amir,Razak,SINGLE,M,MALAYSIAN,Sabah,East Malaysia,Malay,Agriculture,MORTGAGE,90670,"No 128, Jalan Setia 20",Taman Setia Alam,"Lahad Datu, Sabah",89180,90670,Factory Worker,5,Bachelor Degree,Government of Malaysia,N,N,N,Y,59,12,31,5656.94,7310.27,87723.24,1
2026-09-02,88055069,Nurul Ain Rosli,Nurul Ain,Rosli,MARRIED,F,MALAYSIAN,Johor,Southern,Others,Real Estate,OWNED,84820,"No 135, Jalan Teratai 1",Taman Bukit Indah,"Kluang, Johor",79054,84820,Army Personnel,2,Diploma,Proton Holdings,N,Y,N,Y,30,3,4,23728.71,27888.41,334660.92,4
2026-09-02,59529086,Zaleha Muhammad,Zaleha,Muhammad,DIVORCED,F,MALAYSIAN,Johor,Southern,Malay,Manufacturing,OWNED,83879,"No 349, Jalan Murni 2",Taman Taman Sri Muda,"Muar, Johor",82766,83879,Security Guard,3,Bachelor Degree,IOI Corporation,N,N,Y,N,40,8,2,11554.33,13719.35,164632.2,1
2026-09-02,73519947,Azman Ismail,Azman,Ismail,SINGLE,M,MALAYSIAN,Sabah,East Malaysia,Malay,Professional Services,OWNED,89257,"No 235, Jalan Setia 7",Taman Taman Sri Muda,"Tawau, Sabah",88224,89257,Retail Assistant,1,STPM,Gamuda Berhad,N,N,Y,Y,54,3,31,6626.0,8524.7,102296.4,3
2026-09-02,84285882,Sofea Danial,Sofea,Danial,WIDOWED,F,MALAYSIAN,Melaka,Southern,Malay,Telecommunications,OWNED,78797,"No 281, Jalan Melati 15",Taman Seri Kembangan,"Ayer Keroh, Melaka",78160,78797,Driver,5,Certificate,Self Employed,N,N,Y,N,63,17,7,19136.08,23160.04,277920.48,5
2026-09-02,81259135,Lau Siew Ling,Lau,Siew Ling,WIDOWED,F,MALAYSIAN,Kuala Lumpur,Central,Chinese,Transportation,RENTING,56732,"No 30, Jalan Cempaka 20",Taman Puchong Perdana,"Bangsar, Kuala Lumpur",51063,56732,Technician,1,Certificate,Malayan Banking Berhad,N,N,Y,N,31,2,8,24926.17,30683.19,368198.28,5
2026-09-02,56138336,Sim Guan Eng,Sim,Guan Eng,MARRIED,M,MALAYSIAN,Selangor,Central,Chinese,Healthcare,FAMILY OWNED,41466,"No 173, Jalan Seroja 3",Taman Bukit Beruntung,"Kajang, Selangor",48670,41466,Supervisor,3,Bachelor Degree,Government of Malaysia,N,N,Y,Y,43,14,18,1819.31,2388.46,28661.52,5
2026-09-02,67110154,Chan Jun Jie,Chan,Jun Jie,MARRIED,M,MALAYSIAN,Johor,Southern,Chinese,Telecommunications,OWNED,82523,"No 295, Jalan Harmoni 1",Taman Sri Rampai,"Muar, Johor",82105,82523,Contractor,3,Bachelor Degree,Self Employed,Y,N,Y,Y,63,7,16,22959.07,28942.88,347314.56,2
2026-09-02,83871890,Aishah Haikal,Aishah,Haikal,SINGLE,F,MALAYSIAN,Selangor,Central,Malay,Food & Beverage,OWNED,48873,"No 306, Jalan Harmoni 14",Taman Damansara Utama,"Petaling Jaya, Selangor",65659,48873,Businessman,2,SPM,Self Employed,Y,Y,Y,N,22,0,1,19292.28,24280.85,291370.2,3
2026-09-02,54398056,Koh Jun Jie,Koh,Jun Jie,SINGLE,M,MALAYSIAN,Johor,Southern,Chinese,Food & Beverage,OWNED,83652,"No 38, Jalan Indah 19",Taman Taman Melawati,"Muar, Johor",84366,83652,Accountant,1,Master Degree,DiGi Telecommunications,N,N,N,Y,56,23,38,2086.76,2410.74,28928.88,3
2026-09-02,57219209,Haikal Shahrul,Haikal,Shahrul,SINGLE,M,MALAYSIAN,Pahang,East Coast,Malay,Agriculture,OWNED,28143,"No 165, Jalan Harmoni 17",Taman Damansara Utama,"Bentong, Pahang",27936,28143,Security Guard,1,Bachelor Degree,Tenaga Nasional Berhad,N,N,N,N,36,0,0,1887.04,2484.01,29808.12,1
2026-09-02,70900658,Mohan Palanisamy,Mohan,Palanisamy,MARRIED,M,MALAYSIAN,Johor,Southern,Indian,Agriculture,OWNED,83990,"No 7, Jalan Cempaka 2",Taman Damansara Utama,"Muar, Johor",86539,83990,Manager,5,STPM,Grab Malaysia,N,N,Y,N,34,10,13,12773.6,16184.46,194213.52,4
2026-09-02,46361787,Muhammad Azman,Muhammad,Azman,MARRIED,M,MALAYSIAN,Selangor,Central,Others,Hospitality,RENTING,42380,"No 110, Jalan Harmoni 4",Taman Taman Melawati,"Klang, Selangor",64884,42380,Doctor,3,SPM,Tenaga Nasional Berhad,N,N,N,Y,49,14,20,10938.21,13750.3,165003.6,4
2026-09-02,51154241,Farah Zulkifli,Farah,Zulkifli,MARRIED,F,MALAYSIAN,Terengganu,East Coast,Malay,Hospitality,MORTGAGE,23599,"No 134, Jalan Delima 15",Taman Sri Melati,"Marang, Terengganu",20860,23599,Clerk,2,STPM,Self Employed,N,N,Y,Y,35,6,10,5868.03,6772.68,81272.16,1
2026-09-02,43742830,Mohd Faizal Muhammad,Mohd Faizal,Muhammad,SINGLE,M,MALAYSIAN,Selangor,Central,Malay,Construction,OWNED,68427,"No 104, Jalan Mawar 20",Taman Taman Melawati,"Kajang, Selangor",65428,68427,Clerk,3,SPM,DiGi Telecommunications,N,Y,N,N,53,5,7,12601.23,16741.23,200894.76,5
2026-09-02,40942292,Sivakumar Perumal,Sivakumar,Perumal,SINGLE,M,MALAYSIAN,Kedah,Northern,Indian,Retail Trade,MORTGAGE,05181,"No 123, Jalan Perdana 19",Taman Taman Universiti,"Kulim, Kedah",07694,05181,Engineer,3,Master Degree,Grab Malaysia,N,Y,N,Y,26,2,3,16314.95,19646.42,235757.04,1
2026-09-02,26194158,Syafiq Haikal,Syafiq,Haikal,SINGLE,M,MALAYSIAN,Perak,Northern,Malay,Healthcare,OWNED,33003,"No 329, Jalan Setia 4",Taman Seri Kembangan,"Ipoh, Perak",31303,33003,Manager,5,Diploma,Dell Malaysia,N,Y,Y,N,50,10,26,6542.81,8099.96,97199.52,4
2026-09-02,35848226,Dinesh Subramaniam,Dinesh,Subramaniam,MARRIED,M,MALAYSIAN,Perak,Northern,Indian,Food & Beverage,MORTGAGE,36343,"No 28, Jalan Merdeka 9",Taman Taman Universiti,"Taiping, Perak",31696,36343,Manager,2,Diploma,Intel Malaysia,N,Y,N,N,49,2,18,10228.43,13216.78,158601.36,3
2026-09-02,52352128,Aiman Halim,Aiman,Halim,MARRIED,M,MALAYSIAN,Selangor,Central,Malay,Education,OWNED,68094,"No 142, Jalan Murni 17",Taman Sri Rampai,"Shah Alam, Selangor",40249,68094,Factory Worker,5,STPM,Sime Darby Berhad,N,Y,Y,Y,52,3,0,22882.11,26514.03,318168.36,3
2026-09-02,26046365,Ravi Karuppiah,Ravi,Karuppiah,SINGLE,M,MALAYSIAN,Sarawak,East Malaysia,Indian,Financial Services,OWNED,93153,"No 237, Jalan Setia 12",Taman Sri Rampai,"Miri, Sarawak",93980,93153,Contractor,2,Diploma,Self Employed,Y,N,Y,N,22,0,3,5609.31,7024.59,84295.08,2
2026-09-02,81922443,Danial Syafiq,Danial,Syafiq,WIDOWED,M,MALAYSIAN,Sarawak,East Malaysia,Malay,Manufacturing,RENTING,98601,"No 24, Jalan Delima 6",Taman Taman Melawati,"Kuching, Sarawak",95952,98601,Contractor,2,SPM,Self Employed,Y,Y,N,N,59,28,33,11882.16,15275.01,183300.12,1
2026-09-02,34850391,Rosli Nabil,Rosli,Nabil,MARRIED,M,MALAYSIAN,Selangor,Central,Malay,Telecommunications,OWNED,63093,"No 111, Jalan Murni 1",Taman Bandar Baru,"Klang, Selangor",47370,63093,Police Officer,3,Diploma,Public Bank Berhad,N,N,Y,Y,42,13,24,23473.68,29586.04,355032.48,1
2026-09-02,35708194,Wan Norhaslinda Kamarul,Wan Norhaslinda,Kamarul,MARRIED,F,MALAYSIAN,Selangor,Central,Malay,Oil & Gas,OWNED,42406,"No 46, Jalan Mawar 19",Taman Sentosa,"Klang, Selangor",68129,42406,Engineer,5,Bachelor Degree,Nestle (M) Berhad,N,N,Y,Y,55,30,29,6387.82,7743.14,92917.68,2
2026-09-02,39042654,Syafiqah Abdul Rahman,Syafiqah,Abdul Rahman,MARRIED,F,MALAYSIAN,Johor,Southern,Malay,Professional Services,OWNED,83176,"No 245, Jalan Anggerik 17",Taman Sri Gombak,"Kluang, Johor",82734,83176,Accountant,3,SPM,IOI Corporation,N,N,N,Y,50,16,24,22314.06,27771.8,333261.6,5
2026-09-02,74988034,Rohana Hafiz,Rohana,Hafiz,MARRIED,F,MALAYSIAN,Selangor,Central,Malay,Financial Services,OWNED,43055,"No 124, Jalan Cempaka 16",Taman Bukit Beruntung,"Klang, Selangor",66288,43055,Retail Assistant,5,Bachelor Degree,Government of Malaysia,N,N,N,Y,23,0,5,14116.81,16508.13,198097.56,4
2026-09-02,47111151,Siti Aishah Kamarul,Siti Aishah,Kamarul,MARRIED,F,MALAYSIAN,Sabah,East Malaysia,Others,Transportation,OWNED,89896,"No 33, Jalan Merdeka 10",Taman Desa Jaya,"Sandakan, Sabah",91648,89896,Security Guard,5,Diploma,Shopee Malaysia,N,N,Y,N,47,8,0,12991.98,15288.89,183466.68,5
2026-09-02,89133014,Lee Sze Ying,Lee,Sze Ying,MARRIED,F,MALAYSIAN,Negeri Sembilan,Southern,Chinese,Agriculture,RENTING,71646,"No 218, Jalan Utama 1",Taman Taman Melawati,"Port Dickson, Negeri Sembilan",70619,71646,Engineer,2,Diploma,Grab Malaysia,N,N,N,N,40,5,6,20000.77,26175.12,314101.44,2
2026-09-02,80415568,Naresh Sinnasamy,Naresh,Sinnasamy,SINGLE,M,MALAYSIAN,Kuala Lumpur,Central,Indian,Healthcare,OWNED,59832,"No 128, Jalan Damai 6",Taman Bandar Baru,"Bangsar, Kuala Lumpur",60415,59832,Teacher,1,SPM,Self Employed,N,Y,Y,Y,21,2,1,15860.62,19453.23,233438.76,1
2026-09-02,90099897,Hakim Aiman,Hakim,Aiman,DIVORCED,M,MALAYSIAN,Terengganu,East Coast,Malay,Retail Trade,RENTING,20385,"No 67, Jalan Seroja 2",Taman Sri Rampai,"Marang, Terengganu",23437,20385,Chef,2,SPM,Tenaga Nasional Berhad,N,N,Y,Y,59,12,27,8177.32,9602.58,115230.96,4
2026-09-02,47983442,Nadia Azman,Nadia,Azman,MARRIED,F,MALAYSIAN,Johor,Southern,Malay,Education,RENTING,82857,"No 202, Jalan Melati 14",Taman Taman Melawati,"Muar, Johor",82875,82857,Lecturer,2,Master Degree,Gamuda Berhad,N,N,Y,N,49,17,23,10808.89,14523.13,174277.56,4
2026-09-02,23492385,Sivakumar Krishnan,Sivakumar,Krishnan,SINGLE,M,MALAYSIAN,Sarawak,East Malaysia,Indian,Financial Services,OWNED,93018,"No 272, Jalan Bahagia 7",Taman Sri Gombak,"Miri, Sarawak",93646,93018,Security Guard,3,SPM,Malayan Banking Berhad,N,N,Y,N,34,9,5,21732.19,28730.33,344763.96,3
2026-09-02,36054020,Hasnah Haikal,Hasnah,Haikal,SINGLE,F,MALAYSIAN,Melaka,Southern,Malay,Food & Beverage,RENTING,76417,"No 35, Jalan Setia 9",Taman Sri Melati,"Jasin, Melaka",75417,76417,Supervisor,5,SPM,Public Bank Berhad,N,N,N,N,22,0,2,3916.81,5001.3,60015.6,4
2026-09-02,49761527,Wan Norhaslinda Faizal,Wan Norhaslinda,Faizal,SINGLE,F,MALAYSIAN,Perak,Northern,Malay,Retail Trade,OWNED,34170,"No 145, Jalan Murni 18",Taman Sri Rampai,"Ipoh, Perak",34439,34170,Police Officer,2,Bachelor Degree,Sime Darby Berhad,N,N,Y,N,44,22,24,3191.75,3901.61,46819.32,4
2026-09-02,40532273,Saravanan Perumal,Saravanan,Perumal,MARRIED,M,MALAYSIAN,Johor,Southern,Indian,Hospitality,RENTING,81723,"No 321, Jalan Nuri 3",Taman Kota Damansara,"Muar, Johor",81532,81723,Chef,1,Diploma,Nestle (M) Berhad,N,N,N,Y,22,4,1,8297.94,9710.81,116529.72,2
2026-09-02,58436637,Hakim Muhammad,Hakim,Muhammad,SINGLE,M,MALAYSIAN,Terengganu,East Coast,Malay,Oil & Gas,FAMILY OWNED,22836,"No 217, Jalan Perdana 11",Taman Taman Sri Muda,"Kuala Terengganu, Terengganu",20993,22836,Manager,2,Master Degree,Malayan Banking Berhad,N,N,N,N,58,8,7,10011.41,11577.33,138927.96,4
2026-09-02,34084236,Nabil Muhammad,Nabil,Muhammad,MARRIED,M,MALAYSIAN,Perak,Northern,Malay,Hospitality,RENTING,33302,"No 80, Jalan Seroja 2",Taman Taman Universiti,"Sitiawan, Perak",32615,33302,Lecturer,3,SPM,Self Employed,N,N,Y,N,42,6,14,11226.28,13333.34,160000.08,2
2026-09-02,50569669,Ainun Syafiq,Ainun,Syafiq,SINGLE,F,MALAYSIAN,Sarawak,East Malaysia,Malay,Retail Trade,RENTING,94192,"No 156, Jalan Kenanga 1",Taman Sri Melati,"Bintulu, Sarawak",95764,94192,Administrator,5,SPM,Public Bank Berhad,N,N,N,Y,46,14,17,11020.53,13980.5,167766.0,2
2026-09-02,11898961,Rosli Hakim,Rosli,Hakim,MARRIED,M,MALAYSIAN,Kuala Lumpur,Central,Malay,Oil & Gas,RENTING,55750,"No 29, Jalan Indah 13",Taman Desa Jaya,"Bangsar, Kuala Lumpur",56529,55750,Technician,1,SPM,Petronas,N,N,N,N,40,15,12,18358.48,22438.13,269257.56,1
2026-09-02,81690398,Lau Li Wei,Lau,Li Wei,SINGLE,F,MALAYSIAN,Kelantan,East Coast,Chinese,Hospitality,RENTING,18596,"No 189, Jalan Nuri 15",Taman Damansara Utama,"Tumpat, Kelantan",18526,18596,Driver,5,SPM,Dell Malaysia,N,N,Y,Y,34,8,11,13254.21,17809.66,213715.92,5
2026-09-02,26989677,Fauzi Danial,Fauzi,Danial,MARRIED,M,MALAYSIAN,Pahang,East Coast,Malay,Professional Services,MORTGAGE,25649,"No 116, Jalan Damai 7",Taman Setia Alam,"Raub, Pahang",26654,25649,Businessman,3,SPM,Self Employed,Y,N,N,N,60,15,34,14711.58,18274.92,219299.04,5
2026-09-02,46817443,Ainun Abdul Rahman,Ainun,Abdul Rahman,DIVORCED,F,MALAYSIAN,Selangor,Central,Malay,Professional Services,RENTING,48258,"No 151, Jalan Ria 2",Taman Taman Universiti,"Shah Alam, Selangor",63486,48258,Clerk,5,STPM,Grab Malaysia,N,N,Y,N,59,6,15,9481.39,11948.15,143377.8,5
2026-09-02,16109013,Aiman Zulkifli,Aiman,Zulkifli,SINGLE,M,MALAYSIAN,Perak,Northern,Malay,Construction,RENTING,30887,"No 327, Jalan Permai 14",Taman Bukit Indah,"Sitiawan, Perak",33607,30887,Nurse,3,SPM,MISC Berhad,N,Y,Y,N,37,2,12,5026.04,6228.43,74741.16,2
2026-09-02,17318358,Razak Ahmad,Razak,Ahmad,MARRIED,M,MALAYSIAN,Sarawak,East Malaysia,Malay,Government,FAMILY OWNED,96180,"No 333, Jalan Merdeka 14",Taman Desa Jaya,"Miri, Sarawak",95946,96180,Technician,1,SPM,Grab Malaysia,N,Y,Y,Y,63,31,34,13853.96,17256.44,207077.28,1
2026-09-02,84270583,Meena Veerappan,Meena,Veerappan,SINGLE,F,MALAYSIAN,Johor,Southern,Indian,Plantation,MORTGAGE,85461,"No 243, Jalan Delima 2",Taman Taman Universiti,"Johor Bahru, Johor",80455,85461,Manager,2,Bachelor Degree,Genting Malaysia,N,N,N,Y,31,1,10,22498.59,30001.84,360022.08,2
2026-09-02,49209916,Ramesh Govindasamy,Ramesh,Govindasamy,MARRIED,M,MALAYSIAN,Selangor,Central,Indian,Plantation,OWNED,67636,"No 242, Jalan Melati 7",Taman Bandar Sunway,"Subang Jaya, Selangor",45859,67636,Engineer,3,SPM,Gamuda Berhad,N,N,Y,N,52,6,0,4272.7,5761.72,69140.64,3
2026-09-02,26948946,Prakash Karuppiah,Prakash,Karuppiah,MARRIED,M,MALAYSIAN,Pulau Pinang,Northern,Indian,Real Estate,OWNED,10542,"No 293, Jalan Perdana 9",Taman Bukit Beruntung,"Butterworth, Pulau Pinang",11770,10542,Sales Executive,5,Diploma,Tenaga Nasional Berhad,N,N,Y,N,44,11,1,20553.78,27634.69,331616.28,2
2026-09-02,95613415,Teoh Cheng Han,Teoh,Cheng Han,MARRIED,F,MALAYSIAN,Johor,Southern,Chinese,Food & Beverage,OWNED,86063,"No 179, Jalan Seroja 18",Taman Bandar Sunway,"Muar, Johor",79656,86063,Civil Servant,2,SPM,MISC Berhad,N,N,N,Y,45,6,15,18583.08,21991.93,263903.16,3
2026-09-02,75884623,Halim Razak,Halim,Razak,MARRIED,M,MALAYSIAN,Negeri Sembilan,Southern,Malay,Real Estate,OWNED,72165,"No 325, Jalan Melati 15",Taman Bandar Sunway,"Port Dickson, Negeri Sembilan",70618,72165,Police Officer,3,STPM,Malayan Banking Berhad,N,Y,Y,N,31,3,0,21225.89,28130.03,337560.36,2
2026-09-02,23769080,Rosli Ahmad,Rosli,Ahmad,MARRIED,M,MALAYSIAN,Kedah,Northern,Malay,Wholesale,FAMILY OWNED,08898,"No 47, Jalan Indah 1",Taman Puchong Perdana,"Alor Setar, Kedah",08260,08898,Driver,2,Bachelor Degree,MISC Berhad,N,N,N,Y,28,2,2,17821.91,21903.37,262840.44,3
2026-09-02,11646234,Arumugam Palanisamy,Arumugam,Palanisamy,MARRIED,M,MALAYSIAN,Pulau Pinang,Northern,Indian,Financial Services,MORTGAGE,10670,"No 105, Jalan Teratai 12",Taman Desa Jaya,"Bayan Lepas, Pulau Pinang",12875,10670,Civil Servant,1,STPM,Astro Malaysia,N,N,N,N,44,14,3,20772.69,26466.95,317603.4,4
2026-09-02,87049595,Lee Yee Ling,Lee,Yee Ling,MARRIED,F,MALAYSIAN,Selangor,Central,Chinese,Construction,RENTING,65462,"No 179, Jalan Murni 7",Taman Kota Damansara,"Subang Jaya, Selangor",41679,65462,Doctor,3,Bachelor Degree,Genting Malaysia,N,N,Y,N,24,3,0,8999.41,10837.59,130051.08,2
2026-09-02,48163378,Noraini Syafiq,Noraini,Syafiq,MARRIED,F,MALAYSIAN,Selangor,Central,Malay,Professional Services,RENTING,41928,"No 216, Jalan Harmoni 3",Taman Taman Melawati,"Petaling Jaya, Selangor",47552,41928,Businessman,2,SPM,Self Employed,Y,N,N,N,31,12,2,20400.34,26690.12,320281.44,2
2026-09-02,73001391,Ainun Khairul,Ainun,Khairul,WIDOWED,F,MALAYSIAN,Selangor,Central,Malay,Wholesale,OWNED,44446,"No 79, Jalan Kenanga 2",Taman Kota Damansara,"Petaling Jaya, Selangor",68067,44446,IT Executive,5,Bachelor Degree,AEON Co (M) Bhd,N,Y,Y,N,64,18,9,19499.32,22552.42,270629.04,3
2026-09-02,74251933,Fauzi Halim,Fauzi,Halim,SINGLE,M,MALAYSIAN,Kedah,Northern,Malay,Food & Beverage,MORTGAGE,05686,"No 195, Jalan Permai 9",Taman Bandar Sunway,"Kulim, Kedah",07026,05686,Lecturer,2,SPM,Gamuda Berhad,N,N,Y,Y,60,15,22,3244.87,4031.43,48377.16,1
2026-09-02,69118721,Malini Muniandy,Malini,Muniandy,MARRIED,F,MALAYSIAN,Johor,Southern,Indian,Healthcare,MORTGAGE,82744,"No 246, Jalan Kenanga 12",Taman Sri Melati,"Kluang, Johor",80321,82744,Clerk,3,SPM,Gamuda Berhad,N,N,Y,Y,38,10,20,20661.2,25862.07,310344.84,1
2026-09-02,55728776,Tan Mei Ling,Tan,Mei Ling,SINGLE,F,MALAYSIAN,Sabah,East Malaysia,Chinese,Construction,RENTING,88968,"No 230, Jalan Harmoni 13",Taman Sri Rampai,"Lahad Datu, Sabah",88258,88968,Contractor,1,SPM,Self Employed,Y,N,N,Y,65,24,13,3882.76,4485.59,53827.08,3
2026-09-02,34744872,Low Jia Hui,Low,Jia Hui,SINGLE,M,MALAYSIAN,Kedah,Northern,Chinese,Education,FAMILY OWNED,08207,"No 211, Jalan Melati 5",Taman Sri Rampai,"Sungai Petani, Kedah",09694,08207,Technician,3,SPM,Shopee Malaysia,N,Y,N,N,27,9,5,15734.96,18490.59,221887.08,3
2026-09-02,16895666,Vani Karuppiah,Vani,Karuppiah,MARRIED,F,MALAYSIAN,Kedah,Northern,Indian,Hospitality,OWNED,07010,"No 173, Jalan Utama 12",Taman Damansara Utama,"Alor Setar, Kedah",07775,07010,Technician,1,Bachelor Degree,Genting Malaysia,N,N,N,Y,26,6,2,14197.03,18241.21,218894.52,5
2026-09-02,43887075,Liyana Haikal,Liyana,Haikal,MARRIED,F,MALAYSIAN,Kelantan,East Coast,Malay,Hospitality,MORTGAGE,15928,"No 317, Jalan Bahagia 2",Taman Bukit Beruntung,"Pasir Mas, Kelantan",18736,15928,Contractor,2,Diploma,Self Employed,Y,N,N,N,38,20,9,16651.94,20597.7,247172.4,3
2026-09-02,74119726,Chong Boon Hong,Chong,Boon Hong,MARRIED,M,MALAYSIAN,Terengganu,East Coast,Chinese,Food & Beverage,RENTING,20906,"No 39, Jalan Nuri 1",Taman Sri Rampai,"Kuala Terengganu, Terengganu",22588,20906,Retail Assistant,3,SPM,Gamuda Berhad,N,Y,Y,Y,37,3,18,19991.69,26893.19,322718.28,4
2026-09-02,25312516,Yap Wai Kit,Yap,Wai Kit,SINGLE,F,MALAYSIAN,Kelantan,East Coast,Chinese,Education,RENTING,17023,"No 212, Jalan Kenanga 13",Taman Taman Universiti,"Gua Musang, Kelantan",16885,17023,Engineer,1,SPM,Dell Malaysia,N,N,Y,N,27,2,5,10565.91,13523.93,162287.16,1
2026-09-02,18770247,Teoh Sook Yee,Teoh,Sook Yee,SINGLE,F,MALAYSIAN,Selangor,Central,Chinese,Construction,MORTGAGE,68691,"No 314, Jalan Indah 3",Taman Seri Kembangan,"Petaling Jaya, Selangor",66545,68691,Administrator,1,Diploma,AirAsia Berhad,N,N,Y,Y,28,0,7,16164.61,21258.8,255105.6,1
2026-09-02,63782042,Meena Krishnan,Meena,Krishnan,MARRIED,F,MALAYSIAN,Sabah,East Malaysia,Indian,Manufacturing,OWNED,88293,"No 348, Jalan Anggerik 12",Taman Taman Universiti,"Tawau, Sabah",89857,88293,Retail Assistant,3,Diploma,Intel Malaysia,N,N,Y,N,34,4,4,1767.19,2258.23,27098.76,5
2026-09-02,76001106,Kamarul Aiman,Kamarul,Aiman,MARRIED,M,MALAYSIAN,Perak,Northern,Malay,Oil & Gas,FAMILY OWNED,31960,"No 289, Jalan Cempaka 6",Taman Sri Gombak,"Sitiawan, Perak",35444,31960,Self-Employed,3,Diploma,Self Employed,Y,N,Y,N,57,8,16,19186.64,22510.8,270129.6,2
2026-09-02,19943140,Danial Iskandar,Danial,Iskandar,MARRIED,M,MALAYSIAN,Pulau Pinang,Northern,Malay,Healthcare,MORTGAGE,12484,"No 330, Jalan Perdana 5",Taman Bandar Baru,"Bayan Lepas, Pulau Pinang",14781,12484,Nurse,2,SPM,Top Glove Corporation,N,N,Y,N,57,5,7,20682.28,26144.05,313728.6,3
2026-09-02,87446468,Naresh Muniandy,Naresh,Muniandy,MARRIED,M,MALAYSIAN,Pahang,East Coast,Indian,Education,FAMILY OWNED,27347,"No 74, Jalan Permai 16",Taman Sentosa,"Bentong, Pahang",28193,27347,Doctor,3,Certificate,DiGi Telecommunications,N,N,Y,Y,37,17,13,14147.47,18114.82,217377.84,3
2026-09-02,94482772,Toh Xin Yi,Toh,Xin Yi,SINGLE,M,MALAYSIAN,Sarawak,East Malaysia,Chinese,Agriculture,RENTING,93305,"No 188, Jalan Wawasan 6",Taman Bukit Beruntung,"Miri, Sarawak",95050,93305,Army Personnel,5,Bachelor Degree,Government of Malaysia,N,N,N,N,24,6,0,6089.27,7697.89,92374.68,1
2026-09-02,17195288,Liyana Hafiz,Liyana,Hafiz,MARRIED,F,MALAYSIAN,Selangor,Central,Malay,Financial Services,OWNED,41308,"No 177, Jalan Perdana 20",Taman Puchong Perdana,"Petaling Jaya, Selangor",63664,41308,Self-Employed,5,SPM,Self Employed,Y,N,N,N,39,11,4,19849.12,25554.36,306652.32,2
2026-09-02,30364454,Hakim Danial,Hakim,Danial,SINGLE,M,MALAYSIAN,Kuala Lumpur,Central,Malay,Retail Trade,OWNED,60772,"No 205, Jalan Merdeka 2",Taman Sri Gombak,"Cheras, Kuala Lumpur",59469,60772,Self-Employed,1,SPM,Self Employed,Y,Y,Y,N,57,4,24,2333.03,2844.08,34128.96,5
2026-09-02,30024960,Sumathi Chandran,Sumathi,Chandran,SINGLE,F,MALAYSIAN,Sarawak,East Malaysia,Indian,Oil & Gas,OWNED,94772,"No 246, Jalan Wawasan 2",Taman Bandar Baru,"Bintulu, Sarawak",96617,94772,Technician,5,SPM,Nestle (M) Berhad,N,N,N,N,32,9,1,13423.39,17308.49,207701.88,4
2026-09-02,85543051,Hafiz Abdul Rahman,Hafiz,Abdul Rahman,MARRIED,M,MALAYSIAN,Johor,Southern,Malay,Real Estate,RENTING,84200,"No 305, Jalan Melati 16",Taman Sri Gombak,"Kluang, Johor",84376,84200,Driver,3,STPM,Sime Darby Berhad,N,N,N,N,36,14,7,17283.2,20105.16,241261.92,3
2026-09-02,50780112,Chua Sze Ying,Chua,Sze Ying,SINGLE,F,MALAYSIAN,Perak,Northern,Chinese,Retail Trade,RENTING,32862,"No 56, Jalan Permai 12",Taman Taman Melawati,"Taiping, Perak",36436,32862,Self-Employed,2,Diploma,Self Employed,Y,Y,Y,Y,61,27,19,24713.39,30354.44,364253.28,2
2026-09-02,21432787,Tan Jun Jie,Tan,Jun Jie,DIVORCED,F,MALAYSIAN,Pulau Pinang,Northern,Chinese,Telecommunications,RENTING,13813,"No 12, Jalan Bahagia 11",Taman Taman Melawati,"Bukit Mertajam, Pulau Pinang",11170,13813,Teacher,5,Diploma,Petronas,N,Y,Y,Y,49,5,18,4986.47,6039.58,72474.96,3
2026-09-02,43311626,Mohd Faizal Zulkifli,Mohd Faizal,Zulkifli,WIDOWED,M,MALAYSIAN,Kuala Lumpur,Central,Malay,Agriculture,MORTGAGE,54189,"No 230, Jalan Bahagia 15",Taman Taman Sri Muda,"Bangsar, Kuala Lumpur",60231,54189,Engineer,1,Diploma,Intel Malaysia,N,N,Y,N,39,15,8,23473.72,30562.08,366744.96,4
2026-09-02,25898299,Firdaus Hafiz,Firdaus,Hafiz,MARRIED,M,MALAYSIAN,Johor,Southern,Malay,Manufacturing,RENTING,83606,"No 10, Jalan Indah 12",Taman Kota Damansara,"Johor Bahru, Johor",83436,83606,Teacher,1,Diploma,IOI Corporation,N,Y,Y,N,56,33,34,24998.98,29637.26,355647.12,4
2026-09-02,84903294,Danial Khairul,Danial,Khairul,MARRIED,M,MALAYSIAN,Kuala Lumpur,Central,Malay,Healthcare,RENTING,54621,"No 93, Jalan Bahagia 8",Taman Sentosa,"Setapak, Kuala Lumpur",58290,54621,Teacher,1,SPM,AirAsia Berhad,N,N,Y,Y,33,5,11,3132.21,3830.2,45962.4,1
2026-09-02,65857931,Chan Wei Ming,Chan,Wei Ming,MARRIED,F,MALAYSIAN,Kuala Lumpur,Central,Chinese,Transportation,RENTING,59579,"No 152, Jalan Utama 4",Taman Sentosa,"Cheras, Kuala Lumpur",57621,59579,Doctor,2,SPM,Top Glove Corporation,N,Y,N,Y,24,3,1,7429.09,8954.23,107450.76,3
2026-09-02,91378577,Zulkifli Fauzi,Zulkifli,Fauzi,DIVORCED,M,MALAYSIAN,Selangor,Central,Malay,Retail Trade,OWNED,41683,"No 5, Jalan Melati 17",Taman Bandar Baru,"Klang, Selangor",46703,41683,Businessman,2,Bachelor Degree,Self Employed,Y,N,Y,Y,26,4,4,11092.81,13974.44,167693.28,4
2026-09-02,90010790,Low Kah Wai,Low,Kah Wai,MARRIED,M,MALAYSIAN,Selangor,Central,Chinese,Plantation,FAMILY OWNED,65182,"No 5, Jalan Nuri 18",Taman Sri Melati,"Klang, Selangor",68342,65182,Security Guard,2,Diploma,Genting Malaysia,N,N,N,N,48,25,26,10733.94,13574.52,162894.24,4
2026-09-02,93002706,Khoo Sook Yee,Khoo,Sook Yee,MARRIED,F,MALAYSIAN,Perlis,Northern,Chinese,Oil & Gas,FAMILY OWNED,01153,"No 299, Jalan Perdana 15",Taman Setia Alam,"Kangar, Perlis",01626,01153,IT Executive,2,Bachelor Degree,Government of Malaysia,N,Y,N,Y,31,7,11,13637.95,15756.73,189080.76,4
2026-09-02,40291214,Sofea Khairul,Sofea,Khairul,DIVORCED,F,MALAYSIAN,Kedah,Northern,Malay,Construction,MORTGAGE,09491,"No 85, Jalan Bahagia 8",Taman Desa Jaya,"Alor Setar, Kedah",06578,09491,Clerk,2,Diploma,Gamuda Berhad,N,N,N,Y,22,2,3,11863.06,13687.63,164251.56,4
2026-09-02,80138498,Vani Krishnan,Vani,Krishnan,MARRIED,F,MALAYSIAN,Selangor,Central,Indian,Financial Services,RENTING,42887,"No 332, Jalan Cempaka 8",Taman Taman Melawati,"Klang, Selangor",63403,42887,Police Officer,2,SPM,Sime Darby Berhad,N,N,N,Y,46,19,5,4571.98,6081.23,72974.76,5
2026-09-02,61053474,Aishah Ridwan,Aishah,Ridwan,SINGLE,F,MALAYSIAN,Negeri Sembilan,Southern,Malay,Plantation,RENTING,73730,"No 59, Jalan Perdana 14",Taman Taman Universiti,"Port Dickson, Negeri Sembilan",72466,73730,Technician,5,SPM,AEON Co (M) Bhd,N,Y,Y,N,37,14,13,6685.66,8055.48,96665.76,4
2026-09-02,70467027,Nur Hidayah Ismail,Nur Hidayah,Ismail,MARRIED,F,MALAYSIAN,Selangor,Central,Malay,Food & Beverage,OWNED,45568,"No 272, Jalan Teratai 18",Taman Sentosa,"Shah Alam, Selangor",47851,45568,Contractor,3,Diploma,Self Employed,Y,N,N,Y,49,4,18,11472.29,13795.83,165549.96,1
2026-09-02,69421007,Low Sook Yee,Low,Sook Yee,MARRIED,M,MALAYSIAN,Perak,Northern,Chinese,Hospitality,RENTING,31205,"No 326, Jalan Wawasan 4",Taman Seri Kembangan,"Ipoh, Perak",31243,31205,Self-Employed,3,SPM,Self Employed,Y,Y,N,N,46,13,20,14830.62,17643.26,211719.12,3
2026-09-02,49910061,Razak Hakim,Razak,Hakim,MARRIED,M,MALAYSIAN,Selangor,Central,Malay,Education,OWNED,63304,"No 235, Jalan Mawar 10",Taman Bukit Beruntung,"Kajang, Selangor",45344,63304,Army Personnel,3,Diploma,Public Bank Berhad,N,N,N,Y,62,1,14,18020.71,22427.19,269126.28,3
2026-09-02,88990506,Zaharah Fauzi,Zaharah,Fauzi,SINGLE,F,MALAYSIAN,Johor,Southern,Malay,Agriculture,OWNED,84257,"No 68, Jalan Utama 16",Taman Sentosa,"Johor Bahru, Johor",80788,84257,Sales Executive,3,SPM,MISC Berhad,N,Y,Y,Y,65,21,20,9517.35,12098.55,145182.6,2
2026-09-02,67556566,Chua Boon Hong,Chua,Boon Hong,MARRIED,M,MALAYSIAN,Perak,Northern,Chinese,Oil & Gas,OWNED,30085,"No 219, Jalan Kenanga 3",Taman Desa Jaya,"Sitiawan, Perak",35076,30085,Retail Assistant,3,Bachelor Degree,Astro Malaysia,N,N,N,N,63,6,3,12473.43,16529.68,198356.16,3
2026-09-02,50987442,Zaleha Khairul,Zaleha,Khairul,WIDOWED,F,MALAYSIAN,Selangor,Central,Malay,Retail Trade,OWNED,64284,"No 252, Jalan Setia 12",Taman Bukit Beruntung,"Shah Alam, Selangor",46824,64284,Sales Executive,1,SPM,IOI Corporation,N,N,Y,N,42,20,22,2426.87,2936.56,35238.72,4
2026-09-02,86320155,Rozita Haikal,Rozita,Haikal,SINGLE,F,MALAYSIAN,Johor,Southern,Malay,Manufacturing,MORTGAGE,82814,"No 347, Jalan Harmoni 10",Taman Bukit Indah,"Muar, Johor",85217,82814,Administrator,3,SPM,AEON Co (M) Bhd,N,N,N,Y,62,19,34,6621.99,7645.88,91750.56,4
2026-09-02,93352876,Faizal Amir,Faizal,Amir,DIVORCED,M,MALAYSIAN,Negeri Sembilan,Southern,Malay,Financial Services,MORTGAGE,70773,"No 202, Jalan Cempaka 14",Taman Bandar Sunway,"Seremban, Negeri Sembilan",73082,70773,IT Executive,5,Bachelor Degree,Sime Darby Berhad,N,N,Y,N,44,2,3,14840.16,17484.22,209810.64,5
2026-09-02,18083974,Halimah Abdul Rahman,Halimah,Abdul Rahman,DIVORCED,F,MALAYSIAN,Selangor,Central,Malay,Government,OWNED,48291,"No 239, Jalan Utama 8",Taman Puchong Perdana,"Kajang, Selangor",66812,48291,IT Executive,2,SPM,MISC Berhad,N,Y,N,Y,28,7,3,6969.73,8730.09,104761.08,2
2026-09-02,91823275,Nazri Rosli,Nazri,Rosli,SINGLE,M,MALAYSIAN,Selangor,Central,Malay,Manufacturing,RENTING,40168,"No 304, Jalan Setia 2",Taman Bandar Sunway,"Kajang, Selangor",67152,40168,Engineer,1,Certificate,Gamuda Berhad,N,N,Y,N,40,14,14,22437.84,26870.65,322447.8,5
2026-09-02,23318904,Kumaran Sinnasamy,Kumaran,Sinnasamy,MARRIED,M,MALAYSIAN,Sarawak,East Malaysia,Indian,Manufacturing,OWNED,97349,"No 93, Jalan Kenanga 19",Taman Sentosa,"Miri, Sarawak",93206,97349,Accountant,5,SPM,IOI Corporation,N,N,Y,Y,32,4,13,8853.35,10902.45,130829.4,5
2026-09-02,37888820,Lim Guan Eng,Lim,Guan Eng,MARRIED,F,MALAYSIAN,Selangor,Central,Chinese,Real Estate,MORTGAGE,47921,"No 13, Jalan Utama 14",Taman Setia Alam,"Petaling Jaya, Selangor",66529,47921,Police Officer,3,SPM,Intel Malaysia,N,Y,N,Y,57,28,21,7156.54,9278.74,111344.88,5
2026-09-02,93955206,Gan Yee Ling,Gan,Yee Ling,MARRIED,F,MALAYSIAN,Perak,Northern,Chinese,Oil & Gas,OWNED,36162,"No 286, Jalan Delima 15",Taman Puchong Perdana,"Ipoh, Perak",34258,36162,Chef,1,PhD,Malayan Banking Berhad,N,N,N,Y,61,20,38,22222.99,27769.34,333232.08,2
2026-09-02,38323322,Low Boon Hong,Low,Boon Hong,MARRIED,F,MALAYSIAN,Terengganu,East Coast,Chinese,Food & Beverage,RENTING,21493,"No 18, Jalan Permai 17",Taman Bukit Indah,"Marang, Terengganu",20894,21493,Driver,2,SPM,Dell Malaysia,N,N,N,N,36,2,5,21159.6,26620.84,319450.08,2
2026-09-02,45520201,Koh Jun Jie,Koh,Jun Jie,MARRIED,F,MALAYSIAN,Selangor,Central,Chinese,Hospitality,RENTING,67247,"No 179, Jalan Kenanga 2",Taman Bukit Indah,"Shah Alam, Selangor",68387,67247,Technician,2,Bachelor Degree,Grab Malaysia,N,N,Y,N,64,5,33,20643.71,23754.42,285053.04,5
2026-09-02,98641164,Goh Sze Ying,Goh,Sze Ying,MARRIED,M,MALAYSIAN,Sarawak,East Malaysia,Chinese,Retail Trade,MORTGAGE,95702,"No 227, Jalan Kenanga 13",Taman Damansara Utama,"Kuching, Sarawak",97218,95702,Teacher,5,SPM,Tenaga Nasional Berhad,N,N,N,N,38,2,10,5481.58,7246.84,86962.08,1
2026-09-02,20896797,Loh Sook Yee,Loh,Sook Yee,MARRIED,F,MALAYSIAN,Selangor,Central,Chinese,Telecommunications,RENTING,68666,"No 79, Jalan Mawar 11",Taman Taman Sri Muda,"Petaling Jaya, Selangor",46963,68666,Doctor,3,Diploma,Grab Malaysia,N,N,N,N,51,30,8,13214.6,15283.19,183398.28,1
2026-09-02,31079846,Ridwan Faizal,Ridwan,Faizal,SINGLE,M,MALAYSIAN,Kedah,Northern,Malay,Food & Beverage,RENTING,07445,"No 158, Jalan Murni 4",Taman Taman Melawati,"Kulim, Kedah",09285,07445,Engineer,3,Bachelor Degree,Intel Malaysia,N,N,N,N,36,6,12,15246.02,17984.67,215816.04,1
2026-09-02,42194159,Lau Mei Ling,Lau,Mei Ling,SINGLE,F,MALAYSIAN,Kuala Lumpur,Central,Chinese,Manufacturing,OWNED,60999,"No 167, Jalan Ria 2",Taman Damansara Utama,"Kuala Lumpur, Kuala Lumpur",51960,60999,Civil Servant,1,SPM,Shopee Malaysia,N,N,N,N,36,10,17,13258.92,15950.12,191401.44,5
2026-09-02,33328859,Tan Yan Ping,Tan,Yan Ping,MARRIED,M,MALAYSIAN,Kedah,Northern,Chinese,Oil & Gas,OWNED,09134,"No 220, Jalan Damai 9",Taman Taman Sri Muda,"Sungai Petani, Kedah",08523,09134,Security Guard,1,STPM,Petronas,N,N,Y,N,57,34,33,1589.05,1900.93,22811.16,5
2026-09-02,84087145,Firdaus Shahrul,Firdaus,Shahrul,MARRIED,M,MALAYSIAN,Selangor,Central,Malay,Healthcare,FAMILY OWNED,63328,"No 302, Jalan Anggerik 2",Taman Bandar Baru,"Kajang, Selangor",63005,63328,Civil Servant,2,SPM,Tenaga Nasional Berhad,N,N,N,Y,30,4,1,16654.72,20623.63,247483.56,3
2026-09-02,20075036,Liyana Nabil,Liyana,Nabil,MARRIED,F,MALAYSIAN,Johor,Southern,Malay,Telecommunications,RENTING,85773,"No 242, Jalan Seroja 2",Taman Bandar Sunway,"Segamat, Johor",80527,85773,Doctor,2,Bachelor Degree,AEON Co (M) Bhd,N,N,Y,Y,58,35,37,1752.61,2140.07,25680.84,4
2026-09-02,31009452,Siti Aishah Azman,Siti Aishah,Azman,MARRIED,F,MALAYSIAN,Kelantan,East Coast,Others,Plantation,RENTING,18787,"No 248, Jalan Indah 12",Taman Setia Alam,"Gua Musang, Kelantan",17631,18787,Civil Servant,5,Bachelor Degree,MISC Berhad,N,Y,N,N,53,33,4,6498.71,7946.91,95362.92,1
2026-09-02,10359129,Tan Boon Hong,Tan,Boon Hong,MARRIED,F,MALAYSIAN,Selangor,Central,Chinese,Real Estate,RENTING,40535,"No 209, Jalan Utama 2",Taman Sri Rampai,"Subang Jaya, Selangor",41985,40535,Accountant,2,SPM,Tenaga Nasional Berhad,N,Y,Y,Y,58,7,18,23375.48,31266.36,375196.32,4
2026-09-02,64830300,Aminah Haikal,Aminah,Haikal,SINGLE,F,MALAYSIAN,Selangor,Central,Malay,Food & Beverage,RENTING,40672,"No 36, Jalan Damai 17",Taman Taman Universiti,"Klang, Selangor",65728,40672,Police Officer,5,SPM,Gamuda Berhad,N,N,Y,N,22,2,3,15102.81,18791.26,225495.12,5
2026-09-02,70465583,Hafiz Azman,Hafiz,Azman,MARRIED,M,MALAYSIAN,Johor,Southern,Malay,Telecommunications,MORTGAGE,85192,"No 50, Jalan Anggerik 5",Taman Bukit Indah,"Segamat, Johor",82586,85192,Security Guard,1,STPM,Malayan Banking Berhad,N,N,N,N,24,3,0,2372.02,2799.61,33595.32,5
2026-09-02,89699989,Shahrul Faizal,Shahrul,Faizal,SINGLE,M,MALAYSIAN,Melaka,Southern,Malay,Government,MORTGAGE,78782,"No 213, Jalan Anggerik 15",Taman Bandar Sunway,"Jasin, Melaka",75628,78782,Nurse,3,Bachelor Degree,Nestle (M) Berhad,N,N,Y,Y,55,26,22,17913.72,23930.47,287165.64,1
2026-09-02,73070585,Chong Zhi Hao,Chong,Zhi Hao,MARRIED,F,MALAYSIAN,Pahang,East Coast,Chinese,Hospitality,OWNED,28199,"No 198, Jalan Bahagia 13",Taman Seri Kembangan,"Bentong, Pahang",27648,28199,Teacher,5,Diploma,Sime Darby Berhad,N,N,N,N,29,6,7,14765.14,19316.49,231797.88,3
2026-09-02,49092160,Nur Hidayah Syafiq,Nur Hidayah,Syafiq,MARRIED,F,MALAYSIAN,Perak,Northern,Malay,Agriculture,RENTING,35626,"No 54, Jalan Permai 3",Taman Sri Gombak,"Sitiawan, Perak",32106,35626,Technician,3,Bachelor Degree,Tenaga Nasional Berhad,N,N,N,N,53,14,21,15664.72,20951.15,251413.8,5
2026-09-02,14380847,Kamarul Hafiz,Kamarul,Hafiz,MARRIED,M,MALAYSIAN,Selangor,Central,Malay,Construction,OWNED,64817,"No 289, Jalan Utama 14",Taman Bukit Beruntung,"Kajang, Selangor",64946,64817,Self-Employed,3,Bachelor Degree,Self Employed,Y,N,N,Y,60,15,34,10139.31,12059.41,144712.92,2
2026-09-02,41068214,Ong Sook Yee,Ong,Sook Yee,MARRIED,M,MALAYSIAN,Negeri Sembilan,Southern,Chinese,Wholesale,RENTING,70868,"No 85, Jalan Murni 14",Taman Sri Gombak,"Bahau, Negeri Sembilan",72374,70868,Contractor,1,SPM,Self Employed,Y,N,N,N,29,6,1,5875.12,7411.5,88938.0,4
2026-09-02,48668783,Hasnah Fauzi,Hasnah,Fauzi,SINGLE,F,MALAYSIAN,Perak,Northern,Malay,Agriculture,OWNED,31608,"No 76, Jalan Cempaka 9",Taman Damansara Utama,"Taiping, Perak",36500,31608,Businessman,3,SPM,Self Employed,Y,Y,Y,Y,43,9,16,8825.0,10899.77,130797.24,5
2026-09-02,47945817,Amir Amir,Amir,Amir,SINGLE,M,MALAYSIAN,Selangor,Central,Malay,Professional Services,RENTING,47949,"No 304, Jalan Merdeka 16",Taman Sri Melati,"Petaling Jaya, Selangor",44609,47949,Nurse,5,Diploma,Sime Darby Berhad,N,N,Y,Y,61,11,16,19206.95,25165.24,301982.88,1
2026-09-02,70939053,Ahmad Aiman,Ahmad,Aiman,SINGLE,M,MALAYSIAN,Selangor,Central,Malay,Education,RENTING,66500,"No 277, Jalan Wawasan 8",Taman Bandar Sunway,"Klang, Selangor",68732,66500,Accountant,2,Diploma,Sime Darby Berhad,N,N,N,N,46,18,24,9825.93,11329.9,135958.8,4
2026-09-02,19553585,Nabil Firdaus,Nabil,Firdaus,SINGLE,M,MALAYSIAN,Selangor,Central,Malay,Telecommunications,OWNED,46594,"No 303, Jalan Melati 8",Taman Kota Damansara,"Petaling Jaya, Selangor",40443,46594,Factory Worker,2,Bachelor Degree,Public Bank Berhad,N,N,N,Y,35,4,12,6983.04,9215.42,110585.04,5
2026-09-02,41329612,Sim Mun Yee,Sim,Mun Yee,SINGLE,M,MALAYSIAN,Kuala Lumpur,Central,Chinese,Professional Services,RENTING,50086,"No 110, Jalan Bahagia 14",Taman Sentosa,"Bangsar, Kuala Lumpur",60661,50086,Civil Servant,5,Certificate,AEON Co (M) Bhd,N,N,Y,N,64,28,2,14415.2,17765.13,213181.56,3
2026-09-02,45507920,Muthu Perumal,Muthu,Perumal,MARRIED,M,MALAYSIAN,Selangor,Central,Indian,Education,OWNED,67550,"No 118, Jalan Ria 3",Taman Bukit Indah,"Subang Jaya, Selangor",68251,67550,Police Officer,5,Bachelor Degree,Tenaga Nasional Berhad,N,Y,N,Y,22,3,3,12362.0,15473.88,185686.56,5
2026-09-02,93893865,Ainun Nazri,Ainun,Nazri,MARRIED,F,MALAYSIAN,Sabah,East Malaysia,Malay,Manufacturing,FAMILY OWNED,89072,"No 209, Jalan Seroja 14",Taman Taman Melawati,"Tawau, Sabah",89903,89072,Clerk,2,SPM,Top Glove Corporation,N,Y,N,N,54,11,18,8233.55,11045.04,132540.48,1
2026-09-02,89160218,Halim Ahmad,Halim,Ahmad,MARRIED,M,MALAYSIAN,Johor,Southern,Malay,Government,MORTGAGE,80106,"No 30, Jalan Merdeka 4",Taman Sri Melati,"Muar, Johor",79533,80106,Chef,1,Diploma,DiGi Telecommunications,N,N,Y,Y,29,1,4,3988.24,4917.43,59009.16,1
2026-09-02,98742485,Firdaus Firdaus,Firdaus,Firdaus,SINGLE,M,MALAYSIAN,Kedah,Northern,Malay,Manufacturing,OWNED,08036,"No 103, Jalan Setia 18",Taman Sentosa,"Kulim, Kedah",08432,08036,Security Guard,3,Diploma,Malayan Banking Berhad,N,N,Y,Y,49,7,31,15177.6,19371.21,232454.52,4
2026-09-02,36550845,Danial Hakim,Danial,Hakim,MARRIED,M,MALAYSIAN,Kelantan,East Coast,Malay,Professional Services,OWNED,16745,"No 258, Jalan Utama 17",Taman Setia Alam,"Gua Musang, Kelantan",17755,16745,Technician,2,Bachelor Degree,Astro Malaysia,N,N,N,N,28,1,7,3526.14,4210.35,50524.2,1
2026-09-02,67061186,Zulkifli Haikal,Zulkifli,Haikal,SINGLE,M,MALAYSIAN,Selangor,Central,Malay,Food & Beverage,OWNED,43576,"No 265, Jalan Bahagia 7",Taman Bukit Beruntung,"Subang Jaya, Selangor",47540,43576,Contractor,1,SPM,Self Employed,Y,Y,N,Y,46,18,15,8681.47,10739.58,128874.96,5
2026-09-02,25405014,Suresh Ramasamy,Suresh,Ramasamy,MARRIED,M,MALAYSIAN,Pahang,East Coast,Indian,Food & Beverage,MORTGAGE,25635,"No 349, Jalan Melati 3",Taman Desa Jaya,"Raub, Pahang",28214,25635,Manager,2,Bachelor Degree,Public Bank Berhad,N,N,Y,N,60,4,34,5015.74,5975.58,71706.96,1
2026-09-02,83089925,Halim Khairul,Halim,Khairul,SINGLE,M,MALAYSIAN,Sarawak,East Malaysia,Malay,Oil & Gas,OWNED,94626,"No 91, Jalan Delima 3",Taman Desa Jaya,"Bintulu, Sarawak",98090,94626,Accountant,2,STPM,Genting Malaysia,N,N,N,N,27,5,7,12181.95,15564.8,186777.6,3
2026-09-02,40173413,Haikal Rosli,Haikal,Rosli,MARRIED,M,MALAYSIAN,Johor,Southern,Malay,Telecommunications,OWNED,84922,"No 118, Jalan Merdeka 5",Taman Seri Kembangan,"Batu Pahat, Johor",79400,84922,Clerk,2,Diploma,AEON Co (M) Bhd,N,N,Y,Y,37,15,15,3967.15,5338.71,64064.52,3
2026-09-02,96924061,Mohd Faizal Haikal,Mohd Faizal,Haikal,SINGLE,M,MALAYSIAN,Kedah,Northern,Malay,Hospitality,MORTGAGE,08103,"No 317, Jalan Permai 8",Taman Taman Sri Muda,"Kulim, Kedah",05047,08103,Driver,1,STPM,Self Employed,N,N,N,Y,41,6,3,22436.26,28564.54,342774.48,4
2026-09-02,29997018,Zaleha Rosli,Zaleha,Rosli,SINGLE,F,MALAYSIAN,Sabah,East Malaysia,Malay,Construction,RENTING,89528,"No 307, Jalan Cempaka 20",Taman Puchong Perdana,"Tawau, Sabah",89649,89528,Driver,1,SPM,Grab Malaysia,N,N,Y,N,63,11,28,19934.13,23258.37,279100.44,4
2026-09-02,45652586,Ravi Veerappan,Ravi,Veerappan,WIDOWED,M,MALAYSIAN,Sarawak,East Malaysia,Indian,Construction,RENTING,93677,"No 295, Jalan Indah 3",Taman Seri Kembangan,"Kuching, Sarawak",96619,93677,Supervisor,3,PhD,Tenaga Nasional Berhad,N,N,N,N,60,28,27,16762.13,22338.47,268061.64,1
2026-09-02,29090631,Faizal Ismail,Faizal,Ismail,SINGLE,M,MALAYSIAN,Sabah,East Malaysia,Malay,Construction,MORTGAGE,89960,"No 207, Jalan Seroja 12",Taman Taman Melawati,"Sandakan, Sabah",90432,89960,Army Personnel,3,SPM,AirAsia Berhad,N,N,N,N,30,2,6,22453.98,27161.03,325932.36,4
2026-09-02,19584466,Kamarul Zaki,Kamarul,Zaki,WIDOWED,M,MALAYSIAN,Johor,Southern,Malay,Professional Services,OWNED,80004,"No 68, Jalan Setia 4",Taman Bandar Sunway,"Kluang, Johor",81876,80004,Manager,5,SPM,Public Bank Berhad,N,N,Y,Y,59,25,12,15748.17,19479.6,233755.2,5
2026-09-02,18004482,Ahmad Hafiz,Ahmad,Hafiz,MARRIED,M,MALAYSIAN,Pulau Pinang,Northern,Malay,Hospitality,OWNED,13420,"No 113, Jalan Nuri 12",Taman Setia Alam,"Bayan Lepas, Pulau Pinang",10136,13420,IT Executive,1,SPM,IOI Corporation,N,N,N,Y,23,0,4,2390.26,3156.7,37880.4,5
2026-09-02,32269779,Zulkifli Razak,Zulkifli,Razak,SINGLE,M,MALAYSIAN,Kelantan,East Coast,Malay,Agriculture,RENTING,16734,"No 161, Jalan Teratai 2",Taman Sentosa,"Gua Musang, Kelantan",16477,16734,Accountant,5,Bachelor Degree,Shopee Malaysia,N,N,N,N,38,13,16,5475.47,6448.24,77378.88,2
2026-09-02,51286958,Lim Wan Ting,Lim,Wan Ting,MARRIED,M,MALAYSIAN,Pulau Pinang,Northern,Chinese,Healthcare,RENTING,12245,"No 16, Jalan Murni 11",Taman Taman Universiti,"Bukit Mertajam, Pulau Pinang",12464,12245,Supervisor,1,Bachelor Degree,IOI Corporation,N,N,N,N,48,3,7,6651.22,7965.04,95580.48,3
2026-09-02,89865458,Teoh Boon Hong,Teoh,Boon Hong,SINGLE,M,MALAYSIAN,Sarawak,East Malaysia,Chinese,Agriculture,OWNED,94824,"No 244, Jalan Bahagia 17",Taman Puchong Perdana,"Kuching, Sarawak",93046,94824,Factory Worker,5,Bachelor Degree,Astro Malaysia,N,N,N,N,61,18,4,11668.05,14951.27,179415.24,4
2026-09-02,86397676,Firdaus Ahmad,Firdaus,Ahmad,DIVORCED,M,MALAYSIAN,Putrajaya,Central,Malay,Education,OWNED,62093,"No 252, Jalan Seroja 11",Taman Damansara Utama,"Putrajaya, Putrajaya",62147,62093,Clerk,5,Diploma,Intel Malaysia,N,N,Y,N,54,27,25,13677.16,18257.21,219086.52,3
2026-09-02,48736657,Faizal Hafiz,Faizal,Hafiz,SINGLE,M,MALAYSIAN,Terengganu,East Coast,Malay,Government,OWNED,21621,"No 115, Jalan Delima 6",Taman Damansara Utama,"Marang, Terengganu",23310,21621,Technician,1,Bachelor Degree,Tenaga Nasional Berhad,N,N,Y,Y,51,5,11,12138.79,14445.78,173349.36,3
2026-09-02,68942178,Ismail Ridwan,Ismail,Ridwan,MARRIED,M,MALAYSIAN,Kedah,Northern,Malay,Wholesale,OWNED,09304,"No 55, Jalan Teratai 5",Taman Taman Sri Muda,"Kulim, Kedah",05611,09304,Technician,5,Diploma,Gamuda Berhad,N,N,Y,Y,34,10,5,13286.03,16288.9,195466.8,2
2026-09-02,26690465,Azman Mohd Faizal,Azman,Mohd Faizal,MARRIED,M,MALAYSIAN,Sabah,East Malaysia,Malay,Wholesale,FAMILY OWNED,88391,"No 128, Jalan Melati 7",Taman Sri Rampai,"Tawau, Sabah",90459,88391,IT Executive,5,Bachelor Degree,Gamuda Berhad,N,N,N,Y,26,8,2,10802.95,13067.97,156815.64,1
2026-09-02,72907576,Zaki Ahmad,Zaki,Ahmad,MARRIED,M,MALAYSIAN,Kuala Lumpur,Central,Malay,Hospitality,RENTING,57527,"No 122, Jalan Murni 12",Taman Taman Melawati,"Bangsar, Kuala Lumpur",58223,57527,Businessman,5,Diploma,Self Employed,Y,Y,Y,N,46,26,1,2365.3,3145.7,37748.4,5
2026-09-02,50814428,Balqis Haikal,Balqis,Haikal,MARRIED,F,MALAYSIAN,Perak,Northern,Malay,Wholesale,FAMILY OWNED,33071,"No 210, Jalan Indah 2",Taman Desa Jaya,"Teluk Intan, Perak",33771,33071,Police Officer,2,Certificate,Astro Malaysia,N,N,N,Y,21,3,2,23433.78,31011.32,372135.84,3
2026-09-02,64023778,Chua Li Wei,Chua,Li Wei,MARRIED,F,MALAYSIAN,Sarawak,East Malaysia,Chinese,Agriculture,OWNED,96723,"No 311, Jalan Indah 10",Taman Bandar Baru,"Kuching, Sarawak",96871,96723,Doctor,5,Diploma,Top Glove Corporation,N,N,N,Y,52,34,26,24330.59,31519.72,378236.64,4
2026-09-02,46540265,Hasnah Fauzi,Hasnah,Fauzi,MARRIED,F,MALAYSIAN,Selangor,Central,Others,Telecommunications,MORTGAGE,41886,"No 166, Jalan Mawar 5",Taman Bandar Baru,"Petaling Jaya, Selangor",65998,41886,Chef,2,Master Degree,Government of Malaysia,N,N,N,Y,47,5,25,17557.52,22292.92,267515.04,3
2026-09-02,77172238,Fauzi Abdul Rahman,Fauzi,Abdul Rahman,MARRIED,M,MALAYSIAN,Selangor,Central,Malay,Education,MORTGAGE,48901,"No 149, Jalan Permai 3",Taman Taman Universiti,"Subang Jaya, Selangor",43334,48901,Factory Worker,5,SPM,Petronas,N,Y,Y,N,52,25,5,7813.79,9633.02,115596.24,2
2026-09-02,82475098,Yeoh Mei Ling,Yeoh,Mei Ling,WIDOWED,F,MALAYSIAN,Perak,Northern,Chinese,Government,RENTING,32279,"No 136, Jalan Delima 18",Taman Puchong Perdana,"Teluk Intan, Perak",32158,32279,Accountant,5,Diploma,DiGi Telecommunications,N,N,N,N,42,9,18,15304.66,18053.75,216645.0,3
2026-09-02,76276072,Cheah Cheng Han,Cheah,Cheng Han,MARRIED,M,MALAYSIAN,Selangor,Central,Chinese,Professional Services,OWNED,67868,"No 201, Jalan Setia 4",Taman Puchong Perdana,"Subang Jaya, Selangor",41572,67868,Businessman,3,PhD,Self Employed,Y,N,N,Y,28,4,0,20342.2,25303.98,303647.76,4
2026-09-02,68755000,Nur Hidayah Zaki,Nur Hidayah,Zaki,MARRIED,F,MALAYSIAN,Negeri Sembilan,Southern,Malay,Wholesale,OWNED,70315,"No 259, Jalan Cempaka 5",Taman Damansara Utama,"Nilai, Negeri Sembilan",71519,70315,Retail Assistant,1,STPM,Shopee Malaysia,N,N,Y,N,38,20,3,15095.5,17890.59,214687.08,1
2026-09-02,20796722,Lau Boon Hong,Lau,Boon Hong,MARRIED,F,MALAYSIAN,Kelantan,East Coast,Chinese,Wholesale,RENTING,15711,"No 290, Jalan Nuri 15",Taman Bukit Indah,"Kota Bharu, Kelantan",18787,15711,Chef,2,Diploma,Top Glove Corporation,N,N,Y,N,33,14,14,7319.31,8671.74,104060.88,2
2026-09-02,90267122,Kavitha Subramaniam,Kavitha,Subramaniam,MARRIED,F,MALAYSIAN,Sabah,East Malaysia,Indian,Financial Services,EMPLOYER PROVIDED,89468,"No 103, Jalan Utama 15",Taman Taman Sri Muda,"Lahad Datu, Sabah",89125,89468,Accountant,1,STPM,Dell Malaysia,N,N,N,N,28,3,10,24135.71,32222.44,386669.28,2
2026-09-02,15350023,Halim Khairul,Halim,Khairul,MARRIED,M,MALAYSIAN,Sabah,East Malaysia,Malay,Transportation,OWNED,88002,"No 65, Jalan Setia 3",Taman Bandar Baru,"Kota Kinabalu, Sabah",88434,88002,Businessman,1,STPM,Self Employed,Y,N,Y,Y,44,7,24,12962.8,15411.72,184940.64,1
2026-09-02,67985905,Vijay Govindasamy,Vijay,Govindasamy,MARRIED,M,MALAYSIAN,Selangor,Central,Indian,Hospitality,RENTING,63894,"No 139, Jalan Damai 20",Taman Seri Kembangan,"Shah Alam, Selangor",65064,63894,Police Officer,3,Master Degree,MISC Berhad,N,Y,Y,Y,25,5,0,13204.44,17697.05,212364.6,3
2026-09-02,53261270,Ismail Shahrul,Ismail,Shahrul,SINGLE,M,MALAYSIAN,Kuala Lumpur,Central,Malay,Government,FAMILY OWNED,58183,"No 48, Jalan Permai 8",Taman Bukit Indah,"Kuala Lumpur, Kuala Lumpur",50022,58183,Police Officer,2,Bachelor Degree,Public Bank Berhad,N,N,Y,N,51,4,11,3394.49,4388.74,52664.88,3
2026-09-02,91029073,Liyana Nabil,Liyana,Nabil,MARRIED,F,MALAYSIAN,Kelantan,East Coast,Malay,Education,MORTGAGE,18795,"No 44, Jalan Setia 2",Taman Taman Sri Muda,"Tumpat, Kelantan",17175,18795,IT Executive,2,SPM,Sime Darby Berhad,N,N,N,N,25,3,7,15992.48,18742.98,224915.76,3
2026-09-02,43603811,Bala Rajoo,Bala,Rajoo,SINGLE,M,MALAYSIAN,Labuan,East Malaysia,Indian,Financial Services,MORTGAGE,87420,"No 335, Jalan Mawar 4",Taman Bukit Beruntung,"Labuan, Labuan",87009,87420,Retail Assistant,1,SPM,Sime Darby Berhad,N,N,N,N,33,1,1,22801.14,29016.99,348203.88,5
2026-09-02,13471527,Ridwan Muhammad,Ridwan,Muhammad,SINGLE,M,MALAYSIAN,Perak,Northern,Malay,Government,MORTGAGE,35762,"No 160, Jalan Seroja 19",Taman Taman Melawati,"Sitiawan, Perak",32211,35762,Accountant,1,Bachelor Degree,Grab Malaysia,N,N,Y,Y,51,22,11,14403.8,17885.34,214624.08,5
2026-09-02,22257687,Haikal Halim,Haikal,Halim,SINGLE,M,MALAYSIAN,Kuala Lumpur,Central,Malay,Wholesale,RENTING,56117,"No 109, Jalan Perdana 17",Taman Damansara Utama,"Bangsar, Kuala Lumpur",58082,56117,Administrator,5,Bachelor Degree,Malayan Banking Berhad,N,N,Y,Y,31,11,12,9169.15,11715.4,140584.8,3
2026-09-02,40725714,Kohila Veerappan,Kohila,Veerappan,SINGLE,F,MALAYSIAN,Pahang,East Coast,Indian,Transportation,OWNED,28388,"No 88, Jalan Bahagia 12",Taman Sri Melati,"Bentong, Pahang",25749,28388,Driver,2,Bachelor Degree,Top Glove Corporation,N,N,Y,N,63,35,11,3884.87,5067.46,60809.52,5
2026-09-02,87201917,Hafiz Khairul,Hafiz,Khairul,MARRIED,M,MALAYSIAN,Selangor,Central,Malay,Professional Services,OWNED,63426,"No 237, Jalan Indah 6",Taman Taman Melawati,"Kajang, Selangor",63990,63426,Doctor,2,Diploma,Nestle (M) Berhad,N,N,Y,Y,61,2,8,4953.05,6450.42,77405.04,2
2026-09-02,88802305,Hafiz Muhammad,Hafiz,Muhammad,SINGLE,M,MALAYSIAN,Selangor,Central,Malay,Education,OWNED,46252,"No 30, Jalan Nuri 5",Taman Sentosa,"Petaling Jaya, Selangor",63823,46252,Teacher,3,SPM,IOI Corporation,N,N,N,Y,56,6,1,17366.58,22291.69,267500.28,3
2026-09-02,12784407,Nabil Nabil,Nabil,Nabil,MARRIED,M,MALAYSIAN,Sabah,East Malaysia,Malay,Education,FAMILY OWNED,91218,"No 25, Jalan Nuri 1",Taman Puchong Perdana,"Tawau, Sabah",89172,91218,Supervisor,1,SPM,Intel Malaysia,N,N,N,N,65,5,38,19923.56,26894.57,322734.84,4
2026-09-02,46173157,Ahmad Ahmad,Ahmad,Ahmad,MARRIED,M,MALAYSIAN,Selangor,Central,Malay,Agriculture,RENTING,47697,"No 265, Jalan Perdana 15",Taman Bukit Beruntung,"Shah Alam, Selangor",63614,47697,Chef,1,SPM,Public Bank Berhad,N,N,N,N,53,32,19,8733.01,10975.17,131702.04,4
2026-09-02,87342561,Aishah Hakim,Aishah,Hakim,MARRIED,F,MALAYSIAN,Selangor,Central,Malay,Construction,MORTGAGE,67955,"No 293, Jalan Utama 19",Taman Bukit Beruntung,"Shah Alam, Selangor",64904,67955,Manager,3,Bachelor Degree,Nestle (M) Berhad,N,N,N,N,61,5,13,2309.55,2722.59,32671.08,1
2026-09-02,15399803,Tan Jia Hui,Tan,Jia Hui,SINGLE,M,MALAYSIAN,Kelantan,East Coast,Chinese,Food & Beverage,OWNED,15897,"No 204, Jalan Nuri 20",Taman Sri Rampai,"Tumpat, Kelantan",15016,15897,Doctor,2,STPM,Sime Darby Berhad,N,N,N,N,30,9,3,9172.5,10919.35,131032.2,3
2026-09-02,33513701,Aiman Halim,Aiman,Halim,SINGLE,M,MALAYSIAN,Kelantan,East Coast,Malay,Transportation,OWNED,17925,"No 27, Jalan Melati 7",Taman Bandar Sunway,"Tumpat, Kelantan",18680,17925,Self-Employed,2,Diploma,Self Employed,Y,N,Y,Y,57,8,8,4333.18,5668.23,68018.76,5
2026-09-02,73149551,Low Mun Yee,Low,Mun Yee,SINGLE,F,MALAYSIAN,Sarawak,East Malaysia,Chinese,Professional Services,OWNED,95168,"No 282, Jalan Merdeka 1",Taman Damansara Utama,"Bintulu, Sarawak",98724,95168,Technician,5,SPM,Genting Malaysia,N,N,N,N,52,20,23,13939.0,18311.3,219735.6,5
2026-09-02,79654147,Chan Kah Wai,Chan,Kah Wai,MARRIED,M,MALAYSIAN,Kuala Lumpur,Central,Chinese,Agriculture,FAMILY OWNED,58945,"No 141, Jalan Bahagia 10",Taman Taman Sri Muda,"Setapak, Kuala Lumpur",59335,58945,Security Guard,3,SPM,Genting Malaysia,N,N,Y,Y,52,1,29,20591.81,26964.43,323573.16,5
2026-09-02,97444123,Aishah Ridwan,Aishah,Ridwan,DIVORCED,F,MALAYSIAN,Johor,Southern,Malay,Wholesale,MORTGAGE,84070,"No 89, Jalan Wawasan 2",Taman Sentosa,"Muar, Johor",80079,84070,IT Executive,2,SPM,IOI Corporation,N,N,N,Y,54,5,4,20688.44,25508.73,306104.76,2
2026-09-02,69355025,Amir Muhammad,Amir,Muhammad,MARRIED,M,MALAYSIAN,Pulau Pinang,Northern,Malay,Education,MORTGAGE,10147,"No 327, Jalan Murni 2",Taman Kota Damansara,"Butterworth, Pulau Pinang",13319,10147,Factory Worker,2,Bachelor Degree,Government of Malaysia,N,Y,Y,Y,42,20,14,3213.52,4242.34,50908.08,2
2026-09-02,47333543,Wong Jia Hui,Wong,Jia Hui,SINGLE,F,MALAYSIAN,Kedah,Northern,Chinese,Retail Trade,MORTGAGE,08655,"No 106, Jalan Perdana 5",Taman Taman Sri Muda,"Sungai Petani, Kedah",06182,08655,Civil Servant,2,Bachelor Degree,Top Glove Corporation,N,Y,N,N,26,8,5,9518.54,11779.62,141355.44,1
2026-09-02,34359060,Zaki Hakim,Zaki,Hakim,MARRIED,M,MALAYSIAN,Selangor,Central,Malay,Agriculture,OWNED,40072,"No 180, Jalan Cempaka 16",Taman Bandar Sunway,"Petaling Jaya, Selangor",42344,40072,Lecturer,2,Master Degree,Petronas,N,N,N,Y,60,19,30,15253.53,20548.09,246577.08,2
2026-09-02,88561612,Mohd Faizal Syafiq,Mohd Faizal,Syafiq,SINGLE,M,MALAYSIAN,Sabah,East Malaysia,Malay,Food & Beverage,OWNED,88836,"No 251, Jalan Merdeka 19",Taman Damansara Utama,"Kota Kinabalu, Sabah",88220,88836,Sales Executive,3,SPM,AirAsia Berhad,N,N,N,N,53,16,5,9079.92,10451.91,125422.92,4
2026-09-02,68503492,Cheah Mun Yee,Cheah,Mun Yee,SINGLE,M,MALAYSIAN,Kedah,Northern,Chinese,Oil & Gas,EMPLOYER PROVIDED,09827,"No 146, Jalan Setia 2",Taman Damansara Utama,"Sungai Petani, Kedah",08580,09827,Sales Executive,1,No Formal Education,Astro Malaysia,N,N,N,Y,65,1,38,3008.54,3603.72,43244.64,4
2026-09-02,95199362,Muhammad Azman,Muhammad,Azman,MARRIED,M,MALAYSIAN,Selangor,Central,Malay,Agriculture,OWNED,66997,"No 201, Jalan Delima 14",Taman Puchong Perdana,"Shah Alam, Selangor",64523,66997,Supervisor,3,Diploma,Top Glove Corporation,N,Y,N,Y,41,23,18,15683.61,20504.8,246057.6,2
2026-09-02,75998319,Rozita Mohd Faizal,Rozita,Mohd Faizal,SINGLE,F,MALAYSIAN,Putrajaya,Central,Malay,Agriculture,FAMILY OWNED,62187,"No 297, Jalan Perdana 16",Taman Puchong Perdana,"Putrajaya, Putrajaya",62554,62187,Nurse,3,SPM,Malayan Banking Berhad,N,N,Y,N,23,0,4,4684.27,6253.6,75043.2,5
2026-09-02,22246348,Rozita Abdul Rahman,Rozita,Abdul Rahman,DIVORCED,F,MALAYSIAN,Kedah,Northern,Others,Construction,RENTING,06512,"No 238, Jalan Cempaka 11",Taman Damansara Utama,"Sungai Petani, Kedah",05197,06512,Businessman,2,SPM,Self Employed,Y,Y,N,N,37,9,7,6751.63,7944.52,95334.24,1
2026-09-02,73083727,Lim Sze Ying,Lim,Sze Ying,SINGLE,M,MALAYSIAN,Melaka,Southern,Chinese,Food & Beverage,OWNED,76155,"No 174, Jalan Bahagia 5",Taman Sri Gombak,"Alor Gajah, Melaka",75504,76155,Civil Servant,1,SPM,MISC Berhad,N,N,N,N,57,18,1,10874.91,14509.35,174112.2,4
2026-09-02,56702542,Amir Haikal,Amir,Haikal,WIDOWED,M,MALAYSIAN,Pahang,East Coast,Malay,Agriculture,RENTING,27570,"No 99, Jalan Suria 6",Taman Sri Rampai,"Raub, Pahang",28595,27570,Administrator,1,SPM,Government of Malaysia,N,N,N,N,53,6,1,8995.27,12077.59,144931.08,1
2026-09-02,64807553,Yogeswari Veerappan,Yogeswari,Veerappan,MARRIED,F,MALAYSIAN,Selangor,Central,Indian,Construction,OWNED,68260,"No 124, Jalan Wawasan 17",Taman Sri Gombak,"Subang Jaya, Selangor",63148,68260,Security Guard,2,Bachelor Degree,AEON Co (M) Bhd,N,N,N,Y,56,32,6,1831.22,2144.78,25737.36,2
2026-09-02,54735895,Nazri Zulkifli,Nazri,Zulkifli,SINGLE,M,MALAYSIAN,Kuala Lumpur,Central,Malay,Retail Trade,RENTING,54632,"No 316, Jalan Delima 16",Taman Sri Rampai,"Cheras, Kuala Lumpur",56945,54632,Retail Assistant,3,SPM,Dell Malaysia,N,N,N,Y,64,19,16,24800.17,32487.98,389855.76,4
2026-09-02,53091709,Nur Hidayah Faizal,Nur Hidayah,Faizal,MARRIED,F,MALAYSIAN,Terengganu,East Coast,Malay,Real Estate,RENTING,21010,"No 245, Jalan Ria 2",Taman Bukit Indah,"Dungun, Terengganu",22731,21010,Civil Servant,1,SPM,MISC Berhad,N,N,Y,N,38,7,13,23905.83,31557.4,378688.8,1
2026-09-02,99943797,Khoo Hui Min,Khoo,Hui Min,SINGLE,M,MALAYSIAN,Kelantan,East Coast,Chinese,Transportation,RENTING,17514,"No 116, Jalan Merdeka 9",Taman Seri Kembangan,"Gua Musang, Kelantan",17881,17514,Police Officer,5,Certificate,Government of Malaysia,N,N,Y,Y,54,17,7,17113.94,22408.58,268902.96,5
2026-09-02,24039158,Rohana Fauzi,Rohana,Fauzi,SINGLE,F,MALAYSIAN,Johor,Southern,Others,Manufacturing,MORTGAGE,82166,"No 251, Jalan Ria 9",Taman Kota Damansara,"Segamat, Johor",84246,82166,Contractor,3,Diploma,Self Employed,Y,N,Y,Y,31,1,1,15298.84,17904.44,214853.28,2
