Expiry_DT,FirstSpend_DT,Block_Code,Block_Date,CIC_Status,Card_Status,AKPK_Status,Card_First_Emboss_Date,Card_Emboss_Date,Card_First_Activated_Date,Card_Activated_Date,CP_CL,CP_CL_Available,CA_CL,CA_CL_Available,CP_CL_Usage,CA_CL_Usage,CIF_ID,Account_No,Account_Agree_Sts,Virtual_Card_Flag,Wallet_Tier
20271015,20260925,,0,P,Active,Y,20260827,20260827,20260828,20260828,45500.0,26368.38,10230.35,2729.99,19131.62,7500.36,97588190,1000000000000000,N,N,Platinum
20290315,20260524,,0,P,Dormant,N,20260504,20260504,0,0,24500.0,23437.61,5371.07,5371.07,1062.39,0.0,85853367,1000000000000001,A,N,Platinum
20310215,20260717,,0,C,Dormant,N,20260630,20260630,20260705,20260705,22500.0,21385.44,9692.58,9692.58,1114.56,0.0,10007812,1000000000000002,N,N,Gold
20290515,20260606,,0,P,Active,Y,20260429,20260429,20260512,20260512,33500.0,33264.24,15256.77,10373.86,235.76,4882.91,49123810,1000000000000003,C,Y,Gold
20281115,20250901,,0,N,Dormant,N,20250824,20250824,0,0,40000.0,38745.42,11689.55,11689.55,1254.58,0.0,45830413,1000000000000004,A,N,Platinum
20290315,20260109,C,20260224,N,Blocked,N,20251220,20251220,20251226,20251226,39500.0,36540.12,12305.35,10111.0,2959.88,2194.35,90323465,1000000000000005,N,Y,Gold
20311215,20260922,,0,N,Active,N,20260829,20260829,20260831,20260831,26000.0,23288.63,6018.25,2605.79,2711.37,3412.46,45349744,1000000000000006,N,N,Platinum
20291215,20260623,,0,N,Active,N,20260602,20260602,20260612,20260612,34500.0,24851.98,9565.74,8951.86,9648.02,613.88,59287710,1000000000000007,A,N,Platinum
20290815,20251008,,0,P,Active,Y,20250911,20250911,20250910,20250910,20000.0,6070.2,8029.15,1707.28,13929.8,6321.87,25075778,1000000000000008,A,Y,Basic
20271215,20251124,,0,N,Active,Y,20251021,20251021,20251101,20251101,38000.0,29537.98,10699.9,7918.06,8462.02,2781.84,53609415,1000000000000009,C,Y,Platinum
20301115,20260215,,0,N,Dormant,N,20260208,20260208,0,0,35000.0,33529.11,13027.05,13027.05,1470.89,0.0,84226773,1000000000000010,N,N,Platinum
20290815,20260429,,0,C,Dormant,N,20260406,20260406,0,0,36000.0,35965.97,13413.56,13413.56,34.03,0.0,56089546,1000000000000011,N,Y,Platinum
20301215,20260104,,0,P,Active,N,20251213,20251213,20251227,20251227,28500.0,15616.72,8637.04,6335.03,12883.28,2302.01,10558017,1000000000000012,C,N,Silver
20300715,20260507,,0,P,Active,N,20260509,20260509,20260503,20260503,37000.0,16209.55,8891.85,2137.54,20790.45,6754.31,41975856,1000000000000013,C,N,Gold
20290915,20260407,,0,N,Active,N,20260310,20260310,20260308,20260308,34500.0,30578.34,14407.99,5348.47,3921.66,9059.52,79358085,1000000000000014,A,N,Gold
20290415,20260122,,0,N,Active,N,20251214,20251214,20251228,20251228,39500.0,24585.23,13620.18,3799.13,14914.77,9821.05,25084086,1000000000000015,N,Y,Platinum
20280815,20251107,,0,P,Active,Y,20251109,20251109,20251101,20251101,20500.0,5475.52,4884.78,4700.49,15024.48,184.29,54244154,1000000000000016,A,Y,Gold
20271015,20260808,,0,P,Active,Y,20260726,20260726,20260725,20260725,28000.0,15332.7,7547.61,4787.84,12667.3,2759.77,86518436,1000000000000017,A,Y,Platinum
20311215,20260528,,0,N,Active,N,20260503,20260503,20260503,20260503,32000.0,4584.04,9657.08,7102.68,27415.96,2554.4,72887387,1000000000000018,A,Y,Gold
20271015,20260110,,0,N,Active,Y,20251215,20251215,20251213,20251213,22500.0,14157.07,7502.24,5440.63,8342.93,2061.61,37308590,1000000000000019,C,N,Basic
20290115,20260611,,0,C,Dormant,N,20260610,20260610,0,0,44500.0,42298.4,21865.31,21865.31,2201.6,0.0,24305357,1000000000000020,A,Y,Platinum
20280315,20251211,,0,N,Active,N,20251126,20251126,20251129,20251129,35000.0,15081.4,13274.94,13130.04,19918.6,144.9,87290137,1000000000000021,C,N,Gold
20290715,20260921,,0,P,Active,N,20260906,20260906,20260909,20260909,39500.0,39500.0,17403.35,9809.75,0.0,7593.6,96272547,1000000000000022,N,Y,Platinum
20290615,20250912,,0,N,Dormant,Y,20250904,20250904,0,0,29000.0,28427.34,11633.75,11633.75,572.66,0.0,39883970,1000000000000023,C,N,Gold
20310215,20251008,,0,C,Dormant,N,20250909,20250909,0,0,16000.0,15474.36,3503.76,3503.76,525.64,0.0,93388962,1000000000000024,N,N,Platinum
20310515,20250929,,0,P,Dormant,Y,20250926,20250926,0,0,35000.0,33767.7,10617.48,10617.48,1232.3,0.0,97191317,1000000000000025,A,Y,Platinum
20270715,20260902,,0,P,Dormant,Y,20260803,20260803,0,0,38500.0,38429.27,11243.95,11243.95,70.73,0.0,84642078,1000000000000026,A,N,Gold
20310515,20260221,,0,C,Active,N,20260209,20260209,20260217,20260217,24500.0,13457.36,4904.82,2907.89,11042.64,1996.93,68548403,1000000000000027,A,N,Platinum
20310315,20250821,,0,P,Active,N,20250817,20250817,20250815,20250815,23000.0,10847.81,5320.99,1213.97,12152.19,4107.02,45792181,1000000000000028,A,Y,Silver
20300715,20251123,,0,N,Active,Y,20251118,20251118,20251122,20251122,29000.0,21569.03,12526.09,8218.72,7430.97,4307.37,60182044,1000000000000029,N,Y,Gold
20301115,20260709,,0,P,Active,Y,20260613,20260613,20260609,20260609,41000.0,22786.39,18695.98,13231.16,18213.61,5464.82,10842074,1000000000000030,N,Y,Gold
20280715,20260711,,0,P,Dormant,Y,20260706,20260706,20260705,20260705,15000.0,14693.28,6777.95,6777.95,306.72,0.0,71792473,1000000000000031,N,N,Platinum
20270515,20260106,,0,P,Active,Y,20251224,20251224,20251229,20251229,20500.0,6695.42,8184.84,6551.3,13804.58,1633.54,26103982,1000000000000032,A,Y,Gold
20290415,20260428,,0,P,Active,Y,20260419,20260419,20260422,20260422,48000.0,44900.98,15719.23,15215.73,3099.02,503.5,35817805,1000000000000033,A,N,Platinum
20310215,20250902,,0,N,Active,Y,20250820,20250820,20250826,20250826,34000.0,28144.72,11962.94,11738.14,5855.28,224.8,35728692,1000000000000034,A,Y,Gold
20271215,20250922,,0,P,Dormant,N,20250905,20250905,0,0,21500.0,20471.0,8799.57,8799.57,1029.0,0.0,62052210,1000000000000035,N,N,Gold
20301015,20260717,,0,C,Dormant,N,20260619,20260619,0,0,50500.0,49346.82,22147.95,22147.95,1153.18,0.0,39707606,1000000000000036,A,N,Gold
20270315,20260918,,0,P,Dormant,Y,20260821,20260821,0,0,41000.0,39771.43,9821.54,9821.54,1228.57,0.0,75694038,1000000000000037,N,N,Gold
20310115,20260917,,0,N,Active,N,20260908,20260908,20260911,20260911,42500.0,23531.53,19964.61,10486.14,18968.47,9478.47,41222956,1000000000000038,C,Y,Platinum
20310315,20251208,,0,C,Dormant,N,20251030,20251030,20251112,20251112,12500.0,12095.82,3060.16,3060.16,404.18,0.0,73437105,1000000000000039,C,N,Silver
20311015,20260329,,0,P,Dormant,N,20260307,20260307,0,0,42000.0,41846.68,9144.03,9144.03,153.32,0.0,18223029,1000000000000040,A,Y,Gold
20270415,20250915,,0,N,Active,Y,20250830,20250830,20250909,20250909,35000.0,14323.55,12853.45,3418.3,20676.45,9435.15,27418572,1000000000000041,A,Y,Silver
20281115,20260126,,0,P,Active,N,20260114,20260114,20260116,20260116,39500.0,30817.85,12017.79,9163.22,8682.15,2854.57,26596590,1000000000000042,N,N,Gold
20310415,20260310,,0,C,Active,Y,20260201,20260201,20260217,20260217,40000.0,28983.12,15755.54,12380.15,11016.88,3375.39,86219084,1000000000000043,C,N,Gold
20300515,20251027,,0,C,Active,Y,20251017,20251017,20251010,20251010,16000.0,8834.03,3749.03,3002.51,7165.97,746.52,96155859,1000000000000044,A,N,Basic
20300415,20260807,,0,C,Active,N,20260727,20260727,20260723,20260723,40500.0,11285.31,19669.94,17602.69,29214.69,2067.25,82230944,1000000000000045,C,N,Platinum
20290215,20260225,T,20260502,C,Blocked,N,20260211,20260211,20260223,20260223,39000.0,18824.01,15437.66,9012.89,20175.99,6424.77,17597364,1000000000000046,C,Y,Platinum
20310715,20260901,,0,P,Active,Y,20260803,20260803,20260819,20260819,39500.0,18444.25,19345.53,4990.62,21055.75,14354.91,72511618,1000000000000047,A,N,Gold
20280415,20260704,,0,N,Active,N,20260612,20260612,20260607,20260607,39000.0,21568.5,10060.23,9593.37,17431.5,466.86,56993293,1000000000000048,A,N,Gold
20300815,20260923,,0,N,Active,Y,20260827,20260827,20260831,20260831,13500.0,6734.79,3716.57,2505.05,6765.21,1211.52,91650533,1000000000000049,A,N,Basic
20271015,20250910,,0,N,Dormant,N,20250824,20250824,0,0,34000.0,32327.81,14005.17,14005.17,1672.19,0.0,70832175,1000000000000050,C,N,Platinum
20291115,20251008,,0,P,Dormant,Y,20250916,20250916,0,0,23000.0,22239.99,8578.02,8578.02,760.01,0.0,48499243,1000000000000051,A,Y,Platinum
20270515,20251010,,0,P,Active,Y,20250926,20250926,20251004,20251004,17000.0,13526.07,4579.19,3643.13,3473.93,936.06,51211454,1000000000000052,C,N,Platinum
20311215,20251101,,0,P,Dormant,Y,20251025,20251025,0,0,41000.0,40956.47,17923.13,17923.13,43.53,0.0,64662098,1000000000000053,C,N,Gold
20271115,20260518,,0,C,Dormant,N,20260514,20260514,0,0,11500.0,11129.54,3468.39,3468.39,370.46,0.0,52869025,1000000000000054,C,Y,Basic
20300215,20250926,,0,C,Active,N,20250911,20250911,20250922,20250922,34500.0,23105.01,15250.88,4605.26,11394.99,10645.62,87668208,1000000000000055,C,N,Gold
20311215,20260517,,0,P,Dormant,N,20260429,20260429,0,0,35500.0,34568.47,17172.32,17172.32,931.53,0.0,83335618,1000000000000056,C,N,Gold
20271115,20261023,,0,C,Dormant,Y,20260928,20260928,0,0,31000.0,29758.76,6509.91,6509.91,1241.24,0.0,48251875,1000000000000057,N,N,Platinum
20310615,20260118,,0,P,Active,Y,20251226,20251226,20251227,20251227,44500.0,23892.42,12671.31,11045.63,20607.58,1625.68,37134697,1000000000000058,C,N,Gold
20280715,20251124,,0,C,Active,N,20251106,20251106,20251107,20251107,24500.0,12990.38,7179.89,4927.77,11509.62,2252.12,70068638,1000000000000059,A,Y,Platinum
20300715,20260417,C,20260718,N,Blocked,Y,20260319,20260319,20260320,20260320,35000.0,24119.12,8966.25,3101.54,10880.88,5864.71,90487164,1000000000000060,N,Y,Gold
20300315,20260629,,0,N,Active,Y,20260618,20260618,20260610,20260610,49000.0,43257.19,19855.12,11910.84,5742.81,7944.28,31964828,1000000000000061,C,Y,Gold
20280315,20261003,,0,N,Active,Y,20260910,20260910,20260911,20260911,20000.0,14272.97,4412.51,1160.22,5727.03,3252.29,94715069,1000000000000062,C,N,Gold
20291115,20260106,,0,C,Active,N,20251206,20251206,20251224,20251224,24000.0,19178.31,8795.73,4428.65,4821.69,4367.08,97963754,1000000000000063,N,N,Gold
20310415,20260725,,0,N,Active,N,20260708,20260708,20260717,20260717,44500.0,36360.33,17819.73,13495.34,8139.67,4324.39,97591634,1000000000000064,N,N,Platinum
20300315,20251220,,0,N,Active,Y,20251126,20251126,20251209,20251209,51500.0,25246.15,21177.68,10136.1,26253.85,11041.58,38876693,1000000000000065,C,N,Gold
20270715,20251020,,0,P,Active,Y,20250915,20250915,20250925,20250925,60500.0,60500.0,16143.89,3333.33,0.0,12810.56,91644298,1000000000000066,C,N,Gold
20291015,20250902,,0,C,Active,Y,20250822,20250822,20250822,20250822,38500.0,26124.33,13277.51,4297.16,12375.67,8980.35,17105323,1000000000000067,A,N,Gold
20310315,20251228,,0,C,Active,Y,20251226,20251226,20251225,20251225,42000.0,35691.74,19150.61,15316.0,6308.26,3834.61,41720102,1000000000000068,A,N,Gold
20310115,20260522,,0,C,Dormant,N,20260521,20260521,0,0,38500.0,37962.25,8443.4,8443.4,537.75,0.0,66363505,1000000000000069,N,N,Platinum
20291115,20251101,,0,C,Dormant,N,20251005,20251005,0,0,9000.0,8785.54,3255.5,3255.5,214.46,0.0,19229212,1000000000000070,C,N,Platinum
20300415,20251209,,0,N,Active,N,20251030,20251030,20251110,20251110,47000.0,29051.58,9821.55,6278.53,17948.42,3543.02,50773548,1000000000000071,A,Y,Platinum
20290515,20260606,,0,N,Active,N,20260520,20260520,20260512,20260512,48500.0,45880.96,16823.81,6089.59,2619.04,10734.22,66497402,1000000000000072,N,Y,Gold
20310315,20260626,C,20260714,C,Blocked,N,20260610,20260610,20260618,20260618,29500.0,22577.94,9898.32,9276.23,6922.06,622.09,23724194,1000000000000073,A,N,Gold
20300115,20260115,,0,P,Active,Y,20260103,20260103,20260107,20260107,16000.0,11845.7,6069.02,5770.59,4154.3,298.43,99508850,1000000000000074,A,N,Gold
20291115,20260211,,0,N,Active,Y,20260111,20260111,20260118,20260118,33500.0,26502.93,13154.36,12082.67,6997.07,1071.69,71524281,1000000000000075,A,Y,Gold
20270515,20260308,,0,C,Active,N,20260226,20260226,20260306,20260306,30500.0,13737.48,14001.66,2890.85,16762.52,11110.81,55470218,1000000000000076,A,N,Platinum
20290615,20260810,,0,N,Dormant,Y,20260716,20260716,0,0,46500.0,46246.52,18611.93,18611.93,253.48,0.0,24561005,1000000000000077,C,Y,Platinum
20281015,20261008,,0,P,Dormant,Y,20260915,20260915,0,0,28500.0,27390.46,8123.33,8123.33,1109.54,0.0,46093287,1000000000000078,N,N,Silver
20280115,20260309,,0,N,Dormant,Y,20260301,20260301,0,0,30000.0,29016.83,13775.09,13775.09,983.17,0.0,17298381,1000000000000079,A,N,Platinum
20290615,20260125,,0,N,Active,N,20260106,20260106,20260109,20260109,44500.0,36334.21,9176.95,4423.88,8165.79,4753.07,47101348,1000000000000080,A,N,Platinum
20310515,20260410,T,20260301,C,Blocked,Y,20260307,20260307,20260313,20260313,31000.0,26079.4,12315.86,12207.13,4920.6,108.73,40212304,1000000000000081,N,N,Gold
20310415,20260530,,0,P,Dormant,N,20260503,20260503,0,0,11000.0,10866.74,2285.27,2285.27,133.26,0.0,48668446,1000000000000082,A,N,Platinum
20300815,20260305,,0,C,Dormant,N,20260220,20260220,0,0,38000.0,37002.29,9363.11,9363.11,997.71,0.0,95380264,1000000000000083,N,N,Gold
20270815,20260331,,0,C,Dormant,Y,20260314,20260314,0,0,22500.0,21847.84,10450.68,10450.68,652.16,0.0,24051169,1000000000000084,C,N,Silver
20270815,20260321,,0,C,Active,Y,20260303,20260303,20260306,20260306,43000.0,32474.67,16060.18,10108.94,10525.33,5951.24,57865055,1000000000000085,C,Y,Gold
20290615,20260514,,0,N,Dormant,N,20260517,20260517,20260512,20260512,54000.0,53016.77,24198.07,24198.07,983.23,0.0,64646168,1000000000000086,A,N,Gold
20300715,20260617,,0,C,Dormant,Y,20260609,20260609,20260608,20260608,17000.0,16268.0,5736.03,5736.03,732.0,0.0,74802325,1000000000000087,A,N,Gold
20281115,20260214,,0,P,Dormant,N,20260117,20260117,0,0,47000.0,46789.99,20948.46,20948.46,210.01,0.0,93305188,1000000000000088,C,N,Platinum
20270815,20260602,,0,C,Active,Y,20260519,20260519,20260515,20260515,33500.0,25711.11,10838.18,9021.16,7788.89,1817.02,29750059,1000000000000089,C,N,Gold
20300915,20260113,,0,C,Active,N,20251217,20251217,20251220,20251220,52000.0,50909.15,11912.07,9126.82,1090.85,2785.25,13414017,1000000000000090,A,Y,Platinum
20310315,20261018,,0,C,Active,Y,20261002,20261002,20261005,20261005,24000.0,11770.83,6202.34,2896.66,12229.17,3305.68,73073898,1000000000000091,N,N,Gold
20311215,20260215,,0,C,Active,N,20260201,20260201,20260211,20260211,21000.0,13354.77,10035.51,2931.42,7645.23,7104.09,41715154,1000000000000092,A,N,Gold
20281215,20260310,,0,C,Dormant,N,20260304,20260304,0,0,16500.0,16321.78,6395.11,6395.11,178.22,0.0,56739546,1000000000000093,N,Y,Basic
20300215,20261004,,0,P,Dormant,N,20260831,20260831,20260908,20260908,45000.0,44372.8,15661.53,15661.53,627.2,0.0,60185867,1000000000000094,C,N,Gold
20290215,20260919,,0,P,Dormant,N,20260826,20260826,20260828,20260828,38000.0,37006.25,13097.17,13097.17,993.75,0.0,99064042,1000000000000095,A,N,Platinum
20300215,20251101,,0,C,Dormant,N,20251014,20251014,0,0,32500.0,31275.2,12524.33,12524.33,1224.8,0.0,59987316,1000000000000096,A,N,Platinum
20290215,20260725,,0,N,Active,Y,20260627,20260627,20260702,20260702,51000.0,24273.34,21489.17,8531.89,26726.66,12957.28,65180948,1000000000000097,C,Y,Gold
20291115,20260104,,0,C,Dormant,Y,20251123,20251123,20251206,20251206,47000.0,46916.79,13354.79,13354.79,83.21,0.0,44323784,1000000000000098,N,N,Platinum
20291015,20260812,,0,N,Dormant,Y,20260722,20260722,0,0,49000.0,46641.79,10230.75,10230.75,2358.21,0.0,35578773,1000000000000099,C,N,Platinum
20311015,20260228,,0,C,Dormant,N,20260215,20260215,0,0,47000.0,45131.53,14246.7,14246.7,1868.47,0.0,52209421,1000000000000100,N,N,Gold
20280415,20250927,,0,P,Active,Y,20250912,20250912,20250922,20250922,24000.0,19514.4,8384.0,3046.24,4485.6,5337.76,86273803,1000000000000101,N,Y,Gold
20270415,20251015,,0,C,Active,Y,20250914,20250914,20250921,20250921,19000.0,9087.35,6900.9,4507.03,9912.65,2393.87,51460853,1000000000000102,C,Y,Basic
20300515,20260520,,0,C,Dormant,Y,20260505,20260505,20260504,20260504,20000.0,19500.85,4603.85,4603.85,499.15,0.0,91041439,1000000000000103,A,N,Gold
20311115,20260730,,0,P,Dormant,N,20260718,20260718,0,0,38500.0,36934.49,18619.5,18619.5,1565.51,0.0,58255231,1000000000000104,N,N,Platinum
20300615,20260118,,0,P,Dormant,N,20251227,20251227,0,0,53000.0,50715.6,20909.78,20909.78,2284.4,0.0,33827142,1000000000000105,A,N,Gold
20311115,20260927,,0,C,Active,N,20260905,20260905,20260921,20260921,40000.0,24265.11,9802.61,5077.28,15734.89,4725.33,62570183,1000000000000106,A,N,Gold
20280915,20260110,,0,P,Active,Y,20251211,20251211,20251226,20251226,26500.0,20210.07,8847.56,5437.45,6289.93,3410.11,61655958,1000000000000107,A,Y,Basic
20310415,20251213,,0,P,Dormant,N,20251212,20251212,0,0,41500.0,40752.99,11639.91,11639.91,747.01,0.0,15081624,1000000000000108,N,Y,Platinum
20290715,20260709,,0,C,Dormant,N,20260628,20260628,0,0,34000.0,33458.43,8832.8,8832.8,541.57,0.0,43792654,1000000000000109,C,N,Gold
20301015,20260719,,0,N,Dormant,N,20260622,20260622,0,0,45500.0,44090.28,19848.01,19848.01,1409.72,0.0,96574438,1000000000000110,A,Y,Platinum
20270915,20260131,,0,N,Dormant,Y,20260119,20260119,0,0,23500.0,22842.68,7312.83,7312.83,657.32,0.0,44184054,1000000000000111,A,Y,Platinum
20280915,20260303,,0,C,Dormant,N,20260130,20260130,20260216,20260216,52500.0,52200.5,12813.38,12813.38,299.5,0.0,57814619,1000000000000112,A,Y,Platinum
20270715,20261006,,0,C,Active,Y,20260906,20260906,20260908,20260908,40000.0,29564.34,13273.12,12922.1,10435.66,351.02,91979982,1000000000000113,C,Y,Platinum
20270315,20260509,,0,C,Active,Y,20260409,20260409,20260422,20260422,16500.0,8247.03,5577.32,3902.82,8252.97,1674.5,80889684,1000000000000114,C,Y,Silver
20270615,20260331,,0,C,Dormant,Y,20260321,20260321,0,0,48000.0,46096.21,22277.45,22277.45,1903.79,0.0,31450764,1000000000000115,A,Y,Gold
20300615,20261028,,0,N,Active,N,20260929,20260929,20261004,20261004,30000.0,20166.7,10741.66,7419.48,9833.3,3322.18,13852508,1000000000000116,C,N,Platinum
20310215,20260608,,0,N,Active,N,20260507,20260507,20260512,20260512,41000.0,36089.44,9465.16,6573.01,4910.56,2892.15,43562313,1000000000000117,C,N,Platinum
20300315,20260624,,0,P,Active,N,20260611,20260611,20260621,20260621,51000.0,31673.92,23759.87,18615.51,19326.08,5144.36,40757252,1000000000000118,N,N,Gold
20280115,20250913,,0,C,Dormant,Y,20250906,20250906,0,0,30500.0,29826.97,14140.46,14140.46,673.03,0.0,79550585,1000000000000119,A,N,Platinum
20270115,20260223,,0,P,Active,N,20260119,20260119,20260129,20260129,24000.0,17327.08,5381.39,5064.35,6672.92,317.04,88295121,1000000000000120,C,Y,Basic
20290415,20260112,,0,C,Dormant,Y,20251227,20251227,20251223,20251223,45500.0,44707.95,12316.1,12316.1,792.05,0.0,64162221,1000000000000121,C,Y,Platinum
20290215,20251230,,0,P,Dormant,N,20251212,20251212,0,0,26000.0,24764.89,9863.68,9863.68,1235.11,0.0,82712656,1000000000000122,C,N,Silver
20310915,20260603,,0,C,Active,N,20260429,20260429,20260512,20260512,20000.0,14460.88,4351.99,1880.4,5539.12,2471.59,45411876,1000000000000123,A,N,Gold
20300115,20260118,,0,C,Dormant,Y,20260107,20260107,20260113,20260113,22000.0,21195.99,5137.51,5137.51,804.01,0.0,49423056,1000000000000124,N,N,Platinum
20290915,20260906,,0,P,Active,N,20260730,20260730,20260807,20260807,17000.0,14916.98,4979.46,1170.74,2083.02,3808.72,28528338,1000000000000125,N,Y,Platinum
20310915,20260514,,0,N,Active,N,20260428,20260428,20260506,20260506,17500.0,12153.87,4570.81,3678.89,5346.13,891.92,13003845,1000000000000126,A,Y,Basic
20281015,20260715,,0,P,Active,Y,20260629,20260629,20260706,20260706,30000.0,20230.07,8482.61,2038.16,9769.93,6444.45,40055302,1000000000000127,C,N,Platinum
20290115,20260614,,0,C,Active,Y,20260512,20260512,20260518,20260518,33000.0,23235.49,7745.49,7502.68,9764.51,242.81,95689443,1000000000000128,N,N,Platinum
20290715,20251215,,0,N,Active,Y,20251110,20251110,20251122,20251122,28000.0,22626.32,5728.29,4503.32,5373.68,1224.97,72992763,1000000000000129,N,Y,Gold
20310315,20260421,T,20260304,C,Blocked,N,20260320,20260320,20260403,20260403,45500.0,31365.88,16221.14,3899.02,14134.12,12322.12,41154021,1000000000000130,N,N,Gold
20291015,20260919,,0,N,Active,Y,20260824,20260824,20260831,20260831,50500.0,39208.7,25213.82,23773.17,11291.3,1440.65,20159556,1000000000000131,N,N,Gold
20311015,20260506,L,20260622,P,Blocked,Y,20260501,20260501,0,0,23000.0,21957.6,9064.31,9064.31,1042.4,0.0,79241651,1000000000000132,N,N,Platinum
20280315,20260301,,0,C,Active,Y,20260213,20260213,20260216,20260216,52000.0,38800.45,24529.94,18996.7,13199.55,5533.24,62215999,1000000000000133,N,N,Platinum
20270415,20260707,,0,P,Dormant,Y,20260703,20260703,0,0,40500.0,39249.81,14293.69,14293.69,1250.19,0.0,31368427,1000000000000134,A,N,Platinum
20310115,20260423,,0,P,Active,Y,20260420,20260420,20260418,20260418,38500.0,34859.89,16587.88,4623.31,3640.11,11964.57,60525308,1000000000000135,C,Y,Platinum
20300715,20260307,,0,C,Active,N,20260210,20260210,20260211,20260211,34500.0,16633.97,12310.88,5085.56,17866.03,7225.32,61104210,1000000000000136,N,N,Gold
20270915,20251105,,0,N,Active,N,20251004,20251004,20251010,20251010,20000.0,16067.25,5337.03,2272.81,3932.75,3064.22,96596388,1000000000000137,C,Y,Basic
20280515,20251111,,0,C,Active,N,20251015,20251015,20251030,20251030,49000.0,28690.27,9838.2,5954.29,20309.73,3883.91,93805780,1000000000000138,A,Y,Gold
20311215,20251220,,0,P,Active,N,20251126,20251126,20251126,20251126,52500.0,52500.0,12154.24,9878.36,0.0,2275.88,18809485,1000000000000139,A,Y,Platinum
20280215,20260508,,0,N,Dormant,Y,20260423,20260423,0,0,41000.0,39032.75,15244.42,15244.42,1967.25,0.0,72796578,1000000000000140,C,N,Platinum
20301215,20251024,,0,N,Active,Y,20251002,20251002,20250930,20250930,34000.0,20031.94,9621.59,7710.77,13968.06,1910.82,35553337,1000000000000141,N,N,Gold
20300515,20251111,,0,P,Dormant,N,20251024,20251024,20251101,20251101,38500.0,38258.75,10580.46,10580.46,241.25,0.0,12895539,1000000000000142,N,Y,Platinum
20281015,20251023,,0,N,Dormant,N,20250923,20250923,0,0,47000.0,46306.44,12680.46,12680.46,693.56,0.0,97441279,1000000000000143,C,N,Platinum
20280215,20260103,,0,N,Active,N,20251220,20251220,20251230,20251230,47000.0,29639.49,13589.93,5103.51,17360.51,8486.42,98842638,1000000000000144,C,N,Gold
20270415,20251021,,0,N,Dormant,Y,20250925,20250925,0,0,40000.0,39689.08,15553.64,15553.64,310.92,0.0,43274275,1000000000000145,N,Y,Gold
20280915,20260426,,0,P,Active,Y,20260421,20260421,20260412,20260412,10000.0,6747.03,3927.86,1393.98,3252.97,2533.88,62974395,1000000000000146,C,N,Silver
20280315,20260810,,0,N,Active,Y,20260809,20260809,20260808,20260808,43000.0,33409.39,21105.64,20100.04,9590.61,1005.6,52812494,1000000000000147,C,N,Platinum
20280415,20251220,,0,P,Active,Y,20251205,20251205,20251216,20251216,33000.0,23813.5,7190.77,1612.62,9186.5,5578.15,77484308,1000000000000148,A,N,Gold
20280915,20251112,,0,C,Dormant,N,20251018,20251018,20251021,20251021,26000.0,25095.32,10810.65,10810.65,904.68,0.0,98242071,1000000000000149,N,N,Platinum
20280615,20260825,,0,N,Active,N,20260815,20260815,20260815,20260815,19000.0,7170.01,6830.6,2080.85,11829.99,4749.75,48112097,1000000000000150,A,N,Gold
20271215,20260116,,0,P,Active,Y,20251225,20251225,20251227,20251227,22000.0,13236.62,5830.36,1989.42,8763.38,3840.94,49885623,1000000000000151,N,N,Platinum
20300815,20260124,,0,C,Dormant,Y,20260109,20260109,20260113,20260113,45000.0,44878.57,18284.19,18284.19,121.43,0.0,93302663,1000000000000152,C,N,Gold
20271115,20260613,,0,P,Active,Y,20260514,20260514,20260520,20260520,38500.0,26757.81,15672.66,5475.55,11742.19,10197.11,87267518,1000000000000153,A,Y,Gold
20281115,20251020,,0,N,Active,N,20250928,20250928,20251004,20251004,22500.0,15218.36,10124.88,6229.59,7281.64,3895.29,10344739,1000000000000154,N,N,Basic
20270115,20251115,,0,P,Active,Y,20251027,20251027,20251031,20251031,37000.0,37000.0,10285.44,9057.47,0.0,1227.97,77125394,1000000000000155,C,Y,Gold
20300215,20260303,,0,C,Dormant,Y,20260219,20260219,0,0,31500.0,31120.28,14415.68,14415.68,379.72,0.0,28853237,1000000000000156,C,Y,Gold
20290715,20260730,,0,N,Active,Y,20260704,20260704,20260709,20260709,16000.0,3966.15,3729.48,1533.16,12033.85,2196.32,65921495,1000000000000157,A,N,Silver
20300215,20260211,,0,P,Active,N,20260108,20260108,20260117,20260117,21500.0,11847.01,9576.52,8874.18,9652.99,702.34,65692507,1000000000000158,A,Y,Basic
20300315,20260516,,0,N,Active,Y,20260410,20260410,20260419,20260419,29500.0,19326.31,8301.73,2292.74,10173.69,6008.99,75972463,1000000000000159,N,N,Gold
20310715,20260406,,0,N,Dormant,Y,20260329,20260329,0,0,34500.0,34390.92,7456.19,7456.19,109.08,0.0,80314738,1000000000000160,C,N,Platinum
20290115,20260114,,0,P,Dormant,N,20251230,20251230,20260102,20260102,14500.0,13959.21,5925.22,5925.22,540.79,0.0,78555983,1000000000000161,A,Y,Gold
20280815,20261021,,0,N,Dormant,N,20260921,20260921,0,0,23000.0,21850.36,8249.88,8249.88,1149.64,0.0,41913701,1000000000000162,C,N,Gold
20280415,20250928,,0,N,Dormant,N,20250904,20250904,0,0,35000.0,33442.92,10018.72,10018.72,1557.08,0.0,97011596,1000000000000163,A,N,Gold
20270415,20251129,,0,N,Dormant,N,20251107,20251107,0,0,27000.0,26181.25,7193.21,7193.21,818.75,0.0,77684507,1000000000000164,N,N,Basic
20290315,20260914,,0,P,Active,N,20260903,20260903,20260910,20260910,26500.0,19130.81,6792.22,5950.01,7369.19,842.21,13971694,1000000000000165,C,N,Platinum
20310615,20260125,,0,P,Active,Y,20251227,20251227,20260113,20260113,34000.0,15334.67,16037.33,15631.38,18665.33,405.95,85374852,1000000000000166,N,N,Gold
20280215,20251206,,0,C,Active,N,20251118,20251118,20251125,20251125,41500.0,16493.1,10355.56,6408.84,25006.9,3946.72,96078953,1000000000000167,N,N,Platinum
20270215,20260407,,0,N,Active,Y,20260316,20260316,20260311,20260311,34000.0,30962.99,12992.64,4724.82,3037.01,8267.82,51088896,1000000000000168,C,Y,Platinum
20280715,20260821,,0,C,Dormant,Y,20260820,20260820,0,0,25500.0,25152.18,5367.68,5367.68,347.82,0.0,30112846,1000000000000169,N,Y,Gold
20270315,20260706,,0,C,Active,N,20260609,20260609,20260618,20260618,20500.0,7354.94,8135.1,7266.33,13145.06,868.77,93100528,1000000000000170,C,N,Gold
20310315,20260129,,0,N,Active,N,20260112,20260112,20260112,20260112,36500.0,30698.1,17967.79,15657.41,5801.9,2310.38,57853401,1000000000000171,A,N,Gold
20291215,20260430,,0,P,Active,N,20260408,20260408,20260418,20260418,25500.0,5585.85,5623.68,5415.92,19914.15,207.76,67494251,1000000000000172,N,Y,Gold
20290115,20260929,,0,C,Dormant,Y,20260831,20260831,20260905,20260905,36000.0,34800.92,15604.51,15604.51,1199.08,0.0,39621339,1000000000000173,N,N,Platinum
20291215,20260820,,0,P,Dormant,Y,20260812,20260812,0,0,44500.0,44220.54,17278.9,17278.9,279.46,0.0,22840776,1000000000000174,C,N,Platinum
20310815,20260614,,0,P,Active,N,20260524,20260524,20260528,20260528,49500.0,25153.69,15570.31,4159.79,24346.31,11410.52,48215197,1000000000000175,C,N,Platinum
20310415,20251130,,0,N,Active,Y,20251202,20251202,20251127,20251127,50500.0,48589.0,19370.82,6157.15,1911.0,13213.67,45020235,1000000000000176,A,Y,Gold
20311115,20260221,,0,N,Active,Y,20260204,20260204,20260216,20260216,33500.0,32141.71,13644.53,4668.11,1358.29,8976.42,66785928,1000000000000177,N,N,Silver
20280315,20260122,,0,P,Dormant,Y,20260108,20260108,20260118,20260118,29000.0,28572.83,10303.38,10303.38,427.17,0.0,45929474,1000000000000178,C,Y,Gold
20270215,20251102,,0,P,Dormant,Y,20251003,20251003,0,0,32500.0,31223.32,6800.15,6800.15,1276.68,0.0,14957087,1000000000000179,N,N,Platinum
20290615,20260821,,0,N,Active,Y,20260727,20260727,20260806,20260806,26500.0,13398.14,6703.77,4943.93,13101.86,1759.84,72982807,1000000000000180,C,N,Gold
20270515,20260228,,0,C,Active,Y,20260130,20260130,20260205,20260205,9000.0,2383.03,2467.52,969.14,6616.97,1498.38,91640944,1000000000000181,N,Y,Gold
20290915,20260414,,0,P,Active,N,20260315,20260315,20260331,20260331,53000.0,39572.56,17105.41,6806.52,13427.44,10298.89,65796147,1000000000000182,C,Y,Gold
20270215,20260216,,0,N,Dormant,N,20260125,20260125,20260203,20260203,16500.0,16144.65,8210.56,8210.56,355.35,0.0,83465365,1000000000000183,A,N,Silver
20280215,20251006,,0,N,Dormant,Y,20250924,20250924,0,0,26500.0,26490.98,6683.51,6683.51,9.02,0.0,74914236,1000000000000184,C,N,Platinum
20270815,20260328,,0,P,Active,N,20260220,20260220,20260303,20260303,43000.0,33332.34,8733.76,8115.14,9667.66,618.62,79983564,1000000000000185,N,Y,Gold
20281115,20260329,,0,C,Dormant,N,20260323,20260323,0,0,35000.0,34888.85,11465.46,11465.46,111.15,0.0,63940074,1000000000000186,N,Y,Basic
20280615,20260504,,0,C,Active,Y,20260426,20260426,20260502,20260502,35000.0,16725.37,7837.56,7557.19,18274.63,280.37,36907194,1000000000000187,N,N,Platinum
20290915,20251117,,0,C,Dormant,N,20251031,20251031,0,0,30000.0,29807.88,9785.48,9785.48,192.12,0.0,42772218,1000000000000188,C,N,Platinum
20290415,20251110,,0,P,Dormant,N,20250930,20250930,20251019,20251019,30000.0,28948.47,14966.94,14966.94,1051.53,0.0,68278926,1000000000000189,A,N,Gold
20280415,20250915,,0,C,Active,Y,20250829,20250829,20250828,20250828,37000.0,28798.95,18429.47,11930.96,8201.05,6498.51,49500612,1000000000000190,N,Y,Platinum
20271215,20260404,,0,N,Active,Y,20260312,20260312,20260327,20260327,35000.0,12664.56,14566.33,13436.26,22335.44,1130.07,71443076,1000000000000191,N,N,Gold
20301215,20260508,,0,C,Active,N,20260417,20260417,20260430,20260430,43500.0,31323.53,14612.75,9786.5,12176.47,4826.25,97577092,1000000000000192,C,N,Gold
20300115,20251209,,0,P,Dormant,Y,20251112,20251112,0,0,29000.0,27841.78,12995.21,12995.21,1158.22,0.0,91113368,1000000000000193,A,Y,Gold
20311015,20260203,,0,C,Active,Y,20260114,20260114,20260125,20260125,30500.0,8899.38,6577.85,4113.98,21600.62,2463.87,54779565,1000000000000194,C,Y,Platinum
20300315,20260614,,0,N,Active,Y,20260518,20260518,20260529,20260529,38500.0,21172.93,18938.88,9737.31,17327.07,9201.57,31554962,1000000000000195,C,Y,Platinum
20281015,20260330,,0,N,Active,N,20260225,20260225,20260302,20260302,49500.0,16567.36,19970.25,8537.9,32932.64,11432.35,72535301,1000000000000196,C,Y,Platinum
20280715,20260717,,0,N,Dormant,Y,20260714,20260714,0,0,51500.0,49720.54,22741.04,22741.04,1779.46,0.0,77563757,1000000000000197,C,Y,Gold
20310215,20260721,,0,C,Dormant,N,20260703,20260703,0,0,56000.0,55560.48,17431.7,17431.7,439.52,0.0,93858663,1000000000000198,A,N,Gold
20270715,20260606,,0,C,Dormant,Y,20260604,20260604,0,0,36500.0,35223.6,8428.74,8428.74,1276.4,0.0,89231027,1000000000000199,C,N,Gold
20280615,20260313,,0,C,Active,N,20260216,20260216,20260224,20260224,37500.0,30271.71,13555.98,5819.46,7228.29,7736.52,28208520,1000000000000200,C,N,Platinum
20280415,20260302,,0,N,Active,N,20260214,20260214,20260222,20260222,34000.0,31132.27,7177.42,3314.34,2867.73,3863.08,86132626,1000000000000201,C,N,Gold
20300915,20260613,,0,C,Dormant,N,20260611,20260611,0,0,30500.0,29337.87,8867.82,8867.82,1162.13,0.0,78509294,1000000000000202,N,N,Gold
20300515,20260110,,0,C,Active,Y,20251214,20251214,20251213,20251213,34000.0,29769.53,9909.64,6176.66,4230.47,3732.98,65888148,1000000000000203,N,N,Platinum
20281115,20251019,,0,C,Active,Y,20250928,20250928,20251016,20251016,29000.0,29000.0,6164.1,2086.96,0.0,4077.14,42271567,1000000000000204,N,Y,Platinum
20310215,20260318,,0,N,Dormant,Y,20260217,20260217,0,0,52500.0,50847.27,18003.49,18003.49,1652.73,0.0,35752970,1000000000000205,N,N,Gold
20290215,20260506,,0,P,Dormant,Y,20260422,20260422,0,0,49000.0,46984.73,15026.42,15026.42,2015.27,0.0,38000749,1000000000000206,A,N,Platinum
20280515,20260428,,0,P,Active,Y,20260406,20260406,20260330,20260330,16500.0,15417.49,5620.82,3032.68,1082.51,2588.14,60138147,1000000000000207,A,N,Gold
20270915,20250926,,0,N,Dormant,Y,20250830,20250830,20250902,20250902,7500.0,7409.87,2173.21,2173.21,90.13,0.0,37789808,1000000000000208,A,Y,Platinum
20301015,20251205,,0,N,Active,Y,20251127,20251127,20251122,20251122,34000.0,26352.62,10182.37,7975.92,7647.38,2206.45,23785264,1000000000000209,N,N,Gold
20300715,20260208,,0,P,Dormant,Y,20260109,20260109,0,0,46000.0,45047.27,19572.67,19572.67,952.73,0.0,58898211,1000000000000210,C,Y,Gold
20310615,20260307,,0,C,Active,N,20260208,20260208,20260207,20260207,54000.0,52400.56,25207.51,17484.64,1599.44,7722.87,12760674,1000000000000211,C,N,Platinum
20270215,20251219,,0,C,Active,N,20251214,20251214,20251209,20251209,36000.0,14538.19,17025.07,16603.92,21461.81,421.15,98227915,1000000000000212,N,N,Gold
20281115,20250930,,0,P,Dormant,Y,20250914,20250914,0,0,15000.0,14256.56,3475.36,3475.36,743.44,0.0,27893746,1000000000000213,A,N,Basic
20310815,20251130,L,20260314,C,Blocked,Y,20251129,20251129,0,0,28000.0,27847.29,6439.55,6439.55,152.71,0.0,46552130,1000000000000214,C,N,Silver
20310415,20260828,,0,N,Active,Y,20260819,20260819,20260821,20260821,15500.0,10163.56,4798.35,2509.42,5336.44,2288.93,13027878,1000000000000215,A,N,Platinum
20301015,20260111,,0,P,Dormant,Y,20260101,20260101,0,0,31500.0,31471.09,8834.48,8834.48,28.91,0.0,48832971,1000000000000216,C,N,Gold
20281115,20250916,,0,C,Dormant,Y,20250824,20250824,0,0,26000.0,24801.06,7618.02,7618.02,1198.94,0.0,28451000,1000000000000217,A,Y,Gold
20300515,20260417,,0,N,Active,Y,20260321,20260321,20260327,20260327,17000.0,13463.27,6161.06,5114.4,3536.73,1046.66,71771191,1000000000000218,N,Y,Silver
20310415,20260323,,0,P,Active,Y,20260224,20260224,20260226,20260226,57000.0,50143.14,14281.05,10318.89,6856.86,3962.16,49765631,1000000000000219,C,N,Platinum
20300915,20260312,,0,C,Active,Y,20260219,20260219,20260226,20260226,19000.0,12362.04,5116.51,2528.03,6637.96,2588.48,17612531,1000000000000220,A,N,Platinum
20270915,20260926,,0,N,Dormant,N,20260828,20260828,0,0,44000.0,43004.75,9556.8,9556.8,995.25,0.0,40218464,1000000000000221,A,N,Gold
20301015,20260914,,0,N,Active,N,20260910,20260910,20260906,20260906,32500.0,26446.96,7314.26,2642.2,6053.04,4672.06,18167678,1000000000000222,A,Y,Basic
20280715,20251117,,0,N,Active,N,20251024,20251024,20251105,20251105,19500.0,10626.66,5097.78,4406.97,8873.34,690.81,84669791,1000000000000223,A,N,Platinum
20310715,20260721,,0,N,Dormant,N,20260623,20260623,20260702,20260702,18500.0,17638.21,6413.93,6413.93,861.79,0.0,11994033,1000000000000224,A,N,Silver
20271115,20251201,,0,P,Dormant,Y,20251120,20251120,0,0,32500.0,31277.32,8760.46,8760.46,1222.68,0.0,93114754,1000000000000225,C,Y,Gold
20290815,20251109,,0,N,Dormant,Y,20251012,20251012,0,0,36500.0,35336.53,12928.57,12928.57,1163.47,0.0,32968631,1000000000000226,A,N,Platinum
20280615,20260624,,0,P,Dormant,N,20260619,20260619,0,0,39000.0,38800.29,14383.34,14383.34,199.71,0.0,65660855,1000000000000227,C,N,Platinum
20301215,20260205,,0,C,Active,Y,20260117,20260117,20260122,20260122,33000.0,33000.0,6788.41,4305.44,0.0,2482.97,76473996,1000000000000228,A,N,Gold
20270415,20260102,,0,P,Dormant,Y,20251206,20251206,0,0,47500.0,45185.31,14757.77,14757.77,2314.69,0.0,15758374,1000000000000229,A,N,Gold
20310115,20260118,,0,C,Active,Y,20251230,20251230,20260114,20260114,25000.0,19055.82,11656.01,9638.8,5944.18,2017.21,80121606,1000000000000230,A,N,Gold
20291115,20260913,,0,C,Dormant,N,20260816,20260816,0,0,24000.0,22878.04,11582.39,11582.39,1121.96,0.0,75937854,1000000000000231,N,N,Basic
20290415,20260304,,0,N,Active,Y,20260204,20260204,20260211,20260211,43500.0,35472.71,20638.03,5539.35,8027.29,15098.68,19338435,1000000000000232,N,N,Gold
20281015,20260816,,0,C,Active,N,20260728,20260728,20260810,20260810,40500.0,40294.5,18977.87,7057.55,205.5,11920.32,26537057,1000000000000233,C,Y,Platinum
20311015,20251013,,0,N,Active,N,20250929,20250929,20250922,20250922,23500.0,21481.5,6669.08,2773.4,2018.5,3895.68,43597595,1000000000000234,A,Y,Basic
20300715,20260914,,0,C,Dormant,N,20260909,20260909,0,0,45500.0,43643.27,11005.01,11005.01,1856.73,0.0,61548700,1000000000000235,A,Y,Platinum
20270115,20260521,,0,C,Active,Y,20260420,20260420,20260503,20260503,22000.0,22000.0,6190.75,5258.37,0.0,932.38,77928050,1000000000000236,A,Y,Platinum
20290515,20260302,,0,C,Dormant,Y,20260212,20260212,0,0,33500.0,32714.23,9621.53,9621.53,785.77,0.0,29711133,1000000000000237,N,N,Platinum
20291215,20260622,,0,N,Dormant,N,20260602,20260602,0,0,47500.0,45775.85,15132.16,15132.16,1724.15,0.0,60673912,1000000000000238,N,N,Platinum
20280815,20260425,,0,C,Dormant,N,20260411,20260411,20260413,20260413,25000.0,23789.52,11688.63,11688.63,1210.48,0.0,11137995,1000000000000239,C,Y,Gold
20290415,20260701,,0,P,Active,N,20260630,20260630,20260626,20260626,48500.0,37482.89,21912.94,7438.14,11017.11,14474.8,33525469,1000000000000240,A,Y,Platinum
20300415,20260227,,0,C,Active,N,20260208,20260208,20260217,20260217,24000.0,12042.62,5796.97,3537.62,11957.38,2259.35,77042902,1000000000000241,A,Y,Basic
20290815,20260612,,0,N,Active,Y,20260518,20260518,20260524,20260524,32500.0,21410.81,15630.82,9997.36,11089.19,5633.46,71765956,1000000000000242,N,N,Gold
20270415,20260808,,0,P,Active,Y,20260717,20260717,20260803,20260803,41500.0,31051.88,18043.09,4045.24,10448.12,13997.85,12401865,1000000000000243,C,N,Platinum
20300215,20251013,,0,C,Dormant,N,20250915,20250915,0,0,10000.0,9729.54,2966.21,2966.21,270.46,0.0,62511584,1000000000000244,N,Y,Platinum
20290115,20260409,,0,N,Active,N,20260309,20260309,20260313,20260313,45500.0,32480.26,17000.37,6722.79,13019.74,10277.58,83016039,1000000000000245,A,N,Gold
20290815,20260814,,0,N,Active,N,20260721,20260721,20260716,20260716,17500.0,12565.99,3973.8,2583.42,4934.01,1390.38,93884706,1000000000000246,A,N,Basic
20300815,20260303,,0,C,Dormant,N,20260212,20260212,0,0,47000.0,44795.44,18837.24,18837.24,2204.56,0.0,43725117,1000000000000247,C,N,Platinum
20270315,20260604,,0,N,Dormant,N,20260506,20260506,0,0,26000.0,25861.66,6041.39,6041.39,138.34,0.0,88388417,1000000000000248,A,N,Silver
20280415,20260808,,0,P,Dormant,Y,20260731,20260731,0,0,16000.0,15731.68,6191.65,6191.65,268.32,0.0,66343204,1000000000000249,C,Y,Silver
20290515,20261017,,0,N,Active,N,20260910,20260910,20260918,20260918,43500.0,31823.78,20085.15,10525.26,11676.22,9559.89,69922335,1000000000000250,C,N,Platinum
20280115,20260120,,0,C,Dormant,N,20251221,20251221,0,0,41500.0,39870.24,11024.37,11024.37,1629.76,0.0,77796914,1000000000000251,N,N,Platinum
20291115,20260124,,0,P,Dormant,Y,20260104,20260104,0,0,21000.0,20226.52,6163.12,6163.12,773.48,0.0,53047104,1000000000000252,A,N,Silver
20280815,20260311,,0,P,Dormant,N,20260305,20260305,0,0,40000.0,38260.48,15447.26,15447.26,1739.52,0.0,73847325,1000000000000253,C,N,Gold
20310415,20260515,,0,N,Active,Y,20260505,20260505,20260502,20260502,34500.0,25869.17,13841.86,13282.32,8630.83,559.54,41596688,1000000000000254,C,Y,Gold
20271115,20260225,,0,N,Dormant,N,20260220,20260220,20260217,20260217,37500.0,36995.97,9072.1,9072.1,504.03,0.0,18955224,1000000000000255,C,Y,Gold
20300515,20260323,,0,N,Dormant,Y,20260303,20260303,0,0,40500.0,39906.21,13099.12,13099.12,593.79,0.0,51505175,1000000000000256,A,N,Gold
20290715,20250924,,0,N,Active,Y,20250903,20250903,20250905,20250905,28000.0,23251.69,8210.22,4104.83,4748.31,4105.39,91146290,1000000000000257,C,N,Gold
20310915,20260405,,0,N,Dormant,N,20260321,20260321,0,0,22500.0,21890.41,10326.51,10326.51,609.59,0.0,27198990,1000000000000258,A,Y,Gold
20300715,20260521,,0,C,Active,N,20260416,20260416,20260427,20260427,38500.0,35418.9,9237.51,8703.74,3081.1,533.77,66678771,1000000000000259,N,Y,Gold
20290315,20250924,,0,P,Active,N,20250911,20250911,20250913,20250913,35000.0,31196.4,11510.53,3791.09,3803.6,7719.44,91938786,1000000000000260,C,Y,Platinum
20280115,20250904,,0,C,Dormant,N,20250815,20250815,0,0,51000.0,50942.49,21684.44,21684.44,57.51,0.0,82606072,1000000000000261,C,Y,Gold
20270215,20251207,,0,P,Dormant,Y,20251111,20251111,0,0,30500.0,29876.88,11220.08,11220.08,623.12,0.0,52358308,1000000000000262,A,N,Gold
20291215,20251114,,0,C,Dormant,Y,20251022,20251022,0,0,13500.0,13272.65,4124.68,4124.68,227.35,0.0,76080806,1000000000000263,N,N,Platinum
20270815,20260313,,0,C,Dormant,Y,20260220,20260220,0,0,34000.0,33186.93,16772.85,16772.85,813.07,0.0,70606217,1000000000000264,N,N,Gold
20280215,20260430,,0,C,Active,N,20260403,20260403,20260331,20260331,51500.0,27148.1,23722.39,7047.37,24351.9,16675.02,77869489,1000000000000265,N,Y,Platinum
20301215,20260822,,0,N,Active,Y,20260803,20260803,20260812,20260812,55000.0,55000.0,25575.25,23957.37,0.0,1617.88,82956480,1000000000000266,N,N,Platinum
20301215,20260512,,0,N,Dormant,Y,20260510,20260510,0,0,29000.0,28028.58,14138.17,14138.17,971.42,0.0,13576520,1000000000000267,N,Y,Platinum
20310915,20251113,,0,N,Dormant,N,20251111,20251111,0,0,5500.0,5228.0,1101.5,1101.5,272.0,0.0,35730441,1000000000000268,N,N,Gold
20311115,20260904,,0,P,Active,N,20260824,20260824,20260829,20260829,17000.0,13570.43,4058.03,3556.6,3429.57,501.43,14635678,1000000000000269,A,N,Platinum
20310115,20260811,,0,C,Dormant,Y,20260726,20260726,0,0,37500.0,36773.7,15258.92,15258.92,726.3,0.0,26111256,1000000000000270,A,Y,Gold
20301215,20260912,,0,P,Active,N,20260808,20260808,20260816,20260816,35000.0,30476.26,7267.69,2419.13,4523.74,4848.56,53176515,1000000000000271,N,N,Platinum
20280615,20251205,,0,P,Active,Y,20251205,20251205,20251204,20251204,22000.0,18752.18,8736.16,5985.0,3247.82,2751.16,37026210,1000000000000272,C,N,Platinum
20280815,20260917,,0,P,Active,Y,20260815,20260815,20260827,20260827,31000.0,23817.61,13632.51,7240.64,7182.39,6391.87,70416623,1000000000000273,A,N,Platinum
20290515,20251207,,0,P,Active,Y,20251211,20251211,20251206,20251206,18000.0,13619.88,4191.71,1473.11,4380.12,2718.6,11709239,1000000000000274,N,N,Basic
20270715,20260605,L,20260819,N,Blocked,N,20260528,20260528,20260527,20260527,34000.0,15140.57,13194.09,6426.72,18859.43,6767.37,17159313,1000000000000275,N,N,Platinum
20270815,20260510,,0,N,Active,N,20260415,20260415,20260413,20260413,30000.0,23835.62,7756.01,4631.21,6164.38,3124.8,39380829,1000000000000276,N,N,Platinum
20310615,20260730,,0,P,Dormant,N,20260703,20260703,0,0,40500.0,38847.05,19112.43,19112.43,1652.95,0.0,20741296,1000000000000277,N,N,Platinum
20281215,20250921,,0,P,Active,N,20250904,20250904,20250918,20250918,18000.0,12001.72,6888.29,2069.77,5998.28,4818.52,70116087,1000000000000278,A,Y,Basic
20300615,20251102,,0,P,Active,Y,20251021,20251021,20251023,20251023,33000.0,25504.1,9913.09,6858.2,7495.9,3054.89,35808537,1000000000000279,C,Y,Gold
20290615,20260701,,0,C,Dormant,N,20260602,20260602,0,0,31000.0,29885.31,11647.89,11647.89,1114.69,0.0,37653004,1000000000000280,C,Y,Basic
20270615,20260619,,0,N,Dormant,N,20260606,20260606,0,0,15000.0,14552.61,7224.19,7224.19,447.39,0.0,50902313,1000000000000281,A,Y,Gold
20270915,20260129,,0,N,Active,Y,20260119,20260119,20260114,20260114,42000.0,20494.26,12920.05,6501.05,21505.74,6419.0,23624482,1000000000000282,C,N,Platinum
20311215,20260819,,0,C,Active,N,20260718,20260718,20260722,20260722,37500.0,37500.0,16658.69,8924.34,0.0,7734.35,68199184,1000000000000283,C,Y,Platinum
20270515,20251109,,0,P,Active,Y,20251105,20251105,20251103,20251103,31500.0,17711.23,14322.88,13854.97,13788.77,467.91,33141106,1000000000000284,A,N,Gold
20271015,20250831,,0,P,Active,Y,20250817,20250817,20250814,20250814,29000.0,29000.0,7744.82,5997.29,0.0,1747.53,64591401,1000000000000285,N,Y,Platinum
20290115,20250928,,0,N,Dormant,Y,20250927,20250927,0,0,39500.0,39412.3,9624.41,9624.41,87.7,0.0,42251899,1000000000000286,A,Y,Platinum
20300115,20251112,,0,N,Active,Y,20251018,20251018,20251028,20251028,19500.0,9177.79,6830.33,5926.3,10322.21,904.03,46779653,1000000000000287,N,N,Gold
20270115,20260322,,0,N,Active,Y,20260316,20260316,20260315,20260315,20000.0,14715.93,7836.09,5784.54,5284.07,2051.55,87942217,1000000000000288,A,Y,Basic
20280115,20260130,C,20260801,P,Blocked,N,20260127,20260127,20260119,20260119,26500.0,23245.43,6919.18,4309.9,3254.57,2609.28,57281846,1000000000000289,N,Y,Platinum
20310115,20251030,,0,P,Active,N,20251009,20251009,20251014,20251014,26500.0,21224.1,5567.92,4035.79,5275.9,1532.13,52328756,1000000000000290,C,Y,Platinum
20300715,20260130,,0,N,Dormant,Y,20260128,20260128,0,0,34000.0,33293.72,11075.39,11075.39,706.28,0.0,79732104,1000000000000291,N,N,Platinum
20301215,20260925,,0,P,Dormant,Y,20260907,20260907,20260922,20260922,40000.0,38217.63,8198.57,8198.57,1782.37,0.0,14147507,1000000000000292,C,Y,Gold
20270715,20250926,,0,P,Dormant,N,20250915,20250915,0,0,26000.0,24707.23,8709.1,8709.1,1292.77,0.0,81468290,1000000000000293,A,N,Gold
20280515,20260724,,0,N,Dormant,Y,20260713,20260713,0,0,38000.0,36958.71,17776.09,17776.09,1041.29,0.0,72571790,1000000000000294,N,N,Platinum
20280715,20260816,,0,C,Dormant,N,20260801,20260801,0,0,37500.0,36184.96,13078.03,13078.03,1315.04,0.0,99482460,1000000000000295,C,N,Platinum
20311215,20260320,,0,N,Dormant,N,20260314,20260314,20260307,20260307,26500.0,26265.46,9780.45,9780.45,234.54,0.0,19147043,1000000000000296,A,N,Platinum
20271215,20250828,,0,N,Active,Y,20250808,20250808,20250818,20250818,42500.0,32410.49,20802.4,19359.45,10089.51,1442.95,63051354,1000000000000297,C,Y,Gold
20300315,20251122,,0,P,Dormant,N,20251112,20251112,0,0,35000.0,33347.85,10732.39,10732.39,1652.15,0.0,74653058,1000000000000298,C,N,Gold
20310215,20260130,,0,N,Active,N,20251225,20251225,20260104,20260104,35500.0,24267.38,7777.57,3727.52,11232.62,4050.05,19485174,1000000000000299,C,N,Gold
20290915,20260820,,0,N,Active,Y,20260805,20260805,20260803,20260803,5500.0,666.42,1804.01,767.85,4833.58,1036.16,17871573,1000000000000300,C,N,Gold
20311015,20251019,,0,P,Active,N,20250916,20250916,20250927,20250927,29000.0,14822.28,7973.87,3002.02,14177.72,4971.85,76147579,1000000000000301,N,N,Gold
20310315,20260909,,0,P,Active,Y,20260906,20260906,20260830,20260830,37500.0,17677.31,15966.34,9247.8,19822.69,6718.54,19751809,1000000000000302,N,N,Gold
20310615,20260316,,0,C,Active,Y,20260215,20260215,20260302,20260302,18000.0,9546.53,7985.94,4408.85,8453.47,3577.09,68350056,1000000000000303,C,N,Silver
20310215,20260819,,0,N,Active,Y,20260721,20260721,20260804,20260804,36000.0,22117.26,13493.08,4123.72,13882.74,9369.36,11736679,1000000000000304,N,Y,Gold
20310515,20260405,,0,N,Active,N,20260329,20260329,20260331,20260331,31000.0,24580.4,12329.54,6109.2,6419.6,6220.34,64340604,1000000000000305,C,N,Gold
20280115,20251013,,0,C,Dormant,Y,20251006,20251006,0,0,39500.0,37954.77,9168.22,9168.22,1545.23,0.0,52118748,1000000000000306,A,Y,Platinum
20311115,20251005,,0,P,Dormant,Y,20250906,20250906,0,0,36000.0,35138.35,15120.54,15120.54,861.65,0.0,80767121,1000000000000307,A,N,Gold
20271215,20251230,,0,C,Active,N,20251212,20251212,20251213,20251213,51000.0,45752.37,15755.76,6327.94,5247.63,9427.82,94061862,1000000000000308,N,N,Platinum
20280815,20260207,,0,N,Dormant,Y,20260202,20260202,0,0,39500.0,39095.47,19576.42,19576.42,404.53,0.0,76393065,1000000000000309,A,N,Gold
20310615,20260608,,0,N,Active,N,20260515,20260515,20260509,20260509,35000.0,32921.12,7157.61,3102.16,2078.88,4055.45,20298660,1000000000000310,N,N,Platinum
20290115,20260124,,0,C,Dormant,Y,20260123,20260123,0,0,51500.0,51164.19,18378.1,18378.1,335.81,0.0,94289287,1000000000000311,A,N,Platinum
20290715,20261007,,0,C,Dormant,N,20260911,20260911,0,0,53000.0,52820.63,25601.34,25601.34,179.37,0.0,44143101,1000000000000312,A,N,Gold
20290915,20251211,,0,P,Active,Y,20251105,20251105,20251111,20251111,30500.0,15846.39,10747.49,3373.59,14653.61,7373.9,17356680,1000000000000313,A,N,Gold
20270115,20260625,,0,C,Dormant,Y,20260602,20260602,20260614,20260614,32000.0,30589.33,10772.58,10772.58,1410.67,0.0,83287085,1000000000000314,A,N,Gold
20311215,20260816,,0,N,Active,N,20260812,20260812,20260805,20260805,43500.0,34172.75,20892.59,14736.75,9327.25,6155.84,79013190,1000000000000315,N,N,Gold
20310515,20260831,,0,N,Dormant,Y,20260816,20260816,0,0,33500.0,32346.96,11704.13,11704.13,1153.04,0.0,34673455,1000000000000316,C,N,Gold
20280715,20260523,,0,C,Active,N,20260421,20260421,20260502,20260502,39000.0,39000.0,13793.81,3015.44,0.0,10778.37,67718032,1000000000000317,C,N,Platinum
20280215,20260307,,0,N,Dormant,Y,20260301,20260301,0,0,44000.0,42693.47,15928.59,15928.59,1306.53,0.0,97347561,1000000000000318,A,Y,Gold
20310315,20251011,,0,P,Dormant,N,20250929,20250929,0,0,23500.0,22556.25,11031.61,11031.61,943.75,0.0,73257925,1000000000000319,C,N,Silver
20300415,20260119,,0,N,Dormant,N,20260106,20260106,0,0,38500.0,37620.17,18576.14,18576.14,879.83,0.0,56541891,1000000000000320,A,Y,Gold
20280115,20260709,,0,N,Dormant,N,20260615,20260615,0,0,29500.0,28748.08,9109.01,9109.01,751.92,0.0,88659013,1000000000000321,N,Y,Gold
20270215,20251001,,0,N,Active,Y,20250905,20250905,20250923,20250923,38000.0,28771.61,8054.3,1677.49,9228.39,6376.81,73145218,1000000000000322,C,Y,Gold
20300415,20251129,,0,P,Active,Y,20251105,20251105,20251115,20251115,38500.0,33986.2,10132.35,7772.52,4513.8,2359.83,22515069,1000000000000323,A,N,Platinum
20291015,20250926,,0,C,Active,N,20250902,20250902,20250829,20250829,20500.0,14215.14,4752.48,4417.26,6284.86,335.22,57327826,1000000000000324,C,N,Platinum
20281215,20260727,,0,P,Active,Y,20260727,20260727,20260723,20260723,36500.0,32122.44,12227.4,6677.87,4377.56,5549.53,14452939,1000000000000325,N,Y,Platinum
20290915,20260826,,0,N,Dormant,Y,20260818,20260818,0,0,35000.0,33585.65,16801.54,16801.54,1414.35,0.0,97571512,1000000000000326,A,Y,Gold
20311115,20260914,,0,C,Active,N,20260829,20260829,20260907,20260907,37000.0,32155.33,15434.1,7658.81,4844.67,7775.29,14777311,1000000000000327,C,N,Platinum
20300615,20251210,,0,N,Active,Y,20251111,20251111,20251112,20251112,15500.0,7330.97,7098.57,5636.56,8169.03,1462.01,10096613,1000000000000328,A,N,Platinum
20271215,20251017,,0,P,Active,Y,20251005,20251005,20251014,20251014,39500.0,27712.11,16375.19,13352.9,11787.89,3022.29,61176016,1000000000000329,A,N,Gold
20271115,20251220,,0,P,Dormant,N,20251126,20251126,0,0,49000.0,46981.42,22301.63,22301.63,2018.58,0.0,69552653,1000000000000330,N,N,Gold
20301115,20260726,,0,C,Active,Y,20260620,20260620,20260705,20260705,36500.0,32533.34,11999.98,5893.86,3966.66,6106.12,80516816,1000000000000331,N,N,Gold
20270415,20260604,,0,N,Active,Y,20260525,20260525,20260523,20260523,38500.0,38500.0,8317.86,3809.25,0.0,4508.61,17374681,1000000000000332,C,N,Platinum
20270215,20260105,,0,N,Active,N,20251228,20251228,20251226,20251226,30500.0,20843.47,6344.02,3163.51,9656.53,3180.51,39278399,1000000000000333,A,N,Gold
20290515,20260626,,0,C,Active,Y,20260528,20260528,20260601,20260601,35000.0,27069.54,17447.78,10792.96,7930.46,6654.82,84533976,1000000000000334,N,N,Gold
20300115,20260328,,0,C,Active,Y,20260225,20260225,20260302,20260302,42000.0,15498.16,13213.12,10273.07,26501.84,2940.05,72253751,1000000000000335,A,Y,Platinum
20290315,20260306,,0,N,Active,Y,20260206,20260206,20260214,20260214,56000.0,36801.53,18875.44,15584.22,19198.47,3291.22,45798991,1000000000000336,A,N,Gold
20280815,20250907,,0,N,Dormant,N,20250826,20250826,0,0,38000.0,36406.62,9007.08,9007.08,1593.38,0.0,61909143,1000000000000337,C,Y,Platinum
20270515,20251217,,0,N,Active,N,20251206,20251206,20251212,20251212,44000.0,34873.36,15153.5,8534.95,9126.64,6618.55,79861397,1000000000000338,N,N,Gold
20301015,20261025,,0,N,Dormant,Y,20260927,20260927,20261013,20261013,30000.0,29465.14,13959.72,13959.72,534.86,0.0,42666924,1000000000000339,C,N,Platinum
20270115,20260801,,0,C,Active,N,20260712,20260712,20260719,20260719,14000.0,6786.22,6530.98,4043.24,7213.78,2487.74,62644474,1000000000000340,A,N,Basic
20280515,20260807,,0,C,Dormant,Y,20260801,20260801,0,0,15500.0,14864.55,6803.86,6803.86,635.45,0.0,83103396,1000000000000341,A,N,Silver
20270115,20251218,,0,C,Dormant,N,20251124,20251124,0,0,39000.0,37433.81,19098.8,19098.8,1566.19,0.0,78728528,1000000000000342,C,N,Platinum
20280215,20260130,,0,C,Active,Y,20260109,20260109,20260115,20260115,35500.0,19996.49,7729.08,2843.9,15503.51,4885.18,62723273,1000000000000343,C,N,Platinum
20270115,20260317,,0,P,Active,Y,20260214,20260214,20260227,20260227,35500.0,31455.91,16734.62,13608.08,4044.09,3126.54,42744490,1000000000000344,A,Y,Gold
20291215,20251121,,0,C,Active,N,20251104,20251104,20251108,20251108,6500.0,1882.61,1582.52,540.06,4617.39,1042.46,71895093,1000000000000345,A,Y,Basic
20300915,20260717,,0,P,Active,Y,20260615,20260615,20260617,20260617,33500.0,21987.1,7967.3,4430.92,11512.9,3536.38,20087808,1000000000000346,N,Y,Platinum
20290715,20260106,,0,N,Active,Y,20251219,20251219,20260103,20260103,43000.0,24533.92,10370.57,5965.34,18466.08,4405.23,63566423,1000000000000347,A,N,Gold
20290415,20260413,,0,P,Active,Y,20260326,20260326,20260328,20260328,40000.0,29084.44,14819.0,3029.21,10915.56,11789.79,48501080,1000000000000348,A,N,Platinum
20310915,20260829,,0,N,Active,Y,20260727,20260727,20260802,20260802,37000.0,29629.48,8776.85,6473.52,7370.52,2303.33,27096116,1000000000000349,C,N,Gold
20280615,20260118,,0,C,Dormant,N,20251229,20251229,20260116,20260116,36500.0,34905.3,12187.75,12187.75,1594.7,0.0,79703656,1000000000000350,A,Y,Gold
20310515,20251216,,0,C,Active,N,20251206,20251206,20251204,20251204,29000.0,28474.94,5963.54,5084.13,525.06,879.41,84758440,1000000000000351,N,N,Gold
20300715,20251117,,0,P,Active,N,20251107,20251107,20251107,20251107,29000.0,18561.47,6266.87,3790.32,10438.53,2476.55,37061888,1000000000000352,A,N,Silver
20310615,20260810,,0,P,Active,Y,20260809,20260809,20260808,20260808,21500.0,21030.77,6560.7,2600.71,469.23,3959.99,57414455,1000000000000353,A,N,Silver
20280815,20260529,T,20260424,N,Blocked,Y,20260519,20260519,20260516,20260516,15000.0,11033.25,7213.04,7203.36,3966.75,9.68,29829822,1000000000000354,A,N,Silver
20270515,20260924,,0,P,Active,Y,20260905,20260905,20260919,20260919,52000.0,31394.96,25937.75,6762.02,20605.04,19175.73,22874023,1000000000000355,C,N,Platinum
20280115,20260424,,0,N,Dormant,N,20260413,20260413,0,0,32000.0,30983.19,14914.42,14914.42,1016.81,0.0,36566437,1000000000000356,N,N,Gold
20300415,20260524,,0,C,Active,Y,20260516,20260516,20260513,20260513,37500.0,35709.95,10623.61,3855.39,1790.05,6768.22,49954382,1000000000000357,A,N,Gold
20280115,20260702,,0,P,Dormant,Y,20260630,20260630,0,0,40000.0,38889.76,14618.77,14618.77,1110.24,0.0,70851317,1000000000000358,N,N,Gold
20291015,20260826,,0,N,Dormant,N,20260801,20260801,0,0,45500.0,43270.05,16498.28,16498.28,2229.95,0.0,55541542,1000000000000359,A,Y,Platinum
20290315,20260930,,0,C,Active,Y,20260915,20260915,20260909,20260909,47000.0,31416.28,19605.58,17553.52,15583.72,2052.06,12195460,1000000000000360,N,N,Platinum
20290515,20260113,,0,P,Active,Y,20251218,20251218,20251216,20251216,41000.0,37803.45,18717.46,5264.23,3196.55,13453.23,98388886,1000000000000361,N,N,Gold
20280415,20261021,L,20260507,P,Blocked,Y,20260920,20260920,20260930,20260930,43500.0,41761.9,12223.39,12223.39,1738.1,0.0,57978862,1000000000000362,A,N,Platinum
20290415,20251210,,0,N,Dormant,Y,20251119,20251119,0,0,35000.0,34972.93,12455.07,12455.07,27.07,0.0,79625715,1000000000000363,C,Y,Gold
20310915,20260516,,0,C,Dormant,Y,20260417,20260417,20260501,20260501,33500.0,32474.69,12775.48,12775.48,1025.31,0.0,22828128,1000000000000364,A,N,Platinum
20270415,20260623,,0,C,Dormant,N,20260608,20260608,0,0,34500.0,33489.31,16580.38,16580.38,1010.69,0.0,22330471,1000000000000365,A,N,Platinum
20290215,20260510,,0,P,Active,N,20260422,20260422,20260414,20260414,37000.0,26742.56,8638.99,2958.19,10257.44,5680.8,58180863,1000000000000366,N,N,Gold
20310315,20260516,,0,C,Active,Y,20260427,20260427,20260428,20260428,27000.0,20307.71,5883.51,2648.68,6692.29,3234.83,31727977,1000000000000367,N,Y,Basic
20270315,20260719,,0,C,Active,Y,20260712,20260712,20260710,20260710,41500.0,28179.96,19024.03,18770.32,13320.04,253.71,38022091,1000000000000368,A,N,Platinum
20271015,20260101,,0,C,Active,Y,20251216,20251216,20251218,20251218,28000.0,19177.52,9835.36,5928.07,8822.48,3907.29,92455201,1000000000000369,N,N,Basic
20300515,20260224,,0,P,Dormant,N,20260127,20260127,0,0,12000.0,11624.25,2877.12,2877.12,375.75,0.0,26283037,1000000000000370,A,N,Gold
20310715,20260709,,0,C,Dormant,Y,20260620,20260620,0,0,15000.0,14812.29,6141.74,6141.74,187.71,0.0,42797531,1000000000000371,N,N,Gold
20280815,20251017,C,20260715,P,Blocked,Y,20250927,20250927,20251001,20251001,40500.0,31006.07,14354.66,8713.68,9493.93,5640.98,33264613,1000000000000372,A,N,Platinum
20300615,20260802,,0,P,Dormant,Y,20260710,20260710,20260720,20260720,40500.0,39935.56,13652.25,13652.25,564.44,0.0,66179571,1000000000000373,A,Y,Platinum
20271215,20250922,,0,C,Active,N,20250916,20250916,20250909,20250909,29000.0,17477.92,9867.76,4068.85,11522.08,5798.91,40310459,1000000000000374,C,Y,Gold
20281215,20251113,,0,C,Active,Y,20251022,20251022,20251101,20251101,37500.0,14107.04,11300.18,6254.33,23392.96,5045.85,94737304,1000000000000375,A,Y,Gold
20280515,20260110,,0,N,Active,N,20251209,20251209,20251214,20251214,40000.0,25744.2,19151.13,13645.01,14255.8,5506.12,66250899,1000000000000376,A,N,Gold
20290315,20251208,,0,P,Dormant,N,20251130,20251130,0,0,26500.0,25636.91,9953.38,9953.38,863.09,0.0,10406906,1000000000000377,N,Y,Basic
20280515,20260502,,0,C,Active,N,20260429,20260429,20260430,20260430,23500.0,12999.37,6762.12,3788.34,10500.63,2973.78,40930568,1000000000000378,N,N,Gold
20311015,20260807,,0,P,Active,N,20260730,20260730,20260731,20260731,37500.0,23086.51,17065.7,6214.34,14413.49,10851.36,97322542,1000000000000379,C,N,Platinum
20290715,20260428,,0,C,Active,N,20260331,20260331,20260409,20260409,51500.0,26743.82,12219.07,2706.32,24756.18,9512.75,97614538,1000000000000380,N,N,Gold
20291015,20251211,,0,N,Dormant,Y,20251114,20251114,0,0,37000.0,36245.3,11970.62,11970.62,754.7,0.0,29068207,1000000000000381,A,N,Platinum
20300215,20251017,,0,P,Active,N,20251006,20251006,20251010,20251010,13000.0,8581.53,4641.72,3784.79,4418.47,856.93,37448319,1000000000000382,A,Y,Silver
20300115,20260121,,0,C,Active,Y,20260107,20260107,20260104,20260104,5500.0,4400.59,1575.44,863.39,1099.41,712.05,80166551,1000000000000383,A,N,Silver
20271115,20260203,,0,N,Active,Y,20260109,20260109,20260111,20260111,35000.0,28318.3,9878.16,2600.46,6681.7,7277.7,89509411,1000000000000384,C,N,Gold
20270515,20260327,,0,N,Active,Y,20260326,20260326,20260320,20260320,26500.0,13410.75,7699.24,2199.16,13089.25,5500.08,99019649,1000000000000385,N,N,Silver
20310615,20260522,,0,N,Active,N,20260501,20260501,20260506,20260506,18000.0,5969.43,8199.39,2891.29,12030.57,5308.1,39670530,1000000000000386,C,Y,Gold
20280615,20260516,,0,N,Dormant,Y,20260418,20260418,0,0,4500.0,4366.3,1304.58,1304.58,133.7,0.0,73791320,1000000000000387,A,N,Basic
20311215,20260224,,0,C,Dormant,Y,20260211,20260211,0,0,22000.0,21306.36,5172.03,5172.03,693.64,0.0,71970673,1000000000000388,N,N,Gold
20290615,20260513,,0,N,Active,N,20260424,20260424,20260421,20260421,22000.0,17181.66,9042.93,2212.29,4818.34,6830.64,35573950,1000000000000389,N,N,Platinum
20301015,20260531,,0,N,Active,Y,20260530,20260530,20260526,20260526,34000.0,26846.93,16674.02,5110.93,7153.07,11563.09,84252324,1000000000000390,C,Y,Platinum
20271115,20260917,,0,C,Dormant,Y,20260820,20260820,0,0,42500.0,41045.56,18075.73,18075.73,1454.44,0.0,63073432,1000000000000391,N,N,Platinum
20290315,20260801,,0,P,Dormant,Y,20260702,20260702,0,0,45500.0,43848.59,20410.39,20410.39,1651.41,0.0,34136369,1000000000000392,A,N,Gold
20270915,20260504,L,20260517,P,Blocked,Y,20260402,20260402,20260419,20260419,24000.0,15854.79,11909.9,3076.26,8145.21,8833.64,55637492,1000000000000393,N,N,Basic
20270815,20260104,,0,N,Active,Y,20251214,20251214,20251215,20251215,44000.0,37826.49,21313.17,4561.62,6173.51,16751.55,88240769,1000000000000394,C,N,Gold
20300815,20260720,,0,C,Active,Y,20260624,20260624,20260702,20260702,43000.0,35728.65,17724.35,4561.8,7271.35,13162.55,55252462,1000000000000395,A,N,Platinum
20311115,20251009,,0,C,Dormant,N,20250914,20250914,0,0,19000.0,18838.75,5204.1,5204.1,161.25,0.0,78770890,1000000000000396,N,N,Platinum
20310615,20260904,,0,N,Active,Y,20260815,20260815,20260821,20260821,24000.0,17793.77,11234.77,8110.13,6206.23,3124.64,23082350,1000000000000397,A,N,Gold
20271115,20260501,,0,N,Active,Y,20260408,20260408,20260417,20260417,42000.0,21697.88,9772.73,6113.32,20302.12,3659.41,54220000,1000000000000398,N,Y,Platinum
20290215,20260420,,0,P,Dormant,N,20260321,20260321,0,0,47000.0,44989.8,21796.2,21796.2,2010.2,0.0,44086060,1000000000000399,N,N,Platinum
20290915,20251025,,0,C,Dormant,N,20251015,20251015,0,0,31000.0,30386.49,9488.75,9488.75,613.51,0.0,50199913,1000000000000400,N,Y,Platinum
20310215,20260309,,0,P,Active,Y,20260203,20260203,20260207,20260207,30500.0,11976.69,7494.31,7230.83,18523.31,263.48,66269520,1000000000000401,C,Y,Gold
20291115,20260203,,0,P,Active,N,20260121,20260121,20260122,20260122,30500.0,22148.4,11820.73,9854.72,8351.6,1966.01,12670558,1000000000000402,N,N,Gold
20270815,20250906,,0,C,Active,Y,20250901,20250901,20250902,20250902,42500.0,33416.11,13253.11,8883.01,9083.89,4370.1,52265790,1000000000000403,C,N,Gold
20280615,20260407,,0,N,Dormant,N,20260309,20260309,20260320,20260320,40000.0,39547.63,8254.33,8254.33,452.37,0.0,48137561,1000000000000404,N,N,Gold
20270215,20260331,,0,N,Active,Y,20260301,20260301,20260301,20260301,46500.0,30244.69,13550.24,7133.84,16255.31,6416.4,63882408,1000000000000405,C,N,Gold
20271015,20260326,,0,N,Dormant,N,20260302,20260302,0,0,41000.0,39303.66,16764.43,16764.43,1696.34,0.0,26550554,1000000000000406,A,N,Platinum
20300815,20251028,,0,N,Dormant,N,20250930,20250930,20251003,20251003,35500.0,35013.95,15755.71,15755.71,486.05,0.0,31458327,1000000000000407,C,N,Platinum
20300515,20260726,,0,C,Dormant,Y,20260630,20260630,0,0,22000.0,21005.95,5353.04,5353.04,994.05,0.0,83242696,1000000000000408,A,Y,Basic
20300415,20251117,,0,N,Active,N,20251106,20251106,20251110,20251110,39000.0,30670.08,17648.2,15723.1,8329.92,1925.1,15491199,1000000000000409,A,Y,Platinum
20310115,20251106,L,20260623,C,Blocked,N,20251017,20251017,0,0,50000.0,48428.71,21809.28,21809.28,1571.29,0.0,57473757,1000000000000410,C,N,Platinum
20281115,20251227,,0,N,Dormant,Y,20251124,20251124,20251208,20251208,38500.0,38012.31,10402.85,10402.85,487.69,0.0,85433047,1000000000000411,N,N,Gold
20270715,20251217,,0,N,Dormant,N,20251211,20251211,0,0,43500.0,43459.53,9527.64,9527.64,40.47,0.0,79891321,1000000000000412,A,N,Platinum
20311015,20261019,,0,C,Active,N,20260929,20260929,20261008,20261008,56500.0,50850.45,17449.87,9526.77,5649.55,7923.1,72665203,1000000000000413,N,N,Platinum
20310815,20260116,,0,N,Active,Y,20251223,20251223,20251217,20251217,23500.0,19338.42,11479.11,7918.05,4161.58,3561.06,25203340,1000000000000414,N,N,Silver
20281215,20260210,,0,C,Active,Y,20260128,20260128,20260127,20260127,32000.0,23281.71,14470.25,12029.65,8718.29,2440.6,62248036,1000000000000415,N,Y,Platinum
20291215,20260610,,0,N,Dormant,N,20260609,20260609,0,0,39000.0,38088.48,18808.68,18808.68,911.52,0.0,57303591,1000000000000416,A,N,Gold
20280815,20260223,,0,N,Active,N,20260204,20260204,20260217,20260217,11500.0,6396.59,5598.43,3756.66,5103.41,1841.77,77259613,1000000000000417,N,Y,Silver
20290715,20251026,,0,N,Active,Y,20251009,20251009,20251010,20251010,38500.0,29579.21,18188.61,6768.94,8920.79,11419.67,36726532,1000000000000418,C,N,Gold
20290815,20251115,,0,P,Active,N,20251008,20251008,20251017,20251017,39000.0,28036.87,15149.23,11992.14,10963.13,3157.09,86670571,1000000000000419,C,Y,Gold
20270715,20261012,,0,C,Active,N,20260915,20260915,20260919,20260919,33000.0,32641.21,10215.09,4305.81,358.79,5909.28,91117376,1000000000000420,C,N,Platinum
20310915,20260222,,0,N,Active,Y,20260118,20260118,20260203,20260203,27000.0,5296.5,8548.46,1766.32,21703.5,6782.14,72336444,1000000000000421,A,N,Basic
20290615,20260831,,0,P,Active,N,20260729,20260729,20260806,20260806,30000.0,23661.07,14269.56,6732.09,6338.93,7537.47,27511429,1000000000000422,N,Y,Gold
20270315,20260607,,0,P,Dormant,N,20260605,20260605,0,0,8000.0,7639.46,3233.04,3233.04,360.54,0.0,82353670,1000000000000423,A,N,Basic
20300415,20260614,,0,N,Dormant,Y,20260609,20260609,0,0,32000.0,31592.56,11108.97,11108.97,407.44,0.0,76992183,1000000000000424,C,N,Gold
20300415,20251220,,0,N,Dormant,Y,20251211,20251211,0,0,55000.0,54579.77,24343.75,24343.75,420.23,0.0,84621602,1000000000000425,A,Y,Gold
20290815,20260328,,0,P,Dormant,Y,20260326,20260326,0,0,24000.0,22997.22,5280.47,5280.47,1002.78,0.0,21041247,1000000000000426,C,N,Gold
20291215,20260505,,0,N,Active,N,20260331,20260331,20260417,20260417,30500.0,26162.26,9435.29,4527.18,4337.74,4908.11,26730079,1000000000000427,N,Y,Gold
20291115,20260709,,0,C,Active,N,20260627,20260627,20260704,20260704,48000.0,36744.79,15219.63,9858.83,11255.21,5360.8,75630349,1000000000000428,N,Y,Platinum
20281115,20250925,,0,N,Active,N,20250906,20250906,20250902,20250902,55500.0,41355.27,15913.28,3248.21,14144.73,12665.07,53826571,1000000000000429,C,Y,Gold
20280315,20261023,,0,N,Active,Y,20260915,20260915,20260926,20260926,54500.0,54500.0,12353.04,11727.19,0.0,625.85,95771994,1000000000000430,C,Y,Platinum
20280915,20251122,,0,P,Active,N,20251025,20251025,20251107,20251107,36000.0,18993.37,9428.43,5235.97,17006.63,4192.46,30929060,1000000000000431,C,N,Platinum
20280715,20260506,,0,C,Active,N,20260407,20260407,20260416,20260416,42000.0,34626.51,9834.67,7721.9,7373.49,2112.77,55464764,1000000000000432,A,Y,Gold
20280115,20251130,,0,P,Dormant,Y,20251117,20251117,0,0,48000.0,46450.12,17109.84,17109.84,1549.88,0.0,60676241,1000000000000433,A,N,Platinum
20290615,20260418,,0,C,Active,N,20260328,20260328,20260329,20260329,11500.0,8234.47,4483.19,3117.5,3265.53,1365.69,65380076,1000000000000434,A,Y,Gold
20311115,20251021,T,20260327,C,Blocked,Y,20250923,20250923,20251006,20251006,40500.0,38932.96,16640.07,9443.13,1567.04,7196.94,58616740,1000000000000435,N,N,Platinum
20310615,20250930,,0,C,Dormant,Y,20250916,20250916,0,0,44500.0,43709.99,9787.49,9787.49,790.01,0.0,63603995,1000000000000436,C,N,Platinum
20300915,20251103,,0,P,Active,Y,20251028,20251028,20251029,20251029,43500.0,22871.84,11427.55,4420.03,20628.16,7007.52,30625229,1000000000000437,N,Y,Basic
20290815,20260123,,0,N,Dormant,Y,20260107,20260107,0,0,28000.0,27325.16,12497.53,12497.53,674.84,0.0,46281375,1000000000000438,C,N,Basic
20290715,20251009,,0,N,Active,Y,20251004,20251004,20250927,20250927,35000.0,29824.48,11575.89,4912.54,5175.52,6663.35,60443793,1000000000000439,N,Y,Gold
20290815,20260724,,0,P,Dormant,Y,20260713,20260713,0,0,48500.0,46674.81,19428.64,19428.64,1825.19,0.0,73318176,1000000000000440,C,N,Platinum
20291215,20251221,,0,N,Active,N,20251125,20251125,20251128,20251128,34500.0,22768.69,7563.02,5470.32,11731.31,2092.7,33288072,1000000000000441,A,Y,Platinum
20310415,20260518,,0,P,Active,Y,20260423,20260423,20260419,20260419,42000.0,20335.66,10238.09,7118.57,21664.34,3119.52,31281703,1000000000000442,N,N,Platinum
20290215,20251125,,0,P,Dormant,Y,20251026,20251026,0,0,38000.0,37973.26,17214.73,17214.73,26.74,0.0,13537149,1000000000000443,A,N,Gold
20311215,20251218,,0,P,Dormant,N,20251203,20251203,0,0,24000.0,23997.62,6029.67,6029.67,2.38,0.0,81398863,1000000000000444,N,N,Gold
20300315,20251011,,0,P,Dormant,N,20250924,20250924,0,0,38500.0,38179.07,11380.99,11380.99,320.93,0.0,16241172,1000000000000445,C,N,Gold
20290615,20250903,,0,C,Active,Y,20250816,20250816,20250814,20250814,16000.0,15450.22,7916.04,5910.45,549.78,2005.59,70454821,1000000000000446,A,Y,Platinum
20290815,20260724,,0,P,Active,N,20260628,20260628,20260627,20260627,34500.0,16216.44,7549.19,4138.99,18283.56,3410.2,16310272,1000000000000447,N,N,Gold
20280115,20260422,,0,C,Active,Y,20260325,20260325,20260404,20260404,57000.0,47959.47,23230.98,5851.78,9040.53,17379.2,54795481,1000000000000448,A,N,Platinum
20280515,20260415,,0,N,Dormant,N,20260318,20260318,0,0,32000.0,30436.16,8231.66,8231.66,1563.84,0.0,65456043,1000000000000449,C,N,Platinum
20310615,20251207,C,20260822,P,Blocked,N,20251129,20251129,0,0,44500.0,43552.73,13574.22,13574.22,947.27,0.0,27878463,1000000000000450,N,N,Gold
20270215,20260816,,0,C,Dormant,N,20260717,20260717,0,0,30000.0,29011.09,12129.15,12129.15,988.91,0.0,68008368,1000000000000451,C,N,Gold
20281215,20260703,,0,P,Dormant,N,20260605,20260605,0,0,8000.0,7737.32,2208.87,2208.87,262.68,0.0,49565649,1000000000000452,N,N,Basic
20270115,20260223,,0,C,Dormant,Y,20260205,20260205,0,0,38000.0,37070.92,8186.39,8186.39,929.08,0.0,29020912,1000000000000453,C,N,Platinum
20310615,20251212,,0,N,Dormant,Y,20251112,20251112,0,0,39000.0,38485.33,8898.6,8898.6,514.67,0.0,18606206,1000000000000454,A,N,Gold
20281215,20251007,,0,C,Active,Y,20250915,20250915,20250928,20250928,39000.0,30185.49,18258.16,12973.01,8814.51,5285.15,99295379,1000000000000455,A,Y,Gold
20290915,20260905,,0,P,Dormant,N,20260904,20260904,0,0,45000.0,42937.2,11078.38,11078.38,2062.8,0.0,47276960,1000000000000456,C,N,Gold
20281115,20250923,,0,C,Dormant,N,20250912,20250912,0,0,33500.0,32290.82,9804.7,9804.7,1209.18,0.0,78308735,1000000000000457,N,Y,Gold
20280315,20260524,,0,N,Dormant,N,20260504,20260504,0,0,30500.0,29396.72,13687.09,13687.09,1103.28,0.0,99182706,1000000000000458,N,N,Platinum
20290915,20250929,,0,C,Active,Y,20250906,20250906,20250907,20250907,54500.0,44932.33,18017.09,16232.83,9567.67,1784.26,98276697,1000000000000459,A,N,Platinum
20270215,20260125,,0,N,Active,N,20260103,20260103,20260118,20260118,28500.0,20755.84,14140.1,5583.5,7744.16,8556.6,94858086,1000000000000460,N,Y,Silver
20281215,20260408,,0,C,Active,N,20260315,20260315,20260328,20260328,49000.0,33501.96,17966.76,5047.27,15498.04,12919.49,28902357,1000000000000461,C,N,Platinum
20290315,20260611,,0,N,Active,N,20260517,20260517,20260516,20260516,45500.0,35655.9,21029.69,15259.43,9844.1,5770.26,26002695,1000000000000462,C,N,Platinum
20270515,20251119,,0,P,Dormant,Y,20251117,20251117,0,0,33000.0,31975.84,15374.89,15374.89,1024.16,0.0,94535600,1000000000000463,N,Y,Gold
20301015,20251221,,0,N,Active,N,20251201,20251201,20251202,20251202,40000.0,19228.64,14200.68,4144.01,20771.36,10056.67,72872905,1000000000000464,N,N,Platinum
20280915,20250910,,0,N,Active,N,20250821,20250821,20250827,20250827,11500.0,7061.28,3244.7,2279.14,4438.72,965.56,65768929,1000000000000465,N,N,Platinum
20310815,20250913,,0,N,Active,Y,20250829,20250829,20250909,20250909,57500.0,57500.0,22157.12,9679.4,0.0,12477.72,22571942,1000000000000466,C,N,Platinum
20300515,20260226,,0,C,Active,N,20260123,20260123,20260131,20260131,35500.0,24415.21,13698.71,10862.84,11084.79,2835.87,33265233,1000000000000467,C,N,Platinum
20281115,20251125,,0,P,Dormant,Y,20251030,20251030,0,0,39500.0,38562.21,16946.31,16946.31,937.79,0.0,97581747,1000000000000468,A,Y,Gold
20300315,20260201,,0,P,Active,Y,20260101,20260101,20260105,20260105,29000.0,20110.31,8145.05,2058.15,8889.69,6086.9,59137176,1000000000000469,A,N,Gold
20300815,20260905,,0,N,Active,N,20260911,20260911,20260904,20260904,36500.0,20896.38,7870.89,3811.01,15603.62,4059.88,75727209,1000000000000470,C,Y,Platinum
20280115,20260527,,0,C,Active,Y,20260512,20260512,20260514,20260514,34500.0,24426.78,12503.9,10682.05,10073.22,1821.85,22863109,1000000000000471,A,N,Gold
20270315,20260110,,0,C,Dormant,N,20260102,20260102,0,0,40500.0,38503.6,18455.92,18455.92,1996.4,0.0,87023282,1000000000000472,A,N,Gold
20311215,20251212,,0,N,Active,N,20251206,20251206,20251208,20251208,23500.0,7219.81,8986.9,4762.53,16280.19,4224.37,15700938,1000000000000473,N,Y,Basic
20280515,20260724,,0,P,Active,Y,20260624,20260624,20260626,20260626,34000.0,22228.19,11592.51,9598.15,11771.81,1994.36,75248523,1000000000000474,A,Y,Gold
20301115,20260322,,0,N,Dormant,N,20260305,20260305,0,0,27000.0,26000.34,10029.78,10029.78,999.66,0.0,51294087,1000000000000475,A,N,Platinum
20281115,20260510,L,20260717,N,Blocked,N,20260428,20260428,20260422,20260422,36500.0,34862.15,18150.87,18150.87,1637.85,0.0,12681552,1000000000000476,N,Y,Basic
20281015,20251009,,0,N,Dormant,N,20250913,20250913,20250913,20250913,51000.0,49425.49,17703.81,17703.81,1574.51,0.0,60992202,1000000000000477,A,N,Gold
20270615,20260201,,0,P,Dormant,Y,20260103,20260103,0,0,43500.0,43397.09,10142.47,10142.47,102.91,0.0,40581366,1000000000000478,C,Y,Platinum
20311015,20251102,,0,P,Active,N,20251005,20251005,20251018,20251018,38500.0,33189.11,15890.68,10883.7,5310.89,5006.98,66455962,1000000000000479,C,N,Gold
20311115,20250821,,0,C,Dormant,N,20250820,20250820,0,0,37000.0,36375.57,15151.71,15151.71,624.43,0.0,24406372,1000000000000480,C,N,Platinum
20300915,20251112,,0,N,Active,Y,20251007,20251007,20251016,20251016,43000.0,31241.49,20267.54,7091.09,11758.51,13176.45,49569133,1000000000000481,C,N,Platinum
20300715,20250928,,0,P,Active,N,20250827,20250827,20250907,20250907,44000.0,40024.9,21334.62,18617.06,3975.1,2717.56,16224977,1000000000000482,C,Y,Platinum
20270815,20260903,,0,P,Active,N,20260807,20260807,20260811,20260811,35000.0,33298.86,17354.82,9462.99,1701.14,7891.83,65186005,1000000000000483,N,N,Gold
20301215,20251226,,0,P,Dormant,Y,20251208,20251208,0,0,21500.0,21009.63,4656.12,4656.12,490.37,0.0,68800797,1000000000000484,A,N,Silver
20270215,20260814,,0,P,Dormant,N,20260724,20260724,20260726,20260726,34000.0,33237.46,15372.81,15372.81,762.54,0.0,96672678,1000000000000485,N,N,Gold
20280915,20251002,,0,N,Active,N,20250831,20250831,20250905,20250905,36000.0,30866.75,8494.83,7289.96,5133.25,1204.87,45499094,1000000000000486,A,N,Gold
20290415,20260514,,0,N,Dormant,Y,20260419,20260419,0,0,32500.0,31267.81,9650.22,9650.22,1232.19,0.0,21681090,1000000000000487,N,Y,Platinum
20300415,20260117,L,20260615,C,Blocked,N,20251230,20251230,0,0,27000.0,26026.59,8774.62,8774.62,973.41,0.0,89118492,1000000000000488,A,Y,Gold
20310215,20260529,,0,N,Active,N,20260526,20260526,20260522,20260522,42000.0,26738.93,17171.79,12452.78,15261.07,4719.01,95456010,1000000000000489,C,Y,Gold
20310415,20260531,,0,C,Active,Y,20260420,20260420,20260503,20260503,13500.0,7020.74,5868.4,3770.16,6479.26,2098.24,46906305,1000000000000490,C,N,Silver
20281015,20260502,,0,C,Active,Y,20260423,20260423,20260501,20260501,40500.0,40500.0,8173.5,5722.59,0.0,2450.91,22146359,1000000000000491,C,N,Platinum
20280815,20260110,T,20260318,C,Blocked,N,20251219,20251219,20251225,20251225,36000.0,27629.41,11310.76,9270.42,8370.59,2040.34,22628163,1000000000000492,N,Y,Platinum
20280815,20260501,,0,N,Active,N,20260408,20260408,20260423,20260423,29500.0,23190.82,10360.04,3586.77,6309.18,6773.27,91298909,1000000000000493,C,N,Platinum
20270115,20251112,,0,C,Dormant,Y,20251013,20251013,0,0,42500.0,42143.23,18553.51,18553.51,356.77,0.0,17488610,1000000000000494,C,N,Platinum
20270215,20260413,,0,C,Active,N,20260328,20260328,20260403,20260403,53000.0,46966.52,14420.95,8468.18,6033.48,5952.77,85341065,1000000000000495,A,N,Gold
20281015,20260626,,0,P,Active,Y,20260619,20260619,20260625,20260625,36000.0,2018.96,11363.17,3253.0,33981.04,8110.17,96024494,1000000000000496,C,Y,Platinum
20310315,20260619,,0,C,Active,N,20260603,20260603,20260530,20260530,34500.0,24330.15,7011.18,6302.45,10169.85,708.73,13346501,1000000000000497,A,N,Gold
20271115,20251127,,0,P,Dormant,N,20251111,20251111,0,0,38000.0,36255.08,13640.27,13640.27,1744.92,0.0,87713623,1000000000000498,A,N,Platinum
20271015,20250912,,0,P,Dormant,N,20250816,20250816,0,0,40500.0,39329.27,14383.61,14383.61,1170.73,0.0,11866548,1000000000000499,C,N,Gold
20310415,20260821,,0,C,Dormant,Y,20260813,20260813,0,0,24500.0,23551.4,6384.86,6384.86,948.6,0.0,19908724,1000000000000500,A,N,Platinum
20270515,20260524,,0,N,Active,Y,20260506,20260506,20260514,20260514,22500.0,9736.85,5807.02,4969.9,12763.15,837.12,71779636,1000000000000501,C,Y,Basic
20280115,20260831,,0,N,Active,Y,20260805,20260805,20260802,20260802,48000.0,20051.52,13397.36,5743.58,27948.48,7653.78,19717327,1000000000000502,C,N,Gold
20281215,20260626,,0,C,Dormant,N,20260612,20260612,0,0,37000.0,35788.31,9267.07,9267.07,1211.69,0.0,60101289,1000000000000503,C,N,Platinum
20311015,20260420,,0,P,Dormant,Y,20260331,20260331,0,0,33000.0,31552.8,12461.39,12461.39,1447.2,0.0,10226999,1000000000000504,C,N,Gold
20310115,20251204,,0,P,Active,N,20251128,20251128,20251121,20251121,42000.0,27849.94,9278.41,2983.57,14150.06,6294.84,59853452,1000000000000505,A,Y,Platinum
20310315,20260406,,0,C,Active,Y,20260219,20260219,20260310,20260310,24000.0,15070.66,11454.43,9685.52,8929.34,1768.91,90022258,1000000000000506,A,N,Gold
20310715,20260113,,0,C,Dormant,Y,20260103,20260103,0,0,48500.0,47947.97,14031.61,14031.61,552.03,0.0,96455660,1000000000000507,C,Y,Gold
20280515,20260801,,0,C,Dormant,Y,20260702,20260702,0,0,20000.0,19616.79,5563.21,5563.21,383.21,0.0,16115184,1000000000000508,A,N,Basic
20290615,20251013,,0,P,Active,N,20250930,20250930,20250930,20250930,33000.0,25565.52,13333.89,5734.59,7434.48,7599.3,90137990,1000000000000509,C,Y,Platinum
20280815,20260922,,0,N,Dormant,Y,20260912,20260912,0,0,42500.0,42152.23,19165.86,19165.86,347.77,0.0,14614633,1000000000000510,N,N,Gold
20280915,20260519,,0,N,Dormant,Y,20260422,20260422,0,0,43000.0,40853.41,12108.28,12108.28,2146.59,0.0,89520597,1000000000000511,N,N,Platinum
20310315,20260722,,0,P,Active,N,20260627,20260627,20260702,20260702,32000.0,30775.15,9329.62,9241.84,1224.85,87.78,39308629,1000000000000512,A,N,Platinum
20270715,20260729,,0,C,Active,Y,20260709,20260709,20260720,20260720,35000.0,20648.72,7865.79,5414.45,14351.28,2451.34,96622608,1000000000000513,A,Y,Platinum
20300915,20251111,,0,C,Active,Y,20251003,20251003,20251013,20251013,15000.0,13660.91,5183.56,4049.16,1339.09,1134.4,47165431,1000000000000514,N,Y,Gold
20270215,20260906,,0,P,Active,N,20260817,20260817,20260826,20260826,38500.0,27005.45,11273.03,2997.43,11494.55,8275.6,89233275,1000000000000515,A,Y,Gold
20290615,20260731,,0,C,Dormant,N,20260730,20260730,0,0,34000.0,33909.76,12491.63,12491.63,90.24,0.0,32381057,1000000000000516,C,Y,Gold
20280215,20260803,,0,C,Active,Y,20260716,20260716,20260723,20260723,23000.0,21385.65,10334.85,7133.89,1614.35,3200.96,54898716,1000000000000517,C,Y,Platinum
20270115,20260106,,0,N,Active,Y,20251203,20251203,20251218,20251218,16500.0,10323.52,3805.24,1239.79,6176.48,2565.45,49585094,1000000000000518,A,Y,Basic
20311215,20260824,,0,P,Active,Y,20260812,20260812,20260817,20260817,37000.0,31651.33,8448.31,4928.71,5348.67,3519.6,23439803,1000000000000519,N,Y,Gold
20301015,20251108,,0,C,Active,Y,20251023,20251023,20251025,20251025,47500.0,24938.41,21244.17,17611.31,22561.59,3632.86,37805454,1000000000000520,A,N,Gold
20310315,20251017,,0,C,Active,Y,20250922,20250922,20250928,20250928,41000.0,25180.15,16796.7,7306.88,15819.85,9489.82,78085419,1000000000000521,A,N,Gold
20301015,20260409,,0,C,Active,N,20260303,20260303,20260317,20260317,50000.0,38649.13,22749.73,17993.08,11350.87,4756.65,84938854,1000000000000522,A,N,Gold
20300215,20251203,,0,C,Active,Y,20251105,20251105,20251119,20251119,39000.0,30296.39,9170.92,4018.85,8703.61,5152.07,81533615,1000000000000523,A,N,Gold
20300215,20260329,,0,C,Active,Y,20260313,20260313,20260323,20260323,35000.0,33730.07,10474.99,10311.65,1269.93,163.34,33575893,1000000000000524,A,Y,Platinum
20311015,20260205,,0,C,Active,N,20260104,20260104,20260118,20260118,18000.0,6529.91,5795.21,5011.73,11470.09,783.48,14639771,1000000000000525,A,N,Platinum
20300515,20260510,,0,P,Active,N,20260408,20260408,20260419,20260419,49500.0,34482.01,24612.29,16972.91,15017.99,7639.38,80232438,1000000000000526,C,N,Platinum
20310415,20260628,,0,C,Dormant,Y,20260609,20260609,0,0,28000.0,27469.67,12164.76,12164.76,530.33,0.0,46235719,1000000000000527,C,N,Platinum
20300115,20260226,,0,N,Active,Y,20260123,20260123,20260128,20260128,51500.0,35396.22,19276.63,17276.51,16103.78,2000.12,60094372,1000000000000528,A,N,Gold
20290315,20260902,,0,C,Dormant,Y,20260830,20260830,0,0,44000.0,42419.45,20950.96,20950.96,1580.55,0.0,14236689,1000000000000529,N,N,Gold
20290915,20261025,,0,N,Active,N,20260912,20260912,20260929,20260929,27000.0,16590.38,9900.48,6081.4,10409.62,3819.08,60455173,1000000000000530,C,N,Platinum
20310615,20260209,,0,P,Dormant,Y,20260118,20260118,0,0,15500.0,15246.99,3805.82,3805.82,253.01,0.0,26360425,1000000000000531,N,N,Gold
20270715,20260827,,0,C,Active,Y,20260803,20260803,20260811,20260811,17500.0,13355.58,6543.89,2254.06,4144.42,4289.83,67262776,1000000000000532,A,N,Gold
20271115,20260508,,0,N,Dormant,N,20260504,20260504,0,0,45000.0,44970.4,16982.08,16982.08,29.6,0.0,70896570,1000000000000533,A,N,Gold
20290615,20250923,,0,N,Dormant,Y,20250909,20250909,0,0,30000.0,29690.0,13915.18,13915.18,310.0,0.0,28165150,1000000000000534,A,Y,Silver
20280515,20260210,,0,N,Active,Y,20260111,20260111,20260117,20260117,10500.0,6227.92,4842.35,2703.0,4272.08,2139.35,60259012,1000000000000535,A,Y,Basic
20301215,20260528,,0,N,Dormant,Y,20260428,20260428,20260429,20260429,33000.0,31529.71,14900.66,14900.66,1470.29,0.0,81723698,1000000000000536,C,N,Gold
20300715,20260116,C,20260325,C,Blocked,Y,20251208,20251208,20251225,20251225,37500.0,22785.77,10178.37,2117.17,14714.23,8061.2,30135246,1000000000000537,A,N,Gold
20290815,20260623,L,20260417,C,Blocked,Y,20260601,20260601,20260606,20260606,35500.0,25376.87,8593.44,3218.96,10123.13,5374.48,72980385,1000000000000538,N,N,Platinum
20310915,20260630,T,20260609,P,Blocked,N,20260618,20260618,20260628,20260628,51500.0,36292.29,11500.58,8449.14,15207.71,3051.44,76152956,1000000000000539,N,N,Platinum
20290915,20260905,,0,N,Dormant,Y,20260806,20260806,0,0,41000.0,40635.34,15209.98,15209.98,364.66,0.0,49951665,1000000000000540,C,Y,Gold
20291015,20251030,,0,P,Dormant,Y,20251026,20251026,0,0,41000.0,39553.35,17285.35,17285.35,1446.65,0.0,33994037,1000000000000541,C,Y,Gold
20300915,20261005,,0,N,Active,N,20260904,20260904,20260910,20260910,33000.0,25240.48,9978.24,3359.62,7759.52,6618.62,74132366,1000000000000542,A,Y,Gold
20280815,20260328,,0,P,Active,N,20260319,20260319,20260319,20260319,30500.0,27168.8,10038.59,4708.6,3331.2,5329.99,12478488,1000000000000543,N,Y,Gold
20280915,20260110,,0,P,Dormant,Y,20260104,20260104,0,0,48500.0,46878.6,22582.3,22582.3,1621.4,0.0,65683336,1000000000000544,C,N,Platinum
20300815,20251128,,0,P,Active,N,20251029,20251029,20251110,20251110,32500.0,24475.05,15746.07,8832.01,8024.95,6914.06,51971760,1000000000000545,C,Y,Platinum
20270315,20251108,,0,P,Dormant,Y,20251009,20251009,0,0,36500.0,36236.92,9978.37,9978.37,263.08,0.0,70871468,1000000000000546,C,Y,Gold
20281015,20260831,,0,N,Active,Y,20260728,20260728,20260806,20260806,49000.0,18833.26,15264.8,7198.71,30166.74,8066.09,24711415,1000000000000547,N,Y,Platinum
20280915,20261023,,0,C,Active,Y,20260930,20260930,20261005,20261005,38000.0,24196.13,13967.83,12976.17,13803.87,991.66,24431124,1000000000000548,A,N,Platinum
20290715,20260115,,0,C,Active,Y,20251220,20251220,20251225,20251225,37000.0,20552.02,12521.29,9594.02,16447.98,2927.27,36530970,1000000000000549,C,N,Gold
20271215,20260418,,0,N,Dormant,Y,20260326,20260326,0,0,47500.0,46038.81,20512.21,20512.21,1461.19,0.0,42222061,1000000000000550,C,Y,Gold
20300715,20260708,,0,N,Active,N,20260609,20260609,20260626,20260626,9500.0,4954.27,3717.65,1647.92,4545.73,2069.73,27160025,1000000000000551,A,N,Silver
20300915,20251108,,0,P,Dormant,N,20251007,20251007,20251023,20251023,47500.0,46701.59,11317.96,11317.96,798.41,0.0,49726725,1000000000000552,A,N,Gold
20290315,20251124,,0,P,Active,Y,20251106,20251106,20251121,20251121,41500.0,29381.82,13860.37,3758.77,12118.18,10101.6,74363493,1000000000000553,N,N,Platinum
20290315,20261004,,0,P,Active,Y,20260909,20260909,20260919,20260919,41000.0,27278.1,15726.78,4664.73,13721.9,11062.05,20291302,1000000000000554,N,N,Gold
20271115,20260906,,0,N,Dormant,N,20260812,20260812,0,0,17500.0,16950.86,7522.14,7522.14,549.14,0.0,64231470,1000000000000555,N,N,Basic
20301015,20260902,,0,N,Dormant,Y,20260817,20260817,0,0,45500.0,44596.17,15434.36,15434.36,903.83,0.0,48238507,1000000000000556,A,Y,Platinum
20270615,20260725,,0,P,Dormant,N,20260713,20260713,0,0,43000.0,41241.79,14365.92,14365.92,1758.21,0.0,54614565,1000000000000557,A,N,Gold
20310115,20260310,,0,P,Dormant,N,20260303,20260303,0,0,56000.0,53420.14,22967.94,22967.94,2579.86,0.0,70974192,1000000000000558,N,N,Gold
20290615,20260314,,0,C,Dormant,Y,20260228,20260228,20260224,20260224,28500.0,27353.09,8037.0,8037.0,1146.91,0.0,58942697,1000000000000559,A,Y,Platinum
20281215,20260522,,0,P,Active,Y,20260421,20260421,20260426,20260426,28500.0,14982.6,9982.66,3296.52,13517.4,6686.14,33077059,1000000000000560,A,N,Platinum
20280815,20260816,,0,P,Dormant,Y,20260729,20260729,0,0,42000.0,39992.32,19583.04,19583.04,2007.68,0.0,67297823,1000000000000561,N,Y,Gold
20280215,20260327,,0,N,Dormant,N,20260316,20260316,0,0,30000.0,29450.84,12633.61,12633.61,549.16,0.0,96966890,1000000000000562,A,Y,Silver
20270815,20260403,,0,N,Active,N,20260309,20260309,20260318,20260318,10000.0,5667.14,4105.79,1459.66,4332.86,2646.13,18456179,1000000000000563,A,N,Platinum
20311115,20260203,,0,P,Active,N,20260107,20260107,20260108,20260108,48500.0,30834.95,10563.71,3964.77,17665.05,6598.94,38317637,1000000000000564,N,N,Platinum
20280515,20260503,,0,C,Dormant,N,20260421,20260421,0,0,23500.0,22536.78,6745.23,6745.23,963.22,0.0,51989206,1000000000000565,A,N,Silver
20300715,20251029,,0,P,Active,N,20251002,20251002,20251004,20251004,41500.0,25272.68,19309.85,5128.16,16227.32,14181.69,14657496,1000000000000566,A,Y,Gold
20311015,20260905,C,20260530,N,Blocked,Y,20260809,20260809,20260817,20260817,34500.0,32045.66,17087.09,8633.43,2454.34,8453.66,53335744,1000000000000567,N,Y,Gold
20270315,20260925,,0,N,Active,Y,20260821,20260821,20260902,20260902,28500.0,17981.57,6974.43,4540.38,10518.43,2434.05,42559072,1000000000000568,C,N,Gold
20270315,20260720,,0,N,Dormant,N,20260626,20260626,0,0,47500.0,46740.57,15379.63,15379.63,759.43,0.0,22133336,1000000000000569,N,N,Platinum
20270715,20260129,,0,P,Active,Y,20251231,20251231,20260114,20260114,33000.0,15440.09,10805.61,8162.93,17559.91,2642.68,66661351,1000000000000570,C,N,Silver
20310915,20260726,,0,N,Active,Y,20260711,20260711,20260715,20260715,44500.0,30974.77,11432.1,8148.88,13525.23,3283.22,55731485,1000000000000571,N,N,Gold
20270115,20251119,,0,C,Active,N,20251017,20251017,20251027,20251027,51000.0,29785.3,17538.34,10565.31,21214.7,6973.03,58302092,1000000000000572,C,Y,Platinum
20270315,20261022,,0,P,Dormant,Y,20260922,20260922,0,0,38000.0,37644.03,9992.25,9992.25,355.97,0.0,28208190,1000000000000573,A,N,Platinum
20290115,20261003,,0,P,Active,Y,20260907,20260907,20260915,20260915,40500.0,20982.34,8703.62,6099.45,19517.66,2604.17,52870052,1000000000000574,C,N,Gold
20270215,20251223,,0,N,Dormant,N,20251124,20251124,0,0,31500.0,30282.14,11522.66,11522.66,1217.86,0.0,77738909,1000000000000575,A,N,Gold
20281215,20260416,,0,P,Dormant,N,20260329,20260329,0,0,37500.0,37228.11,9056.15,9056.15,271.89,0.0,65647128,1000000000000576,N,Y,Gold
20310515,20251116,,0,N,Active,Y,20251114,20251114,20251111,20251111,59000.0,37568.1,15389.33,12266.67,21431.9,3122.66,10484377,1000000000000577,C,N,Platinum
20300715,20260707,,0,C,Active,Y,20260626,20260626,20260625,20260625,41500.0,31776.99,20180.62,15883.54,9723.01,4297.08,24140492,1000000000000578,N,N,Gold
20300115,20260221,,0,C,Dormant,Y,20260211,20260211,0,0,47500.0,45734.25,16668.43,16668.43,1765.75,0.0,96237148,1000000000000579,N,N,Gold
20291015,20260127,,0,P,Active,N,20260123,20260123,20260125,20260125,45000.0,21419.34,12871.08,12134.69,23580.66,736.39,16408122,1000000000000580,A,N,Gold
20280715,20251123,L,20260712,C,Blocked,N,20251025,20251025,20251105,20251105,42000.0,41332.29,15560.73,15560.73,667.71,0.0,98350253,1000000000000581,A,N,Platinum
20280815,20260324,,0,C,Active,N,20260301,20260301,20260308,20260308,32500.0,25705.24,15406.4,7704.89,6794.76,7701.51,27940113,1000000000000582,N,N,Gold
20290815,20260830,,0,P,Dormant,N,20260811,20260811,0,0,38500.0,38414.82,11181.67,11181.67,85.18,0.0,15507572,1000000000000583,C,N,Platinum
20280515,20260522,,0,C,Active,N,20260519,20260519,20260521,20260521,12500.0,8775.1,5971.41,5924.67,3724.9,46.74,10784780,1000000000000584,N,N,Platinum
20280315,20260107,,0,C,Dormant,Y,20251230,20251230,0,0,12500.0,11891.77,4208.21,4208.21,608.23,0.0,13534686,1000000000000585,N,N,Silver
20270415,20260603,,0,N,Dormant,N,20260602,20260602,20260529,20260529,21000.0,20386.16,9047.96,9047.96,613.84,0.0,90838861,1000000000000586,N,Y,Platinum
20300415,20260719,,0,P,Active,Y,20260616,20260616,20260630,20260630,25000.0,16682.49,7196.47,3197.52,8317.51,3998.95,62376099,1000000000000587,A,Y,Silver
20281115,20260804,,0,N,Dormant,N,20260727,20260727,0,0,46500.0,45994.09,10207.47,10207.47,505.91,0.0,56241881,1000000000000588,N,N,Platinum
20281215,20260730,,0,P,Active,Y,20260630,20260630,20260701,20260701,41500.0,31097.98,14458.87,13325.49,10402.02,1133.38,52702125,1000000000000589,A,N,Platinum
20290515,20261004,,0,N,Active,Y,20260901,20260901,20260904,20260904,10000.0,6018.7,4135.61,1003.56,3981.3,3132.05,83618872,1000000000000590,A,N,Silver
20300415,20260729,,0,C,Active,N,20260707,20260707,20260709,20260709,10000.0,1355.06,4689.85,3008.99,8644.94,1680.86,26381483,1000000000000591,C,N,Gold
20280915,20260501,,0,N,Active,N,20260420,20260420,20260419,20260419,32500.0,15515.28,9737.75,3607.43,16984.72,6130.32,16633753,1000000000000592,C,N,Platinum
20310715,20260918,,0,C,Dormant,N,20260904,20260904,0,0,37000.0,35997.92,10667.98,10667.98,1002.08,0.0,79888222,1000000000000593,A,Y,Platinum
20280115,20260321,,0,N,Dormant,Y,20260319,20260319,0,0,48500.0,46091.8,13208.73,13208.73,2408.2,0.0,47352869,1000000000000594,A,Y,Gold
20270215,20260330,,0,N,Dormant,N,20260312,20260312,0,0,42000.0,40731.67,18930.72,18930.72,1268.33,0.0,12305591,1000000000000595,N,Y,Gold
20271215,20251104,,0,N,Dormant,Y,20251017,20251017,0,0,31000.0,29451.87,7040.31,7040.31,1548.13,0.0,84437458,1000000000000596,C,Y,Platinum
20290415,20260915,,0,C,Dormant,N,20260816,20260816,0,0,33000.0,31855.46,11517.16,11517.16,1144.54,0.0,20088018,1000000000000597,N,N,Gold
20310415,20260621,,0,N,Active,Y,20260612,20260612,20260617,20260617,35500.0,25648.23,14525.46,5418.82,9851.77,9106.64,45588047,1000000000000598,A,Y,Gold
20270815,20260901,,0,N,Dormant,N,20260807,20260807,0,0,26500.0,25888.01,6646.9,6646.9,611.99,0.0,42084122,1000000000000599,A,N,Platinum
20270715,20260408,,0,N,Dormant,Y,20260330,20260330,20260323,20260323,43000.0,42410.67,15606.83,15606.83,589.33,0.0,41558317,1000000000000600,A,N,Platinum
20270815,20260203,T,20260421,P,Blocked,N,20260112,20260112,20260118,20260118,29500.0,23304.11,11180.93,4549.12,6195.89,6631.81,19391350,1000000000000601,A,N,Gold
20270915,20251116,,0,C,Dormant,Y,20251023,20251023,0,0,9500.0,9148.97,3233.56,3233.56,351.03,0.0,66811657,1000000000000602,A,N,Silver
20290515,20251227,,0,P,Active,Y,20251127,20251127,20251209,20251209,44000.0,24700.74,9769.97,5861.85,19299.26,3908.12,47955215,1000000000000603,N,N,Gold
20290215,20251107,,0,N,Active,N,20251013,20251013,20251014,20251014,43500.0,40140.37,14940.36,10390.37,3359.63,4549.99,79393610,1000000000000604,C,Y,Gold
20311015,20260810,,0,P,Dormant,Y,20260726,20260726,0,0,58500.0,57986.93,25395.91,25395.91,513.07,0.0,48502168,1000000000000605,N,N,Platinum
20290715,20260917,,0,N,Dormant,Y,20260902,20260902,0,0,30000.0,29589.12,13099.7,13099.7,410.88,0.0,22563758,1000000000000606,N,N,Platinum
20280515,20251102,,0,N,Dormant,N,20251015,20251015,0,0,39000.0,37309.56,8131.3,8131.3,1690.44,0.0,76558294,1000000000000607,C,N,Gold
20310615,20251103,,0,P,Dormant,N,20251015,20251015,0,0,28000.0,27943.24,9634.31,9634.31,56.76,0.0,93280761,1000000000000608,C,N,Gold
20310815,20260117,,0,C,Active,Y,20260113,20260113,20260114,20260114,42500.0,31402.91,15810.78,5661.2,11097.09,10149.58,50157434,1000000000000609,C,Y,Platinum
20270815,20251023,,0,P,Dormant,Y,20251005,20251005,0,0,10500.0,10013.57,3318.86,3318.86,486.43,0.0,84855588,1000000000000610,A,Y,Gold
20270815,20260810,,0,P,Dormant,Y,20260807,20260807,0,0,35500.0,34656.97,7544.63,7544.63,843.03,0.0,66178935,1000000000000611,C,N,Platinum
20300815,20260630,,0,C,Active,N,20260604,20260604,20260531,20260531,33500.0,16496.78,12922.69,11406.09,17003.22,1516.6,57036738,1000000000000612,C,N,Platinum
20270115,20251221,,0,N,Active,Y,20251119,20251119,20251121,20251121,34500.0,23993.73,14293.87,3203.51,10506.27,11090.36,74373458,1000000000000613,C,Y,Platinum
20271115,20251013,,0,C,Dormant,Y,20251006,20251006,0,0,39500.0,38790.52,9864.26,9864.26,709.48,0.0,68429076,1000000000000614,A,Y,Platinum
20290715,20251108,,0,P,Active,Y,20251016,20251016,20251030,20251030,35500.0,17787.03,8873.6,7111.94,17712.97,1761.66,91749533,1000000000000615,C,Y,Platinum
20280415,20251221,C,20260320,N,Blocked,Y,20251130,20251130,0,0,47500.0,45978.1,14139.65,14139.65,1521.9,0.0,50276314,1000000000000616,A,N,Gold
20280515,20260814,C,20260614,C,Blocked,N,20260710,20260710,20260721,20260721,40500.0,39670.62,20043.41,20043.41,829.38,0.0,35395282,1000000000000617,A,Y,Platinum
20301015,20260805,,0,P,Active,Y,20260703,20260703,20260711,20260711,36500.0,17259.53,7300.51,4404.93,19240.47,2895.58,30317654,1000000000000618,A,Y,Gold
20301015,20260518,,0,N,Dormant,Y,20260421,20260421,0,0,36000.0,34542.44,12276.41,12276.41,1457.56,0.0,42402412,1000000000000619,C,N,Platinum
20311015,20260208,,0,N,Dormant,Y,20260111,20260111,20260115,20260115,48000.0,46600.25,10242.68,10242.68,1399.75,0.0,49067384,1000000000000620,A,N,Gold
20290915,20260221,,0,P,Active,N,20260210,20260210,20260211,20260211,24000.0,14709.56,5720.07,4107.86,9290.44,1612.21,13156518,1000000000000621,A,N,Gold
20281015,20251109,,0,C,Active,N,20251027,20251027,20251030,20251030,39000.0,28650.05,12452.0,9773.32,10349.95,2678.68,45630292,1000000000000622,N,N,Platinum
20271115,20260306,,0,N,Active,Y,20260223,20260223,20260227,20260227,33500.0,33500.0,16169.63,8341.59,0.0,7828.04,12531331,1000000000000623,N,N,Silver
20311215,20260211,,0,C,Active,Y,20260123,20260123,20260124,20260124,16500.0,12798.81,7485.1,3646.26,3701.19,3838.84,61046056,1000000000000624,C,Y,Platinum
20290715,20260316,,0,P,Active,Y,20260303,20260303,20260301,20260301,41000.0,34109.06,14131.81,7503.35,6890.94,6628.46,44701050,1000000000000625,N,N,Gold
20270215,20260317,,0,P,Active,Y,20260206,20260206,20260215,20260215,25500.0,20642.91,5777.83,2509.28,4857.09,3268.55,42986080,1000000000000626,A,Y,Gold
20281115,20251209,,0,P,Active,N,20251110,20251110,20251119,20251119,20000.0,14345.98,4057.79,2040.53,5654.02,2017.26,98133285,1000000000000627,N,N,Gold
20300115,20251119,,0,C,Active,N,20251025,20251025,20251107,20251107,19500.0,18966.92,4941.93,2813.8,533.08,2128.13,93812015,1000000000000628,A,N,Basic
20300315,20251006,,0,P,Active,N,20250911,20250911,20250916,20250916,43000.0,31048.05,19707.01,16814.58,11951.95,2892.43,53827529,1000000000000629,N,Y,Gold
20311215,20260522,,0,P,Active,N,20260505,20260505,20260513,20260513,32000.0,15022.02,14451.6,13463.6,16977.98,988.0,50618137,1000000000000630,C,Y,Platinum
20270315,20260414,,0,P,Dormant,N,20260322,20260322,0,0,36500.0,35052.43,11161.91,11161.91,1447.57,0.0,42242644,1000000000000631,A,N,Platinum
20281215,20260617,,0,C,Dormant,N,20260607,20260607,0,0,30000.0,29337.87,8157.56,8157.56,662.13,0.0,42247395,1000000000000632,N,N,Gold
20270815,20260804,,0,N,Active,Y,20260712,20260712,20260716,20260716,33000.0,29692.27,11220.04,9086.57,3307.73,2133.47,95093837,1000000000000633,C,N,Basic
20290615,20260721,,0,C,Active,N,20260630,20260630,20260627,20260627,19500.0,8156.5,4534.21,4521.14,11343.5,13.07,61925466,1000000000000634,A,N,Basic
20290715,20260108,,0,P,Active,Y,20251210,20251210,20251217,20251217,31000.0,25134.1,10646.13,9417.66,5865.9,1228.47,81467508,1000000000000635,A,N,Gold
20310615,20260705,,0,P,Active,N,20260615,20260615,20260612,20260612,47500.0,36317.14,15767.61,10016.82,11182.86,5750.79,84583388,1000000000000636,C,Y,Gold
20280515,20260331,,0,C,Active,Y,20260303,20260303,20260302,20260302,39500.0,23778.65,17570.36,9704.54,15721.35,7865.82,73133836,1000000000000637,A,Y,Gold
20281015,20260528,,0,C,Dormant,Y,20260512,20260512,0,0,35500.0,34975.35,16587.37,16587.37,524.65,0.0,64914197,1000000000000638,A,N,Gold
20270415,20260729,,0,P,Dormant,Y,20260721,20260721,0,0,53500.0,51322.46,16122.71,16122.71,2177.54,0.0,98150338,1000000000000639,A,N,Platinum
20300215,20260819,,0,C,Active,N,20260723,20260723,20260801,20260801,19500.0,17316.67,6988.37,6938.57,2183.33,49.8,83509785,1000000000000640,A,Y,Platinum
20270515,20260430,,0,P,Active,N,20260422,20260422,20260420,20260420,40500.0,21403.58,17621.04,7322.47,19096.42,10298.57,35171649,1000000000000641,C,N,Platinum
20310415,20260722,,0,N,Active,N,20260707,20260707,20260714,20260714,40500.0,19528.56,18697.5,14312.45,20971.44,4385.05,21034618,1000000000000642,A,Y,Platinum
20280515,20251205,,0,C,Active,N,20251118,20251118,20251127,20251127,42000.0,24780.21,19309.6,4416.2,17219.79,14893.4,52838356,1000000000000643,C,Y,Platinum
20270915,20261014,,0,P,Active,Y,20260929,20260929,20261007,20261007,30000.0,18297.92,6019.69,5234.84,11702.08,784.85,20724388,1000000000000644,N,N,Gold
20290615,20260109,,0,C,Dormant,Y,20251225,20251225,0,0,38500.0,38189.26,13748.11,13748.11,310.74,0.0,60716325,1000000000000645,A,N,Gold
20310315,20260202,,0,C,Active,Y,20260117,20260117,20260127,20260127,33500.0,33500.0,13662.18,10016.24,0.0,3645.94,30820038,1000000000000646,C,Y,Platinum
20271215,20260927,,0,P,Active,Y,20260828,20260828,20260905,20260905,29000.0,22090.83,9303.34,6641.66,6909.17,2661.68,87381687,1000000000000647,A,N,Gold
20300415,20250902,,0,N,Dormant,Y,20250824,20250824,0,0,34500.0,34006.58,7787.9,7787.9,493.42,0.0,90297539,1000000000000648,C,N,Platinum
20270115,20260103,C,20260822,P,Blocked,N,20260101,20260101,0,0,40500.0,40014.48,15682.75,15682.75,485.52,0.0,32892407,1000000000000649,A,Y,Gold
20300615,20260503,,0,P,Dormant,Y,20260502,20260502,0,0,34000.0,33425.58,15069.74,15069.74,574.42,0.0,63747464,1000000000000650,C,Y,Basic
20310815,20260803,,0,P,Active,Y,20260716,20260716,20260713,20260713,35000.0,14081.99,10355.14,2496.29,20918.01,7858.85,28357154,1000000000000651,C,N,Platinum
20300715,20251124,,0,N,Active,N,20251026,20251026,20251108,20251108,29500.0,18313.28,6619.7,2172.77,11186.72,4446.93,24826090,1000000000000652,A,N,Platinum
20271215,20251123,,0,C,Dormant,N,20251030,20251030,0,0,45000.0,42836.01,21941.9,21941.9,2163.99,0.0,44326924,1000000000000653,C,N,Platinum
20300815,20260712,,0,C,Dormant,Y,20260627,20260627,0,0,24500.0,24006.59,5686.39,5686.39,493.41,0.0,84746474,1000000000000654,C,N,Gold
20290715,20251110,,0,P,Active,N,20251023,20251023,20251027,20251027,41500.0,24897.34,9359.23,5724.89,16602.66,3634.34,68617594,1000000000000655,A,Y,Gold
20310515,20250924,,0,P,Dormant,N,20250912,20250912,0,0,46500.0,45715.98,9935.59,9935.59,784.02,0.0,22941629,1000000000000656,A,Y,Gold
20280815,20260911,,0,N,Active,Y,20260828,20260828,20260908,20260908,38500.0,29940.5,13551.71,4988.73,8559.5,8562.98,34043964,1000000000000657,A,N,Platinum
20270115,20260414,,0,N,Active,Y,20260306,20260306,20260315,20260315,42000.0,30364.06,14016.13,8773.48,11635.94,5242.65,34998616,1000000000000658,C,N,Platinum
20301215,20260605,,0,N,Dormant,N,20260601,20260601,20260531,20260531,33500.0,31981.1,13850.29,13850.29,1518.9,0.0,87787726,1000000000000659,N,N,Gold
20281015,20260419,,0,N,Active,Y,20260314,20260314,20260328,20260328,37000.0,15744.59,12578.9,3726.17,21255.41,8852.73,42700268,1000000000000660,A,N,Platinum
20290915,20250820,,0,N,Active,Y,20250807,20250807,20250812,20250812,21000.0,20154.5,4299.61,4013.57,845.5,286.04,86778111,1000000000000661,C,N,Platinum
20300515,20251128,,0,N,Active,N,20251116,20251116,20251123,20251123,31500.0,24728.34,13469.21,7788.91,6771.66,5680.3,91211357,1000000000000662,C,N,Platinum
20290615,20260719,,0,N,Active,N,20260701,20260701,20260711,20260711,52500.0,38199.96,16629.16,3343.04,14300.04,13286.12,87851575,1000000000000663,A,N,Gold
20311215,20260821,,0,N,Dormant,Y,20260818,20260818,0,0,53000.0,50998.24,20535.36,20535.36,2001.76,0.0,39442512,1000000000000664,C,N,Platinum
20310515,20260915,,0,P,Active,Y,20260909,20260909,20260905,20260905,42000.0,27931.43,10635.44,5572.62,14068.57,5062.82,44699521,1000000000000665,A,N,Gold
20270915,20250925,,0,C,Dormant,N,20250831,20250831,0,0,29000.0,27889.59,12358.48,12358.48,1110.41,0.0,41889524,1000000000000666,C,Y,Gold
20270615,20260116,,0,N,Active,N,20251228,20251228,20260107,20260107,28500.0,18371.96,11358.89,8572.87,10128.04,2786.02,16692519,1000000000000667,C,N,Platinum
20310815,20260405,,0,C,Dormant,Y,20260320,20260320,0,0,39000.0,37506.74,15017.66,15017.66,1493.26,0.0,47306306,1000000000000668,C,Y,Gold
20281015,20260826,,0,N,Dormant,Y,20260728,20260728,0,0,31500.0,31455.15,9027.39,9027.39,44.85,0.0,84512121,1000000000000669,A,Y,Gold
20311015,20260908,C,20260412,P,Blocked,Y,20260907,20260907,0,0,35500.0,34859.02,15701.8,15701.8,640.98,0.0,62732451,1000000000000670,C,Y,Gold
20290115,20251020,T,20260511,N,Blocked,N,20251013,20251013,20251014,20251014,54000.0,32012.53,17488.16,5012.39,21987.47,12475.77,32175759,1000000000000671,N,N,Platinum
20270715,20260726,,0,C,Active,N,20260628,20260628,20260626,20260626,57500.0,43646.99,28704.67,9786.64,13853.01,18918.03,68177965,1000000000000672,A,Y,Gold
20271215,20251119,,0,P,Dormant,N,20251021,20251021,0,0,39500.0,39077.98,11261.63,11261.63,422.02,0.0,30516061,1000000000000673,C,N,Silver
20280315,20260908,T,20260517,P,Blocked,Y,20260904,20260904,0,0,36000.0,34274.38,16542.61,16542.61,1725.62,0.0,52106611,1000000000000674,C,Y,Platinum
20300115,20260623,,0,N,Active,N,20260606,20260606,20260603,20260603,42500.0,32341.31,9704.7,3314.35,10158.69,6390.35,95388938,1000000000000675,N,N,Gold
20311215,20260416,,0,C,Dormant,Y,20260408,20260408,0,0,35000.0,33467.91,15717.33,15717.33,1532.09,0.0,47856175,1000000000000676,N,Y,Platinum
20291215,20251124,,0,N,Active,N,20251017,20251017,20251103,20251103,35500.0,18321.47,15089.58,4690.15,17178.53,10399.43,17077608,1000000000000677,N,Y,Gold
20311215,20260312,,0,N,Dormant,Y,20260210,20260210,0,0,42500.0,42329.84,14007.27,14007.27,170.16,0.0,91507383,1000000000000678,A,N,Gold
20310715,20260702,,0,C,Active,N,20260626,20260626,20260630,20260630,34500.0,9186.56,9152.65,7094.56,25313.44,2058.09,62310070,1000000000000679,N,N,Platinum
20310815,20260123,,0,N,Active,N,20260108,20260108,20260117,20260117,28500.0,13598.49,13498.68,7102.91,14901.51,6395.77,66306004,1000000000000680,C,N,Gold
20300115,20251211,,0,C,Dormant,Y,20251210,20251210,0,0,25000.0,24829.14,8415.8,8415.8,170.86,0.0,28546206,1000000000000681,C,N,Silver
20290315,20260115,,0,P,Active,N,20251212,20251212,20251216,20251216,23000.0,21054.1,8340.54,4078.51,1945.9,4262.03,93037999,1000000000000682,N,N,Platinum
20271215,20260508,,0,P,Dormant,N,20260428,20260428,0,0,53000.0,51623.87,10689.44,10689.44,1376.13,0.0,67574548,1000000000000683,A,N,Gold
20300715,20260520,,0,N,Dormant,Y,20260503,20260503,0,0,34000.0,32568.83,10068.1,10068.1,1431.17,0.0,82418770,1000000000000684,C,Y,Gold
20290115,20251016,,0,N,Active,Y,20251008,20251008,20251014,20251014,29500.0,22363.37,13488.35,5079.86,7136.63,8408.49,78277135,1000000000000685,C,N,Platinum
20280815,20260820,,0,P,Active,N,20260721,20260721,20260721,20260721,30000.0,18409.42,12560.94,3083.22,11590.58,9477.72,83192493,1000000000000686,C,N,Platinum
20281015,20260223,,0,C,Dormant,Y,20260208,20260208,20260219,20260219,26500.0,25583.73,8938.74,8938.74,916.27,0.0,71868638,1000000000000687,C,Y,Platinum
20281215,20251106,,0,C,Active,Y,20251025,20251025,20251102,20251102,15000.0,10450.99,3465.88,2319.04,4549.01,1146.84,46006451,1000000000000688,A,N,Platinum
20271115,20251219,,0,N,Active,Y,20251130,20251130,20251202,20251202,29000.0,11148.34,13484.57,10712.25,17851.66,2772.32,25558733,1000000000000689,A,N,Gold
20291215,20250925,,0,N,Active,Y,20250822,20250822,20250901,20250901,34500.0,20438.51,14693.58,12268.83,14061.49,2424.75,43430688,1000000000000690,C,Y,Platinum
20290915,20260520,,0,C,Active,Y,20260501,20260501,20260513,20260513,35500.0,24753.54,7849.6,2940.42,10746.46,4909.18,76993613,1000000000000691,A,N,Platinum
20290815,20260913,,0,C,Dormant,Y,20260907,20260907,0,0,20500.0,20117.91,4235.64,4235.64,382.09,0.0,11041851,1000000000000692,A,Y,Gold
20300115,20260221,,0,P,Active,Y,20260204,20260204,20260215,20260215,20000.0,14616.17,9731.71,6394.52,5383.83,3337.19,67690164,1000000000000693,C,N,Platinum
20280415,20260303,,0,N,Active,Y,20260125,20260125,20260204,20260204,37500.0,20969.6,11440.19,3321.54,16530.4,8118.65,44376042,1000000000000694,C,N,Gold
20290715,20260626,,0,P,Active,Y,20260521,20260521,20260604,20260604,15500.0,6048.16,3583.55,2494.64,9451.84,1088.91,88606838,1000000000000695,N,N,Platinum
20300715,20251108,,0,C,Dormant,N,20251009,20251009,0,0,48500.0,46633.32,21119.62,21119.62,1866.68,0.0,99389920,1000000000000696,A,Y,Platinum
20300315,20251203,,0,C,Active,Y,20251116,20251116,20251120,20251120,53000.0,30006.5,21579.18,9670.49,22993.5,11908.69,86435527,1000000000000697,A,N,Gold
20271015,20251011,,0,N,Active,N,20250910,20250910,20250916,20250916,30500.0,16950.3,13998.8,10520.48,13549.7,3478.32,28063312,1000000000000698,C,N,Gold
20310115,20261016,,0,N,Dormant,Y,20260918,20260918,0,0,40500.0,40256.14,9967.24,9967.24,243.86,0.0,69401015,1000000000000699,C,N,Platinum
20300215,20260624,T,20260604,P,Blocked,N,20260608,20260608,0,0,15500.0,15151.67,5782.28,5782.28,348.33,0.0,20180118,1000000000000700,C,Y,Basic
20280415,20260725,,0,P,Dormant,Y,20260713,20260713,0,0,41500.0,40738.03,13679.6,13679.6,761.97,0.0,16889727,1000000000000701,N,Y,Gold
20310615,20260517,,0,P,Active,Y,20260419,20260419,20260420,20260420,19000.0,12130.0,5976.88,3732.61,6870.0,2244.27,98399595,1000000000000702,N,N,Silver
20300415,20251004,,0,P,Active,Y,20250831,20250831,20250905,20250905,33000.0,25623.11,15130.45,9187.58,7376.89,5942.87,45111825,1000000000000703,N,N,Platinum
20270615,20260119,,0,C,Active,N,20251212,20251212,20251225,20251225,48500.0,42391.29,23966.67,13005.77,6108.71,10960.9,51844232,1000000000000704,N,Y,Platinum
20300215,20260304,,0,C,Dormant,N,20260204,20260204,0,0,22000.0,21094.69,10071.84,10071.84,905.31,0.0,97253697,1000000000000705,N,Y,Gold
20281115,20251013,,0,N,Active,Y,20250924,20250924,20251011,20251011,19500.0,9138.0,7082.61,1492.37,10362.0,5590.24,64652792,1000000000000706,N,Y,Platinum
20280915,20251105,,0,N,Active,N,20251024,20251024,20251103,20251103,4500.0,3030.52,2217.3,1842.79,1469.48,374.51,51753517,1000000000000707,N,Y,Gold
20310315,20260524,,0,C,Dormant,Y,20260430,20260430,0,0,28000.0,27487.91,13691.1,13691.1,512.09,0.0,81139216,1000000000000708,A,N,Gold
20280815,20260919,,0,P,Active,Y,20260920,20260920,20260914,20260914,32500.0,29542.91,12039.49,4433.4,2957.09,7606.09,16400189,1000000000000709,N,N,Platinum
20300115,20260417,,0,C,Dormant,Y,20260401,20260401,0,0,42000.0,39908.1,19040.17,19040.17,2091.9,0.0,31819100,1000000000000710,C,Y,Platinum
20310315,20260609,,0,C,Dormant,Y,20260501,20260501,20260510,20260510,31500.0,30205.42,8171.02,8171.02,1294.58,0.0,10737255,1000000000000711,N,Y,Platinum
20290215,20251201,,0,C,Active,Y,20251103,20251103,20251107,20251107,37000.0,22892.46,10934.88,3350.22,14107.54,7584.66,29588118,1000000000000712,N,N,Platinum
20270615,20260608,,0,N,Active,Y,20260516,20260516,20260509,20260509,28000.0,9806.38,10086.44,3174.73,18193.62,6911.71,79048566,1000000000000713,C,N,Gold
20300815,20260822,,0,N,Active,N,20260807,20260807,20260815,20260815,42000.0,25862.13,14919.33,8135.96,16137.87,6783.37,41546825,1000000000000714,C,N,Platinum
20310815,20251031,,0,C,Active,Y,20250925,20250925,20251002,20251002,46500.0,38697.96,13195.42,13079.98,7802.04,115.44,61086917,1000000000000715,C,N,Platinum
20300315,20251029,,0,N,Active,N,20251017,20251017,20251016,20251016,28000.0,5087.18,12200.22,10444.49,22912.82,1755.73,40056261,1000000000000716,N,N,Gold
20301115,20260521,,0,C,Dormant,N,20260505,20260505,0,0,17000.0,16169.22,8236.48,8236.48,830.78,0.0,11494105,1000000000000717,C,N,Platinum
20300315,20260729,,0,P,Dormant,N,20260716,20260716,20260722,20260722,40000.0,38177.62,19993.78,19993.78,1822.38,0.0,85834657,1000000000000718,A,N,Gold
20270915,20251026,,0,N,Dormant,N,20251016,20251016,20251020,20251020,10000.0,9871.68,3404.29,3404.29,128.32,0.0,54253738,1000000000000719,N,N,Silver
20300515,20251211,,0,P,Dormant,N,20251130,20251130,0,0,45000.0,44090.64,15728.67,15728.67,909.36,0.0,49124616,1000000000000720,A,Y,Platinum
20310715,20251109,,0,C,Dormant,Y,20251105,20251105,0,0,30500.0,30014.65,7454.64,7454.64,485.35,0.0,63689859,1000000000000721,N,Y,Silver
20310515,20251220,,0,C,Active,Y,20251201,20251201,20251214,20251214,30500.0,12834.59,12365.81,5109.05,17665.41,7256.76,84630582,1000000000000722,N,N,Gold
20310115,20251216,,0,C,Dormant,N,20251116,20251116,20251126,20251126,46000.0,44737.64,20856.04,20856.04,1262.36,0.0,21602842,1000000000000723,A,Y,Gold
20301015,20260612,,0,P,Dormant,N,20260610,20260610,0,0,32500.0,30935.5,12242.85,12242.85,1564.5,0.0,81700044,1000000000000724,N,N,Platinum
20290815,20260112,,0,P,Dormant,N,20251217,20251217,0,0,31500.0,30974.37,8988.93,8988.93,525.63,0.0,27449362,1000000000000725,N,N,Platinum
20300115,20260816,C,20260404,N,Blocked,N,20260723,20260723,20260722,20260722,34000.0,27189.28,16136.54,4433.73,6810.72,11702.81,35280282,1000000000000726,N,N,Platinum
20310615,20251231,,0,N,Active,N,20251205,20251205,20251207,20251207,32000.0,22630.48,10198.74,9844.68,9369.52,354.06,23449648,1000000000000727,C,N,Platinum
20290715,20260105,,0,P,Dormant,Y,20251217,20251217,0,0,49000.0,47103.12,10943.73,10943.73,1896.88,0.0,92078898,1000000000000728,C,N,Platinum
20300715,20260607,,0,P,Dormant,Y,20260525,20260525,20260520,20260520,54500.0,52151.91,22311.07,22311.07,2348.09,0.0,55950194,1000000000000729,C,N,Gold
20301015,20260201,,0,N,Dormant,Y,20260110,20260110,0,0,12500.0,12245.62,5117.99,5117.99,254.38,0.0,78087370,1000000000000730,A,N,Basic
20310115,20250920,,0,C,Active,N,20250907,20250907,20250909,20250909,35000.0,34633.22,15257.51,10807.45,366.78,4450.06,50793082,1000000000000731,N,Y,Gold
20301215,20261017,,0,N,Active,Y,20260914,20260914,20260921,20260921,40000.0,24585.54,18632.04,17346.95,15414.46,1285.09,68264870,1000000000000732,N,Y,Gold
20300515,20260822,,0,C,Active,Y,20260806,20260806,20260805,20260805,32000.0,28749.67,10156.96,7798.31,3250.33,2358.65,52140430,1000000000000733,C,Y,Silver
20300515,20260717,,0,N,Dormant,N,20260702,20260702,0,0,29500.0,29151.8,9501.36,9501.36,348.2,0.0,68455884,1000000000000734,A,N,Platinum
20300115,20260227,,0,P,Active,N,20260131,20260131,20260201,20260201,36500.0,9656.03,9403.56,2573.95,26843.97,6829.61,33422753,1000000000000735,N,Y,Basic
20290915,20251227,,0,N,Dormant,N,20251208,20251208,0,0,55000.0,52701.22,20181.55,20181.55,2298.78,0.0,29473245,1000000000000736,N,N,Gold
20301215,20260720,,0,N,Active,N,20260721,20260721,20260718,20260718,24500.0,21092.38,11970.37,7926.13,3407.62,4044.24,35051110,1000000000000737,C,Y,Platinum
20291115,20260424,,0,N,Active,Y,20260317,20260317,20260325,20260325,35000.0,28499.81,12785.77,8284.53,6500.19,4501.24,85357498,1000000000000738,A,N,Gold
20311015,20260109,,0,P,Active,N,20251212,20251212,20251224,20251224,43500.0,25895.41,17886.24,17210.66,17604.59,675.58,69302835,1000000000000739,A,N,Gold
20300815,20250915,,0,N,Active,N,20250827,20250827,20250909,20250909,44500.0,38294.66,20510.2,20454.54,6205.34,55.66,71243805,1000000000000740,C,Y,Platinum
20310215,20260109,,0,N,Dormant,N,20260102,20260102,0,0,38500.0,38479.29,13658.34,13658.34,20.71,0.0,25017391,1000000000000741,N,Y,Platinum
20280115,20260619,,0,N,Dormant,Y,20260607,20260607,0,0,40000.0,38947.36,13571.27,13571.27,1052.64,0.0,27414684,1000000000000742,N,N,Platinum
20271215,20251015,C,20260214,C,Blocked,Y,20250929,20250929,20251002,20251002,53500.0,53500.0,25306.05,13700.77,0.0,11605.28,43879275,1000000000000743,C,Y,Platinum
20290615,20251024,,0,N,Dormant,Y,20251014,20251014,0,0,44500.0,43054.82,16710.45,16710.45,1445.18,0.0,16781117,1000000000000744,A,Y,Platinum
20300115,20260208,,0,P,Active,N,20260115,20260115,20260113,20260113,38500.0,27412.35,10953.64,7128.05,11087.65,3825.59,85907105,1000000000000745,A,N,Gold
20310615,20260315,,0,P,Active,Y,20260213,20260213,20260220,20260220,48000.0,39704.01,17620.8,10261.56,8295.99,7359.24,75270806,1000000000000746,A,N,Gold
20290915,20260908,,0,P,Active,Y,20260822,20260822,20260827,20260827,37500.0,25946.51,17254.55,6136.17,11553.49,11118.38,50419098,1000000000000747,N,Y,Gold
20270815,20251203,,0,N,Dormant,N,20251118,20251118,0,0,38500.0,38166.1,18636.32,18636.32,333.9,0.0,42125452,1000000000000748,A,N,Gold
20290915,20260319,,0,C,Active,N,20260214,20260214,20260218,20260218,40000.0,18025.31,18675.69,8877.69,21974.69,9798.0,46941691,1000000000000749,A,N,Gold
20271015,20260605,,0,N,Dormant,Y,20260517,20260517,0,0,31000.0,29836.95,7897.2,7897.2,1163.05,0.0,25177146,1000000000000750,A,Y,Platinum
20301015,20251026,,0,P,Active,N,20250921,20250921,20251004,20251004,49500.0,36884.97,21288.49,12002.5,12615.03,9285.99,55140982,1000000000000751,C,N,Gold
20291115,20260710,,0,P,Active,N,20260604,20260604,20260615,20260615,23000.0,13028.17,7624.26,7211.62,9971.83,412.64,11333061,1000000000000752,N,N,Gold
20290215,20260209,,0,N,Dormant,Y,20260112,20260112,0,0,35000.0,34778.77,7681.06,7681.06,221.23,0.0,44541636,1000000000000753,A,Y,Gold
20271115,20260414,,0,N,Active,N,20260329,20260329,20260403,20260403,32000.0,27613.9,14394.62,5450.19,4386.1,8944.43,35636010,1000000000000754,N,Y,Gold
20290715,20260704,,0,P,Active,Y,20260619,20260619,20260613,20260613,42500.0,32940.31,10860.65,9230.62,9559.69,1630.03,78694529,1000000000000755,C,Y,Gold
20300315,20260806,,0,P,Dormant,N,20260723,20260723,0,0,31500.0,31256.41,7624.91,7624.91,243.59,0.0,54499160,1000000000000756,N,Y,Platinum
20281115,20260705,,0,C,Dormant,N,20260614,20260614,20260620,20260620,11000.0,10541.87,2620.49,2620.49,458.13,0.0,68931828,1000000000000757,N,Y,Platinum
20300615,20250910,,0,C,Dormant,N,20250908,20250908,0,0,29000.0,28459.3,9835.11,9835.11,540.7,0.0,21879410,1000000000000758,N,N,Platinum
20300315,20251026,,0,C,Active,N,20251002,20251002,20251002,20251002,34500.0,26241.41,10715.01,6394.12,8258.59,4320.89,79226875,1000000000000759,A,Y,Gold
20301215,20260519,,0,N,Dormant,N,20260423,20260423,0,0,30500.0,30104.54,12554.16,12554.16,395.46,0.0,30810971,1000000000000760,A,N,Platinum
20310115,20260107,,0,P,Active,Y,20251229,20251229,20251227,20251227,38500.0,38500.0,12737.77,9895.07,0.0,2842.7,27818576,1000000000000761,N,N,Platinum
20280815,20260507,,0,C,Active,Y,20260410,20260410,20260407,20260407,20000.0,11773.25,8984.34,5352.32,8226.75,3632.02,33205676,1000000000000762,C,N,Basic
20310415,20260914,,0,C,Dormant,Y,20260820,20260820,0,0,42500.0,40444.92,9925.46,9925.46,2055.08,0.0,35661527,1000000000000763,C,N,Platinum
20270515,20260505,,0,P,Active,Y,20260408,20260408,20260410,20260410,26500.0,11495.24,9922.39,5813.76,15004.76,4108.63,72126724,1000000000000764,N,N,Gold
20300415,20260822,,0,N,Dormant,Y,20260819,20260819,0,0,33500.0,32434.1,15734.28,15734.28,1065.9,0.0,42114448,1000000000000765,C,N,Gold
20290515,20260802,,0,N,Active,N,20260623,20260623,20260708,20260708,25000.0,18147.74,11186.15,6171.98,6852.26,5014.17,91265470,1000000000000766,C,Y,Platinum
20280115,20260209,,0,C,Active,Y,20260123,20260123,20260126,20260126,5500.0,1492.19,1271.99,354.96,4007.81,917.03,70606134,1000000000000767,N,N,Platinum
20300115,20260105,,0,P,Active,N,20251203,20251203,20251214,20251214,32500.0,18762.95,13656.0,5698.05,13737.05,7957.95,13785821,1000000000000768,N,N,Silver
20290415,20251023,,0,P,Active,Y,20250910,20250910,20250925,20250925,36000.0,22210.79,17186.85,12699.7,13789.21,4487.15,39315551,1000000000000769,A,Y,Platinum
20280315,20250929,,0,P,Active,Y,20250906,20250906,20250910,20250910,46000.0,33536.1,14713.37,4797.62,12463.9,9915.75,50171196,1000000000000770,A,N,Platinum
20281215,20260518,,0,P,Active,Y,20260425,20260425,20260427,20260427,37500.0,27999.31,14094.89,6330.19,9500.69,7764.7,32925613,1000000000000771,N,N,Gold
20280115,20260630,,0,P,Active,N,20260529,20260529,20260603,20260603,23000.0,9203.01,9649.4,4868.19,13796.99,4781.21,41271945,1000000000000772,A,N,Silver
20270515,20260313,,0,P,Active,N,20260306,20260306,20260306,20260306,32000.0,14807.2,11234.25,11028.33,17192.8,205.92,52373772,1000000000000773,C,N,Gold
20300615,20260503,,0,N,Dormant,Y,20260426,20260426,0,0,48500.0,46129.87,11823.19,11823.19,2370.13,0.0,74589542,1000000000000774,C,N,Platinum
20310415,20260330,,0,P,Active,N,20260308,20260308,20260302,20260302,27500.0,15872.71,10287.42,9979.63,11627.29,307.79,16880874,1000000000000775,N,N,Gold
20280915,20260730,,0,C,Dormant,N,20260718,20260718,0,0,40500.0,38653.39,14622.86,14622.86,1846.61,0.0,75811941,1000000000000776,A,N,Platinum
20291115,20251021,,0,C,Dormant,N,20250923,20250923,0,0,33000.0,32709.4,7330.04,7330.04,290.6,0.0,38286782,1000000000000777,C,N,Platinum
20300915,20260118,,0,C,Active,N,20251217,20251217,20251221,20251221,11000.0,6111.4,3803.51,1205.92,4888.6,2597.59,82748700,1000000000000778,N,Y,Gold
20280315,20260206,,0,C,Active,Y,20260113,20260113,20260115,20260115,28000.0,10720.12,7210.75,5997.95,17279.88,1212.8,94424046,1000000000000779,C,N,Gold
20280315,20260122,,0,P,Dormant,Y,20260114,20260114,0,0,35500.0,33770.49,10314.24,10314.24,1729.51,0.0,40813626,1000000000000780,C,Y,Gold
20300815,20251024,,0,P,Active,Y,20251005,20251005,20251007,20251007,32000.0,19208.67,7844.62,5610.05,12791.33,2234.57,32088806,1000000000000781,A,Y,Gold
20300915,20260117,,0,P,Active,Y,20251224,20251224,20251223,20251223,43500.0,24875.11,19761.08,18048.78,18624.89,1712.3,68185096,1000000000000782,C,N,Platinum
20310715,20260726,,0,C,Active,Y,20260713,20260713,20260716,20260716,50000.0,31118.35,24676.92,8126.18,18881.65,16550.74,85557998,1000000000000783,C,Y,Platinum
20310415,20260714,,0,P,Dormant,N,20260702,20260702,0,0,36000.0,34263.87,10448.35,10448.35,1736.13,0.0,44514839,1000000000000784,A,Y,Platinum
20270115,20260601,,0,C,Active,Y,20260512,20260512,20260510,20260510,40000.0,22649.85,13898.03,7760.13,17350.15,6137.9,33585298,1000000000000785,C,Y,Gold
20311115,20260601,,0,P,Active,N,20260521,20260521,20260523,20260523,37000.0,27951.63,14280.18,3621.53,9048.37,10658.65,50369018,1000000000000786,A,Y,Platinum
20280815,20260914,,0,C,Dormant,Y,20260825,20260825,0,0,51000.0,49025.86,24512.49,24512.49,1974.14,0.0,94068201,1000000000000787,C,Y,Platinum
20280115,20260911,,0,N,Active,Y,20260828,20260828,20260906,20260906,36000.0,17924.2,8640.01,3201.62,18075.8,5438.39,48923027,1000000000000788,N,N,Platinum
20280815,20260820,,0,C,Dormant,N,20260819,20260819,20260818,20260818,35000.0,34762.99,16633.71,16633.71,237.01,0.0,98536920,1000000000000789,C,N,Platinum
20300615,20251219,,0,C,Dormant,N,20251217,20251217,0,0,24500.0,23669.16,10367.54,10367.54,830.84,0.0,68346598,1000000000000790,C,N,Platinum
20310815,20260925,,0,P,Dormant,N,20260827,20260827,0,0,30000.0,28634.88,11732.1,11732.1,1365.12,0.0,85864191,1000000000000791,C,N,Gold
20310115,20250829,,0,P,Active,N,20250830,20250830,20250827,20250827,39000.0,39000.0,12868.01,10311.05,0.0,2556.96,38595377,1000000000000792,C,N,Platinum
20310715,20260206,,0,P,Active,N,20260115,20260115,20260109,20260109,47000.0,47000.0,18998.95,11254.26,0.0,7744.69,90628740,1000000000000793,N,N,Gold
20270515,20260607,,0,P,Dormant,N,20260519,20260519,0,0,23000.0,22181.51,7074.34,7074.34,818.49,0.0,94271587,1000000000000794,A,N,Basic
20301115,20260105,,0,C,Dormant,Y,20260101,20260101,0,0,52000.0,50511.64,16397.59,16397.59,1488.36,0.0,40043549,1000000000000795,N,Y,Platinum
20280715,20260804,,0,C,Dormant,N,20260719,20260719,0,0,13500.0,13466.44,4898.3,4898.3,33.56,0.0,28683876,1000000000000796,C,Y,Gold
20270315,20260629,,0,P,Active,N,20260703,20260703,20260626,20260626,46500.0,37062.97,18807.14,17088.66,9437.03,1718.48,35066839,1000000000000797,N,N,Gold
20270915,20260810,,0,P,Active,N,20260805,20260805,20260805,20260805,26000.0,13115.29,9088.4,3722.09,12884.71,5366.31,84482698,1000000000000798,N,N,Silver
20290715,20260401,,0,C,Active,N,20260308,20260308,20260306,20260306,35500.0,20019.41,12562.03,4815.2,15480.59,7746.83,52873862,1000000000000799,C,N,Platinum
20300415,20261001,,0,C,Dormant,Y,20260911,20260911,0,0,31000.0,30056.93,15095.32,15095.32,943.07,0.0,34494007,1000000000000800,A,N,Platinum
20290715,20261013,,0,C,Active,Y,20260917,20260917,20260930,20260930,29500.0,25663.88,7890.05,5392.16,3836.12,2497.89,62352009,1000000000000801,C,N,Gold
20310515,20251228,,0,N,Dormant,Y,20251214,20251214,0,0,29000.0,27609.06,7159.66,7159.66,1390.94,0.0,43051364,1000000000000802,N,N,Platinum
20290615,20260504,,0,C,Active,Y,20260421,20260421,20260418,20260418,43000.0,43000.0,11299.02,9411.08,0.0,1887.94,64120743,1000000000000803,A,N,Platinum
20300515,20260702,,0,N,Dormant,Y,20260603,20260603,20260619,20260619,38000.0,37029.82,14411.49,14411.49,970.18,0.0,97371655,1000000000000804,C,N,Gold
20280115,20260219,,0,C,Active,N,20260127,20260127,20260208,20260208,22500.0,15582.37,7580.75,5609.38,6917.63,1971.37,53908553,1000000000000805,N,Y,Platinum
20280115,20260204,,0,N,Active,Y,20260112,20260112,20260124,20260124,25500.0,14326.11,10778.27,10178.29,11173.89,599.98,86918530,1000000000000806,A,N,Silver
20310315,20260106,,0,N,Active,Y,20251209,20251209,20251224,20251224,39500.0,25093.71,15160.23,10204.35,14406.29,4955.88,46369898,1000000000000807,N,Y,Gold
20300615,20260213,,0,N,Active,N,20260110,20260110,20260119,20260119,37500.0,37082.41,12583.73,9435.01,417.59,3148.72,93517460,1000000000000808,C,N,Gold
20310215,20260529,,0,P,Active,N,20260501,20260501,20260514,20260514,32500.0,24403.66,13712.34,13308.95,8096.34,403.39,78428385,1000000000000809,A,N,Gold
20270115,20260715,,0,N,Active,N,20260627,20260627,20260710,20260710,39000.0,26752.5,16855.45,15585.15,12247.5,1270.3,95683609,1000000000000810,N,N,Gold
20311015,20260831,,0,N,Dormant,Y,20260821,20260821,0,0,51500.0,50325.97,15781.15,15781.15,1174.03,0.0,82262247,1000000000000811,C,Y,Platinum
20300915,20251031,,0,N,Active,N,20250921,20250921,20251002,20251002,40000.0,30068.62,19769.61,13296.38,9931.38,6473.23,58371054,1000000000000812,C,N,Gold
20310315,20251110,,0,P,Active,N,20251019,20251019,20251106,20251106,36500.0,25235.96,8124.42,4603.06,11264.04,3521.36,39888110,1000000000000813,N,N,Gold
20280715,20260704,,0,P,Dormant,N,20260619,20260619,0,0,51000.0,50703.37,21138.7,21138.7,296.63,0.0,14367672,1000000000000814,C,N,Platinum
20280715,20260523,,0,N,Active,N,20260425,20260425,20260423,20260423,46500.0,22213.53,10772.77,4149.8,24286.47,6622.97,22866554,1000000000000815,A,N,Platinum
20300315,20260926,,0,N,Dormant,Y,20260921,20260921,0,0,37000.0,35475.6,13398.12,13398.12,1524.4,0.0,58642195,1000000000000816,C,N,Gold
20280615,20260420,,0,P,Active,Y,20260414,20260414,20260414,20260414,43000.0,30021.32,14735.26,3126.43,12978.68,11608.83,40014091,1000000000000817,N,N,Gold
20301015,20260720,,0,P,Active,Y,20260705,20260705,20260715,20260715,34000.0,34000.0,15681.15,13990.46,0.0,1690.69,42176257,1000000000000818,N,N,Gold
20281215,20260414,,0,C,Active,N,20260309,20260309,20260320,20260320,7500.0,3583.59,2879.31,1835.52,3916.41,1043.79,77153375,1000000000000819,A,Y,Silver
20300715,20260529,,0,C,Active,N,20260517,20260517,20260511,20260511,34500.0,11777.55,9693.75,5678.43,22722.45,4015.32,85514956,1000000000000820,N,N,Basic
20300415,20260904,,0,P,Active,Y,20260802,20260802,20260808,20260808,21000.0,12102.52,5159.66,2484.64,8897.48,2675.02,61182036,1000000000000821,N,Y,Platinum
20280715,20251028,,0,C,Dormant,Y,20251016,20251016,0,0,31000.0,30511.45,7805.05,7805.05,488.55,0.0,48909287,1000000000000822,C,Y,Platinum
20270815,20260802,,0,N,Dormant,Y,20260718,20260718,0,0,43500.0,43174.77,19687.65,19687.65,325.23,0.0,23149169,1000000000000823,N,N,Platinum
20281115,20260923,,0,C,Dormant,Y,20260908,20260908,0,0,28500.0,27425.23,13586.02,13586.02,1074.77,0.0,92312475,1000000000000824,N,N,Gold
20300415,20260208,,0,N,Dormant,Y,20260124,20260124,0,0,31000.0,29948.75,15123.53,15123.53,1051.25,0.0,97820518,1000000000000825,C,Y,Gold
20300515,20260822,,0,C,Active,Y,20260802,20260802,20260730,20260730,23500.0,19696.14,10698.26,2233.03,3803.86,8465.23,87545140,1000000000000826,N,N,Platinum
20300115,20260605,,0,C,Active,N,20260503,20260503,20260507,20260507,41500.0,23128.17,13274.46,8502.57,18371.83,4771.89,53983693,1000000000000827,A,N,Gold
20271215,20251108,,0,N,Dormant,N,20251024,20251024,0,0,39500.0,37932.77,17173.81,17173.81,1567.23,0.0,51552962,1000000000000828,N,N,Gold
20310815,20260211,,0,P,Active,Y,20260129,20260129,20260125,20260125,44500.0,30195.1,11020.9,3106.65,14304.9,7914.25,65251338,1000000000000829,N,N,Gold
20310415,20251031,,0,N,Active,Y,20251008,20251008,20251008,20251008,31000.0,24110.84,8533.37,5634.01,6889.16,2899.36,13717556,1000000000000830,N,N,Gold
20271215,20251101,,0,C,Active,N,20251014,20251014,20251019,20251019,41500.0,15383.26,20237.51,11544.97,26116.74,8692.54,71088548,1000000000000831,A,N,Platinum
20270715,20251115,,0,C,Dormant,Y,20251107,20251107,0,0,37000.0,36253.6,10987.43,10987.43,746.4,0.0,48749076,1000000000000832,N,N,Platinum
20270615,20251230,,0,P,Active,Y,20251213,20251213,20251221,20251221,37500.0,26375.73,10533.35,5739.2,11124.27,4794.15,82763265,1000000000000833,A,Y,Platinum
20291115,20260323,,0,P,Active,Y,20260227,20260227,20260313,20260313,43000.0,31572.71,14910.05,10564.47,11427.29,4345.58,74856374,1000000000000834,C,Y,Gold
20300915,20260731,,0,C,Active,N,20260723,20260723,20260727,20260727,36000.0,30749.81,9224.82,2124.04,5250.19,7100.78,31026386,1000000000000835,C,N,Platinum
20290115,20260928,,0,C,Dormant,N,20260910,20260910,0,0,14000.0,13648.47,5451.2,5451.2,351.53,0.0,43314826,1000000000000836,C,N,Platinum
20300715,20260604,,0,C,Dormant,N,20260529,20260529,0,0,49500.0,49237.8,19054.48,19054.48,262.2,0.0,93804267,1000000000000837,A,N,Platinum
20311215,20251203,,0,P,Dormant,N,20251111,20251111,0,0,14000.0,13873.43,6030.62,6030.62,126.57,0.0,24450270,1000000000000838,A,N,Platinum
20301015,20260719,,0,N,Dormant,Y,20260712,20260712,0,0,30000.0,28855.91,13849.05,13849.05,1144.09,0.0,39491385,1000000000000839,N,N,Platinum
20270315,20260713,,0,P,Active,Y,20260628,20260628,20260708,20260708,18000.0,5628.26,7457.25,2712.47,12371.74,4744.78,43311504,1000000000000840,N,N,Gold
20291215,20261005,,0,N,Active,Y,20260922,20260922,20261002,20261002,51000.0,51000.0,16339.75,8916.8,0.0,7422.95,42210400,1000000000000841,A,N,Gold
20290215,20260113,,0,N,Dormant,Y,20251215,20251215,20251216,20251216,30500.0,30322.04,9111.05,9111.05,177.96,0.0,86668481,1000000000000842,A,Y,Gold
20271115,20260418,,0,P,Active,Y,20260328,20260328,20260409,20260409,16500.0,7455.74,7736.28,1815.91,9044.26,5920.37,38000735,1000000000000843,A,N,Gold
20280715,20250913,,0,C,Dormant,Y,20250903,20250903,0,0,39500.0,38732.32,9116.29,9116.29,767.68,0.0,46537819,1000000000000844,A,N,Platinum
20310315,20251223,,0,C,Active,N,20251118,20251118,20251126,20251126,37000.0,36073.84,16137.5,10047.65,926.16,6089.85,33883134,1000000000000845,A,Y,Platinum
20290515,20260816,,0,C,Active,N,20260709,20260709,20260722,20260722,49500.0,33261.95,21054.87,16375.52,16238.05,4679.35,86804278,1000000000000846,N,N,Gold
20270115,20260607,,0,P,Active,Y,20260509,20260509,20260513,20260513,36500.0,21080.92,8156.46,1886.56,15419.08,6269.9,16736637,1000000000000847,C,N,Platinum
20270215,20260517,,0,C,Dormant,Y,20260508,20260508,0,0,25000.0,24509.14,7576.87,7576.87,490.86,0.0,98521410,1000000000000848,A,N,Gold
20300815,20251026,,0,P,Active,N,20251023,20251023,20251022,20251022,51500.0,45049.45,14772.24,13398.43,6450.55,1373.81,18374594,1000000000000849,N,N,Platinum
20300115,20260613,,0,C,Dormant,Y,20260529,20260529,0,0,11500.0,11285.64,3856.84,3856.84,214.36,0.0,53978063,1000000000000850,C,N,Basic
20300515,20260629,,0,N,Dormant,Y,20260603,20260603,0,0,41000.0,40003.07,15562.48,15562.48,996.93,0.0,48218265,1000000000000851,N,N,Gold
20290715,20260403,,0,P,Dormant,Y,20260323,20260323,0,0,28500.0,27535.39,5701.27,5701.27,964.61,0.0,37855677,1000000000000852,C,Y,Gold
20280615,20260906,,0,C,Active,Y,20260823,20260823,20260903,20260903,31500.0,28464.1,8295.69,7476.38,3035.9,819.31,11082139,1000000000000853,C,N,Platinum
20281215,20251111,,0,P,Dormant,N,20251022,20251022,0,0,48000.0,45795.47,13426.29,13426.29,2204.53,0.0,19805359,1000000000000854,A,N,Platinum
20310815,20251221,,0,P,Active,N,20251127,20251127,20251208,20251208,54500.0,40920.8,14166.91,10260.97,13579.2,3905.94,70475414,1000000000000855,C,N,Platinum
20291115,20260119,,0,P,Active,N,20251230,20251230,20260103,20260103,24500.0,19571.7,8001.87,2841.58,4928.3,5160.29,34140889,1000000000000856,A,Y,Silver
20300915,20260707,,0,P,Dormant,Y,20260613,20260613,0,0,24500.0,23907.09,6189.32,6189.32,592.91,0.0,79618389,1000000000000857,A,N,Silver
20311215,20260818,,0,P,Active,N,20260819,20260819,20260810,20260810,36500.0,30192.2,10236.62,3888.78,6307.8,6347.84,58573820,1000000000000858,A,N,Gold
20290615,20260801,,0,P,Active,N,20260803,20260803,20260730,20260730,43500.0,28777.5,18614.18,11294.78,14722.5,7319.4,56013742,1000000000000859,A,N,Platinum
20271015,20260904,,0,P,Dormant,N,20260810,20260810,20260812,20260812,37500.0,37432.92,14526.97,14526.97,67.08,0.0,73115555,1000000000000860,N,Y,Silver
20311015,20251023,,0,P,Dormant,N,20251017,20251017,0,0,35000.0,33866.91,11403.41,11403.41,1133.09,0.0,87446468,1000000000000861,A,Y,Gold
20300215,20260222,C,20260507,N,Blocked,Y,20260121,20260121,20260128,20260128,33000.0,31763.26,12165.6,12165.6,1236.74,0.0,65909157,1000000000000862,N,Y,Basic
20300315,20251026,,0,P,Dormant,N,20251024,20251024,0,0,35000.0,34582.83,10277.19,10277.19,417.17,0.0,62921716,1000000000000863,A,Y,Gold
20310715,20260622,,0,C,Active,N,20260512,20260512,20260531,20260531,39500.0,34598.63,12781.89,11141.2,4901.37,1640.69,78976511,1000000000000864,C,N,Platinum
20300915,20260325,,0,N,Dormant,Y,20260303,20260303,0,0,21500.0,21102.66,10040.37,10040.37,397.34,0.0,58833445,1000000000000865,N,N,Silver
20311115,20260422,,0,P,Active,Y,20260330,20260330,20260331,20260331,31000.0,16009.31,14327.55,12316.3,14990.69,2011.25,34286300,1000000000000866,C,N,Platinum
20301215,20260626,,0,N,Dormant,N,20260517,20260517,20260602,20260602,24500.0,23424.3,6100.34,6100.34,1075.7,0.0,58737349,1000000000000867,N,N,Gold
20270815,20260228,,0,N,Dormant,Y,20260223,20260223,0,0,24000.0,22905.73,7944.57,7944.57,1094.27,0.0,91399865,1000000000000868,N,N,Platinum
20280515,20260825,,0,C,Active,N,20260821,20260821,20260822,20260822,42500.0,34854.48,12438.02,8823.42,7645.52,3614.6,75169509,1000000000000869,A,N,Gold
20291015,20260401,,0,P,Active,Y,20260312,20260312,20260312,20260312,47000.0,25140.33,12995.65,12727.01,21859.67,268.64,55525661,1000000000000870,N,Y,Gold
20270515,20251107,,0,N,Active,N,20251013,20251013,20251031,20251031,30000.0,24465.71,6082.0,4973.73,5534.29,1108.27,38171713,1000000000000871,A,N,Platinum
20280115,20251108,,0,N,Active,N,20251024,20251024,20251019,20251019,39000.0,22541.96,14816.66,5088.82,16458.04,9727.84,16264821,1000000000000872,N,Y,Platinum
20290215,20260112,,0,N,Active,N,20260101,20260101,20251229,20251229,12500.0,4373.47,4632.15,4292.17,8126.53,339.98,88655491,1000000000000873,C,N,Platinum
20270615,20260411,,0,P,Active,Y,20260311,20260311,20260328,20260328,14500.0,12554.25,4954.31,4756.41,1945.75,197.9,44134172,1000000000000874,N,N,Basic
20291015,20260519,C,20260618,N,Blocked,Y,20260504,20260504,20260514,20260514,32500.0,24880.68,14012.25,11202.78,7619.32,2809.47,26975638,1000000000000875,A,N,Gold
20270115,20251220,,0,P,Dormant,Y,20251122,20251122,0,0,31000.0,29514.92,11692.17,11692.17,1485.08,0.0,10764014,1000000000000876,C,N,Platinum
20301115,20251011,,0,C,Active,Y,20250924,20250924,20250930,20250930,44000.0,29922.4,17365.3,6503.59,14077.6,10861.71,45808508,1000000000000877,N,N,Platinum
20301015,20260831,,0,C,Active,Y,20260807,20260807,20260805,20260805,27500.0,19570.94,6200.07,1344.17,7929.06,4855.9,23317762,1000000000000878,A,N,Gold
20310615,20251106,,0,C,Active,Y,20251027,20251027,20251027,20251027,42500.0,22080.69,15667.04,10327.12,20419.31,5339.92,11688637,1000000000000879,A,N,Gold
20300815,20260822,,0,P,Dormant,Y,20260723,20260723,0,0,22500.0,22424.0,8159.53,8159.53,76.0,0.0,81363574,1000000000000880,C,Y,Gold
20280915,20251005,,0,C,Active,N,20250906,20250906,20250906,20250906,18000.0,12242.54,5711.4,4010.81,5757.46,1700.59,46436564,1000000000000881,C,N,Platinum
20300815,20250913,,0,C,Active,N,20250904,20250904,20250905,20250905,26500.0,17590.88,9594.77,2444.14,8909.12,7150.63,50258354,1000000000000882,A,Y,Gold
20311115,20260921,,0,P,Active,N,20260919,20260919,20260917,20260917,30000.0,28331.78,10466.07,2585.71,1668.22,7880.36,30012341,1000000000000883,N,N,Platinum
20300715,20261005,L,20260818,N,Blocked,Y,20260904,20260904,20260912,20260912,30000.0,30000.0,6094.28,2666.34,0.0,3427.94,62478133,1000000000000884,C,Y,Gold
20310215,20260705,,0,C,Active,N,20260531,20260531,20260607,20260607,40000.0,30770.97,11119.26,4226.71,9229.03,6892.55,39013376,1000000000000885,N,N,Gold
20301215,20260913,,0,N,Dormant,N,20260831,20260831,0,0,39000.0,37985.03,10994.66,10994.66,1014.97,0.0,74744964,1000000000000886,A,N,Platinum
20270615,20260215,,0,N,Dormant,N,20260120,20260120,0,0,45500.0,43333.26,11518.89,11518.89,2166.74,0.0,87561404,1000000000000887,C,N,Platinum
20280415,20261012,,0,N,Active,N,20260917,20260917,20260925,20260925,48000.0,32873.06,20605.86,4148.75,15126.94,16457.11,16263603,1000000000000888,A,Y,Platinum
20270315,20251013,,0,P,Dormant,Y,20250922,20250922,0,0,37000.0,35768.23,13632.93,13632.93,1231.77,0.0,64280720,1000000000000889,N,N,Gold
20280115,20251217,,0,P,Dormant,Y,20251113,20251113,20251119,20251119,17500.0,16682.92,8075.47,8075.47,817.08,0.0,43898794,1000000000000890,N,N,Gold
20280715,20260314,,0,N,Active,Y,20260304,20260304,20260227,20260227,36000.0,25976.29,12105.82,7427.36,10023.71,4678.46,49064029,1000000000000891,A,Y,Gold
20300115,20260504,,0,N,Active,N,20260501,20260501,20260425,20260425,36500.0,13328.1,8277.88,3301.81,23171.9,4976.07,21853072,1000000000000892,A,N,Gold
20310715,20260218,,0,C,Active,N,20260117,20260117,20260125,20260125,45000.0,24961.84,16871.75,9924.35,20038.16,6947.4,82309430,1000000000000893,A,N,Platinum
20300315,20260131,,0,C,Active,N,20260102,20260102,20260109,20260109,8500.0,4929.81,3375.59,1203.75,3570.19,2171.84,94691533,1000000000000894,A,N,Basic
20310815,20251214,,0,N,Active,Y,20251112,20251112,20251117,20251117,28500.0,16159.45,10771.54,2393.63,12340.55,8377.91,40503941,1000000000000895,N,Y,Gold
20301115,20260711,,0,N,Dormant,Y,20260623,20260623,0,0,38000.0,37328.86,17586.76,17586.76,671.14,0.0,89318677,1000000000000896,C,N,Gold
20290215,20260601,,0,P,Dormant,N,20260527,20260527,0,0,49500.0,48376.19,22618.57,22618.57,1123.81,0.0,23588167,1000000000000897,A,Y,Gold
20271115,20260930,L,20260714,N,Blocked,Y,20260914,20260914,20260918,20260918,43000.0,37120.35,14327.46,12254.44,5879.65,2073.02,60252469,1000000000000898,A,N,Gold
20300315,20260713,,0,N,Dormant,N,20260620,20260620,0,0,45000.0,43810.09,19236.86,19236.86,1189.91,0.0,58839945,1000000000000899,A,N,Gold
20291215,20260906,,0,P,Active,Y,20260810,20260810,20260821,20260821,48000.0,43764.31,15467.27,9416.39,4235.69,6050.88,37618698,1000000000000900,N,N,Platinum
20301215,20251109,,0,P,Dormant,Y,20251015,20251015,0,0,34500.0,33590.55,10050.46,10050.46,909.45,0.0,36775702,1000000000000901,N,N,Platinum
20270315,20251128,,0,N,Dormant,N,20251113,20251113,0,0,44000.0,41960.46,20838.92,20838.92,2039.54,0.0,16587691,1000000000000902,A,N,Gold
20311115,20260413,,0,C,Dormant,N,20260320,20260320,0,0,32000.0,31205.5,14415.31,14415.31,794.5,0.0,17919095,1000000000000903,A,Y,Gold
20280515,20260625,,0,N,Dormant,Y,20260611,20260611,0,0,27000.0,25933.41,9146.42,9146.42,1066.59,0.0,72741164,1000000000000904,N,N,Platinum
20310415,20260413,,0,C,Dormant,N,20260404,20260404,0,0,35500.0,34550.61,12197.08,12197.08,949.39,0.0,33380752,1000000000000905,A,N,Gold
20300115,20260819,,0,N,Dormant,Y,20260817,20260817,0,0,22500.0,21917.88,9303.28,9303.28,582.12,0.0,17111386,1000000000000906,C,N,Platinum
20271115,20260305,,0,N,Active,N,20260304,20260304,20260304,20260304,29500.0,22063.25,6570.79,2200.12,7436.75,4370.67,69509870,1000000000000907,C,N,Gold
20310915,20251114,,0,P,Active,N,20251105,20251105,20251109,20251109,39000.0,34709.79,8173.36,4979.24,4290.21,3194.12,48496523,1000000000000908,C,N,Platinum
20300915,20260724,,0,P,Dormant,Y,20260706,20260706,0,0,35000.0,34751.47,13029.04,13029.04,248.53,0.0,70495804,1000000000000909,N,N,Platinum
20310515,20260425,,0,N,Dormant,Y,20260316,20260316,20260329,20260329,23500.0,22840.79,8760.18,8760.18,659.21,0.0,27547766,1000000000000910,N,N,Platinum
20281015,20251021,,0,N,Active,N,20250926,20250926,20250926,20250926,27000.0,9521.12,8802.03,5809.0,17478.88,2993.03,11633133,1000000000000911,N,N,Platinum
20281115,20260704,,0,P,Dormant,Y,20260620,20260620,0,0,46500.0,46143.32,21804.1,21804.1,356.68,0.0,72400868,1000000000000912,C,Y,Gold
20280515,20250907,,0,C,Active,Y,20250903,20250903,20250904,20250904,18500.0,14585.44,3996.35,3886.56,3914.56,109.79,35113062,1000000000000913,C,N,Silver
20290315,20260127,,0,C,Active,N,20260122,20260122,20260124,20260124,55000.0,44437.35,13019.18,10305.09,10562.65,2714.09,91749555,1000000000000914,N,N,Gold
20281115,20260604,,0,C,Active,Y,20260514,20260514,20260529,20260529,53500.0,32527.71,22922.09,5621.9,20972.29,17300.19,50600554,1000000000000915,C,N,Platinum
20271115,20260328,,0,C,Active,Y,20260222,20260222,20260303,20260303,43500.0,22781.34,18817.43,15430.79,20718.66,3386.64,83359637,1000000000000916,A,N,Gold
20270215,20260815,,0,N,Dormant,N,20260804,20260804,0,0,35000.0,34615.26,10313.18,10313.18,384.74,0.0,13237762,1000000000000917,N,Y,Gold
20271115,20260311,,0,P,Active,Y,20260305,20260305,20260308,20260308,27000.0,20416.37,10761.1,9353.48,6583.63,1407.62,15273520,1000000000000918,N,N,Basic
20290815,20260608,,0,N,Dormant,N,20260603,20260603,0,0,51000.0,50291.85,23924.91,23924.91,708.15,0.0,22000294,1000000000000919,C,N,Gold
20290515,20260513,,0,N,Active,Y,20260418,20260418,20260427,20260427,47500.0,32501.97,10164.62,4237.57,14998.03,5927.05,88538733,1000000000000920,N,Y,Platinum
20300615,20260103,,0,C,Dormant,Y,20251215,20251215,0,0,39500.0,38414.78,16144.38,16144.38,1085.22,0.0,50350996,1000000000000921,C,N,Platinum
20300415,20260205,,0,N,Dormant,Y,20260204,20260204,0,0,47000.0,45080.98,19043.55,19043.55,1919.02,0.0,22641675,1000000000000922,A,N,Platinum
20270615,20250912,,0,P,Active,Y,20250911,20250911,20250905,20250905,29000.0,6060.11,7330.14,4436.57,22939.89,2893.57,60782232,1000000000000923,A,Y,Silver
20300515,20260514,,0,C,Active,Y,20260419,20260419,20260423,20260423,30500.0,25045.73,11189.46,2600.6,5454.27,8588.86,58279096,1000000000000924,C,N,Gold
20300915,20260327,,0,C,Dormant,Y,20260315,20260315,0,0,35000.0,33401.65,13632.52,13632.52,1598.35,0.0,56548066,1000000000000925,N,Y,Silver
20290715,20260212,,0,C,Dormant,N,20260121,20260121,0,0,32500.0,32439.75,15323.12,15323.12,60.25,0.0,53015114,1000000000000926,N,Y,Silver
20311115,20260227,,0,N,Dormant,N,20260206,20260206,0,0,37500.0,37419.99,17753.02,17753.02,80.01,0.0,97118551,1000000000000927,A,Y,Gold
20300415,20260815,,0,N,Active,N,20260803,20260803,20260813,20260813,43500.0,25747.66,19420.92,12715.82,17752.34,6705.1,36059032,1000000000000928,A,Y,Platinum
20270215,20251227,,0,P,Dormant,Y,20251207,20251207,0,0,36500.0,34910.47,11112.11,11112.11,1589.53,0.0,79930055,1000000000000929,C,N,Gold
20300415,20260530,,0,C,Active,Y,20260508,20260508,20260505,20260505,45500.0,25907.79,21103.48,9839.69,19592.21,11263.79,76790446,1000000000000930,N,N,Gold
20290215,20260630,,0,N,Active,N,20260531,20260531,20260604,20260604,14500.0,11456.71,5750.62,3898.68,3043.29,1851.94,51958454,1000000000000931,N,Y,Silver
20290615,20260309,,0,P,Dormant,N,20260224,20260224,0,0,57500.0,56385.15,17089.91,17089.91,1114.85,0.0,87619624,1000000000000932,C,Y,Platinum
20311215,20261027,,0,N,Active,Y,20260914,20260914,20260928,20260928,37000.0,19108.4,8081.35,5170.15,17891.6,2911.2,24217417,1000000000000933,A,N,Gold
20281215,20260127,,0,C,Dormant,Y,20260112,20260112,0,0,26000.0,24823.52,7640.49,7640.49,1176.48,0.0,84576894,1000000000000934,A,N,Silver
20310215,20260403,,0,C,Dormant,N,20260310,20260310,0,0,45500.0,43666.23,17406.56,17406.56,1833.77,0.0,40080495,1000000000000935,C,N,Gold
20280615,20260517,,0,C,Dormant,N,20260424,20260424,0,0,34500.0,33253.82,17216.14,17216.14,1246.18,0.0,81598057,1000000000000936,A,N,Platinum
20310215,20251203,,0,C,Dormant,N,20251201,20251201,0,0,37500.0,35815.56,14426.89,14426.89,1684.44,0.0,46595028,1000000000000937,C,N,Gold
20270115,20260408,L,20260706,C,Blocked,N,20260313,20260313,20260317,20260317,19500.0,16925.31,5208.49,3363.55,2574.69,1844.94,13345404,1000000000000938,N,N,Gold
20281215,20260809,,0,P,Active,Y,20260729,20260729,20260806,20260806,19500.0,10852.62,5443.98,4062.1,8647.38,1381.88,31921179,1000000000000939,N,N,Gold
20280815,20260213,,0,N,Active,Y,20260109,20260109,20260118,20260118,35500.0,14113.91,8944.16,1811.52,21386.09,7132.64,81567782,1000000000000940,N,Y,Gold
20310715,20260430,,0,C,Active,N,20260408,20260408,20260407,20260407,43000.0,19453.14,21078.34,9172.87,23546.86,11905.47,75387965,1000000000000941,N,N,Platinum
20271215,20250909,,0,C,Dormant,Y,20250816,20250816,0,0,40000.0,38934.27,10607.21,10607.21,1065.73,0.0,89246165,1000000000000942,C,Y,Gold
20290715,20260225,,0,C,Active,N,20260127,20260127,20260203,20260203,41500.0,27361.63,13986.3,13825.52,14138.37,160.78,33760048,1000000000000943,A,N,Gold
20280215,20260628,,0,C,Active,N,20260601,20260601,20260606,20260606,56000.0,40242.98,26562.88,26487.26,15757.02,75.62,88769907,1000000000000944,C,N,Platinum
20290215,20260628,C,20260503,P,Blocked,Y,20260630,20260630,20260625,20260625,31000.0,23574.21,11319.3,9658.12,7425.79,1661.18,85928329,1000000000000945,A,N,Gold
20290415,20260703,,0,P,Dormant,Y,20260611,20260611,0,0,50000.0,48333.33,20440.0,20440.0,1666.67,0.0,99228124,1000000000000946,C,N,Platinum
20290915,20260705,,0,N,Dormant,N,20260605,20260605,20260606,20260606,45500.0,45146.04,9229.3,9229.3,353.96,0.0,16074522,1000000000000947,N,N,Platinum
20301015,20260826,,0,N,Dormant,Y,20260806,20260806,0,0,40500.0,39622.0,18257.66,18257.66,878.0,0.0,14167151,1000000000000948,N,N,Gold
20310715,20261005,,0,P,Active,N,20260920,20260920,20260919,20260919,29500.0,12309.25,6016.12,5538.61,17190.75,477.51,40962513,1000000000000949,C,N,Gold
20301215,20260813,,0,P,Active,N,20260714,20260714,20260723,20260723,39500.0,19867.45,10599.57,4588.11,19632.55,6011.46,95171884,1000000000000950,C,N,Gold
20281015,20260116,,0,N,Dormant,N,20260102,20260102,0,0,54500.0,53358.39,22543.96,22543.96,1141.61,0.0,52801767,1000000000000951,N,N,Platinum
20290815,20260803,,0,C,Active,Y,20260723,20260723,20260726,20260726,32000.0,11562.83,8672.43,4381.93,20437.17,4290.5,68848427,1000000000000952,C,N,Platinum
20301015,20260408,,0,N,Active,Y,20260313,20260313,20260314,20260314,33500.0,17359.54,14737.62,3539.56,16140.46,11198.06,33075119,1000000000000953,N,Y,Platinum
20310615,20260202,,0,C,Active,N,20260124,20260124,20260127,20260127,28500.0,15171.96,6305.48,3652.58,13328.04,2652.9,94937322,1000000000000954,C,N,Basic
20310915,20260129,,0,C,Dormant,Y,20260113,20260113,20260117,20260117,18500.0,17840.52,8089.83,8089.83,659.48,0.0,54149522,1000000000000955,N,N,Basic
20280715,20260224,,0,P,Dormant,Y,20260219,20260219,0,0,24500.0,24283.5,11570.85,11570.85,216.5,0.0,93483529,1000000000000956,C,Y,Silver
20291215,20251129,,0,P,Dormant,Y,20251126,20251126,20251125,20251125,24000.0,23628.26,10648.08,10648.08,371.74,0.0,60089292,1000000000000957,A,Y,Silver
20270615,20260602,,0,P,Dormant,Y,20260526,20260526,0,0,50000.0,49387.04,24662.05,24662.05,612.96,0.0,47465014,1000000000000958,N,Y,Platinum
20301115,20251022,,0,P,Active,Y,20250927,20250927,20250925,20250925,49000.0,30002.88,20743.48,10537.57,18997.12,10205.91,98412110,1000000000000959,N,N,Platinum
20291115,20251022,,0,C,Dormant,N,20250923,20250923,0,0,27000.0,26905.01,10272.76,10272.76,94.99,0.0,11669962,1000000000000960,N,N,Platinum
20290815,20260930,L,20260811,P,Blocked,Y,20260819,20260819,20260831,20260831,12000.0,11634.67,2976.15,2976.15,365.33,0.0,64426605,1000000000000961,N,Y,Basic
20270515,20260207,,0,C,Dormant,N,20260116,20260116,20260118,20260118,9000.0,8755.34,3038.0,3038.0,244.66,0.0,99825064,1000000000000962,C,N,Basic
20300115,20251102,,0,P,Active,Y,20251002,20251002,20251008,20251008,35500.0,20856.33,16900.44,14364.04,14643.67,2536.4,58865252,1000000000000963,N,Y,Platinum
20280315,20251212,,0,C,Dormant,N,20251128,20251128,0,0,30000.0,28753.67,8180.06,8180.06,1246.33,0.0,27069555,1000000000000964,A,N,Basic
20291215,20260404,,0,C,Active,Y,20260306,20260306,20260316,20260316,49000.0,44936.94,15124.12,3478.63,4063.06,11645.49,47762314,1000000000000965,C,N,Platinum
20270915,20260120,,0,P,Dormant,N,20251226,20251226,0,0,17500.0,16699.3,8095.74,8095.74,800.7,0.0,88512902,1000000000000966,N,N,Platinum
20301115,20260128,,0,C,Active,N,20251229,20251229,20260112,20260112,43000.0,40133.48,16357.04,3705.48,2866.52,12651.56,40590640,1000000000000967,A,Y,Gold
20280215,20250921,,0,P,Active,Y,20250907,20250907,20250912,20250912,43500.0,34061.2,17910.67,9735.69,9438.8,8174.98,45415982,1000000000000968,C,N,Gold
20290515,20260618,,0,C,Active,N,20260605,20260605,20260604,20260604,57000.0,55900.35,24472.83,16464.56,1099.65,8008.27,43701513,1000000000000969,N,Y,Platinum
20280315,20250926,L,20260815,N,Blocked,N,20250913,20250913,0,0,27000.0,26277.81,6876.41,6876.41,722.19,0.0,92784261,1000000000000970,C,N,Basic
20310415,20260410,,0,C,Dormant,N,20260312,20260312,0,0,47500.0,45808.42,21876.76,21876.76,1691.58,0.0,47848959,1000000000000971,C,N,Gold
20291115,20260208,,0,P,Dormant,N,20260126,20260126,0,0,27000.0,26854.07,10578.61,10578.61,145.93,0.0,33803546,1000000000000972,A,Y,Gold
20270515,20251027,,0,C,Dormant,N,20251014,20251014,20251015,20251015,14000.0,13496.9,3103.64,3103.64,503.1,0.0,13906571,1000000000000973,A,N,Platinum
20300515,20260926,,0,P,Dormant,N,20260909,20260909,0,0,25000.0,23832.3,5198.89,5198.89,1167.7,0.0,31824462,1000000000000974,A,N,Gold
20310615,20260616,,0,P,Dormant,Y,20260522,20260522,0,0,22500.0,21791.41,9182.25,9182.25,708.59,0.0,91582537,1000000000000975,C,N,Platinum
20290315,20260104,,0,C,Active,Y,20251230,20251230,20251230,20251230,39500.0,27202.8,19013.78,4605.87,12297.2,14407.91,79204870,1000000000000976,A,N,Gold
20310815,20260509,,0,N,Dormant,Y,20260421,20260421,0,0,51000.0,50051.12,14757.33,14757.33,948.88,0.0,61500349,1000000000000977,N,N,Platinum
20270415,20260507,,0,N,Active,N,20260411,20260411,20260419,20260419,19500.0,4873.35,4169.76,2701.23,14626.65,1468.53,98779944,1000000000000978,N,Y,Gold
20290215,20251017,,0,N,Active,N,20250831,20250831,20250919,20250919,23500.0,14741.21,8645.41,5564.33,8758.79,3081.08,49379107,1000000000000979,C,N,Basic
20300915,20251214,,0,C,Dormant,N,20251123,20251123,0,0,26000.0,25064.68,12308.74,12308.74,935.32,0.0,85294759,1000000000000980,C,N,Platinum
20290615,20260725,,0,C,Active,N,20260704,20260704,20260717,20260717,35000.0,30972.95,8766.99,1913.63,4027.05,6853.36,52084025,1000000000000981,N,N,Platinum
20300415,20260701,,0,N,Active,N,20260610,20260610,20260613,20260613,46000.0,28075.97,21010.5,8121.01,17924.03,12889.49,29312960,1000000000000982,A,N,Gold
20300415,20251210,,0,C,Active,N,20251120,20251120,20251128,20251128,41500.0,41500.0,10497.38,5708.05,0.0,4789.33,83908190,1000000000000983,C,N,Gold
20271015,20260830,,0,P,Active,N,20260808,20260808,20260824,20260824,16500.0,9224.58,7111.02,6789.68,7275.42,321.34,18685284,1000000000000984,N,Y,Gold
20311115,20260301,,0,P,Active,Y,20260119,20260119,20260131,20260131,36000.0,19242.21,14143.62,11781.11,16757.79,2362.51,77108172,1000000000000985,N,N,Platinum
20300515,20260402,,0,P,Dormant,Y,20260313,20260313,0,0,27000.0,26618.52,5868.62,5868.62,381.48,0.0,48780927,1000000000000986,N,N,Gold
20280115,20260827,,0,C,Dormant,Y,20260810,20260810,0,0,28000.0,27133.58,6242.61,6242.61,866.42,0.0,12305350,1000000000000987,C,N,Gold
20271015,20251011,,0,C,Active,Y,20250906,20250906,20250911,20250911,13500.0,3508.8,5293.05,2496.24,9991.2,2796.81,16186113,1000000000000988,N,N,Basic
20270215,20251109,T,20260715,C,Blocked,Y,20251021,20251021,0,0,43000.0,41159.5,17460.3,17460.3,1840.5,0.0,48701216,1000000000000989,N,N,Gold
20270315,20260313,,0,C,Active,N,20260226,20260226,20260305,20260305,46500.0,29499.71,20641.81,16944.2,17000.29,3697.61,25370822,1000000000000990,C,N,Gold
20290715,20251104,,0,P,Active,N,20251023,20251023,20251020,20251020,26500.0,19181.82,10273.55,3545.87,7318.18,6727.68,16150444,1000000000000991,A,N,Silver
20310115,20260619,,0,C,Active,N,20260622,20260622,20260618,20260618,40000.0,22252.4,11708.42,6111.12,17747.6,5597.3,54363784,1000000000000992,A,N,Platinum
20270415,20260607,,0,P,Active,N,20260516,20260516,20260518,20260518,21000.0,15634.26,9541.0,9047.88,5365.74,493.12,22048565,1000000000000993,C,N,Silver
20291015,20260217,,0,P,Active,N,20260115,20260115,20260125,20260125,36500.0,13205.56,18176.95,9174.22,23294.44,9002.73,47845920,1000000000000994,C,Y,Gold
20301215,20251031,,0,P,Active,Y,20250924,20250924,20251004,20251004,33000.0,14201.34,11695.25,5103.37,18798.66,6591.88,96139714,1000000000000995,A,N,Platinum
20271115,20261022,,0,N,Active,Y,20260921,20260921,20260926,20260926,42500.0,31944.99,10554.83,5704.33,10555.01,4850.5,93895086,1000000000000996,N,Y,Gold
20301115,20251222,,0,C,Active,N,20251116,20251116,20251125,20251125,48000.0,35983.85,12299.81,4128.67,12016.15,8171.14,20048946,1000000000000997,A,N,Gold
20290915,20251109,,0,N,Active,Y,20251020,20251020,20251021,20251021,30500.0,21562.58,9475.34,8461.78,8937.42,1013.56,45543975,1000000000000998,A,N,Platinum
20270715,20260422,,0,P,Active,Y,20260405,20260405,20260407,20260407,36000.0,28457.63,8705.99,3105.06,7542.37,5600.93,40785793,1000000000000999,A,N,Platinum
